NAME 1,NAME 2,% POS,% NEG,% NEUTRAL,POS:NEG,VERBS
Vincent,Nietzsche,0.7692307692307693,1.3461538461538463,56.34615384615385,0.5714285714285714,take educate let read write cut
Vincent,Nazis,0.7692307692307693,1.3461538461538463,56.34615384615385,0.5714285714285714,take educate let read write cut
Nietzsche,Nazis,0.7692307692307693,1.3461538461538463,56.34615384615385,0.5714285714285714,take educate let read write cut
Jasper,Dad,0.0,0.0,60.0,INF,look say settle
Dad,Terry,0.0,2.82258064516129,52.016129032258064,0.0,suck strain hear say be
Dad,Terry,3.571428571428571,0.0,47.85714285714286,INF,erase find describe
Dad,Terry,3.571428571428571,0.0,47.85714285714286,INF,erase find describe
Dad,Terry,3.571428571428571,0.0,47.85714285714286,INF,erase find describe
Dad,Terry,3.571428571428571,0.0,47.85714285714286,INF,erase find describe
Dad,Terry,3.571428571428571,0.0,47.85714285714286,INF,erase find describe
Terry,Dad,5.743243243243244,1.0135135135135136,50.0,5.666666666666667,be rip say wish take keep be
Dad,Terry,3.125,5.46875,53.90625,0.5714285714285714,be go tell
Dad,Terry,0.0,0.0,51.724137931034484,INF,open spill chronicle be mythologize
Borges,Aleph,3.8461538461538463,0.9615384615384616,64.42307692307693,4.0,be call
Terry,God,4.72972972972973,1.3513513513513513,45.27027027027027,3.5,bore bore sleep bore bore bore bore bore bore
Terry,God,4.72972972972973,1.3513513513513513,45.27027027027027,3.5,bore bore sleep bore bore bore bore bore bore
Terry,God,4.72972972972973,1.3513513513513513,45.27027027027027,3.5,bore bore sleep bore bore bore bore bore bore
Caroline,Terry,2.5462962962962963,2.5462962962962963,54.166666666666664,1.0,go see do hate jump clap sit move put stun
Caroline,Terry,2.5462962962962963,2.5462962962962963,54.166666666666664,1.0,go see do hate jump clap sit move put stun
Terry,Caroline,2.5462962962962963,2.5462962962962963,54.166666666666664,1.0,go see do hate jump clap sit move put stun
Terry,Caroline,2.5462962962962963,2.5462962962962963,54.166666666666664,1.0,go see do hate jump clap sit move put stun
Terry,Caroline,2.5462962962962963,2.5462962962962963,54.166666666666664,1.0,go see do hate jump clap sit move put stun
Terry,Caroline,0.0,0.0,38.095238095238095,INF,rush take have see
Caroline,Terry,1.0416666666666665,3.125,54.166666666666664,0.3333333333333333,talk look be say find be get be force swallow
Caroline,Terry,1.0416666666666665,3.125,54.166666666666664,0.3333333333333333,talk look be say find be get be force swallow
Caroline,Terry,1.0416666666666665,3.125,54.166666666666664,0.3333333333333333,talk look be say find be get be force swallow
Terry,Caroline,2.2435897435897436,3.5256410256410255,58.333333333333336,0.6363636363636364,feel be know be meet happen know
Dave,Bruno,1.1363636363636365,0.0,62.5,INF,have tie
Dave,Bruno,2.314814814814815,3.935185185185185,54.861111111111114,0.5882352941176471,be bully be think belong walk be step
Bruno,Dave,4.044117647058823,4.044117647058823,59.55882352941176,1.0,be arrange run jump be
Terry,Bruno,1.293103448275862,1.293103448275862,56.03448275862068,1.0,tell climb grab slam
Terry,Bruno,1.293103448275862,1.293103448275862,56.03448275862068,1.0,tell climb grab slam
Dave,Terry,2.631578947368421,4.276315789473684,50.98684210526315,0.6153846153846154,tell have be go pull
Bruno,Dave,2.083333333333333,0.0,56.25,INF,glare cross
Bruno,Terry,2.083333333333333,0.0,56.25,INF,glare cross
Dave,Terry,2.083333333333333,0.0,56.25,INF,glare cross
Terry,Bruno,1.7045454545454544,0.0,66.47727272727273,INF,trail realize follow go
Terry,Dave,1.7045454545454544,0.0,66.47727272727273,INF,trail realize follow go
Terry,Bruno,1.7045454545454544,0.0,66.47727272727273,INF,trail realize follow go
Terry,Dave,1.7045454545454544,0.0,66.47727272727273,INF,trail realize follow go
Bruno,Dave,1.7045454545454544,0.0,66.47727272727273,INF,trail realize follow go
Bruno,Dave,0.9259259259259258,0.4629629629629629,61.57407407407407,2.0,stop catch have request
Bruno,Dave,0.6578947368421052,0.0,57.23684210526315,INF,bounce ferry wait
Martin,Dave,0.5434782608695652,0.2717391304347826,44.83695652173913,2.0,shout hit push come annihilate
Terry,Stanley,0.0,1.358695652173913,59.5108695652174,0.0,ask write detail cut spell be
Terry,Stanley,0.0,1.358695652173913,59.5108695652174,0.0,ask write detail cut spell be
Terry,Stanley,0.0,1.358695652173913,59.5108695652174,0.0,ask write detail cut spell be
Bruno,Dave,1.9736842105263157,1.9736842105263157,51.31578947368421,1.0,spend be keep have tag
Bruno,Terry,1.9736842105263157,1.9736842105263157,51.31578947368421,1.0,spend be keep have tag
Dave,Terry,1.9736842105263157,1.9736842105263157,51.31578947368421,1.0,spend be keep have tag
Terry,Bruno,0.9375,2.8125,68.75,0.3333333333333333,have construct base form become ask answer
Terry,Dave,0.9375,2.8125,68.75,0.3333333333333333,have construct base form become ask answer
Bruno,Dave,0.9375,2.8125,68.75,0.3333333333333333,have construct base form become ask answer
Bruno,Dave,2.380952380952381,0.0,50.0,INF,be find terrify
Terry,Bruno,0.3289473684210526,0.9868421052631579,53.94736842105263,0.3333333333333333,arm wave let
Terry,Dave,0.3289473684210526,0.9868421052631579,53.94736842105263,0.3333333333333333,arm wave let
Terry,Dave,0.3289473684210526,0.9868421052631579,53.94736842105263,0.3333333333333333,arm wave let
Terry,Dave,0.3289473684210526,0.9868421052631579,53.94736842105263,0.3333333333333333,arm wave let
Terry,Dave,0.3289473684210526,0.9868421052631579,53.94736842105263,0.3333333333333333,arm wave let
Bruno,Dave,0.3289473684210526,0.9868421052631579,53.94736842105263,0.3333333333333333,arm wave let
Bruno,Dave,0.3289473684210526,0.9868421052631579,53.94736842105263,0.3333333333333333,arm wave let
Bruno,Dave,0.3289473684210526,0.9868421052631579,53.94736842105263,0.3333333333333333,arm wave let
Bruno,Dave,0.3289473684210526,0.9868421052631579,53.94736842105263,0.3333333333333333,arm wave let
Bruno,Dave,1.6304347826086956,0.5434782608695652,58.69565217391305,3.0,slap toughen send be flow
Dave,Bruno,1.6304347826086956,0.5434782608695652,58.69565217391305,3.0,slap toughen send be flow
Dave,Bruno,1.6304347826086956,0.5434782608695652,58.69565217391305,3.0,slap toughen send be flow
Dave,Bruno,1.6304347826086956,0.5434782608695652,58.69565217391305,3.0,slap toughen send be flow
Bruno,Dave,4.481132075471698,2.8301886792452833,53.06603773584906,1.5833333333333333,be love flick light threaten be bury
Dostoyevsky,Dante,4.054054054054054,1.6891891891891893,42.9054054054054,2.4,read mention go read mention go read
Dostoyevsky,Dante,4.054054054054054,1.6891891891891893,42.9054054054054,2.4,read mention go read mention go read
Bruno,Dave,3.4090909090909087,2.272727272727273,53.40909090909091,1.5,be send hurtle seethe be intrigue
Dave,Bruno,3.9473684210526314,3.289473684210526,45.39473684210527,1.2,tell keep burn
Bruno,Dave,7.386363636363637,2.272727272727273,40.340909090909086,3.25,have smash be
Bruno,Terry,7.386363636363637,2.272727272727273,40.340909090909086,3.25,have smash be
Dave,Terry,7.386363636363637,2.272727272727273,40.340909090909086,3.25,have smash be
Dave,Dante,0.6578947368421052,1.3157894736842104,45.39473684210527,0.5,say want hear have say
Bruno,Dave,1.893939393939394,1.5151515151515151,54.166666666666664,1.25,be decide have be go meet report
Bruno,Terry,1.893939393939394,1.5151515151515151,54.166666666666664,1.25,be decide have be go meet report
Bruno,Harry,1.893939393939394,1.5151515151515151,54.166666666666664,1.25,be decide have be go meet report
Bruno,Terry,1.893939393939394,1.5151515151515151,54.166666666666664,1.25,be decide have be go meet report
Dave,Terry,1.893939393939394,1.5151515151515151,54.166666666666664,1.25,be decide have be go meet report
Dave,Harry,1.893939393939394,1.5151515151515151,54.166666666666664,1.25,be decide have be go meet report
Dave,Terry,1.893939393939394,1.5151515151515151,54.166666666666664,1.25,be decide have be go meet report
Terry,Harry,1.893939393939394,1.5151515151515151,54.166666666666664,1.25,be decide have be go meet report
Harry,Terry,1.893939393939394,1.5151515151515151,54.166666666666664,1.25,be decide have be go meet report
Martin,Terry,0.0,0.0,42.857142857142854,INF,
Terry,Jim,0.0,0.0,42.10526315789473,INF,finish say take
Terry,Harry,0.0,0.7352941176470588,63.970588235294116,0.0,answer enter stand
Harry,Terry,1.5625,1.0416666666666665,59.895833333333336,1.5,move note use have
Terry,Harry,1.5625,1.0416666666666665,59.895833333333336,1.5,move note use have
Terry,bush,1.171875,2.1484375,51.3671875,0.5454545454545454,take speak do say have have be do enter be drift
Terry,bush,1.171875,2.1484375,51.3671875,0.5454545454545454,take speak do say have have be do enter be drift
Terry,bush,1.171875,2.1484375,51.3671875,0.5454545454545454,take speak do say have have be do enter be drift
bush,Terry,1.171875,2.1484375,51.3671875,0.5454545454545454,take speak do say have have be do enter be drift
Bruno,Dave,1.1363636363636365,2.272727272727273,51.13636363636363,0.5,think be
Bruno,Harry,1.1363636363636365,2.272727272727273,51.13636363636363,0.5,think be
Dave,Harry,1.1363636363636365,2.272727272727273,51.13636363636363,0.5,think be
Harry,Bruno,0.0,1.5,46.5,0.0,appeal be
Harry,Dave,0.0,1.5,46.5,0.0,appeal be
Harry,Dave,0.0,1.5,46.5,0.0,appeal be
Bruno,Dave,0.0,1.5,46.5,0.0,appeal be
Bruno,Dave,0.0,1.5,46.5,0.0,appeal be
Terry,Harry,2.5,3.75,73.75,0.6666666666666666,visit
Terry,Harry,3.4090909090909087,5.681818181818182,54.54545454545454,0.6,agree have plead go limp visit notice have
Terry,Harry,3.4090909090909087,5.681818181818182,54.54545454545454,0.6,agree have plead go limp visit notice have
Terry,Harry,3.4090909090909087,5.681818181818182,54.54545454545454,0.6,agree have plead go limp visit notice have
Harry,Terry,4.72972972972973,0.6756756756756757,62.16216216216216,7.0,run think be instruct be do think get
Harry,Terry,4.72972972972973,0.6756756756756757,62.16216216216216,7.0,run think be instruct be do think get
Terry,Harry,4.72972972972973,0.6756756756756757,62.16216216216216,7.0,run think be instruct be do think get
Terry,Harry,4.72972972972973,0.6756756756756757,62.16216216216216,7.0,run think be instruct be do think get
Patrick Ackerman,Jim,0.5208333333333333,3.125,50.520833333333336,0.16666666666666666,turn be strike take
Patrick Ackerman,Jim,0.5208333333333333,3.125,50.520833333333336,0.16666666666666666,turn be strike take
Jim,Oscar,5.769230769230769,1.282051282051282,51.92307692307693,4.5,be say give tell be let
Bruno,Dave,2.1739130434782608,0.5434782608695652,49.45652173913043,4.0,be save plan want join
Bruno,Terry,2.1739130434782608,0.5434782608695652,49.45652173913043,4.0,be save plan want join
Dave,Terry,2.1739130434782608,0.5434782608695652,49.45652173913043,4.0,be save plan want join
Terry,Bruno,3.4090909090909087,2.272727272727273,56.13636363636364,1.5,be pretend be do watch have reach want vomit have stink
Caroline,Terry,0.7575757575757576,0.0,68.93939393939394,INF,go be surprise see stand throw land
Terry,Caroline,0.7575757575757576,0.0,68.93939393939394,INF,go be surprise see stand throw land
Terry,Caroline,7.8125,0.0,54.6875,INF,wonder have
Terry,Bruno,2.941176470588235,1.4705882352941175,60.29411764705882,2.0,see carry
Terry,Dave,2.941176470588235,1.4705882352941175,60.29411764705882,2.0,see carry
Bruno,Dave,2.941176470588235,1.4705882352941175,60.29411764705882,2.0,see carry
Martin,Caroline Potts,1.0416666666666665,0.0,57.291666666666664,INF,do give
Martin,Terry,2.5735294117647056,2.941176470588235,44.48529411764706,0.875,do march drum be have get be
Terry,Vincent,2.5,1.25,56.25,2.0,have meet
Terry,Harry,2.5,1.25,56.25,2.0,have meet
Vincent,Harry,2.5,1.25,56.25,2.0,have meet
Terry,Vincent,0.0,0.0,59.25925925925925,INF,shake try signal function be dart survey
Terry,Vincent,0.0,0.0,59.25925925925925,INF,shake try signal function be dart survey
Terry,Vincent,0.0,0.0,59.25925925925925,INF,shake try signal function be dart survey
Bruno,Dave,1.3888888888888888,4.166666666666666,61.111111111111114,0.3333333333333333,be drive steal load
Dave,Terry,1.1363636363636365,0.0,39.77272727272727,INF,come be get call
Bruno,Dave,1.1363636363636365,5.681818181818182,56.81818181818182,0.2,rev screech
Terry,Caroline,9.375,3.125,50.0,3.0,gaze
Caroline,Terry,2.5,6.25,61.25000000000001,0.4,have
Caroline,Terry,6.944444444444445,0.0,59.72222222222222,INF,like love
Caroline,Terry,6.944444444444445,0.0,59.72222222222222,INF,like love
Caroline,Terry,0.0,0.0,50.0,INF,sit drum
Terry,Caroline,0.0,0.0,50.0,INF,sit drum
Caroline,Terry,1.6666666666666667,5.0,66.66666666666666,0.3333333333333333,stand drag
Terry,bush,0.6097560975609756,0.6097560975609756,69.51219512195121,1.0,be go prepare thunder hide burn prick
Terry,Caroline,2.6785714285714284,0.0,54.46428571428571,INF,spend
Caroline,Terry,2.7777777777777777,5.092592592592593,55.092592592592595,0.5454545454545454,mention break dissolve feel get
Caroline,Terry,4.72972972972973,4.72972972972973,58.108108108108105,1.0,be read have envisage do hold
Caroline,Terry,4.72972972972973,4.72972972972973,58.108108108108105,1.0,be read have envisage do hold
Terry,Caroline,6.944444444444445,0.0,48.61111111111111,INF,be be
Terry,Caroline,6.944444444444445,0.0,48.61111111111111,INF,be be
Caroline,Lionel,1.25,0.625,58.12500000000001,2.0,spend become
Terry,Caroline,3.125,3.125,52.083333333333336,1.0,be
Harry,Marty,0.4464285714285714,2.232142857142857,47.32142857142857,0.2,pause reflect say tell be
Harry,bush,4.166666666666666,2.380952380952381,50.595238095238095,1.75,say turn disappear
Harry,Terry,0.0,0.0,75.0,INF,leave ask
Lionel,Terry,5.555555555555555,1.3888888888888888,59.72222222222222,4.0,have be see
Terry,Caroline,0.7575757575757576,0.0,65.9090909090909,INF,turn see move have unlock step be go
Caroline,Terry,0.7575757575757576,0.0,65.9090909090909,INF,turn see move have unlock step be go
Terry,Caroline,0.0,2.7777777777777777,52.77777777777778,0.0,see say walk
Lionel,Terry,5.978260869565218,2.1739130434782608,61.41304347826087,2.75,have be have tear
Lionel,Terry,5.978260869565218,2.1739130434782608,61.41304347826087,2.75,have be have tear
Lionel,Caroline,2.358490566037736,0.7075471698113208,57.311320754716974,3.3333333333333335,feel see strew be slump sprawl hunch seem love have explode
Caroline,Lionel,2.358490566037736,0.7075471698113208,57.311320754716974,3.3333333333333335,feel see strew be slump sprawl hunch seem love have explode
Lionel,Terry,1.2096774193548387,2.82258064516129,60.483870967741936,0.42857142857142855,find haunt feel press
Harry,Nietzsche,3.5000000000000004,1.0,63.5,3.5,have come introduce see
Harry,Nietzsche,3.5000000000000004,1.0,63.5,3.5,have come introduce see
Nietzsche,Martin,0.0,0.0,57.89473684210527,INF,say make throw
Martin,Nietzsche,0.0,0.0,57.89473684210527,INF,say make throw
Lionel,Caroline,3.0555555555555554,2.7777777777777777,54.166666666666664,1.1,do be read be damage lose precipitate leave
Lionel,Caroline,3.0555555555555554,2.7777777777777777,54.166666666666664,1.1,do be read be damage lose precipitate leave
Lionel,Caroline,1.3888888888888888,0.6944444444444444,59.02777777777778,2.0,snore be creep
Lionel,Caroline,1.3888888888888888,0.6944444444444444,59.02777777777778,2.0,snore be creep
Caroline,Terry,7.4074074074074066,2.314814814814815,56.94444444444444,3.2,have decide forget talk forget be
Caroline,Terry,7.4074074074074066,2.314814814814815,56.94444444444444,3.2,have decide forget talk forget be
Terry,Caroline,7.4074074074074066,2.314814814814815,56.94444444444444,3.2,have decide forget talk forget be
Terry,Caroline,7.4074074074074066,2.314814814814815,56.94444444444444,3.2,have decide forget talk forget be
Caroline,Terry,7.4074074074074066,2.314814814814815,56.94444444444444,3.2,have decide forget talk forget be
Terry,Caroline,7.4074074074074066,2.314814814814815,56.94444444444444,3.2,have decide forget talk forget be
Terry,Lionel,2.1739130434782608,3.804347826086957,54.891304347826086,0.5714285714285714,do respond talk blind
Terry,Lionel,2.1739130434782608,3.804347826086957,54.891304347826086,0.5714285714285714,do respond talk blind
Marty,Hill,3.90625,2.34375,31.25,1.6666666666666667,be be
Terry,Adam,1.7857142857142856,0.6696428571428571,65.40178571428571,2.6666666666666665,make snarl growl brandish drip
Adam,Terry,1.7857142857142856,0.6696428571428571,65.40178571428571,2.6666666666666665,make snarl growl brandish drip
Terry,Harry,7.954545454545454,3.0303030303030303,58.71212121212122,2.625,be gaze begin suspect be
Harry,Terry,1.5625,0.0,60.9375,INF,say point
Terry,Dan Wonderland,3.214285714285714,3.571428571428571,58.92857142857143,0.9,show be name be find kill
Terry,Dan Wonderland,3.214285714285714,3.571428571428571,58.92857142857143,0.9,show be name be find kill
Dan Wonderland,Terry,3.214285714285714,3.571428571428571,58.92857142857143,0.9,show be name be find kill
Terry,Charlie,1.8518518518518516,2.7777777777777777,43.51851851851852,0.6666666666666666,take
Terry,Charlie,1.8518518518518516,2.7777777777777777,43.51851851851852,0.6666666666666666,take
Terry,Charlie,1.8518518518518516,2.7777777777777777,43.51851851851852,0.6666666666666666,take
Terry,Harry,3.214285714285714,3.571428571428571,61.78571428571429,0.9,have break be be have win
Harry,Terry,3.214285714285714,3.571428571428571,61.78571428571429,0.9,have break be be have win
Harry,Terry,3.214285714285714,3.571428571428571,61.78571428571429,0.9,have break be be have win
Terry,Harry,2.314814814814815,1.3888888888888888,59.25925925925925,1.6666666666666667,have have manage get
Terry,God,8.125,0.0,31.874999999999996,INF,find find
Harry,Terry,6.0606060606060606,3.0303030303030303,54.54545454545454,2.0,be do forget look escape be
Harry,Terry,5.3125,2.1875,57.49999999999999,2.4285714285714284,look remember have go meet have mention be develop
Harry,Terry,5.3125,2.1875,57.49999999999999,2.4285714285714284,look remember have go meet have mention be develop
Terry,Harry,5.3125,2.1875,57.49999999999999,2.4285714285714284,look remember have go meet have mention be develop
Terry,Harry,5.3125,2.1875,57.49999999999999,2.4285714285714284,look remember have go meet have mention be develop
Caroline,Lionel,0.7352941176470588,0.0,46.32352941176471,INF,arrive say
Lionel,Caroline,1.0416666666666665,1.0416666666666665,72.91666666666666,1.0,give stand shake
Lionel,Caroline,1.0416666666666665,1.0416666666666665,72.91666666666666,1.0,give stand shake
Terry,Caroline,0.0,6.61764705882353,46.32352941176471,0.0,be go hang see kill say
Harry,Terry,1.7857142857142856,0.8928571428571428,75.89285714285714,2.0,be watch call
Terry,Harry,0.0,2.083333333333333,64.58333333333334,0.0,give throw
Terry,Harry,4.166666666666666,2.976190476190476,64.28571428571429,1.4,do know be draw be get publish
Stanley,Harry,2.5,1.25,59.583333333333336,2.0,ask ask go work guard
Stanley,Harry,1.1363636363636365,1.1363636363636365,61.36363636363637,1.0,be predict keep press reveal
Stanley,Harry,1.1363636363636365,1.1363636363636365,61.36363636363637,1.0,be predict keep press reveal
Stanley,Harry,4.464285714285714,7.142857142857142,59.82142857142857,0.625,give be murder
Stanley,Harry,2.083333333333333,5.208333333333334,67.70833333333334,0.4,have give do
Harry,Stanley,1.3888888888888888,4.861111111111112,65.97222222222221,0.2857142857142857,have give ask pass
Harry,Stanley,1.3888888888888888,4.861111111111112,65.97222222222221,0.2857142857142857,have give ask pass
Harry,Stanley,0.6578947368421052,3.289473684210526,64.47368421052632,0.2,say write sound
Harry,Stanley,0.6578947368421052,3.289473684210526,64.47368421052632,0.2,say write sound
Stanley,Harry,3.3333333333333335,0.5555555555555556,51.66666666666667,6.0,bet say leave turn say tell think be
Stanley,Harry,3.3333333333333335,0.5555555555555556,51.66666666666667,6.0,bet say leave turn say tell think be
Stanley,Harry,3.3333333333333335,0.5555555555555556,51.66666666666667,6.0,bet say leave turn say tell think be
Stanley,Harry,3.3333333333333335,0.5555555555555556,51.66666666666667,6.0,bet say leave turn say tell think be
Terry,Martin,3.804347826086957,0.0,44.02173913043478,INF,be say
Stanley,Martin,0.390625,1.5625,60.546875,0.25,burst be stand talk say give
Stanley,Martin,0.390625,1.5625,60.546875,0.25,burst be stand talk say give
Harry,Terry,0.0,1.3888888888888888,76.38888888888889,0.0,be
Harry,Terry,4.6875,0.0,45.3125,INF,be
Harry,Terry,5.769230769230769,0.0,48.07692307692308,INF,kill kill
Harry,Terry,5.769230769230769,0.0,48.07692307692308,INF,kill kill
Stanley,Harry,4.807692307692308,0.9615384615384616,48.07692307692308,5.0,keep
Stanley,Harry,1.0964912280701753,1.3157894736842104,57.23684210526315,0.8333333333333334,contemplate credit be come come have climb arm be threaten jump
Terry,Stanley,5.113636363636364,3.977272727272727,45.45454545454545,1.2857142857142858,have rob have pull
Terry,Stanley,5.113636363636364,3.977272727272727,45.45454545454545,1.2857142857142858,have rob have pull
Terry,Stanley,5.113636363636364,3.977272727272727,45.45454545454545,1.2857142857142858,have rob have pull
Terry,Stanley,5.113636363636364,3.977272727272727,45.45454545454545,1.2857142857142858,have rob have pull
Harry,Terry,1.2096774193548387,2.620967741935484,49.395161290322584,0.46153846153846156,be drag be keep
Harry,Stanley,1.2096774193548387,2.620967741935484,49.395161290322584,0.46153846153846156,be drag be keep
Terry,Stanley,1.2096774193548387,2.620967741935484,49.395161290322584,0.46153846153846156,be drag be keep
Terry,Harry,0.0,5.681818181818182,39.77272727272727,0.0,say dread
Terry,Marty,0.0,0.0,33.33333333333333,INF,shout be
Dave,God,6.25,11.71875,50.78125,0.5333333333333333,find make
God,Dave,6.25,11.71875,50.78125,0.5333333333333333,find make
Dave,God,0.9375,0.0,59.06249999999999,INF,think be be strangle push kick think be
Dave,God,0.9375,0.0,59.06249999999999,INF,think be be strangle push kick think be
Dave,God,2.083333333333333,0.6944444444444444,41.66666666666667,3.0,grimace hope be listen
Caroline,Terry,0.78125,1.5625,50.78125,0.5,finish bury go lock have recommend
Caroline,Harry,0.78125,1.5625,50.78125,0.5,finish bury go lock have recommend
Terry,Harry,0.78125,1.5625,50.78125,0.5,finish bury go lock have recommend
Harry,Terry,0.0,4.6875,57.8125,0.0,be write
Dad,Terry,2.2058823529411766,4.044117647058823,58.45588235294118,0.5454545454545454,clean turn stain think
Martha Blackman,Joshua Wolf,1.4150943396226416,0.4716981132075472,54.71698113207547,3.0,confuse find lie be have breathe have stop beat
Eddie,Dad,2.364864864864865,1.6891891891891893,60.810810810810814,1.4,be seem be smack
Eddie,Nikon,3.4722222222222223,1.0416666666666665,42.70833333333333,3.3333333333333335,be say say please do lift dangle take
Eddie,Nikon,3.4722222222222223,1.0416666666666665,42.70833333333333,3.3333333333333335,be say say please do lift dangle take
Nikon,Eddie,3.4722222222222223,1.0416666666666665,42.70833333333333,3.3333333333333335,be say say please do lift dangle take
Eddie,Nikon,0.35714285714285715,0.0,56.785714285714285,INF,be smoke smooth
Eddie,Nikon,0.35714285714285715,0.0,56.785714285714285,INF,be smoke smooth
Nikon,Eddie,0.35714285714285715,0.0,56.785714285714285,INF,be smoke smooth
Nikon,Eddie,0.35714285714285715,0.0,56.785714285714285,INF,be smoke smooth
Martin,Caroline Potts,5.357142857142857,2.6785714285714284,59.82142857142857,2.0,find have take go declare
Harry,Terry,5.25,3.0,55.75,1.75,think know choose be shock have come think pay
Harry,Terry,5.25,3.0,55.75,1.75,think know choose be shock have come think pay
Harry,Terry,5.25,3.0,55.75,1.75,think know choose be shock have come think pay
Harry,Terry,5.25,3.0,55.75,1.75,think know choose be shock have come think pay
Caroline,God,2.083333333333333,0.0,47.91666666666667,INF,believe
God,Caroline,3.595890410958904,4.10958904109589,55.3082191780822,0.875,imagine be believe start throw be be bore w be create
Caroline,God,3.595890410958904,4.10958904109589,55.3082191780822,0.875,imagine be believe start throw be be bore w be create
Caroline,Pauline,0.0,0.0,55.55555555555556,INF,tell call
Caroline,Pauline,0.0,0.0,55.55555555555556,INF,tell call
Astrid,Pauline,4.3478260869565215,1.6304347826086956,72.28260869565217,2.6666666666666665,be have go understand find have underline
Astrid,Pauline,4.3478260869565215,1.6304347826086956,72.28260869565217,2.6666666666666665,be have go understand find have underline
Eddie,Astrid,0.0,1.3888888888888888,54.166666666666664,0.0,wave
Eddie,Astrid,0.0,1.3888888888888888,54.166666666666664,0.0,wave
Astrid,Eddie,2.083333333333333,0.0,47.91666666666667,INF,say be hit
Astrid,Eddie,2.083333333333333,0.0,47.91666666666667,INF,say be hit
Astrid,Jasper,1.1904761904761905,1.1904761904761905,45.23809523809524,1.0,want name
Astrid,Ivan,3.4722222222222223,4.513888888888888,50.34722222222222,0.7692307692307693,speak leave handle love name
Astrid,Ivan,0.9803921568627451,1.4705882352941175,62.254901960784316,0.6666666666666666,be go visit say arrange meet see change
Astrid,Ivan,0.9803921568627451,1.4705882352941175,62.254901960784316,0.6666666666666666,be go visit say arrange meet see change
Caroline,Astrid,4.166666666666666,0.8333333333333334,51.66666666666667,5.0,have have aid
Astrid,Eddie,0.0,0.0,56.52173913043478,INF,leave tell pass see
Astrid,Eddie,0.0,0.0,56.52173913043478,INF,leave tell pass see
Astrid,Eddie,0.0,0.0,56.52173913043478,INF,leave tell pass see
Astrid,Eddie,6.944444444444445,2.7777777777777777,34.72222222222222,2.5,miss say
Eddie,Jasper,1.3888888888888888,1.0416666666666665,64.23611111111111,1.3333333333333333,open pour take pour think be
Martha Blackman,Joshua Wolf,2.2058823529411766,1.4705882352941175,66.91176470588235,1.5,be wedge
Dad,Eddie,1.875,4.6875,60.9375,0.4,turn surprise have have span
Eddie,Dad,1.875,4.6875,60.9375,0.4,turn surprise have have span
Eddie,Dad,1.5625,0.0,67.1875,INF,have find
Eddie,Dad,1.7045454545454544,0.0,71.02272727272727,INF,wait let slip be manage call
Eddie,Dad,0.78125,0.78125,48.4375,1.0,have convince hire
Eddie,Dad,0.78125,0.78125,48.4375,1.0,have convince hire
Dad,Green Eyes,5.902777777777778,4.513888888888888,59.02777777777778,1.3076923076923077,have cross be try stare have cross be glare be
Green Eyes,Dad,7.236842105263158,1.3157894736842104,59.86842105263158,5.5,stride take urge keep
Green Eyes,Dad,3.90625,2.34375,68.75,1.6666666666666667,feel stare fix stare
Dad,Anouk,2.138157894736842,1.151315789473684,54.60526315789473,1.8571428571428572,pick slouch spend weigh have dress be spot be wear leave sprout
Dad,Anouk,2.138157894736842,1.151315789473684,54.60526315789473,1.8571428571428572,pick slouch spend weigh have dress be spot be wear leave sprout
Dad,Anouk,2.138157894736842,1.151315789473684,54.60526315789473,1.8571428571428572,pick slouch spend weigh have dress be spot be wear leave sprout
Dad,Anouk,2.138157894736842,1.151315789473684,54.60526315789473,1.8571428571428572,pick slouch spend weigh have dress be spot be wear leave sprout
Anouk,Dad,2.138157894736842,1.151315789473684,54.60526315789473,1.8571428571428572,pick slouch spend weigh have dress be spot be wear leave sprout
Anouk,Dad,2.138157894736842,1.151315789473684,54.60526315789473,1.8571428571428572,pick slouch spend weigh have dress be spot be wear leave sprout
Anouk,Dad,2.138157894736842,1.151315789473684,54.60526315789473,1.8571428571428572,pick slouch spend weigh have dress be spot be wear leave sprout
Anouk,Dad,2.138157894736842,1.151315789473684,54.60526315789473,1.8571428571428572,pick slouch spend weigh have dress be spot be wear leave sprout
Anouk,Dad,2.138157894736842,1.151315789473684,54.60526315789473,1.8571428571428572,pick slouch spend weigh have dress be spot be wear leave sprout
Anouk,Dad,2.138157894736842,1.151315789473684,54.60526315789473,1.8571428571428572,pick slouch spend weigh have dress be spot be wear leave sprout
Dad,Anouk,1.4285714285714286,3.571428571428571,49.28571428571429,0.4,see spend hone have perfect come level
Dad,Anouk,1.4285714285714286,3.571428571428571,49.28571428571429,0.4,see spend hone have perfect come level
Dad,Anouk,1.4285714285714286,3.571428571428571,49.28571428571429,0.4,see spend hone have perfect come level
Dad,Anouk,1.4285714285714286,3.571428571428571,49.28571428571429,0.4,see spend hone have perfect come level
Dad,Anouk,3.7280701754385963,2.850877192982456,53.07017543859649,1.3076923076923077,go follow squeeze weaken have do pour take
Anouk,Dad,3.7280701754385963,2.850877192982456,53.07017543859649,1.3076923076923077,go follow squeeze weaken have do pour take
Charlie,God,0.8928571428571428,0.0,56.25,INF,go stay swear be leave say do forget feed
Charlie,Dad,0.8928571428571428,0.0,56.25,INF,go stay swear be leave say do forget feed
God,Dad,0.8928571428571428,0.0,56.25,INF,go stay swear be leave say do forget feed
Anouk,Dad,1.1029411764705883,0.0,51.83823529411765,INF,take notice enjoy be team
Anouk,Dad,1.1029411764705883,0.0,51.83823529411765,INF,take notice enjoy be team
Anouk,Dad,1.1029411764705883,0.0,51.83823529411765,INF,take notice enjoy be team
Dad,Anouk,1.1029411764705883,0.0,51.83823529411765,INF,take notice enjoy be team
Dad,Anouk,1.1029411764705883,0.0,51.83823529411765,INF,take notice enjoy be team
Dad,Anouk,1.1029411764705883,0.0,51.83823529411765,INF,take notice enjoy be team
Dad,Anouk,2.5510204081632653,6.122448979591836,62.755102040816325,0.4166666666666667,be raise be maroon throw be begin
Terry,Dad,1.8656716417910446,0.5597014925373134,48.32089552238806,3.3333333333333335,be live bound follow have say tell be grab throw
Dad,Anouk,2.027027027027027,4.72972972972973,50.0,0.42857142857142855,be follow recount say be
Dad,Anouk,0.0,0.8333333333333334,52.5,0.0,drive
Eddie,Dad,1.0,1.0,70.0,1.0,come scratch have give say
Eddie,Dad,1.0,1.0,70.0,1.0,come scratch have give say
Eddie,Jesus,1.0,1.0,70.0,1.0,come scratch have give say
Eddie,Dad,1.0,1.0,70.0,1.0,come scratch have give say
Eddie,Dad,1.0,1.0,70.0,1.0,come scratch have give say
Eddie,Jesus,1.0,1.0,70.0,1.0,come scratch have give say
Dad,Jesus,1.0,1.0,70.0,1.0,come scratch have give say
Dad,Jesus,1.0,1.0,70.0,1.0,come scratch have give say
Jasper,Kasper,3.2407407407407405,4.62962962962963,51.388888888888886,0.7,do tell be have be kill
Jasper,Kasper,3.2407407407407405,4.62962962962963,51.388888888888886,0.7,do tell be have be kill
Anouk,Buddhist,1.9230769230769231,0.0,64.74358974358975,INF,call hear tell know be sun be run
Jasper,Martin,0.0,0.0,58.333333333333336,INF,see say
Freud,Jung,1.0869565217391304,0.0,38.04347826086957,INF,be read write
Freud,Fromm,1.0869565217391304,0.0,38.04347826086957,INF,be read write
Freud,Becker,1.0869565217391304,0.0,38.04347826086957,INF,be read write
Jung,Fromm,1.0869565217391304,0.0,38.04347826086957,INF,be read write
Jung,Becker,1.0869565217391304,0.0,38.04347826086957,INF,be read write
Fromm,Becker,1.0869565217391304,0.0,38.04347826086957,INF,be read write
Martin,Dr. Greg,0.0,0.0,37.5,INF,say
Martin,Dr. Greg,0.0,1.1904761904761905,41.66666666666667,0.0,chime do want look
Martin,Dad,6.25,0.0,52.083333333333336,INF,know look say
Dr. Greg,Dad,5.769230769230769,2.8846153846153846,60.57692307692307,2.0,be be
Dad,Freud,3.888888888888889,2.5,62.5,1.5555555555555556,say want be prod be unhinge expect be languish be
Dad,Jung,3.888888888888889,2.5,62.5,1.5555555555555556,say want be prod be unhinge expect be languish be
Freud,Jung,3.888888888888889,2.5,62.5,1.5555555555555556,say want be prod be unhinge expect be languish be
Dad,Anouk,0.0,1.1363636363636365,62.5,0.0,be
Jasper,bush,0.4629629629629629,0.4629629629629629,65.74074074074075,1.0,need move lay have lie
Eddie,Dad,3.0172413793103448,4.310344827586207,71.98275862068965,0.7,get think contain be lessen hate
Eddie,Dad,3.0172413793103448,4.310344827586207,71.98275862068965,0.7,get think contain be lessen hate
Dad,Jasper,0.0,0.0,33.33333333333333,INF,
Dad,Eddie,3.571428571428571,0.0,42.857142857142854,INF,go secure consist say get
Eddie,Dad,3.571428571428571,0.0,42.857142857142854,INF,go secure consist say get
Eddie,Dad,0.0,0.0,47.05882352941176,INF,leave tear
Dad,Eddie,0.0,0.0,47.05882352941176,INF,leave tear
Dad,Eddie,0.0,0.0,47.05882352941176,INF,leave tear
Eddie,Dr. Greg,2.4193548387096775,5.241935483870968,53.62903225806451,0.46153846153846156,talk learn go
Eddie,Dad,2.4193548387096775,5.241935483870968,53.62903225806451,0.46153846153846156,talk learn go
Dr. Greg,Dad,2.4193548387096775,5.241935483870968,53.62903225806451,0.46153846153846156,talk learn go
Anouk,Dad,0.0,0.0,68.29268292682927,INF,be see be dish
Sizzler,Dad,5.555555555555555,0.6944444444444444,49.30555555555556,8.0,be prefer eat celebrate be say be win
Mr. Dean,Jasper,1.524390243902439,0.9146341463414633,60.97560975609756,1.6666666666666667,be inform have be involve take
Jesus,Buddha,0.0,0.5952380952380952,56.547619047619044,0.0,have co-pen name
Dad,God,2.734375,2.1484375,52.9296875,1.2727272727272727,be get have inoculate have happen come boogie allow believe
Dad,God,2.734375,2.1484375,52.9296875,1.2727272727272727,be get have inoculate have happen come boogie allow believe
Dad,God,2.734375,2.1484375,52.9296875,1.2727272727272727,be get have inoculate have happen come boogie allow believe
Dad,God,2.734375,2.1484375,52.9296875,1.2727272727272727,be get have inoculate have happen come boogie allow believe
Dad,God,2.734375,2.1484375,52.9296875,1.2727272727272727,be get have inoculate have happen come boogie allow believe
Dad,God,2.734375,2.1484375,52.9296875,1.2727272727272727,be get have inoculate have happen come boogie allow believe
Hamlet,Jasper,3.75,5.0,56.25,0.75,be
Jasper,Hamlet,3.75,5.0,56.25,0.75,be
Hamlet,Shakespeare,3.214285714285714,3.571428571428571,50.357142857142854,0.9,send be decide want write
Hamlet,Shakespeare,3.214285714285714,3.571428571428571,50.357142857142854,0.9,send be decide want write
Hamlet,Shakespeare,3.214285714285714,3.571428571428571,50.357142857142854,0.9,send be decide want write
Hamlet,Horatio,3.571428571428571,2.976190476190476,53.769841269841265,1.2,beckon follow advise try drive do note look think jump make think be
Hamlet,Horatio,3.571428571428571,2.976190476190476,53.769841269841265,1.2,beckon follow advise try drive do note look think jump make think be
Hamlet,Horatio,3.571428571428571,2.976190476190476,53.769841269841265,1.2,beckon follow advise try drive do note look think jump make think be
Horatio,Hamlet,3.571428571428571,2.976190476190476,53.769841269841265,1.2,beckon follow advise try drive do note look think jump make think be
Hamlet,Horatio,3.571428571428571,2.976190476190476,53.769841269841265,1.2,beckon follow advise try drive do note look think jump make think be
Hamlet,Horatio,3.571428571428571,2.976190476190476,53.769841269841265,1.2,beckon follow advise try drive do note look think jump make think be
Mr. White,Brett,1.4423076923076923,4.326923076923077,48.07692307692308,0.3333333333333333,growl do feel be maul
Mr. White,Brett,1.4423076923076923,4.326923076923077,48.07692307692308,0.3333333333333333,growl do feel be maul
Mr. White,Brett,1.7307692307692308,2.8846153846153846,56.92307692307692,0.6,be say know do be treat have deprive predict fail prove
Mr. White,Brett,1.7307692307692308,2.8846153846153846,56.92307692307692,0.6,be say know do be treat have deprive predict fail prove
Mr. White,Brett,1.7307692307692308,2.8846153846153846,56.92307692307692,0.6,be say know do be treat have deprive predict fail prove
Mr. White,Brett,1.7307692307692308,2.8846153846153846,56.92307692307692,0.6,be say know do be treat have deprive predict fail prove
Mr. White,Brett,1.7307692307692308,2.8846153846153846,56.92307692307692,0.6,be say know do be treat have deprive predict fail prove
Mr. White,Hamlet,0.0,0.0,66.66666666666666,INF,hand back
Mr. White,Shakespeare,1.875,0.0,38.125,INF,make be
Plato,Nietzsche,0.35714285714285715,0.7142857142857143,41.785714285714285,0.5,paste
Plato,Schopenhauer,0.35714285714285715,0.7142857142857143,41.785714285714285,0.5,paste
Plato,Rousseau,0.35714285714285715,0.7142857142857143,41.785714285714285,0.5,paste
Nietzsche,Schopenhauer,0.35714285714285715,0.7142857142857143,41.785714285714285,0.5,paste
Nietzsche,Rousseau,0.35714285714285715,0.7142857142857143,41.785714285714285,0.5,paste
Schopenhauer,Rousseau,0.35714285714285715,0.7142857142857143,41.785714285714285,0.5,paste
Rousseau,James Thomson,1.1363636363636365,0.8522727272727272,50.28409090909091,1.3333333333333333,seem favor be include
Rousseau,James Thomson,1.1363636363636365,0.8522727272727272,50.28409090909091,1.3333333333333333,seem favor be include
Mr. White,Dad,1.2195121951219512,0.3048780487804878,59.45121951219512,4.0,have be write come turn see be confuse
Mr. White,Dad,1.2195121951219512,0.3048780487804878,59.45121951219512,4.0,have be write come turn see be confuse
Mr. White,Dad,1.2195121951219512,0.3048780487804878,59.45121951219512,4.0,have be write come turn see be confuse
Brett,Harrison,7.352941176470589,0.0,45.588235294117645,INF,accord have fall run
Brett,Harrison,4.861111111111112,5.902777777777778,33.68055555555556,0.8235294117647058,be be abandon be submit
Eddie,Dad,4.6875,2.34375,42.96875,2.0,be look exhaust
Eddie,Anouk,4.6875,2.34375,42.96875,2.0,be look exhaust
Dad,Anouk,4.6875,2.34375,42.96875,2.0,be look exhaust
Eddie,Anouk,2.941176470588235,0.3676470588235294,49.63235294117647,8.0,be get do help
Dad,Eddie,2.1551724137931036,0.8620689655172413,55.603448275862064,2.5,tell have guide do lead
Dad,Anouk,2.1551724137931036,0.8620689655172413,55.603448275862064,2.5,tell have guide do lead
Eddie,Anouk,2.1551724137931036,0.8620689655172413,55.603448275862064,2.5,tell have guide do lead
Dad,Brett,3.3333333333333335,2.5,40.833333333333336,1.3333333333333333,say strike
Brett,Mr. White,5.769230769230769,2.8846153846153846,75.96153846153845,2.0,have assume call
Brett,Mr. White,5.769230769230769,2.8846153846153846,75.96153846153845,2.0,have assume call
Jasper,Mr. White,1.3157894736842104,0.6578947368421052,50.6578947368421,2.0,give say chuckle
Mr. White,Dad,5.681818181818182,2.272727272727273,55.68181818181818,2.5,suppose say go think mean remember flush
Brett,Mr. White,2.1739130434782608,2.717391304347826,62.5,0.8,be frame include stand look
Jesus,Brett,0.0,0.0,42.857142857142854,INF,appear be study
Jesus,Brett,0.0,0.0,42.857142857142854,INF,appear be study
Charlie,Brett,2.380952380952381,2.976190476190476,51.78571428571429,0.8,be stand have be
Mr. White,Brett,2.11864406779661,2.11864406779661,58.47457627118644,1.0,run wade take sob pry be gape stand crumble ruin
Mr. White,Brett,2.11864406779661,2.11864406779661,58.47457627118644,1.0,run wade take sob pry be gape stand crumble ruin
Mr. White,Brett,2.11864406779661,2.11864406779661,58.47457627118644,1.0,run wade take sob pry be gape stand crumble ruin
Mr. White,Brett,2.11864406779661,2.11864406779661,58.47457627118644,1.0,run wade take sob pry be gape stand crumble ruin
Mr. White,Brett,2.11864406779661,2.11864406779661,58.47457627118644,1.0,run wade take sob pry be gape stand crumble ruin
Mr. White,Brett,2.11864406779661,2.11864406779661,58.47457627118644,1.0,run wade take sob pry be gape stand crumble ruin
Mr. White,Brett,2.11864406779661,2.11864406779661,58.47457627118644,1.0,run wade take sob pry be gape stand crumble ruin
Mr. White,Brett,2.11864406779661,2.11864406779661,58.47457627118644,1.0,run wade take sob pry be gape stand crumble ruin
Mr. White,Brett,2.11864406779661,2.11864406779661,58.47457627118644,1.0,run wade take sob pry be gape stand crumble ruin
Mr. White,Brett,2.11864406779661,2.11864406779661,58.47457627118644,1.0,run wade take sob pry be gape stand crumble ruin
Mr. White,Brett,2.11864406779661,2.11864406779661,58.47457627118644,1.0,run wade take sob pry be gape stand crumble ruin
Mr. White,Brett,2.11864406779661,2.11864406779661,58.47457627118644,1.0,run wade take sob pry be gape stand crumble ruin
Brett,Hamlet,4.285714285714286,2.5,58.92857142857143,1.7142857142857142,take answer tear be be reward
Brett,Hamlet,4.285714285714286,2.5,58.92857142857143,1.7142857142857142,take answer tear be be reward
Brett,Hamlet,4.285714285714286,2.5,58.92857142857143,1.7142857142857142,take answer tear be be reward
Brett,Hamlet,3.125,5.208333333333334,66.66666666666666,0.6,answer tick
Mr. Silver,Mr. White,2.272727272727273,0.0,56.81818181818182,INF,walk place
Mr. Silver,Mr. White,2.272727272727273,0.0,56.81818181818182,INF,walk place
Mr. Silver,Brett,0.4032258064516129,0.8064516129032258,60.08064516129033,0.5,walk think go go pack
Mr. Silver,Brett,0.4032258064516129,0.8064516129032258,60.08064516129033,0.5,walk think go go pack
Harrison,Brett,1.3888888888888888,0.4629629629629629,61.111111111111114,3.0,hope see make think have die
Harrison,Brett,1.3888888888888888,0.4629629629629629,61.111111111111114,3.0,hope see make think have die
Brett,Mr. White,0.0,0.0,57.14285714285714,INF,go
Mr. White,Brett,3.0303030303030303,2.6515151515151514,51.89393939393939,1.1428571428571428,do have order sit tip
Mr. White,Brett,3.0303030303030303,2.6515151515151514,51.89393939393939,1.1428571428571428,do have order sit tip
Jasper,Brett,0.0,2.604166666666667,43.22916666666667,0.0,be go say throw
Mr. White,Brett,2.272727272727273,0.0,61.36363636363637,INF,be want have make
Mr. White,Dad,0.3676470588235294,2.941176470588235,55.51470588235294,0.125,tell be follow be plagiarize
Mr. White,Dad,0.3676470588235294,2.941176470588235,55.51470588235294,0.125,tell be follow be plagiarize
Mr. White,Dad,2.5,0.9375,64.0625,2.6666666666666665,turn see peer be do feel
Dad,Mr. White,0.8928571428571428,5.357142857142857,65.17857142857143,0.16666666666666666,turn peer
Mr. White,Dad,4.651162790697675,2.616279069767442,62.5,1.7777777777777777,see talk be cry have rest be
Mr. White,Dad,4.651162790697675,2.616279069767442,62.5,1.7777777777777777,see talk be cry have rest be
Dad,Mr. White,4.651162790697675,2.616279069767442,62.5,1.7777777777777777,see talk be cry have rest be
Dad,Mr. White,4.651162790697675,2.616279069767442,62.5,1.7777777777777777,see talk be cry have rest be
Mr. White,Dad,3.0303030303030303,2.272727272727273,52.27272727272727,1.3333333333333333,be see see
Christ,Mr. White,0.0,0.0,50.0,INF,be get say leave
Charlie,Brett,3.125,4.166666666666666,51.041666666666664,0.75,be be be have do
Mr. White,Jasper,1.171875,3.125,45.703125,0.375,give say forget do
Sizzler,God,2.840909090909091,2.840909090909091,57.95454545454546,1.0,return stand stare look be burn have do
Brian,Lola,0.0,4.861111111111112,39.58333333333333,0.0,mean run say
Lola,God,2.1739130434782608,4.3478260869565215,50.0,0.5,hate be believe have go
Shakespeare,Freud,5.092592592592593,4.62962962962963,47.68518518518518,1.1,be stay learn accord be be
Jasper,Brian,0.0,1.5625,54.6875,0.0,be say answer
Anouk,Eddie,0.7352941176470588,0.7352941176470588,57.35294117647059,1.0,open see huddle speak
Eddie,Anouk,0.8333333333333334,0.0,55.833333333333336,INF,look see hit beckon
Eddie,Anouk,0.8333333333333334,0.0,55.833333333333336,INF,look see hit beckon
Jasper,Anouk,1.3888888888888888,4.861111111111112,54.861111111111114,0.2857142857142857,have get say
Jasper,Eddie,0.6944444444444444,0.6944444444444444,37.5,1.0,talk say
Terry,Harry,1.5625,0.5208333333333333,72.91666666666666,3.0,be have
Anouk,Eddie,3.3333333333333335,1.6666666666666667,55.00000000000001,2.0,be have slip
Anouk,Eddie,3.3333333333333335,1.6666666666666667,55.00000000000001,2.0,be have slip
Anouk,Dad,1.8518518518518516,4.166666666666666,60.64814814814815,0.4444444444444444,pull wave be win
Anouk,Reynold,3.804347826086957,1.6304347826086956,51.08695652173913,2.3333333333333335,do know have be plan show say be go be celebrate
Anouk,Reynold,3.804347826086957,1.6304347826086956,51.08695652173913,2.3333333333333335,do know have be plan show say be go be celebrate
Anouk,Oscar,3.804347826086957,1.6304347826086956,51.08695652173913,2.3333333333333335,do know have be plan show say be go be celebrate
Reynold,Oscar,3.804347826086957,1.6304347826086956,51.08695652173913,2.3333333333333335,do know have be plan show say be go be celebrate
Reynold,Oscar,3.804347826086957,1.6304347826086956,51.08695652173913,2.3333333333333335,do know have be plan show say be go be celebrate
Reynold,Dad,0.4032258064516129,0.0,47.983870967741936,INF,be go try convince meet
Reynold,Charlie,4.423076923076923,2.5,54.61538461538461,1.7692307692307692,have take be try pass be be hunch
Reynold,Oscar,0.0,2.5,37.5,0.0,want try
Anouk,Oscar,2.5,1.25,56.25,2.0,follow be
Anouk,Reynold,2.5,1.25,56.25,2.0,follow be
Oscar,Reynold,2.5,1.25,56.25,2.0,follow be
Oscar,Jasper,4.545454545454546,1.1363636363636365,57.95454545454546,4.0,nod agree be
Reynold,bush,0.0,0.0,50.0,INF,say hike
Reynold,God,1.7045454545454544,1.1363636363636365,56.25,1.5,be ask know have take
Reynold,Adam,1.7045454545454544,1.1363636363636365,56.25,1.5,be ask know have take
God,Adam,1.7045454545454544,1.1363636363636365,56.25,1.5,be ask know have take
Anouk,Dad,3.5984848484848486,1.1363636363636365,63.4469696969697,3.1666666666666665,do understand be have write want whisper do mean have forget write do write want be defecate
Anouk,Dad,3.5984848484848486,1.1363636363636365,63.4469696969697,3.1666666666666665,do understand be have write want whisper do mean have forget write do write want be defecate
Anouk,Dad,3.5984848484848486,1.1363636363636365,63.4469696969697,3.1666666666666665,do understand be have write want whisper do mean have forget write do write want be defecate
Anouk,Dad,3.5984848484848486,1.1363636363636365,63.4469696969697,3.1666666666666665,do understand be have write want whisper do mean have forget write do write want be defecate
Anouk,Dad,3.5984848484848486,1.1363636363636365,63.4469696969697,3.1666666666666665,do understand be have write want whisper do mean have forget write do write want be defecate
Reynold,Oscar,6.8181818181818175,2.272727272727273,36.36363636363637,3.0,exchange
Reynold,Oscar,2.604166666666667,4.6875,46.875,0.5555555555555556,make refuse recline go find
Reynold,Dad,2.604166666666667,4.6875,46.875,0.5555555555555556,make refuse recline go find
Oscar,Dad,2.604166666666667,4.6875,46.875,0.5555555555555556,make refuse recline go find
Reynold,Oscar,0.0,0.0,33.33333333333333,INF,
Reynold,Oscar,0.0,0.0,33.33333333333333,INF,
Reynold,Dad,5.416666666666667,2.5,48.75,2.1666666666666665,approach be bear
Reynold,Dad,5.416666666666667,2.5,48.75,2.1666666666666665,approach be bear
Reynold,Dad,5.416666666666667,2.5,48.75,2.1666666666666665,approach be bear
Anouk,Oscar,3.0,0.5,48.5,6.0,be tell have get think be say
Dad,Anouk,0.0,0.0,46.15384615384615,INF,go close
Anouk,Dad,0.0,0.0,46.15384615384615,INF,go close
Reynold,Oscar,2.027027027027027,4.72972972972973,52.702702702702695,0.42857142857142855,want follow do want think be be be be
Anouk,Dad,1.4705882352941175,2.2058823529411766,61.029411764705884,0.6666666666666666,go sit kneel turn
Dad,Reynold,0.0,0.5952380952380952,56.547619047619044,0.0,be try break snap
Dad,Reynold,0.0,0.5952380952380952,56.547619047619044,0.0,be try break snap
Dad,Reynold,3.571428571428571,1.7857142857142856,44.642857142857146,2.0,be answer say
Dad,Martin,3.571428571428571,1.7857142857142856,44.642857142857146,2.0,be answer say
Reynold,Martin,3.571428571428571,1.7857142857142856,44.642857142857146,2.0,be answer say
Reynold,Dad,0.0,0.0,75.0,INF,make stiffen look pack
Reynold,Dad,0.0,0.0,75.0,INF,make stiffen look pack
Dad,Oscar,2.083333333333333,2.083333333333333,52.5,1.0,pass become be go say say be
Anouk,Oscar Hobbs,3.125,0.8928571428571428,53.125,3.5,have demand be
Oscar,Smithy,5.0,4.375,45.625,1.1428571428571428,leave say force do know
Oscar,Oscar Hobbs,5.0,4.375,45.625,1.1428571428571428,leave say force do know
Smithy,Oscar Hobbs,5.0,4.375,45.625,1.1428571428571428,leave say force do know
Oscar,Anouk,7.8125,4.166666666666666,42.1875,1.875,begin think
Anouk,Dad,2.083333333333333,3.3333333333333335,74.58333333333333,0.625,be be pursue dub guess be sleep
Jasper,Brian,5.208333333333334,0.0,36.45833333333333,INF,be
Einstein,Darwin,0.0,4.807692307692308,41.34615384615385,0.0,
Einstein,Heinrich Böll,0.0,4.807692307692308,41.34615384615385,0.0,
Darwin,Heinrich Böll,0.0,4.807692307692308,41.34615384615385,0.0,
Einstein,Dad,4.411764705882353,2.5735294117647056,57.720588235294116,1.7142857142857142,be piss have be know have say have push
Einstein,Dad,4.411764705882353,2.5735294117647056,57.720588235294116,1.7142857142857142,be piss have be know have say have push
Einstein,Dad,4.411764705882353,2.5735294117647056,57.720588235294116,1.7142857142857142,be piss have be know have say have push
Dad,Einstein,4.411764705882353,2.5735294117647056,57.720588235294116,1.7142857142857142,be piss have be know have say have push
Dad,Anouk,0.0,0.0,57.14285714285714,INF,be
Dad,Oscar Hobbs,2.631578947368421,0.6578947368421052,49.34210526315789,4.0,be do have be try get
Jasper,Anouk,0.0,5.833333333333333,47.5,0.0,do notice sense be
Jasper,Oscar,2.5,3.0,54.50000000000001,0.8333333333333334,be see
Jasper,Reynold,2.5,3.0,54.50000000000001,0.8333333333333334,be see
Oscar,Reynold,2.5,3.0,54.50000000000001,0.8333333333333334,be see
Reynold,Oscar,1.7857142857142856,0.5102040816326531,52.806122448979586,3.5,be ensure have
Reynold,Oscar,1.7857142857142856,0.5102040816326531,52.806122448979586,3.5,be ensure have
Jasper,Anouk,0.0,0.0,64.28571428571429,INF,walk
Jasper,Anouk,1.744186046511628,1.1627906976744187,59.883720930232556,1.5,be oppose know come tell be be move
Anouk,Jasper,1.744186046511628,1.1627906976744187,59.883720930232556,1.5,be oppose know come tell be be move
Anouk,Jasper,1.744186046511628,1.1627906976744187,59.883720930232556,1.5,be oppose know come tell be be move
Anouk,Jasper,1.744186046511628,1.1627906976744187,59.883720930232556,1.5,be oppose know come tell be be move
Jasper,Anouk,2.7777777777777777,1.3888888888888888,62.5,2.0,be go have abandon
Oscar,Anouk,3.571428571428571,2.6785714285714284,43.75,1.3333333333333333,give return
Anouk,Oscar,3.571428571428571,2.6785714285714284,43.75,1.3333333333333333,give return
Oscar,Anouk,4.044117647058823,2.5735294117647056,52.20588235294118,1.5714285714285714,follow notice be look be struggle
Anouk,Oscar,2.564102564102564,4.487179487179487,51.92307692307693,0.5714285714285714,be follow crush accept have prove be imagine
Oscar,Reynold,0.0,2.403846153846154,47.59615384615385,0.0,be
Oscar,Schopenhauer,1.4583333333333333,0.625,52.916666666666664,2.3333333333333335,have call mind uplift be go
Oscar,Nietzsche,1.4583333333333333,0.625,52.916666666666664,2.3333333333333335,have call mind uplift be go
Schopenhauer,Nietzsche,1.4583333333333333,0.625,52.916666666666664,2.3333333333333335,have call mind uplift be go
Oscar,Eddie,3.125,1.0416666666666665,56.94444444444444,3.0,be keen run be run
Oscar,Eddie,3.125,1.0416666666666665,56.94444444444444,3.0,be keen run be run
Eddie,Reynold,0.0,0.7352941176470588,75.73529411764706,0.0,okay give
Eddie,Reynold,0.0,0.7352941176470588,75.73529411764706,0.0,okay give
Oscar,Eddie,1.2195121951219512,0.3048780487804878,64.32926829268293,4.0,obtain make rig be jumble
Oscar Hobbs,Eddie,3.125,0.0,58.41346153846154,INF,be stand be read round come
Jasper,Parliament,2.9661016949152543,1.694915254237288,62.28813559322034,1.75,guess be have make win have become win upcome commence base impress apologize weep have die begin erect
Jasper,Anouk,2.9661016949152543,1.694915254237288,62.28813559322034,1.75,guess be have make win have become win upcome commence base impress apologize weep have die begin erect
Parliament,Jasper,2.9661016949152543,1.694915254237288,62.28813559322034,1.75,guess be have make win have become win upcome commence base impress apologize weep have die begin erect
Parliament,Anouk,2.9661016949152543,1.694915254237288,62.28813559322034,1.75,guess be have make win have become win upcome commence base impress apologize weep have die begin erect
Jasper,Anouk,2.9661016949152543,1.694915254237288,62.28813559322034,1.75,guess be have make win have become win upcome commence base impress apologize weep have die begin erect
Eddie,Caroline,3.125,5.208333333333334,50.0,0.6,have think be
Parliament,Caroline,1.744186046511628,0.872093023255814,64.82558139534885,2.0,focus confide run bring be overcome speak
Parliament,Caroline,1.744186046511628,0.872093023255814,64.82558139534885,2.0,focus confide run bring be overcome speak
Caroline,Mrs. Gravy,0.0,0.0,47.05882352941176,INF,become
Caroline,Deng,0.0,0.0,47.05882352941176,INF,become
Mrs. Gravy,Deng,0.0,0.0,47.05882352941176,INF,become
Anouk,Caroline,5.978260869565218,1.0869565217391304,49.45652173913043,5.5,be think backfire have tell
Caroline,Anouk,5.0,0.0,59.0,INF,remember be be walk point
Anouk,Caroline,5.0,0.0,59.0,INF,remember be be walk point
Anouk,Caroline,2.586206896551724,2.1551724137931036,50.43103448275862,1.2,remember be explain be go get marry
Oscar Hobbs,Anouk,0.7075471698113208,1.650943396226415,58.01886792452831,0.42857142857142855,get overshadow be wander announce be get marry
Oscar Hobbs,Anouk,0.7075471698113208,1.650943396226415,58.01886792452831,0.42857142857142855,get overshadow be wander announce be get marry
Oscar Hobbs,Anouk,0.7075471698113208,1.650943396226415,58.01886792452831,0.42857142857142855,get overshadow be wander announce be get marry
Caroline,Dr. Sweeny,1.0638297872340425,1.5957446808510638,54.78723404255319,0.6666666666666666,do go remember think be take come do want
Dr. Sweeny,Caroline,1.0638297872340425,1.5957446808510638,54.78723404255319,0.6666666666666666,do go remember think be take come do want
Parliament,Caroline,2.5,0.0,57.49999999999999,INF,sit travel be become believe
Andrew Smith,God,3.453947368421053,3.618421052631579,56.085526315789465,0.9545454545454546,accept have have come be be solve make perpetuate hate chain
Caroline,Terry,1.3392857142857142,0.0,70.08928571428571,INF,have bear see get be mention
Caroline,Terry,1.3392857142857142,0.0,70.08928571428571,INF,have bear see get be mention
Jasper,Caroline,2.083333333333333,0.0,64.58333333333334,INF,turn stare try understand
Jasper,Caroline,2.083333333333333,0.0,64.58333333333334,INF,turn stare try understand
Caroline,Jasper,0.0,6.25,73.75,0.0,do think
Jasper,Caroline,0.8333333333333334,0.0,65.83333333333333,INF,sit
God,Jasper,0.0,0.0,44.44444444444444,INF,say
Eddie,Jasper,0.0,0.0,30.76923076923077,INF,say suck
Christ,Martin,6.25,0.0,43.75,INF,do know
Eddie,Tim Lung,2.604166666666667,0.5208333333333333,67.70833333333334,5.0,manage be own name
Eddie,Tim Lung,2.631578947368421,0.0,60.526315789473685,INF,have loan build have come
Tim Lung,Astrid,5.113636363636364,0.5681818181818182,48.86363636363637,9.0,have be lead
Tim Lung,Astrid,5.113636363636364,0.5681818181818182,48.86363636363637,9.0,have be lead
Anouk,Reynold,5.921052631578947,0.0,41.44736842105263,INF,try ask help be
Anouk,Reynold,5.921052631578947,0.0,41.44736842105263,INF,try ask help be
Anouk,Caroline,0.0,2.380952380952381,45.23809523809524,0.0,move rent
Anouk,Oscar Hobbs,4.166666666666666,1.6666666666666667,47.5,2.5,be stand
Anouk,Eddie,4.166666666666666,1.6666666666666667,47.5,2.5,be stand
Oscar Hobbs,Eddie,4.166666666666666,1.6666666666666667,47.5,2.5,be stand
Eddie,Caroline,0.0,0.0,41.17647058823529,INF,
Eddie,Jasper,0.0,0.0,41.17647058823529,INF,
Caroline,Jasper,0.0,0.0,41.17647058823529,INF,
Jasper,Kasper,1.25,0.625,43.125,2.0,be be be
Jasper,Horace Flint,1.25,0.625,43.125,2.0,be be be
Jasper,Caroline,1.25,0.625,43.125,2.0,be be be
Jasper,Eddie,1.25,0.625,43.125,2.0,be be be
Kasper,Horace Flint,1.25,0.625,43.125,2.0,be be be
Kasper,Caroline,1.25,0.625,43.125,2.0,be be be
Kasper,Eddie,1.25,0.625,43.125,2.0,be be be
Horace Flint,Caroline,1.25,0.625,43.125,2.0,be be be
Horace Flint,Eddie,1.25,0.625,43.125,2.0,be be be
Caroline,Eddie,1.25,0.625,43.125,2.0,be be be
Caroline,Anouk,0.4807692307692308,4.807692307692308,44.71153846153847,0.1,say go miss be go give
Caroline,Martin,0.4807692307692308,4.807692307692308,44.71153846153847,0.1,say go miss be go give
Anouk,Martin,0.4807692307692308,4.807692307692308,44.71153846153847,0.1,say go miss be go give
Eddie,Jasper,0.0,0.0,47.82608695652174,INF,be come say do get
Jasper,Eddie,0.0,0.0,40.0,INF,think say
Caroline,Eddie,2.5,1.25,56.25,2.0,be call
Horace Flint,Martin,1.8292682926829267,2.7439024390243905,66.15853658536585,0.6666666666666666,suppose warm be eradicate be earn
Horace Flint,Martin,1.8292682926829267,2.7439024390243905,66.15853658536585,0.6666666666666666,suppose warm be eradicate be earn
Martin,Horace Flint,1.8292682926829267,2.7439024390243905,66.15853658536585,0.6666666666666666,suppose warm be eradicate be earn
Eddie,Dad,2.393617021276596,4.25531914893617,55.053191489361694,0.5625,have rig drop be be die tell break speak be
Eddie,Dad,1.5957446808510638,0.5319148936170213,46.808510638297875,3.0,relent tell have happen regard have scam rig include find be crucify
Dad,Eddie,1.5957446808510638,0.5319148936170213,46.808510638297875,3.0,relent tell have happen regard have scam rig include find be crucify
Dad,Eddie,1.5957446808510638,0.5319148936170213,46.808510638297875,3.0,relent tell have happen regard have scam rig include find be crucify
Eddie,Dad,1.5625,0.78125,53.90625,2.0,be join
Eddie,Caroline,1.5625,0.78125,53.90625,2.0,be join
Dad,Caroline,1.5625,0.78125,53.90625,2.0,be join
Dad,Anouk,4.427083333333334,2.083333333333333,53.90625,2.125,be marry marry be betray be betray be despise
Anouk,Dad,4.427083333333334,2.083333333333333,53.90625,2.125,be marry marry be betray be betray be despise
Anouk,Dad,4.427083333333334,2.083333333333333,53.90625,2.125,be marry marry be betray be betray be despise
Anouk,Dad,4.427083333333334,2.083333333333333,53.90625,2.125,be marry marry be betray be betray be despise
Dad,Eddie,0.78125,0.0,52.34375,INF,be turn honk go
Dad,Caroline,0.78125,0.0,52.34375,INF,be turn honk go
Eddie,Caroline,0.78125,0.0,52.34375,INF,be turn honk go
Eddie,Caroline,0.0,0.3676470588235294,58.45588235294118,0.0,wait finish rub iron
Eddie,Dad,0.0,0.3676470588235294,58.45588235294118,0.0,wait finish rub iron
Eddie,Dad,0.0,0.3676470588235294,58.45588235294118,0.0,wait finish rub iron
Eddie,Dad,0.0,0.3676470588235294,58.45588235294118,0.0,wait finish rub iron
Caroline,Dad,0.0,0.3676470588235294,58.45588235294118,0.0,wait finish rub iron
Caroline,Dad,0.0,0.3676470588235294,58.45588235294118,0.0,wait finish rub iron
Caroline,Dad,0.0,0.3676470588235294,58.45588235294118,0.0,wait finish rub iron
Christ,Eddie,0.0,0.0,16.666666666666664,INF,
Dad,Caroline,1.3157894736842104,0.0,56.57894736842105,INF,exchange look have know be suppose be
Eddie,Tim Lung,0.7352941176470588,2.2058823529411766,67.64705882352942,0.3333333333333333,watch speak assume be
Eddie,Tim Lung,0.7352941176470588,2.2058823529411766,67.64705882352942,0.3333333333333333,watch speak assume be
Dad,Caroline,1.1363636363636365,0.0,53.40909090909091,INF,watch
Eddie,Ling,5.681818181818182,1.1363636363636365,38.63636363636363,5.0,say be
Eddie,Ling,0.0,3.125,55.208333333333336,0.0,speak
Dad,Eddie,4.166666666666666,7.291666666666667,30.208333333333332,0.5714285714285714,take
Dad,Eddie,4.166666666666666,7.291666666666667,30.208333333333332,0.5714285714285714,take
Eddie,Ling,1.25,3.75,55.00000000000001,0.3333333333333333,turn continue speak
Dad,Caroline,1.171875,0.390625,54.6875,3.0,go deduce have sleep
Eddie,Dad,5.952380952380952,1.7857142857142856,54.166666666666664,3.3333333333333335,have infuse have say
Mr. Lung,Eddie,0.9615384615384616,0.4807692307692308,48.55769230769231,2.0,be wait say point double
Mr. Lung,Eddie,0.0,0.0,52.94117647058824,INF,say present
Mr. Lung,Martin,0.0,0.0,52.94117647058824,INF,say present
Mr. Lung,Jasper,0.0,0.0,52.94117647058824,INF,say present
Eddie,Martin,0.0,0.0,52.94117647058824,INF,say present
Eddie,Jasper,0.0,0.0,52.94117647058824,INF,say present
Martin,Jasper,0.0,0.0,52.94117647058824,INF,say present
Terry,Caroline,0.0,0.0,28.57142857142857,INF,say
Eddie,Terry,2.0,1.5,52.5,1.3333333333333333,tell marry stare snap
Eddie,Caroline,2.0,1.5,52.5,1.3333333333333333,tell marry stare snap
Terry,Caroline,2.0,1.5,52.5,1.3333333333333333,tell marry stare snap
Dad,Terry,6.875000000000001,5.625,52.5,1.2222222222222223,be have be
Caroline,Dad,3.289473684210526,1.9736842105263157,31.57894736842105,1.6666666666666667,say be do ask interject
Eddie,Terry,3.8461538461538463,4.807692307692308,37.5,0.8,tell have be say
Terry,Dad,4.166666666666666,0.0,62.5,INF,laugh put
Terry,Dad,4.166666666666666,0.0,62.5,INF,laugh put
Caroline,Terry,5.5,3.0,55.50000000000001,1.8333333333333333,notice be demonstrate be
Caroline,Terry,5.5,3.0,55.50000000000001,1.8333333333333333,notice be demonstrate be
Terry,Dad,4.032258064516129,2.82258064516129,70.56451612903226,1.4285714285714286,pause give decide explain continue
Eddie,Caroline,1.5625,0.0,60.9375,INF,do be get go wait
Eddie,Caroline,4.545454545454546,0.0,40.909090909090914,INF,tell make
Caroline,Terry,2.380952380952381,4.166666666666666,50.595238095238095,0.5714285714285714,turn say hear be
Terry,Dad,0.0,0.0,50.0,INF,go say
Jasper,Eddie,0.9615384615384616,0.0,45.19230769230769,INF,take get follow
Terry,Caroline,7.954545454545454,2.272727272727273,53.40909090909091,3.5,turn
Terry,Dad,4.5,5.0,52.5,0.9,oppose travel have come obsess
Terry,Dad,4.5,5.0,52.5,0.9,oppose travel have come obsess
Terry,Dad,3.431372549019608,6.862745098039216,52.450980392156865,0.5,have describe be write have intuit sidestep be light
Terry,Dad,3.431372549019608,6.862745098039216,52.450980392156865,0.5,have describe be write have intuit sidestep be light
Terry,Dad,3.431372549019608,6.862745098039216,52.450980392156865,0.5,have describe be write have intuit sidestep be light
Terry,Dad,7.954545454545454,2.840909090909091,52.84090909090909,2.8,have live have be
Terry,Dad,7.954545454545454,2.840909090909091,52.84090909090909,2.8,have live have be
Terry,Dad,7.954545454545454,2.840909090909091,52.84090909090909,2.8,have live have be
Terry,Tim Lung,0.0,4.861111111111112,45.13888888888889,0.0,tell laugh ache
Terry,Dad,3.844642857142857,0.619642857142857,50.89285714285714,6.204610951008646,talk start struggle fall print read
Terry,Dad,3.844642857142857,0.619642857142857,50.89285714285714,6.204610951008646,talk start struggle fall print read
Terry,Dad,3.844642857142857,0.619642857142857,50.89285714285714,6.204610951008646,talk start struggle fall print read
Dad,Terry,3.844642857142857,0.619642857142857,50.89285714285714,6.204610951008646,talk start struggle fall print read
Dad,Terry,3.844642857142857,0.619642857142857,50.89285714285714,6.204610951008646,talk start struggle fall print read
Dad,Terry,3.844642857142857,0.619642857142857,50.89285714285714,6.204610951008646,talk start struggle fall print read
Dad,Terry,1.1363636363636365,1.7045454545454544,74.43181818181817,0.6666666666666666,stop shave wander be swim
Dad,Terry,1.1363636363636365,1.7045454545454544,74.43181818181817,0.6666666666666666,stop shave wander be swim
Dad,Terry,1.1363636363636365,1.7045454545454544,74.43181818181817,0.6666666666666666,stop shave wander be swim
Terry,Caroline,1.5,3.5000000000000004,59.0,0.42857142857142855,do plead see begin refuse
Terry,Dad,1.5,3.5000000000000004,59.0,0.42857142857142855,do plead see begin refuse
Caroline,Terry,1.5,3.5000000000000004,59.0,0.42857142857142855,do plead see begin refuse
Caroline,Dad,1.5,3.5000000000000004,59.0,0.42857142857142855,do plead see begin refuse
Terry,Dad,1.5,3.5000000000000004,59.0,0.42857142857142855,do plead see begin refuse
Dad,Anouk,2.34375,0.0,47.65625,INF,know be persuade do help
Dad,Caroline,2.34375,0.0,47.65625,INF,know be persuade do help
Anouk,Caroline,2.34375,0.0,47.65625,INF,know be persuade do help
Dad,H. L. Mencken,4.6875,1.0416666666666665,52.604166666666664,4.5,open say know say
Dad,Buddha,0.0,2.5,52.5,0.0,pull use stagger
Caroline,Dad,8.75,0.0,71.25,INF,nod accompany
Terry,Dad,5.434782608695652,1.0869565217391304,41.30434782608695,5.0,have call
Dad,Caroline,2.6785714285714284,0.0,54.46428571428571,INF,sneak peer
Caroline,Dad,1.25,0.0,58.75,INF,share
Caroline,Buddha,0.0,0.0,64.0,INF,sit look cross
Caroline,Buddha,1.6891891891891893,1.3513513513513513,48.310810810810814,1.25,rest be make drift
Caroline,Buddha,1.6891891891891893,1.3513513513513513,48.310810810810814,1.25,rest be make drift
Buddha,Caroline,1.6891891891891893,1.3513513513513513,48.310810810810814,1.25,rest be make drift
Dad,Terry,0.0,0.0,72.72727272727273,INF,stare
Dad,Caroline,1.7857142857142856,6.25,56.25,0.2857142857142857,do leave
Dad,Terry,1.7857142857142856,6.25,56.25,0.2857142857142857,do leave
Caroline,Terry,1.7857142857142856,6.25,56.25,0.2857142857142857,do leave
Caroline,Terry,2.272727272727273,0.0,70.45454545454545,INF,see sneak mess
Terry,Caroline,2.272727272727273,0.0,70.45454545454545,INF,see sneak mess
Caroline,Dad,5.357142857142857,3.571428571428571,52.976190476190474,1.5,wish have wait be be
Terry,Dad,4.166666666666666,2.941176470588235,61.51960784313726,1.4166666666666667,be be do think know have succeed do have dream do have cut
Terry,Dad,4.166666666666666,2.941176470588235,61.51960784313726,1.4166666666666667,be be do think know have succeed do have dream do have cut
Terry,Dad,4.166666666666666,2.941176470588235,61.51960784313726,1.4166666666666667,be be do think know have succeed do have dream do have cut
Terry,Dad,4.166666666666666,2.941176470588235,61.51960784313726,1.4166666666666667,be be do think know have succeed do have dream do have cut
Terry,Dad,4.166666666666666,2.941176470588235,61.51960784313726,1.4166666666666667,be be do think know have succeed do have dream do have cut
Terry,Dad,4.166666666666666,2.941176470588235,61.51960784313726,1.4166666666666667,be be do think know have succeed do have dream do have cut
Terry,Dad,4.166666666666666,2.941176470588235,61.51960784313726,1.4166666666666667,be be do think know have succeed do have dream do have cut
Terry,Dad,4.166666666666666,2.941176470588235,61.51960784313726,1.4166666666666667,be be do think know have succeed do have dream do have cut
Terry,Dad,4.166666666666666,2.941176470588235,61.51960784313726,1.4166666666666667,be be do think know have succeed do have dream do have cut
Terry,Dad,4.166666666666666,2.941176470588235,61.51960784313726,1.4166666666666667,be be do think know have succeed do have dream do have cut
Terry,Dad,4.166666666666666,2.941176470588235,61.51960784313726,1.4166666666666667,be be do think know have succeed do have dream do have cut
Terry,Dad,4.166666666666666,2.941176470588235,61.51960784313726,1.4166666666666667,be be do think know have succeed do have dream do have cut
Terry,Dad,6.418918918918918,1.3513513513513513,57.0945945945946,4.75,get be make recruit help
Terry,Dad,6.418918918918918,1.3513513513513513,57.0945945945946,4.75,get be make recruit help
Terry,Dad,6.418918918918918,1.3513513513513513,57.0945945945946,4.75,get be make recruit help
Dad,Terry,4.761904761904762,5.952380952380952,51.19047619047619,0.8,seethe die throw
Terry,Dad,2.8846153846153846,0.0,66.34615384615384,INF,thrive mean thrive
Terry,Dad,1.6666666666666667,0.0,58.333333333333336,INF,swing follow
Terry,Dad,0.0,1.0416666666666665,57.291666666666664,0.0,haul drag use hit
Terry,Dad,1.3888888888888888,0.0,59.72222222222222,INF,look tremble
Terry,Dad,1.3888888888888888,0.0,59.72222222222222,INF,look tremble
Terry,Dad,1.3888888888888888,0.0,59.72222222222222,INF,look tremble
Terry,Dad,1.3888888888888888,0.0,59.72222222222222,INF,look tremble
Terry,Dad,3.8461538461538463,1.9230769230769231,40.38461538461539,2.0,look say
Dad,Terry,1.7857142857142856,0.0,62.5,INF,turn have see
Terry,Dad,0.0,1.3888888888888888,70.83333333333334,0.0,be seem be miss hit
Terry,Dad,1.2096774193548387,1.6129032258064515,61.693548387096776,0.75,have know be go change be be drag
Terry,Dad,1.2096774193548387,1.6129032258064515,61.693548387096776,0.75,have know be go change be be drag
Terry,Dad,1.2096774193548387,1.6129032258064515,61.693548387096776,0.75,have know be go change be be drag
Eddie,Dad,2.364864864864865,2.364864864864865,57.432432432432435,1.0,tear overhear break be detest follow herd
Eddie,Caroline,2.364864864864865,2.364864864864865,57.432432432432435,1.0,tear overhear break be detest follow herd
Dad,Caroline,2.364864864864865,2.364864864864865,57.432432432432435,1.0,tear overhear break be detest follow herd
Terry,Eddie,4.411764705882353,2.2058823529411766,58.08823529411765,2.0,ruminate have tell
Terry,Eddie,2.5,1.6666666666666667,59.166666666666664,1.5,have be live be expect follow
Terry,Eddie,2.5,1.6666666666666667,59.166666666666664,1.5,have be live be expect follow
Eddie,Terry,1.8867924528301887,2.8301886792452833,46.22641509433962,0.6666666666666666,pull combine make confide feel be tear
Terry,Eddie,1.8867924528301887,2.8301886792452833,46.22641509433962,0.6666666666666666,pull combine make confide feel be tear
Terry,Eddie,1.8867924528301887,2.8301886792452833,46.22641509433962,0.6666666666666666,pull combine make confide feel be tear
Terry,Eddie,1.8867924528301887,2.8301886792452833,46.22641509433962,0.6666666666666666,pull combine make confide feel be tear
Martin,Eddie,0.9615384615384616,2.564102564102564,58.01282051282052,0.375,break put take set wait turn
Martin,Caroline,0.9615384615384616,2.564102564102564,58.01282051282052,0.375,break put take set wait turn
Martin,Dad,0.9615384615384616,2.564102564102564,58.01282051282052,0.375,break put take set wait turn
Martin,Eddie,0.9615384615384616,2.564102564102564,58.01282051282052,0.375,break put take set wait turn
Martin,Caroline,0.9615384615384616,2.564102564102564,58.01282051282052,0.375,break put take set wait turn
Martin,Dad,0.9615384615384616,2.564102564102564,58.01282051282052,0.375,break put take set wait turn
Martin,Eddie,0.9615384615384616,2.564102564102564,58.01282051282052,0.375,break put take set wait turn
Martin,Caroline,0.9615384615384616,2.564102564102564,58.01282051282052,0.375,break put take set wait turn
Martin,Dad,0.9615384615384616,2.564102564102564,58.01282051282052,0.375,break put take set wait turn
Eddie,Caroline,0.9615384615384616,2.564102564102564,58.01282051282052,0.375,break put take set wait turn
Eddie,Dad,0.9615384615384616,2.564102564102564,58.01282051282052,0.375,break put take set wait turn
Caroline,Dad,0.9615384615384616,2.564102564102564,58.01282051282052,0.375,break put take set wait turn
Eddie,Dad,0.0,2.2058823529411766,53.67647058823529,0.0,be reveal be meet tolerate
Dad,Eddie,0.0,2.2058823529411766,53.67647058823529,0.0,be reveal be meet tolerate
Dad,Eddie,0.0,2.2058823529411766,53.67647058823529,0.0,be reveal be meet tolerate
Terry,Eddie,0.8620689655172413,1.293103448275862,59.91379310344828,0.6666666666666666,finish swill give update have happen return
Terry,Eddie,0.8620689655172413,1.293103448275862,59.91379310344828,0.6666666666666666,finish swill give update have happen return
Terry,Eddie,3.4722222222222223,1.3888888888888888,61.80555555555556,2.5,honk come wave
Terry,Eddie,3.4722222222222223,1.3888888888888888,61.80555555555556,2.5,honk come wave
God,Eddie,2.4122807017543857,3.508771929824561,51.973684210526315,0.6875,be go run want see be take die
Terry,Eddie,0.0,0.0,60.0,INF,laugh slap
Eddie,Dad,1.25,3.75,55.00000000000001,0.3333333333333333,ask look
Eddie,Dad,5.5,2.0,60.5,2.75,have choose fixate chaperon
Freud,Nietzsche,1.3888888888888888,6.25,59.02777777777778,0.2222222222222222,have wind corrupt
Eddie,Dad,3.515625,0.78125,58.203125,4.5,do think want kill think be be push
Eddie,Astrid,3.3333333333333335,1.6666666666666667,41.66666666666667,2.0,be tell
Caroline,Terry,2.34375,3.90625,53.125,0.6,ravage shake want go be discuss
Caroline,Terry,2.34375,3.90625,53.125,0.6,ravage shake want go be discuss
Terry,Dad,3.289473684210526,3.289473684210526,61.8421052631579,1.0,be be stick give be pretend stop believe
Terry,Caroline,3.289473684210526,3.289473684210526,61.8421052631579,1.0,be be stick give be pretend stop believe
Terry,Caroline,3.289473684210526,3.289473684210526,61.8421052631579,1.0,be be stick give be pretend stop believe
Terry,Caroline,3.289473684210526,3.289473684210526,61.8421052631579,1.0,be be stick give be pretend stop believe
Terry,Dad,3.289473684210526,3.289473684210526,61.8421052631579,1.0,be be stick give be pretend stop believe
Terry,Caroline,3.289473684210526,3.289473684210526,61.8421052631579,1.0,be be stick give be pretend stop believe
Terry,Caroline,3.289473684210526,3.289473684210526,61.8421052631579,1.0,be be stick give be pretend stop believe
Terry,Caroline,3.289473684210526,3.289473684210526,61.8421052631579,1.0,be be stick give be pretend stop believe
Dad,Caroline,3.289473684210526,3.289473684210526,61.8421052631579,1.0,be be stick give be pretend stop believe
Dad,Caroline,3.289473684210526,3.289473684210526,61.8421052631579,1.0,be be stick give be pretend stop believe
Dad,Caroline,3.289473684210526,3.289473684210526,61.8421052631579,1.0,be be stick give be pretend stop believe
Caroline,Dad,1.7361111111111112,0.0,56.59722222222222,INF,be obsess try save become obsess say die be
Caroline,Terry,1.7361111111111112,0.0,56.59722222222222,INF,be obsess try save become obsess say die be
Caroline,Dad,1.7361111111111112,0.0,56.59722222222222,INF,be obsess try save become obsess say die be
Dad,Terry,1.7361111111111112,0.0,56.59722222222222,INF,be obsess try save become obsess say die be
Terry,Dad,1.7361111111111112,0.0,56.59722222222222,INF,be obsess try save become obsess say die be
Dad,Terry,6.25,4.6875,76.5625,1.3333333333333333,stare
Terry,Christ,3.8461538461538463,1.4423076923076923,58.17307692307693,2.6666666666666665,think be think be summon sacrifice do have do have
Terry,Napoleon,3.8461538461538463,1.4423076923076923,58.17307692307693,2.6666666666666665,think be think be summon sacrifice do have do have
Terry,Shakespeare,3.8461538461538463,1.4423076923076923,58.17307692307693,2.6666666666666665,think be think be summon sacrifice do have do have
Terry,Christ,3.8461538461538463,1.4423076923076923,58.17307692307693,2.6666666666666665,think be think be summon sacrifice do have do have
Terry,Napoleon,3.8461538461538463,1.4423076923076923,58.17307692307693,2.6666666666666665,think be think be summon sacrifice do have do have
Terry,Shakespeare,3.8461538461538463,1.4423076923076923,58.17307692307693,2.6666666666666665,think be think be summon sacrifice do have do have
Christ,Napoleon,3.8461538461538463,1.4423076923076923,58.17307692307693,2.6666666666666665,think be think be summon sacrifice do have do have
Christ,Shakespeare,3.8461538461538463,1.4423076923076923,58.17307692307693,2.6666666666666665,think be think be summon sacrifice do have do have
Napoleon,Shakespeare,3.8461538461538463,1.4423076923076923,58.17307692307693,2.6666666666666665,think be think be summon sacrifice do have do have
Eddie,Dad,1.744186046511628,5.232558139534884,62.7906976744186,0.3333333333333333,spend do appeal visit turn be imagine stay clank
Eddie,Terry,2.5,1.25,51.24999999999999,2.0,say do speak take
Caroline,Dad,1.9736842105263157,9.868421052631579,56.57894736842105,0.2,be circle
Caroline,Terry,1.9736842105263157,9.868421052631579,56.57894736842105,0.2,be circle
Dad,Terry,1.9736842105263157,9.868421052631579,56.57894736842105,0.2,be circle
Caroline,Eddie,8.333333333333332,0.9259259259259258,53.70370370370371,9.0,have put think let examine
Caroline,Eddie,2.083333333333333,9.375,38.54166666666667,0.2222222222222222,explain prolong
Dad,Caroline,1.7857142857142856,4.166666666666666,51.19047619047619,0.42857142857142855,have do die mourn
Caroline,Dad,1.7857142857142856,4.166666666666666,51.19047619047619,0.42857142857142855,have do die mourn
Terry,Caroline,2.6515151515151514,4.166666666666666,44.696969696969695,0.6363636363636364,know be have broach
Terry,Caroline,2.6515151515151514,4.166666666666666,44.696969696969695,0.6363636363636364,know be have broach
Terry,Dad,2.7777777777777777,2.314814814814815,80.0925925925926,1.2,decide look have see drag
Caroline,Dad,0.5952380952380952,7.142857142857142,49.404761904761905,0.08333333333333333,think take say crouch
Caroline,Dad,4.761904761904762,1.1904761904761905,55.952380952380956,4.0,do think maintain say
Caroline,Dad,0.0,0.78125,67.96875,0.0,be sit approach
Caroline,Dad,2.6785714285714284,6.25,62.5,0.42857142857142855,think have be
Caroline,Dad,2.6785714285714284,6.25,62.5,0.42857142857142855,think have be
Caroline,Dad,8.333333333333332,2.083333333333333,50.69444444444444,4.0,wish fall die
Caroline,Dad,8.333333333333332,2.083333333333333,50.69444444444444,4.0,wish fall die
Caroline,Dad,1.0869565217391304,0.0,64.13043478260869,INF,feel have take be rewrite become
Dad,Caroline,1.0869565217391304,0.0,64.13043478260869,INF,feel have take be rewrite become
Dad,Caroline,0.0,1.25,43.75,0.0,answer say do want do
Terry,Dad,2.857142857142857,2.5,68.92857142857143,1.1428571428571428,drain look be tell be be make
Terry,Dad,2.857142857142857,2.5,68.92857142857143,1.1428571428571428,drain look be tell be be make
Terry,Dad,2.857142857142857,2.5,68.92857142857143,1.1428571428571428,drain look be tell be be make
Dad,Caroline,0.0,4.166666666666666,51.388888888888886,0.0,say walk
Terry,Caroline,0.0,0.0,68.0,INF,do see walk tranquilize
Terry,Caroline,0.0,0.0,68.0,INF,do see walk tranquilize
Terry,Eddie,7.4074074074074066,1.3888888888888888,50.46296296296296,5.333333333333333,wonder take have be satisfy
Jasper,Eddie,0.5208333333333333,0.0,49.47916666666667,INF,say be tell get
Dad,Caroline,0.78125,3.125,64.84375,0.25,be sway mutilate
Caroline,Eddie,1.2295081967213115,2.663934426229508,56.76229508196722,0.46153846153846156,find have die try protect be kill be have turn split think be kill think be
Eddie,Caroline,1.2295081967213115,2.663934426229508,56.76229508196722,0.46153846153846156,find have die try protect be kill be have turn split think be kill think be
Eddie,Caroline,1.2295081967213115,2.663934426229508,56.76229508196722,0.46153846153846156,find have die try protect be kill be have turn split think be kill think be
Eddie,Caroline,0.0,0.0,44.44444444444444,INF,bury
Caroline,Terry,2.4456521739130435,4.076086956521739,45.65217391304348,0.6,know be blame employ begin
Caroline,Eddie,2.4456521739130435,4.076086956521739,45.65217391304348,0.6,know be blame employ begin
Caroline,Terry,2.4456521739130435,4.076086956521739,45.65217391304348,0.6,know be blame employ begin
Caroline,God,2.4456521739130435,4.076086956521739,45.65217391304348,0.6,know be blame employ begin
Terry,Eddie,2.4456521739130435,4.076086956521739,45.65217391304348,0.6,know be blame employ begin
Terry,God,2.4456521739130435,4.076086956521739,45.65217391304348,0.6,know be blame employ begin
Eddie,Terry,2.4456521739130435,4.076086956521739,45.65217391304348,0.6,know be blame employ begin
Eddie,God,2.4456521739130435,4.076086956521739,45.65217391304348,0.6,know be blame employ begin
Terry,God,2.4456521739130435,4.076086956521739,45.65217391304348,0.6,know be blame employ begin
Caroline,Terry,1.215277777777778,3.6458333333333335,61.80555555555556,0.3333333333333333,be spur bark mourn crowd reflect comprehend emerge announce
Caroline,Terry,1.215277777777778,3.6458333333333335,61.80555555555556,0.3333333333333333,be spur bark mourn crowd reflect comprehend emerge announce
Caroline,Terry,1.215277777777778,3.6458333333333335,61.80555555555556,0.3333333333333333,be spur bark mourn crowd reflect comprehend emerge announce
Caroline,Dad,1.215277777777778,3.6458333333333335,61.80555555555556,0.3333333333333333,be spur bark mourn crowd reflect comprehend emerge announce
Terry,Dad,1.215277777777778,3.6458333333333335,61.80555555555556,0.3333333333333333,be spur bark mourn crowd reflect comprehend emerge announce
Terry,Dad,1.215277777777778,3.6458333333333335,61.80555555555556,0.3333333333333333,be spur bark mourn crowd reflect comprehend emerge announce
Terry,Dad,1.215277777777778,3.6458333333333335,61.80555555555556,0.3333333333333333,be spur bark mourn crowd reflect comprehend emerge announce
Terry,Dad,3.3333333333333335,4.583333333333333,58.75,0.7272727272727273,take speak chastise smother
Dad,Fromm,6.666666666666667,1.6666666666666667,51.66666666666667,4.0,have pack find need
Dad,Fromm,6.666666666666667,1.6666666666666667,51.66666666666667,4.0,have pack find need
Terry,Dad,2.840909090909091,1.1363636363636365,50.56818181818182,2.5,give have get be
Jasper,Dad,6.61764705882353,2.941176470588235,31.61764705882353,2.25,whisper do know
Dad,Terry,0.0,0.0,66.66666666666666,INF,exchange
Jasper,Dad,1.2096774193548387,2.4193548387096775,47.983870967741936,0.5,stop say detect be be
Jasper,Dad,1.2096774193548387,2.4193548387096775,47.983870967741936,0.5,stop say detect be be
Jasper,Dad,1.2096774193548387,2.4193548387096775,47.983870967741936,0.5,stop say detect be be
Jasper,Terry,0.0,0.0,58.82352941176471,INF,tell say leave
Terry,Dad,0.0,1.9230769230769231,71.15384615384616,0.0,prepare be ruin show
Dad,Jasper,0.6944444444444444,0.0,54.861111111111114,INF,find
Dad,Terry,0.6944444444444444,0.0,54.861111111111114,INF,find
Jasper,Terry,0.6944444444444444,0.0,54.861111111111114,INF,find
Jasper,Terry,2.7777777777777777,1.3888888888888888,40.27777777777778,2.0,be say
Terry,Dad,4.464285714285714,6.25,67.85714285714286,0.7142857142857143,stand face wrestle
Terry,Dad,1.25,2.5,66.25,0.5,puff be climb slap
Terry,Dad,1.25,2.5,66.25,0.5,puff be climb slap
Terry,Jasper,3.804347826086957,2.717391304347826,45.65217391304348,1.4,have say try take
Jasper,Dad,0.43103448275862066,0.0,47.8448275862069,INF,be say turn board knock
Terry,Dad,2.34375,1.5625,77.34375,1.5,look hold say need
Ned,Henry,0.5681818181818182,1.7045454545454544,52.27272727272727,0.3333333333333333,try call do flinch
Henry,Ned,0.5681818181818182,1.7045454545454544,52.27272727272727,0.3333333333333333,try call do flinch
Dad,Ned,0.0,2.941176470588235,55.88235294117647,0.0,be hold
Ned,Dad,0.0,0.0,50.0,INF,press
Ned,Dad,0.0,0.0,50.0,INF,ask
Jesus,Dad,0.0,0.0,50.0,INF,
Dad,Caroline,1.5625,0.0,73.4375,INF,know be think
Ned,Dad,0.0,2.631578947368421,55.26315789473685,0.0,take give take pretend listen
Ned,Dad,0.0,3.75,66.25,0.0,speak help get
Martin,Ned,0.0,0.0,42.857142857142854,INF,look say
Ned,Jasper,0.0,0.0,33.33333333333333,INF,tell
Dad,God,4.166666666666666,2.083333333333333,43.75,2.0,raise add label expect take
Eddie,Dad,7.142857142857142,2.232142857142857,54.91071428571429,3.2,have fear have predict be be
Reynold,Oscar,0.35714285714285715,3.214285714285714,56.42857142857143,0.1111111111111111,be be call speak occur ask
Oscar,Reynold,0.0,0.0,33.33333333333333,INF,
Mrs. Hobbs,Jasper,2.272727272727273,1.1363636363636365,51.13636363636363,2.0,tell be try call
Jasper,Mrs. Hobbs,2.272727272727273,1.1363636363636365,51.13636363636363,2.0,tell be try call
Dad,Eddie,3.125,0.8928571428571428,60.26785714285714,3.5,be be be make feel
Dad,Oscar,3.125,0.8928571428571428,60.26785714285714,3.5,be be be make feel
Dad,Reynold,3.125,0.8928571428571428,60.26785714285714,3.5,be be be make feel
Eddie,Oscar,3.125,0.8928571428571428,60.26785714285714,3.5,be be be make feel
Eddie,Reynold,3.125,0.8928571428571428,60.26785714285714,3.5,be be be make feel
Oscar,Reynold,3.125,0.8928571428571428,60.26785714285714,3.5,be be be make feel
Dad,Astrid,2.7777777777777777,0.0,52.77777777777778,INF,have buy have become obsess
Dad,Astrid,2.7777777777777777,0.0,52.77777777777778,INF,have buy have become obsess
Anouk,Eddie,3.6458333333333335,2.864583333333333,47.65625,1.2727272727272727,climb sleep clutch tell murder
Anouk,Terry,3.6458333333333335,2.864583333333333,47.65625,1.2727272727272727,climb sleep clutch tell murder
Anouk,Caroline,3.6458333333333335,2.864583333333333,47.65625,1.2727272727272727,climb sleep clutch tell murder
Eddie,Terry,3.6458333333333335,2.864583333333333,47.65625,1.2727272727272727,climb sleep clutch tell murder
Eddie,Caroline,3.6458333333333335,2.864583333333333,47.65625,1.2727272727272727,climb sleep clutch tell murder
Terry,Caroline,3.6458333333333335,2.864583333333333,47.65625,1.2727272727272727,climb sleep clutch tell murder
Caroline,Dad,0.4032258064516129,0.4032258064516129,54.03225806451613,1.0,get be bite suck
Caroline,Dad,0.4032258064516129,0.4032258064516129,54.03225806451613,1.0,get be bite suck
Dad,Caroline,0.4032258064516129,0.4032258064516129,54.03225806451613,1.0,get be bite suck
Dad,Caroline,0.4032258064516129,0.4032258064516129,54.03225806451613,1.0,get be bite suck
Terry,Dad,6.640625,5.859375,56.25,1.1333333333333333,have realize have kill have repeat be
Terry,Dad,6.640625,5.859375,56.25,1.1333333333333333,have realize have kill have repeat be
Terry,Dad,6.640625,5.859375,56.25,1.1333333333333333,have realize have kill have repeat be
Terry,Dad,6.640625,5.859375,56.25,1.1333333333333333,have realize have kill have repeat be
Dad,Terry,2.717391304347826,17.391304347826086,49.45652173913043,0.15625,do fear fear
Buddha,Hitler,1.5625,0.0,73.4375,INF,be be
Jesus,Buddha,3.977272727272727,2.556818181818182,45.73863636363637,1.5555555555555556,operate rise elevate
Jesus,Buddha,3.977272727272727,2.556818181818182,45.73863636363637,1.5555555555555556,operate rise elevate
Jesus,God,3.977272727272727,2.556818181818182,45.73863636363637,1.5555555555555556,operate rise elevate
Buddha,God,3.977272727272727,2.556818181818182,45.73863636363637,1.5555555555555556,operate rise elevate
Buddha,God,3.977272727272727,2.556818181818182,45.73863636363637,1.5555555555555556,operate rise elevate
Anouk,Reynold,1.0416666666666665,0.0,54.513888888888886,INF,pop go check be catch
Stanley,Harry,1.3888888888888888,0.2777777777777778,62.77777777777778,5.0,go look see exist be run have publish
Stanley,Dad,6.25,4.807692307692308,58.17307692307693,1.3,be do know be die be be
Stanley,Dad,6.25,4.807692307692308,58.17307692307693,1.3,be do know be die be be
Stanley,Dad,6.25,4.807692307692308,58.17307692307693,1.3,be do know be die be be
Dad,John,0.0,1.1363636363636365,35.22727272727273,0.0,be talk call
