NAME 1,NAME 2,% POS,% NEG,% NEUTRAL,POS:NEG,VERBS
CONDIE,Penguin Group,0.8587786259541985,0.2862595419847328,75.19083969465649,3.0,
CONDIE,USA -RRB- Inc.,0.8587786259541985,0.2862595419847328,75.19083969465649,3.0,
Penguin Group,USA -RRB- Inc.,0.8587786259541985,0.2862595419847328,75.19083969465649,3.0,
Penguin Group,USA -RRB- Inc.,1.066350710900474,0.05924170616113744,46.26777251184834,18.0,publish be
Penguin Group,Penguin Books Ltd,1.066350710900474,0.05924170616113744,46.26777251184834,18.0,publish be
Penguin Group,Penguin Books Ltd,1.066350710900474,0.05924170616113744,46.26777251184834,18.0,publish be
Penguin Group,Penguin Books Ltd,1.066350710900474,0.05924170616113744,46.26777251184834,18.0,publish be
Penguin Group,Penguin Books Ltd,1.066350710900474,0.05924170616113744,46.26777251184834,18.0,publish be
Penguin Group,Penguin Books Ltd,1.066350710900474,0.05924170616113744,46.26777251184834,18.0,publish be
Penguin Group,Penguin Books Ltd,1.066350710900474,0.05924170616113744,46.26777251184834,18.0,publish be
USA -RRB- Inc.,Penguin Group,1.066350710900474,0.05924170616113744,46.26777251184834,18.0,publish be
USA -RRB- Inc.,Penguin Books Ltd,1.066350710900474,0.05924170616113744,46.26777251184834,18.0,publish be
USA -RRB- Inc.,Penguin Books Ltd,1.066350710900474,0.05924170616113744,46.26777251184834,18.0,publish be
USA -RRB- Inc.,Penguin Group,1.066350710900474,0.05924170616113744,46.26777251184834,18.0,publish be
USA -RRB- Inc.,Penguin Books Ltd,1.066350710900474,0.05924170616113744,46.26777251184834,18.0,publish be
USA -RRB- Inc.,Penguin Books Ltd,1.066350710900474,0.05924170616113744,46.26777251184834,18.0,publish be
USA -RRB- Inc.,Penguin Group,1.066350710900474,0.05924170616113744,46.26777251184834,18.0,publish be
USA -RRB- Inc.,Penguin Books Ltd,1.066350710900474,0.05924170616113744,46.26777251184834,18.0,publish be
USA -RRB- Inc.,Penguin Books Ltd,1.066350710900474,0.05924170616113744,46.26777251184834,18.0,publish be
Penguin Group,Penguin Books Ltd,1.066350710900474,0.05924170616113744,46.26777251184834,18.0,publish be
Penguin Group,Penguin Books Ltd,1.066350710900474,0.05924170616113744,46.26777251184834,18.0,publish be
Penguin Group,Penguin Books Ltd,1.066350710900474,0.05924170616113744,46.26777251184834,18.0,publish be
Penguin Group,Penguin Books Ltd,1.066350710900474,0.05924170616113744,46.26777251184834,18.0,publish be
Penguin Group,Penguin Books Ltd,1.066350710900474,0.05924170616113744,46.26777251184834,18.0,publish be
Penguin Group,Penguin Books Ltd,1.066350710900474,0.05924170616113744,46.26777251184834,18.0,publish be
Penguin Books Ltd,Penguin Group,1.066350710900474,0.05924170616113744,46.26777251184834,18.0,publish be
Penguin Books Ltd,Penguin Group,1.066350710900474,0.05924170616113744,46.26777251184834,18.0,publish be
Penguin Books Ltd,Penguin Group,1.066350710900474,0.05924170616113744,46.26777251184834,18.0,publish be
Penguin Books Ltd,Penguin Group,1.066350710900474,0.05924170616113744,46.26777251184834,18.0,publish be
Penguin Group,Penguin Books Ltd,1.066350710900474,0.05924170616113744,46.26777251184834,18.0,publish be
Penguin Group,Penguin Books Ltd,1.066350710900474,0.05924170616113744,46.26777251184834,18.0,publish be
Penguin Group,Penguin Books Ltd,1.066350710900474,0.05924170616113744,46.26777251184834,18.0,publish be
Penguin Group,Penguin Books Ltd,1.066350710900474,0.05924170616113744,46.26777251184834,18.0,publish be
Penguin Books Ltd,Penguin Group,1.066350710900474,0.05924170616113744,46.26777251184834,18.0,publish be
Penguin Books Ltd,Penguin Group,1.066350710900474,0.05924170616113744,46.26777251184834,18.0,publish be
Penguin Group,Penguin Books Ltd,1.066350710900474,0.05924170616113744,46.26777251184834,18.0,publish be
Penguin Group,Penguin Books Ltd,1.066350710900474,0.05924170616113744,46.26777251184834,18.0,publish be
Tennyson,Penguin Books Ltd,0.9615384615384616,0.0,45.19230769230769,INF,cross
Emily Dickinson,Belknap Press of Harvard University Press,0.2777777777777778,0.0,39.72222222222222,INF,drop
Emily Dickinson,Harvard College,0.2777777777777778,0.0,39.72222222222222,INF,drop
Belknap Press of Harvard University Press,Harvard College,0.2777777777777778,0.0,39.72222222222222,INF,drop
Emily Dickinson,Thomas,0.45454545454545453,1.1363636363636365,38.40909090909091,0.4,do reach
Emily Dickinson,Belknap Press of Harvard University Press,0.45454545454545453,1.1363636363636365,38.40909090909091,0.4,do reach
Emily Dickinson,Harvard College,0.45454545454545453,1.1363636363636365,38.40909090909091,0.4,do reach
Thomas,Belknap Press of Harvard University Press,0.45454545454545453,1.1363636363636365,38.40909090909091,0.4,do reach
Thomas,Harvard College,0.45454545454545453,1.1363636363636365,38.40909090909091,0.4,do reach
Belknap Press of Harvard University Press,Harvard College,0.45454545454545453,1.1363636363636365,38.40909090909091,0.4,do reach
Ky,Society,3.515625,2.734375,46.875,1.2857142857142858,be confront
Penguin Group,USA -RRB- Inc.,0.0,0.0,40.74074074074074,INF,publish
Bram,Grandfather,4.166666666666666,0.8333333333333334,51.66666666666667,5.0,make come say view
Bram,Grandfather,4.166666666666666,0.8333333333333334,51.66666666666667,5.0,make come say view
Bram,Grandfather,4.166666666666666,0.8333333333333334,51.66666666666667,5.0,make come say view
Bram,Grandfather,0.0,7.03125,61.71875,0.0,leave remember
Ky,Xander,1.25,0.0,38.75,INF,
Ky,Oria,4.464285714285714,0.0,45.535714285714285,INF,be bring die
Oria,Ky,4.464285714285714,0.0,45.535714285714285,INF,be bring die
Ky,Patrick,3.935185185185185,2.5462962962962963,49.074074074074076,1.5454545454545454,realize be come be kill have be realize
Ky,Aida,3.935185185185185,2.5462962962962963,49.074074074074076,1.5454545454545454,realize be come be kill have be realize
Ky,Society,3.935185185185185,2.5462962962962963,49.074074074074076,1.5454545454545454,realize be come be kill have be realize
Ky,Patrick,3.935185185185185,2.5462962962962963,49.074074074074076,1.5454545454545454,realize be come be kill have be realize
Ky,Aida,3.935185185185185,2.5462962962962963,49.074074074074076,1.5454545454545454,realize be come be kill have be realize
Ky,Society,3.935185185185185,2.5462962962962963,49.074074074074076,1.5454545454545454,realize be come be kill have be realize
Ky,Patrick,3.935185185185185,2.5462962962962963,49.074074074074076,1.5454545454545454,realize be come be kill have be realize
Ky,Aida,3.935185185185185,2.5462962962962963,49.074074074074076,1.5454545454545454,realize be come be kill have be realize
Ky,Society,3.935185185185185,2.5462962962962963,49.074074074074076,1.5454545454545454,realize be come be kill have be realize
Patrick,Aida,3.935185185185185,2.5462962962962963,49.074074074074076,1.5454545454545454,realize be come be kill have be realize
Patrick,Society,3.935185185185185,2.5462962962962963,49.074074074074076,1.5454545454545454,realize be come be kill have be realize
Aida,Society,3.935185185185185,2.5462962962962963,49.074074074074076,1.5454545454545454,realize be come be kill have be realize
Oria,Society,0.0,2.717391304347826,58.152173913043484,0.0,know push use fight
Vick,Society,2.2058823529411766,4.411764705882353,66.91176470588235,0.5,have become forget do have
Vick,Society,2.2058823529411766,4.411764705882353,66.91176470588235,0.5,have become forget do have
Oria,Xander,0.0,0.0,45.0,INF,call live begin
Ky,Xander,2.314814814814815,3.7037037037037033,56.94444444444444,0.625,hold be
Oria,Ky,2.2435897435897436,0.3205128205128205,56.41025641025641,7.0,tell give be ask be let know want trade
Oria,Grandfather,2.2435897435897436,0.3205128205128205,56.41025641025641,7.0,tell give be ask be let know want trade
Ky,Grandfather,2.2435897435897436,0.3205128205128205,56.41025641025641,7.0,tell give be ask be let know want trade
Ky,Thomas,3.2407407407407405,3.7037037037037033,52.31481481481482,0.875,love be be come
Ky,Xander,3.4090909090909087,0.0,48.10606060606061,INF,realize be save take
Tana,Camas Province,0.0,0.0,57.14285714285714,INF,be pass
Xander,Ky,0.4629629629629629,0.4629629629629629,50.92592592592593,1.0,mark
Xander,Society,0.0,0.0,50.0,INF,belong
Xander,Camas Province,1.3157894736842104,3.289473684210526,61.18421052631579,0.4,imagine watch express tell
Ky,Xander,5.147058823529411,0.7352941176470588,47.05882352941176,7.0,give find be
Vick,Society,0.0,0.0,66.66666666666666,INF,think listen
Vick,Hill,0.0,0.390625,62.109375,0.0,be remind use be
Vick,Oria,0.0,0.390625,62.109375,0.0,be remind use be
Hill,Oria,0.0,0.390625,62.109375,0.0,be remind use be
Society,Vick,5.357142857142857,0.0,47.023809523809526,INF,be run say keep
Vick,Bram,0.0,0.0,60.0,INF,ask answer come get
Bram,Vick,0.0,0.0,60.0,INF,ask answer come get
Eli,Vick,0.4807692307692308,0.0,37.980769230769226,INF,be say point clip
Eli,Vick,4.545454545454546,2.272727272727273,47.72727272727273,2.0,digest have
Eli,Society,0.9615384615384616,1.4423076923076923,47.59615384615385,0.6666666666666666,be tell be have do
Vick,Eli,0.6944444444444444,0.0,49.30555555555556,INF,say toss have stop cry
Ky,Vick,3.571428571428571,0.0,46.42857142857143,INF,say get
Ky,Vick,3.571428571428571,0.0,46.42857142857143,INF,say get
Ky,Vick,1.5625,0.0,60.9375,INF,be take bury say
Ky,Vick,2.083333333333333,1.0416666666666665,46.875,2.0,be tell
Ky,Vick,0.0,0.0,25.0,INF,tell
Xander,Society,0.8928571428571428,1.7857142857142856,58.03571428571429,0.5,sit shiver be promise
Ky,Xander,7.03125,2.34375,34.375,3.0,fly be
Eli,Vick,6.25,0.0,53.75,INF,take keep
Society,Vick,2.083333333333333,4.166666666666666,43.75,0.5,be do look
Eli,Vick,0.0,0.0,46.15384615384615,INF,hit pull have stop get
Eli,Vick,0.0,0.0,46.15384615384615,INF,hit pull have stop get
Eli,Vick,0.0,0.0,36.36363636363637,INF,keep run tell
Eli,Vick,0.0,0.0,55.55555555555556,INF,hear
Vick,Eli,0.0,1.5625,35.9375,0.0,
Xander,Ky,1.0416666666666665,4.166666666666666,57.291666666666664,0.25,land want be see be
Ky,Tennyson,2.272727272727273,2.272727272727273,50.0,1.0,know
Society,Xander,0.0,0.0,33.33333333333333,INF,know
Society,Eli,0.9615384615384616,0.9615384615384616,51.92307692307693,1.0,give say
Oria,Tennyson,1.8518518518518516,0.0,57.407407407407405,INF,see realize do belong rise
Xander,Ky,0.625,0.625,58.75,1.0,walk look
Ky,Xander,5.357142857142857,1.7857142857142856,35.714285714285715,3.0,be
Bram,Xander,1.7045454545454544,0.5681818181818182,29.545454545454547,3.0,hope let try say
Eli,Oria,3.125,0.5681818181818182,50.85227272727273,5.5,seem say remember be move feel seem
Society,Eli,0.0,0.0,50.0,INF,choose be come be tell
Vick,Eli,1.1363636363636365,0.0,44.31818181818182,INF,do say carve
Ky,Eli,1.0416666666666665,0.0,32.29166666666667,INF,say be
Eli,Bram,5.3125,2.5,52.1875,2.125,be have see wonder like remind remind
Eli,Bram,5.3125,2.5,52.1875,2.125,be have see wonder like remind remind
Eli,Bram,5.3125,2.5,52.1875,2.125,be have see wonder like remind remind
Bram,Eli,5.3125,2.5,52.1875,2.125,be have see wonder like remind remind
Xander,Patrick,0.6944444444444444,2.7777777777777777,74.30555555555556,0.25,threaten turn let keep steal
Vick,Hill,0.0,4.807692307692308,41.34615384615385,0.0,tell remember
Eli,Vick,3.3333333333333335,7.5,42.5,0.4444444444444444,fall tell believe
Vick,Eli,6.666666666666667,2.5,44.166666666666664,2.6666666666666665,sleep wonder be
Ky,Hill,7.236842105263158,0.6578947368421052,50.0,11.0,be see
Ky,Hill,0.0,2.403846153846154,55.28846153846154,0.0,stake tie remind leave
Vick,Eli,1.9736842105263157,0.6578947368421052,50.0,3.0,think tell
Vick,Eli,2.083333333333333,4.166666666666666,27.083333333333332,0.5,do
Vick,Eli,0.0,0.0,50.0,INF,stand watch
Vick,Society,2.272727272727273,3.4090909090909087,62.5,0.6666666666666666,challenge be talk kill
Society,Eli,4.910714285714286,3.125,41.964285714285715,1.5714285714285714,think be say
Eli,Vick,0.6578947368421052,0.0,51.973684210526315,INF,have tell happen see do believe
Society,Eli,1.9230769230769231,0.0,44.230769230769226,INF,do believe say
Patrick,Aida,6.25,1.5625,42.1875,4.0,be
Aida,Patrick,5.0,3.125,41.875,1.6,go scream talk
Patrick,Aida,3.3333333333333335,3.3333333333333335,46.666666666666664,1.0,do want think happen
Society,Tennyson,0.5434782608695652,2.717391304347826,48.91304347826087,0.2,do approve be cross
Ky,Eli,1.25,0.0,38.75,INF,say shake
Xander,Vick,3.8461538461538463,2.403846153846154,66.82692307692307,1.6,stand look know be
Xander,Vick,3.8461538461538463,2.403846153846154,66.82692307692307,1.6,stand look know be
Xander,Vick,3.8461538461538463,2.403846153846154,66.82692307692307,1.6,stand look know be
Society,Xander,0.9259259259259258,3.2407407407407405,58.79629629629629,0.2857142857142857,be give trust
Ky,Society,2.4193548387096775,0.0,52.41935483870967,INF,remember tell know like hear breathe
Ky,Society,3.2407407407407405,5.555555555555555,50.46296296296296,0.5833333333333334,have find be have notice
Camas Province,Vick,1.25,0.0,38.75,INF,be say
Vick,Eli,0.9615384615384616,0.0,37.5,INF,look say
Vick,Army,4.924242424242424,0.3787878787878788,49.24242424242424,13.0,make say be live
Vick,Army,4.924242424242424,0.3787878787878788,49.24242424242424,13.0,make say be live
Vick,Army,4.924242424242424,0.3787878787878788,49.24242424242424,13.0,make say be live
Vick,Army,4.924242424242424,0.3787878787878788,49.24242424242424,13.0,make say be live
Eli,Vick,2.083333333333333,0.0,35.41666666666667,INF,say be do intend say
Eli,Vick,3.571428571428571,0.0,39.285714285714285,INF,do know be have hear
Patrick,Aida,2.8846153846153846,5.769230769230769,45.19230769230769,0.5,have die have push have be bring
Patrick,Oria,2.8846153846153846,5.769230769230769,45.19230769230769,0.5,have die have push have be bring
Aida,Patrick,2.8846153846153846,5.769230769230769,45.19230769230769,0.5,have die have push have be bring
Aida,Oria,2.8846153846153846,5.769230769230769,45.19230769230769,0.5,have die have push have be bring
Patrick,Oria,2.8846153846153846,5.769230769230769,45.19230769230769,0.5,have die have push have be bring
Laney,Vick,1.7857142857142856,0.0,26.785714285714285,INF,say
Laney,Vick,2.083333333333333,2.083333333333333,29.166666666666668,1.0,use say
Laney,Vick,0.0,0.0,33.33333333333333,INF,stop
Society,Vick,0.9615384615384616,0.0,52.88461538461539,INF,be sanction say
Oria,Ky,1.8518518518518516,2.7777777777777777,58.333333333333336,0.6666666666666666,have see hear kill
Laney,Vick,0.7352941176470588,0.0,52.20588235294118,INF,ask see say
Society,Vick,1.7857142857142856,0.0,55.35714285714286,INF,find get say
Patrick,Aida,8.088235294117647,5.88235294117647,44.85294117647059,1.375,be hope be
Army,Vick,1.7857142857142856,0.0,48.214285714285715,INF,be say
Vick,Eli,1.875,0.625,52.5,3.0,want get leave say
Ky,Eli,1.7857142857142856,0.0,26.785714285714285,INF,say
Vick,Eli,7.291666666666667,0.0,34.375,INF,have say
Vick,Eli,7.291666666666667,0.0,34.375,INF,have say
Eli,Laney,0.0,0.0,58.333333333333336,INF,have carve
Eli,Vick,5.769230769230769,0.0,40.38461538461539,INF,reach hold
Eli,Vick,3.75,0.0,56.25,INF,cross
Vick,Eli,3.75,0.0,56.25,INF,cross
Vick,Eli,0.0,0.0,57.14285714285714,INF,remember help let stay
Vick,Eli,0.0,0.0,57.14285714285714,INF,talk pull
Vick,Laney,4.545454545454546,2.272727272727273,56.81818181818182,2.0,tell
Vick,Laney,4.545454545454546,2.272727272727273,56.81818181818182,2.0,tell
Laney,Vick,0.0,0.0,66.66666666666666,INF,tell feel
Vick,Laney,10.9375,5.46875,46.09375,2.0,smile reach
Vick,Society,10.9375,5.46875,46.09375,2.0,smile reach
Laney,Society,10.9375,5.46875,46.09375,2.0,smile reach
Eli,Vick,0.0,0.0,50.0,INF,have clear dig
Society,Vick,7.5,1.6666666666666667,24.166666666666668,4.5,dig know
Society,Vick,7.5,1.6666666666666667,24.166666666666668,4.5,dig know
Eli,Vick,0.5208333333333333,0.0,49.47916666666667,INF,tell put
Eli,Vick,0.0,5.208333333333334,36.45833333333333,0.0,divide
Eli,Vick,5.681818181818182,0.0,48.86363636363637,INF,ask find bring
Ky,Eli,1.7857142857142856,0.0,41.07142857142857,INF,say
Vick,Laney,7.142857142857142,0.0,57.14285714285714,INF,think flash shine
Eli,Vick,1.3888888888888888,0.0,31.944444444444443,INF,ask waver reach camp
Eli,Vick,1.3888888888888888,0.0,31.944444444444443,INF,ask waver reach camp
Laney,Eli,2.083333333333333,0.0,53.47222222222222,INF,tell smile smile
Laney,Eli,2.083333333333333,0.0,53.47222222222222,INF,tell smile smile
Laney,Eli,2.083333333333333,0.0,53.47222222222222,INF,tell smile smile
Laney,Eli,2.083333333333333,0.0,53.47222222222222,INF,tell smile smile
Eli,Vick,0.0,0.0,63.63636363636363,INF,sit sit
Ky,Laney,0.8928571428571428,0.0,27.67857142857143,INF,say be
Laney,Hill,2.380952380952381,2.976190476190476,51.78571428571429,0.8,pull touch remember
Laney,Hill,2.380952380952381,2.976190476190476,51.78571428571429,0.8,pull touch remember
Xander,Laney,1.5625,0.0,10.9375,INF,say
Laney,Society,6.25,0.78125,52.34375,8.0,be look explain happen need know be predict
Laney,Society,6.25,0.78125,52.34375,8.0,be look explain happen need know be predict
Laney,Society,6.25,0.78125,52.34375,8.0,be look explain happen need know be predict
Xander,Laney,6.25,0.0,43.75,INF,be
Xander,Laney,0.0,0.0,50.0,INF,be
Xander,Laney,1.1363636363636365,5.681818181818182,65.9090909090909,0.2,make give
Xander,Ky,6.25,1.0416666666666665,76.04166666666666,6.0,watch be
Tennyson,Oria,2.232142857142857,1.3392857142857142,50.0,1.6666666666666667,talk remember see read
Tennyson,Oria,2.232142857142857,1.3392857142857142,50.0,1.6666666666666667,talk remember see read
Tennyson,Vick,0.0,0.5208333333333333,57.8125,0.0,be hear be be
Tennyson,Vick,0.0,0.5208333333333333,57.8125,0.0,be hear be be
Ky,Vick,8.522727272727272,3.4090909090909087,60.79545454545454,2.5,help bury love name
Ky,Vick,8.522727272727272,3.4090909090909087,60.79545454545454,2.5,help bury love name
Ky,Vick,8.522727272727272,3.4090909090909087,60.79545454545454,2.5,help bury love name
Ky,Laney,8.522727272727272,3.4090909090909087,60.79545454545454,2.5,help bury love name
Vick,Laney,8.522727272727272,3.4090909090909087,60.79545454545454,2.5,help bury love name
Vick,Laney,8.522727272727272,3.4090909090909087,60.79545454545454,2.5,help bury love name
Vick,Laney,8.522727272727272,3.4090909090909087,60.79545454545454,2.5,help bury love name
Ky,Vick,2.083333333333333,6.25,50.0,0.3333333333333333,relate leave
Ky,Vick,2.083333333333333,6.25,50.0,0.3333333333333333,relate leave
Society,Ky,0.9615384615384616,0.0,45.19230769230769,INF,say
Ky,Eli,3.571428571428571,1.1904761904761905,52.38095238095239,3.0,ask tell keep take
Ky,Eli,2.2058823529411766,1.4705882352941175,37.5,1.5,stay say smile
Eli,Ky,2.083333333333333,5.555555555555555,42.36111111111111,0.375,flinch speak sound
Eli,Ky,2.083333333333333,5.555555555555555,42.36111111111111,0.375,flinch speak sound
Eli,Ky,2.083333333333333,5.555555555555555,42.36111111111111,0.375,flinch speak sound
Ky,Eli,5.263157894736842,1.3157894736842104,61.8421052631579,4.0,reach roll
Ky,Eli,0.0,1.3888888888888888,54.166666666666664,0.0,want see tell nod
Ky,Eli,0.0,4.62962962962963,58.333333333333336,0.0,show do notice
Eli,Ky,0.0,4.807692307692308,52.88461538461539,0.0,fall be leave switch save
Eli,Ky,0.0,4.807692307692308,52.88461538461539,0.0,fall be leave switch save
Ky,Hill,0.0,0.0,55.55555555555556,INF,hear
Eli,Vick,3.75,1.25,45.0,3.0,have see smile know weigh
Eli,Tennyson,2.941176470588235,0.0,50.0,INF,want say tell
Eli,Vick,2.941176470588235,0.0,50.0,INF,want say tell
Eli,Ky,2.941176470588235,0.0,50.0,INF,want say tell
Tennyson,Vick,2.941176470588235,0.0,50.0,INF,want say tell
Tennyson,Ky,2.941176470588235,0.0,50.0,INF,want say tell
Vick,Ky,2.941176470588235,0.0,50.0,INF,want say tell
Ky,Eli,1.6666666666666667,0.0,51.66666666666667,INF,rise come stand
Society,Hunter,3.75,3.75,59.166666666666664,1.0,move step see be
Society,Ky,1.9230769230769231,2.8846153846153846,56.730769230769226,0.6666666666666666,die say
Matthew,Ky,2.586206896551724,1.0775862068965518,56.68103448275862,2.4,repeat hear remember remember think die
Matthew,Ky,2.586206896551724,1.0775862068965518,56.68103448275862,2.4,repeat hear remember remember think die
Matthew,Ky,2.586206896551724,1.0775862068965518,56.68103448275862,2.4,repeat hear remember remember think die
Matthew,Ky,2.586206896551724,1.0775862068965518,56.68103448275862,2.4,repeat hear remember remember think die
Matthew,Hunter,1.25,0.0,38.75,INF,be say
Society,Hunter,2.2058823529411766,0.7352941176470588,32.35294117647059,3.0,have be say
Hunter,Eli,0.0,0.0,66.66666666666666,INF,glance
Society,Hunter,2.5,1.0,52.5,2.5,be land say
Ky,Eli,1.5625,4.6875,31.25,0.3333333333333333,say
Eli,Hunter,0.0,0.0,57.14285714285714,INF,open shake
Eli,Hunter,0.0,0.0,57.14285714285714,INF,open shake
Hunter,Society,5.555555555555555,0.6944444444444444,60.416666666666664,8.0,believe say need know do do
Hunter,Society,5.555555555555555,0.6944444444444444,60.416666666666664,8.0,believe say need know do do
Hunter,Society,5.555555555555555,0.6944444444444444,60.416666666666664,8.0,believe say need know do do
Hunter,Society,2.6785714285714284,3.571428571428571,47.32142857142857,0.75,turn know be feel use be
Hunter,Society,2.6785714285714284,3.571428571428571,47.32142857142857,0.75,turn know be feel use be
Hunter,Society,2.6785714285714284,3.571428571428571,47.32142857142857,0.75,turn know be feel use be
Society,Hunter,2.6785714285714284,3.571428571428571,47.32142857142857,0.75,turn know be feel use be
Xander,Hunter,4.166666666666666,1.6666666666666667,54.166666666666664,2.5,be climb
Eli,Bram,4.166666666666666,1.6666666666666667,40.833333333333336,2.5,make think leave
Bram,Eli,4.166666666666666,1.6666666666666667,40.833333333333336,2.5,make think leave
Ky,Hunter,2.5,1.0714285714285714,50.71428571428571,2.3333333333333335,come walk touch feel
Ky,Hunter,2.5,1.0714285714285714,50.71428571428571,2.3333333333333335,come walk touch feel
Ky,Hunter,2.5,1.0714285714285714,50.71428571428571,2.3333333333333335,come walk touch feel
Society,Ky,2.2058823529411766,0.7352941176470588,55.88235294117647,3.0,be say
Society,Ky,2.2058823529411766,0.7352941176470588,55.88235294117647,3.0,be say
Ky,Hunter,0.0,0.0,57.14285714285714,INF,follow
Ky,Hunter,3.3333333333333335,4.166666666666666,52.5,0.8,put
Society,Ky,0.0,0.0,54.83870967741935,INF,be suppose be think remember tell know
Oria,Ky,9.375,0.0,28.125,INF,find say
Eli,Ky,5.46875,0.0,57.03125,INF,come do grin
Eli,Ky,5.46875,0.0,57.03125,INF,come do grin
Ky,Eli,1.0416666666666665,1.5625,59.895833333333336,0.6666666666666666,rush grab go
Ky,Eli,1.0416666666666665,1.5625,59.895833333333336,0.6666666666666666,rush grab go
Ky,Eli,0.0,1.7857142857142856,45.83333333333333,0.0,do call seem stand
Ky,Eli,0.0,1.7857142857142856,45.83333333333333,0.0,do call seem stand
Eli,Ky,1.6304347826086956,0.0,50.54347826086957,INF,think be organize tell see signal
Ky,Eli,2.5,7.000000000000001,54.50000000000001,0.35714285714285715,hurry be wander look
Ky,Hunter,0.3787878787878788,1.893939393939394,64.39393939393939,0.2,open say see flash open
Xander,Hunter,2.4193548387096775,1.6129032258064515,57.25806451612904,1.5,leave say look see hear break
Xander,Hunter,2.4193548387096775,1.6129032258064515,57.25806451612904,1.5,leave say look see hear break
Xander,Hunter,2.4193548387096775,1.6129032258064515,57.25806451612904,1.5,leave say look see hear break
Hunter,Sarah,0.8928571428571428,0.0,56.25,INF,drop drop go be find
Sarah,Hunter,2.9166666666666665,1.6666666666666667,58.75,1.75,sound be pay
Grandfather,Oria,1.8518518518518516,0.4629629629629629,71.75925925925925,4.0,
Ky,Xander,2.34375,5.46875,73.4375,0.42857142857142855,have lose have be
Patrick,Ky,6.25,3.75,50.0,1.6666666666666667,teach say
Matthew,Ky,1.7857142857142856,0.0,55.35714285714286,INF,think be say
Patrick,Bram,0.0,0.0,48.0,INF,tell do make play
Patrick,Bram,0.0,0.0,48.0,INF,tell do make play
Patrick,Ky,0.8333333333333334,0.0,59.166666666666664,INF,do have use say
Aida,Patrick,1.3888888888888888,0.0,54.166666666666664,INF,do say
Patrick,Matthew,1.3888888888888888,0.0,70.83333333333334,INF,tell have send die
Patrick,Matthew,1.3888888888888888,0.0,70.83333333333334,INF,tell have send die
Eli,Society,1.7857142857142856,1.7857142857142856,63.095238095238095,1.0,be think create
Eli,Society,3.125,2.6785714285714284,62.05357142857143,1.1666666666666667,do do do care
Ky,Eli,3.4090909090909087,0.0,60.22727272727273,INF,wonder look see have belong
Ky,Eli,3.4090909090909087,0.0,60.22727272727273,INF,wonder look see have belong
Society,Vick,1.1904761904761905,1.1904761904761905,50.0,1.0,get be follow drop die
Patrick,Aida,0.0,0.0,64.70588235294117,INF,be plant
Society,Xander,0.0,0.0,46.666666666666664,INF,be remind
Sarah,Hunter,0.0,6.944444444444445,37.5,0.0,be die say
Ky,Hunter,0.7142857142857143,0.7142857142857143,55.714285714285715,1.0,open light be see burn want go
Ky,Hunter,0.7142857142857143,0.7142857142857143,55.714285714285715,1.0,open light be see burn want go
Xander,Hunter,4.3478260869565215,3.260869565217391,44.565217391304344,1.3333333333333333,find say disappear be
Xander,Hunter,4.3478260869565215,3.260869565217391,44.565217391304344,1.3333333333333333,find say disappear be
Society,Xander,0.0,3.6764705882352944,25.735294117647058,0.0,rise
Ky,Hunter,3.4722222222222223,0.0,40.97222222222222,INF,be save say
Ky,Society,2.717391304347826,5.978260869565218,47.82608695652174,0.45454545454545453,be feel
Society,Ky,2.717391304347826,5.978260869565218,47.82608695652174,0.45454545454545453,be feel
Ky,Hunter,0.390625,4.296875,45.3125,0.09090909090909091,gather hurry wake fill need
Ky,Eli,0.390625,4.296875,45.3125,0.09090909090909091,gather hurry wake fill need
Hunter,Eli,0.390625,4.296875,45.3125,0.09090909090909091,gather hurry wake fill need
Ky,Xander,0.0,0.9615384615384616,60.57692307692307,0.0,give do keep
Xander,Camas Province,3.5256410256410255,0.641025641025641,57.37179487179487,5.5,know be do know happen do see have learn have tell
Camas Province,Xander,3.5256410256410255,0.641025641025641,57.37179487179487,5.5,know be do know happen do see have learn have tell
Camas Province,Xander,3.5256410256410255,0.641025641025641,57.37179487179487,5.5,know be do know happen do see have learn have tell
Ky,Xander,0.0,6.944444444444445,48.61111111111111,0.0,be
Ky,Xander,0.9615384615384616,4.807692307692308,32.69230769230769,0.2,be
Anna,Hunter,6.944444444444445,0.0,48.61111111111111,INF,follow
Hunter,Society,4.285714285714286,6.785714285714286,66.07142857142857,0.631578947368421,be have live have be
Hunter,Tennyson,4.166666666666666,3.787878787878788,67.8030303030303,1.1,do warn know have know help discover rise
Hunter,Tennyson,4.166666666666666,3.787878787878788,67.8030303030303,1.1,do warn know have know help discover rise
Hunter,Tennyson,4.166666666666666,3.787878787878788,67.8030303030303,1.1,do warn know have know help discover rise
Ky,Tennyson,0.4032258064516129,0.4032258064516129,63.70967741935484,1.0,look remember give show hold
Ky,Tennyson,0.4032258064516129,0.4032258064516129,63.70967741935484,1.0,look remember give show hold
Ky,Society,0.4032258064516129,0.4032258064516129,63.70967741935484,1.0,look remember give show hold
Ky,Tennyson,0.4032258064516129,0.4032258064516129,63.70967741935484,1.0,look remember give show hold
Tennyson,Society,0.4032258064516129,0.4032258064516129,63.70967741935484,1.0,look remember give show hold
Tennyson,Society,0.4032258064516129,0.4032258064516129,63.70967741935484,1.0,look remember give show hold
Society,Tennyson,0.4032258064516129,0.4032258064516129,63.70967741935484,1.0,look remember give show hold
Catherine,Hunter,0.8928571428571428,0.0,49.107142857142854,INF,be go be say
Catherine,Anna,1.7857142857142856,0.0,48.214285714285715,INF,be be
Catherine,Anna,1.7857142857142856,0.0,48.214285714285715,INF,be be
Anna,Catherine,1.7857142857142856,0.0,48.214285714285715,INF,be be
Catherine,Anna,1.7857142857142856,0.0,48.214285714285715,INF,be be
Anna,Catherine,3.4482758620689653,2.1551724137931036,56.46551724137932,1.6,die have be accept reject have accept
Anna,Catherine,3.4482758620689653,2.1551724137931036,56.46551724137932,1.6,die have be accept reject have accept
Catherine,Sarah,0.0,0.0,55.55555555555556,INF,die give
Anna,Hunter,1.6304347826086956,0.0,33.15217391304348,INF,leave leave have do say
Anna,Hunter,1.6304347826086956,0.0,33.15217391304348,INF,leave leave have do say
Anna,Hunter,1.6304347826086956,0.0,33.15217391304348,INF,leave leave have do say
Anna,Hunter,1.6304347826086956,0.0,33.15217391304348,INF,leave leave have do say
Hunter,Sarah,0.0,0.0,50.0,INF,be use
Ky,Eli,0.0,0.0,62.5,INF,put
Ky,Eli,0.0,0.0,62.5,INF,put
Catherine,Sarah,1.1363636363636365,2.272727272727273,42.04545454545455,0.5,do do
Hunter,Ky,0.6944444444444444,0.0,65.97222222222221,INF,come have fall
Ky,Eli,0.0,4.807692307692308,56.730769230769226,0.0,hear
Society,Grandfather,0.0,0.0,50.0,INF,predict do
Patrick,Xander,4.838709677419355,0.0,56.451612903225815,INF,do know have do do know have manage get
Patrick,Oria,4.310344827586207,6.896551724137931,43.96551724137931,0.625,do have know have tell contact
Vick,Eli,1.9230769230769231,3.3653846153846154,52.40384615384615,0.5714285714285714,do have tell turn take
Vick,Eli,8.088235294117647,3.6764705882352944,35.294117647058826,2.2,know help survive appease
Vick,Eli,8.088235294117647,3.6764705882352944,35.294117647058826,2.2,know help survive appease
Ky,Eli,2.083333333333333,6.944444444444445,52.083333333333336,0.3,look think be
Ky,Hunter,2.083333333333333,6.944444444444445,52.083333333333336,0.3,look think be
Eli,Hunter,2.083333333333333,6.944444444444445,52.083333333333336,0.3,look think be
Eli,Hunter,3.571428571428571,9.523809523809524,39.285714285714285,0.375,help burn ache
Vick,Laney,1.25,0.0,48.75,INF,think take
Vick,Laney,1.25,0.0,48.75,INF,think take
Ky,Hunter,5.0,1.25,63.74999999999999,4.0,look hope understand
Eli,Hunter,1.25,0.0,48.75,INF,grab pull
Hunter,Eli,4.807692307692308,0.9615384615384616,51.92307692307693,5.0,meet wonder say tell
Hunter,Sarah,4.807692307692308,0.9615384615384616,51.92307692307693,5.0,meet wonder say tell
Hunter,Sarah,4.807692307692308,0.9615384615384616,51.92307692307693,5.0,meet wonder say tell
Eli,Hunter,4.807692307692308,0.9615384615384616,51.92307692307693,5.0,meet wonder say tell
Eli,Sarah,4.807692307692308,0.9615384615384616,51.92307692307693,5.0,meet wonder say tell
Eli,Hunter,4.807692307692308,0.9615384615384616,51.92307692307693,5.0,meet wonder say tell
Eli,Sarah,4.807692307692308,0.9615384615384616,51.92307692307693,5.0,meet wonder say tell
Hunter,Sarah,4.807692307692308,0.9615384615384616,51.92307692307693,5.0,meet wonder say tell
Hunter,Sarah,4.807692307692308,0.9615384615384616,51.92307692307693,5.0,meet wonder say tell
Sarah,Hunter,4.807692307692308,0.9615384615384616,51.92307692307693,5.0,meet wonder say tell
Hunter,Sarah,4.807692307692308,0.9615384615384616,51.92307692307693,5.0,meet wonder say tell
Sarah,Eli,2.7777777777777777,1.3888888888888888,51.388888888888886,2.0,straighten
Sarah,Eli,2.7777777777777777,1.3888888888888888,51.388888888888886,2.0,straighten
Hunter,Eli,3.75,0.0,46.25,INF,turn run follow
Hunter,Eli,3.75,0.0,46.25,INF,turn run follow
Eli,Sarah,1.0416666666666665,0.0,23.958333333333336,INF,decide do say
Ky,Sarah,0.78125,0.0,67.96875,INF,lean stay
Ky,Sarah,0.78125,0.0,67.96875,INF,lean stay
Vick,Society,5.921052631578947,0.6578947368421052,56.57894736842105,9.0,have be reclassify have have remove
Society,Vick,5.921052631578947,0.6578947368421052,56.57894736842105,9.0,have be reclassify have have remove
Eli,Sarah,1.3888888888888888,0.0,20.833333333333336,INF,say
Xander,Sarah,4.375,3.125,57.49999999999999,1.4,do go tell
Society,Sarah,5.0,0.0,48.333333333333336,INF,wonder catch
Ky,Xander,0.8620689655172413,0.43103448275862066,60.775862068965516,2.0,remember meet go come
Ky,Xander,0.8620689655172413,0.43103448275862066,60.775862068965516,2.0,remember meet go come
Hunter,Eli,1.1363636363636365,0.5681818181818182,57.38636363636363,2.0,hope be think have
Hunter,Ky,1.1363636363636365,0.5681818181818182,57.38636363636363,2.0,hope be think have
Eli,Ky,1.1363636363636365,0.5681818181818182,57.38636363636363,2.0,hope be think have
Hunter,Society,1.6304347826086956,1.0869565217391304,62.5,1.5,know be
Eli,Hunter,2.1739130434782608,6.521739130434782,56.52173913043478,0.3333333333333333,know give want believe rise
Eli,Laney,2.7777777777777777,2.314814814814815,46.75925925925926,1.2,stop go put
Eli,Laney,2.7777777777777777,2.314814814814815,46.75925925925926,1.2,stop go put
Eli,Laney,2.7777777777777777,2.314814814814815,46.75925925925926,1.2,stop go put
Eli,Laney,2.7777777777777777,2.314814814814815,46.75925925925926,1.2,stop go put
