NAME 1,NAME 2,% POS,% NEG,% NEUTRAL,POS:NEG,VERBS
John,Bev,0.0,0.0,50.0,INF,be come say
Bev,Anne,3.308823529411765,3.308823529411765,46.32352941176471,1.0,see speak be leave have end marry
Bev,John,3.308823529411765,3.308823529411765,46.32352941176471,1.0,see speak be leave have end marry
Bev,Anne,3.308823529411765,3.308823529411765,46.32352941176471,1.0,see speak be leave have end marry
Bev,Anne,3.308823529411765,3.308823529411765,46.32352941176471,1.0,see speak be leave have end marry
Bev,John,3.308823529411765,3.308823529411765,46.32352941176471,1.0,see speak be leave have end marry
Bev,Anne,3.308823529411765,3.308823529411765,46.32352941176471,1.0,see speak be leave have end marry
Bev,Anne,3.308823529411765,3.308823529411765,46.32352941176471,1.0,see speak be leave have end marry
Bev,John,3.308823529411765,3.308823529411765,46.32352941176471,1.0,see speak be leave have end marry
Bev,Anne,3.308823529411765,3.308823529411765,46.32352941176471,1.0,see speak be leave have end marry
Anne,John,3.308823529411765,3.308823529411765,46.32352941176471,1.0,see speak be leave have end marry
John,Anne,3.308823529411765,3.308823529411765,46.32352941176471,1.0,see speak be leave have end marry
Anne,John,2.7777777777777777,1.3888888888888888,51.388888888888886,2.0,ask move shrug
Anne,John,2.7777777777777777,1.3888888888888888,51.388888888888886,2.0,ask move shrug
Anne,John,0.4464285714285714,4.464285714285714,55.80357142857143,0.1,find accept try imagine be choose marry
Anne,John,5.681818181818182,2.272727272727273,19.318181818181817,2.5,ask
John,Anne,2.393617021276596,4.521276595744681,54.78723404255319,0.5294117647058824,be know give pine be
Anne,John,2.393617021276596,4.521276595744681,54.78723404255319,0.5294117647058824,be know give pine be
Anne,John,2.393617021276596,4.521276595744681,54.78723404255319,0.5294117647058824,be know give pine be
John,Anne,6.8181818181818175,2.840909090909091,53.97727272727273,2.4,be find infuriate stop withdraw
Anne,Bev,0.9433962264150944,2.5943396226415096,47.40566037735849,0.36363636363636365,look see imagine get see see
Anne,Bev,0.9433962264150944,2.5943396226415096,47.40566037735849,0.36363636363636365,look see imagine get see see
Anne,Bev,0.9433962264150944,2.5943396226415096,47.40566037735849,0.36363636363636365,look see imagine get see see
Anne,Bev,0.9433962264150944,2.5943396226415096,47.40566037735849,0.36363636363636365,look see imagine get see see
Bev,John,0.0,0.0,48.148148148148145,INF,have look see tighten
Bev,Anne,0.0,0.0,48.148148148148145,INF,have look see tighten
Bev,Anne,0.0,0.0,48.148148148148145,INF,have look see tighten
John,Anne,0.0,0.0,48.148148148148145,INF,have look see tighten
John,Anne,0.0,0.0,48.148148148148145,INF,have look see tighten
Bev,Anne,0.0,9.090909090909092,45.45454545454545,0.0,be know be
Bev,Anne,0.0,9.090909090909092,45.45454545454545,0.0,be know be
Bev,Anne,1.0869565217391304,0.0,55.434782608695656,INF,have think stand have have
Anne,Bev,1.0869565217391304,0.0,55.434782608695656,INF,have think stand have have
Bev,Anne,1.0869565217391304,0.8152173913043478,61.141304347826086,1.3333333333333333,be be
Bev,John,1.0869565217391304,0.8152173913043478,61.141304347826086,1.3333333333333333,be be
Anne,John,1.0869565217391304,0.8152173913043478,61.141304347826086,1.3333333333333333,be be
Anne,Bev,0.78125,3.90625,57.8125,0.2,wonder come see do stand see tangle turn
Anne,Bev,0.78125,3.90625,57.8125,0.2,wonder come see do stand see tangle turn
Anne,Bev,0.78125,3.90625,57.8125,0.2,wonder come see do stand see tangle turn
Anne,Bev,2.717391304347826,4.3478260869565215,36.41304347826087,0.625,imagine do imagine frame
Anne,Bev,2.717391304347826,4.3478260869565215,36.41304347826087,0.625,imagine do imagine frame
John,Anne,1.9230769230769231,6.730769230769231,45.19230769230769,0.2857142857142857,have answer press
Anne,John,1.9230769230769231,6.730769230769231,45.19230769230769,0.2857142857142857,have answer press
Anne,John,2.6785714285714284,1.7857142857142856,31.25,1.5,want punch say
Anne,John,2.8846153846153846,0.0,58.65384615384615,INF,do be sleep
John,Bev,1.25,1.25,57.49999999999999,1.0,be have eke
John,Bev,1.25,1.25,57.49999999999999,1.0,be have eke
John,Anne,2.0522388059701493,0.18656716417910446,63.43283582089553,11.0,have be build start live be install pull replace build pull
John,Anne,2.0522388059701493,0.18656716417910446,63.43283582089553,11.0,have be build start live be install pull replace build pull
Anne,John,2.2222222222222223,0.5555555555555556,50.55555555555556,4.0,love hear tear come pull show
Anne,John,2.2222222222222223,0.5555555555555556,50.55555555555556,4.0,love hear tear come pull show
John,Anne,2.2222222222222223,0.5555555555555556,50.55555555555556,4.0,love hear tear come pull show
John,Anne,2.2222222222222223,0.5555555555555556,50.55555555555556,4.0,love hear tear come pull show
Anne,John,2.631578947368421,2.1929824561403506,63.59649122807017,1.2,find catch know handle have be pound have pull
Anne,John,3.7280701754385963,1.3157894736842104,58.114035087719294,2.8333333333333335,love open be reveal toss show know be go understand
Anne,John,3.7280701754385963,1.3157894736842104,58.114035087719294,2.8333333333333335,love open be reveal toss show know be go understand
Anne,John,3.7280701754385963,1.3157894736842104,58.114035087719294,2.8333333333333335,love open be reveal toss show know be go understand
Anne,John,3.7280701754385963,1.3157894736842104,58.114035087719294,2.8333333333333335,love open be reveal toss show know be go understand
Anne,John,3.7280701754385963,1.3157894736842104,58.114035087719294,2.8333333333333335,love open be reveal toss show know be go understand
John,Anne,3.7280701754385963,1.3157894736842104,58.114035087719294,2.8333333333333335,love open be reveal toss show know be go understand
John,Anne,3.7280701754385963,1.3157894736842104,58.114035087719294,2.8333333333333335,love open be reveal toss show know be go understand
John,Anne,3.7280701754385963,1.3157894736842104,58.114035087719294,2.8333333333333335,love open be reveal toss show know be go understand
John,Anne,3.7280701754385963,1.3157894736842104,58.114035087719294,2.8333333333333335,love open be reveal toss show know be go understand
John,Anne,3.7280701754385963,1.3157894736842104,58.114035087719294,2.8333333333333335,love open be reveal toss show know be go understand
John,Anne,3.7280701754385963,1.3157894736842104,58.114035087719294,2.8333333333333335,love open be reveal toss show know be go understand
John,Anne,3.7280701754385963,1.3157894736842104,58.114035087719294,2.8333333333333335,love open be reveal toss show know be go understand
John,Anne,3.7280701754385963,1.3157894736842104,58.114035087719294,2.8333333333333335,love open be reveal toss show know be go understand
Anne,John,3.7280701754385963,1.3157894736842104,58.114035087719294,2.8333333333333335,love open be reveal toss show know be go understand
John,Anne,3.7280701754385963,1.3157894736842104,58.114035087719294,2.8333333333333335,love open be reveal toss show know be go understand
Anne,John,2.5,0.9090909090909091,54.77272727272727,2.75,be believe share bring seem reveal bring show
Anne,John,2.5,0.9090909090909091,54.77272727272727,2.75,be believe share bring seem reveal bring show
John,Anne,2.5,0.9090909090909091,54.77272727272727,2.75,be believe share bring seem reveal bring show
John,Anne,2.5,0.9090909090909091,54.77272727272727,2.75,be believe share bring seem reveal bring show
Anne,John,3.125,0.625,66.25,5.0,have bring be work
Anne,John,3.125,0.625,66.25,5.0,have bring be work
Anne,John,2.083333333333333,1.0416666666666665,55.208333333333336,2.0,have catch look see straighten rub change move let fall
Anne,John,2.083333333333333,1.0416666666666665,55.208333333333336,2.0,have catch look see straighten rub change move let fall
Anne,John,2.083333333333333,1.0416666666666665,55.208333333333336,2.0,have catch look see straighten rub change move let fall
Anne,John,2.083333333333333,1.0416666666666665,55.208333333333336,2.0,have catch look see straighten rub change move let fall
Anne,John,2.083333333333333,1.0416666666666665,55.208333333333336,2.0,have catch look see straighten rub change move let fall
John,Anne,2.083333333333333,1.0416666666666665,55.208333333333336,2.0,have catch look see straighten rub change move let fall
John,Anne,2.083333333333333,1.0416666666666665,55.208333333333336,2.0,have catch look see straighten rub change move let fall
John,Anne,2.083333333333333,1.0416666666666665,55.208333333333336,2.0,have catch look see straighten rub change move let fall
Anne,John,2.083333333333333,1.0416666666666665,55.208333333333336,2.0,have catch look see straighten rub change move let fall
Anne,John,2.083333333333333,1.0416666666666665,55.208333333333336,2.0,have catch look see straighten rub change move let fall
John,Anne,2.232142857142857,0.0,58.48214285714286,INF,do know give say feel skip
John,Anne,2.232142857142857,0.0,58.48214285714286,INF,do know give say feel skip
John,Anne,3.4090909090909087,0.0,60.22727272727273,INF,have see
John,Anne,0.8620689655172413,1.0775862068965518,56.68103448275862,0.8,do seem notice be wake be
John,Anne,0.8620689655172413,1.0775862068965518,56.68103448275862,0.8,do seem notice be wake be
John,Anne,0.8620689655172413,1.0775862068965518,56.68103448275862,0.8,do seem notice be wake be
John,Anne,0.8620689655172413,1.0775862068965518,56.68103448275862,0.8,do seem notice be wake be
Anne,John,0.8620689655172413,1.0775862068965518,56.68103448275862,0.8,do seem notice be wake be
Anne,John,0.8620689655172413,1.0775862068965518,56.68103448275862,0.8,do seem notice be wake be
Anne,John,0.8620689655172413,1.0775862068965518,56.68103448275862,0.8,do seem notice be wake be
John,Anne,0.8620689655172413,1.0775862068965518,56.68103448275862,0.8,do seem notice be wake be
John,Anne,0.8620689655172413,1.0775862068965518,56.68103448275862,0.8,do seem notice be wake be
John,Anne,0.8620689655172413,1.0775862068965518,56.68103448275862,0.8,do seem notice be wake be
Anne,John,0.8620689655172413,1.0775862068965518,56.68103448275862,0.8,do seem notice be wake be
Anne,John,0.8620689655172413,1.0775862068965518,56.68103448275862,0.8,do seem notice be wake be
John,Anne,0.8620689655172413,1.0775862068965518,56.68103448275862,0.8,do seem notice be wake be
John,Anne,0.8620689655172413,1.0775862068965518,56.68103448275862,0.8,do seem notice be wake be
Anne,John,0.8620689655172413,1.0775862068965518,56.68103448275862,0.8,do seem notice be wake be
John,Anne,0.8620689655172413,1.0775862068965518,56.68103448275862,0.8,do seem notice be wake be
Anne,John,3.5377358490566038,3.0660377358490565,57.54716981132076,1.1538461538461537,go celebrate be turn be have topple seem
John,Anne,2.8846153846153846,2.8846153846153846,55.769230769230774,1.0,be laugh be lash
Anne,Bev,1.0714285714285714,2.5,45.0,0.42857142857142855,go have be be
Kevin,Bev,1.4705882352941175,3.6764705882352944,53.67647058823529,0.4,have leave
Kevin,John,1.4705882352941175,3.6764705882352944,53.67647058823529,0.4,have leave
Bev,John,1.4705882352941175,3.6764705882352944,53.67647058823529,0.4,have leave
Kevin,Bev,3.571428571428571,0.0,63.095238095238095,INF,have last have decide want
Kevin,Bev,3.571428571428571,0.0,63.095238095238095,INF,have last have decide want
Kevin,Bev,3.571428571428571,0.0,63.095238095238095,INF,have last have decide want
Anne,John,3.6885245901639343,3.483606557377049,60.040983606557376,1.0588235294117647,be know run have have dry have heal
Anne,John,3.6885245901639343,3.483606557377049,60.040983606557376,1.0588235294117647,be know run have have dry have heal
Anne,John,3.6885245901639343,3.483606557377049,60.040983606557376,1.0588235294117647,be know run have have dry have heal
John,Anne,3.6885245901639343,3.483606557377049,60.040983606557376,1.0588235294117647,be know run have have dry have heal
Anne,John,3.6885245901639343,3.483606557377049,60.040983606557376,1.0588235294117647,be know run have have dry have heal
Anne,John,3.6885245901639343,3.483606557377049,60.040983606557376,1.0588235294117647,be know run have have dry have heal
Anne,Bev,2.8846153846153846,2.403846153846154,56.25,1.2,stare wonder have see
Anne,John,2.8846153846153846,2.403846153846154,56.25,1.2,stare wonder have see
Bev,John,2.8846153846153846,2.403846153846154,56.25,1.2,stare wonder have see
Anne,Bev,2.380952380952381,0.5952380952380952,58.92857142857143,4.0,think look sit
Bev,Anne,2.380952380952381,0.5952380952380952,58.92857142857143,4.0,think look sit
Anne,John,2.2058823529411766,0.7352941176470588,55.88235294117647,3.0,know have be attract
John,Anne,0.0,0.0,52.94117647058824,INF,grab pull
John,Anne,0.0,0.0,52.94117647058824,INF,grab pull
John,Anne,0.0,0.0,52.94117647058824,INF,grab pull
Angie,Anne,0.0,0.0,50.0,INF,turn put point stall
Bev,Anne,0.0,0.0,14.285714285714285,INF,mouth
Bev,Anne,0.0,0.7352941176470588,52.20588235294118,0.0,flush come stall walk
Angie,Anne,0.0,0.0,52.94117647058824,INF,flee bang hurry
Anne,Bev,0.0,0.0,47.05882352941176,INF,come throb be go
Anne,Bev,0.0,0.0,47.05882352941176,INF,come throb be go
Bev,John,3.515625,0.0,55.859375,INF,get tell say have rise have fall
Anne,Bev,0.8333333333333334,4.166666666666666,68.33333333333333,0.2,look be stare
Anne,Bev,0.8333333333333334,4.166666666666666,68.33333333333333,0.2,look be stare
Bev,John,3.0303030303030303,0.0,57.57575757575758,INF,be say see have bring
Bev,Anne,3.0303030303030303,0.0,57.57575757575758,INF,be say see have bring
Bev,John,3.0303030303030303,0.0,57.57575757575758,INF,be say see have bring
Bev,John,3.0303030303030303,0.0,57.57575757575758,INF,be say see have bring
John,Anne,3.0303030303030303,0.0,57.57575757575758,INF,be say see have bring
Anne,John,3.0303030303030303,0.0,57.57575757575758,INF,be say see have bring
Anne,John,3.0303030303030303,0.0,57.57575757575758,INF,be say see have bring
John,Anne,4.166666666666666,0.0,56.94444444444444,INF,have let go be walk grow
Anne,John,6.4393939393939394,0.7575757575757576,50.378787878787875,8.5,catch take have happen rush settle
John,Anne,6.4393939393939394,0.7575757575757576,50.378787878787875,8.5,catch take have happen rush settle
John,Anne,6.4393939393939394,0.7575757575757576,50.378787878787875,8.5,catch take have happen rush settle
Anne,John,4.464285714285714,2.6785714285714284,50.0,1.6666666666666667,remember be recall look look
Anne,John,4.464285714285714,2.6785714285714284,50.0,1.6666666666666667,remember be recall look look
Anne,John,1.7857142857142856,2.6785714285714284,56.25,0.6666666666666666,be pack turn
Anne,John,1.7857142857142856,2.6785714285714284,56.25,0.6666666666666666,be pack turn
Anne,John,0.7142857142857143,0.0,42.142857142857146,INF,have return
Anne,Bev,2.604166666666667,2.604166666666667,53.125,1.0,drop be look
Anne,Bev,2.604166666666667,2.604166666666667,53.125,1.0,drop be look
Mrs. Batten,Kevin,0.0,0.0,40.0,INF,look spot wave
Kevin,Mrs. Batten,1.3157894736842104,3.9473684210526314,50.0,0.3333333333333333,be be know keep look watch
Kevin,Mrs. Batten,1.3157894736842104,3.9473684210526314,50.0,0.3333333333333333,be be know keep look watch
Mrs. Batten,Kevin,1.3157894736842104,3.9473684210526314,50.0,0.3333333333333333,be be know keep look watch
Mrs. Batten,Kevin,1.3157894736842104,3.9473684210526314,50.0,0.3333333333333333,be be know keep look watch
Mrs. Batten,Kevin,1.0416666666666665,0.0,53.125,INF,finish rake walk watch
Mrs. Batten,Kevin,1.0416666666666665,0.0,53.125,INF,finish rake walk watch
Mrs. Batten,Kevin,1.0416666666666665,0.0,53.125,INF,finish rake walk watch
Mrs. Batten,Kevin,1.0416666666666665,0.0,53.125,INF,finish rake walk watch
Kevin,Mrs. Batten,1.0416666666666665,0.0,53.125,INF,finish rake walk watch
Mrs. Batten,Kevin,1.0416666666666665,0.0,53.125,INF,finish rake walk watch
Kevin,Mrs. Batten,0.4032258064516129,0.0,64.11290322580645,INF,stand look see look stay
Kevin,Mrs. Batten,0.4032258064516129,0.0,64.11290322580645,INF,stand look see look stay
Kevin,Mrs. Batten,0.4032258064516129,0.0,64.11290322580645,INF,stand look see look stay
Bo Thornhill,Kevin,1.7045454545454544,0.0,57.38636363636363,INF,have fold unfold put
Kevin,Bo Thornhill,0.8928571428571428,2.6785714285714284,60.71428571428571,0.3333333333333333,listen sound be hum
Reinhoudt,Dennis,6.8181818181818175,3.977272727272727,52.84090909090909,1.7142857142857142,have pick tell look hurt
Reinhoudt,Dennis,6.8181818181818175,3.977272727272727,52.84090909090909,1.7142857142857142,have pick tell look hurt
Reinhoudt,Dennis,6.8181818181818175,3.977272727272727,52.84090909090909,1.7142857142857142,have pick tell look hurt
Reinhoudt,McNally,2.8125,1.25,55.93749999999999,2.25,be have spend build have name say be
Reinhoudt,McNally,2.8125,1.25,55.93749999999999,2.25,be have spend build have name say be
Reinhoudt,McNally,2.8125,1.25,55.93749999999999,2.25,be have spend build have name say be
Dennis,Reinhoudt,3.6290322580645165,3.225806451612903,47.983870967741936,1.125,be think explain end do
Dennis,Reinhoudt,3.6290322580645165,3.225806451612903,47.983870967741936,1.125,be think explain end do
Dennis,Reinhoudt,3.6290322580645165,3.225806451612903,47.983870967741936,1.125,be think explain end do
Michaela,Reinhoudt,2.9069767441860463,0.872093023255814,52.03488372093024,3.3333333333333335,have do talk hang cadge smoke
Michaela,Reinhoudt,2.9069767441860463,0.872093023255814,52.03488372093024,3.3333333333333335,have do talk hang cadge smoke
Michaela,Dennis,2.9069767441860463,0.872093023255814,52.03488372093024,3.3333333333333335,have do talk hang cadge smoke
Reinhoudt,Michaela,2.9069767441860463,0.872093023255814,52.03488372093024,3.3333333333333335,have do talk hang cadge smoke
Reinhoudt,Dennis,2.9069767441860463,0.872093023255814,52.03488372093024,3.3333333333333335,have do talk hang cadge smoke
Reinhoudt,Michaela,2.9069767441860463,0.872093023255814,52.03488372093024,3.3333333333333335,have do talk hang cadge smoke
Reinhoudt,Dennis,2.9069767441860463,0.872093023255814,52.03488372093024,3.3333333333333335,have do talk hang cadge smoke
Michaela,Dennis,2.9069767441860463,0.872093023255814,52.03488372093024,3.3333333333333335,have do talk hang cadge smoke
Reinhoudt,Dennis,1.9230769230769231,3.3653846153846154,48.55769230769231,0.5714285714285714,cover tell point
Dennis,Reinhoudt,1.9230769230769231,3.3653846153846154,48.55769230769231,0.5714285714285714,cover tell point
Dennis,Reinhoudt,3.260869565217391,1.0869565217391304,65.21739130434783,3.0,know be paint cover be concern
Reinhoudt,Dennis,4.411764705882353,0.0,54.41176470588235,INF,have tell know be
Reinhoudt,Dennis,4.411764705882353,0.0,54.41176470588235,INF,have tell know be
Dennis,McNally,4.545454545454546,2.272727272727273,38.63636363636363,2.0,be
Dennis,Reinhoudt,0.0,0.0,46.42857142857143,INF,be think hire
Reinhoudt,Dennis,1.6666666666666667,3.3333333333333335,57.22222222222222,0.5,be have leave be close live
Reinhoudt,Dennis,1.6666666666666667,3.3333333333333335,57.22222222222222,0.5,be have leave be close live
Reinhoudt,Dennis,1.6666666666666667,3.3333333333333335,57.22222222222222,0.5,be have leave be close live
Reinhoudt,Dennis,1.6666666666666667,3.3333333333333335,57.22222222222222,0.5,be have leave be close live
Dennis,McNally,2.9605263157894735,0.6578947368421052,54.276315789473685,4.5,have appear pile
McNally,Dennis,2.9605263157894735,0.6578947368421052,54.276315789473685,4.5,have appear pile
Dennis,Reinhoudt,2.6515151515151514,1.1363636363636365,65.9090909090909,2.3333333333333335,be talk tick cool stand expect be tell be leave
Dennis,Reinhoudt,9.821428571428571,0.0,47.32142857142857,INF,be have lose
Reinhoudt,Dennis,9.821428571428571,0.0,47.32142857142857,INF,be have lose
Reinhoudt,Dennis,2.6515151515151514,1.1363636363636365,53.78787878787878,2.3333333333333335,give stay crack tell have
Reinhoudt,Dennis,2.6515151515151514,1.1363636363636365,53.78787878787878,2.3333333333333335,give stay crack tell have
Reinhoudt,Dennis,2.6515151515151514,1.1363636363636365,53.78787878787878,2.3333333333333335,give stay crack tell have
Dennis,Reinhoudt,1.9021739130434785,1.358695652173913,55.434782608695656,1.4,be grub have live say set be
Reinhoudt,Dennis,1.9021739130434785,1.358695652173913,55.434782608695656,1.4,be grub have live say set be
Reinhoudt,Dennis,1.9021739130434785,1.358695652173913,55.434782608695656,1.4,be grub have live say set be
Reinhoudt,Dennis,2.5,4.583333333333333,42.916666666666664,0.5454545454545454,tell need be do listen be listen
Reinhoudt,Dennis,2.5,4.583333333333333,42.916666666666664,0.5454545454545454,tell need be do listen be listen
Reinhoudt,Dennis,2.5,4.583333333333333,42.916666666666664,0.5454545454545454,tell need be do listen be listen
Dennis,Heather,0.0,0.0,57.14285714285714,INF,be
Heather,Dennis,0.43103448275862066,1.7241379310344827,53.01724137931034,0.25,have pick live speak graduate think be
Dennis,Heather,6.8181818181818175,5.681818181818182,51.13636363636363,1.2,have wait pick
Dennis,Heather,0.8928571428571428,8.035714285714286,48.214285714285715,0.1111111111111111,be manage tolerate
Dennis,Heather,0.8928571428571428,8.035714285714286,48.214285714285715,0.1111111111111111,be manage tolerate
Dennis,McNally,1.9662921348314606,1.544943820224719,58.28651685393258,1.2727272727272727,look think be flick see light slow
Dennis,McNally,1.9662921348314606,1.544943820224719,58.28651685393258,1.2727272727272727,look think be flick see light slow
McNally,Reinhoudt,0.4032258064516129,0.0,57.66129032258065,INF,be own sit exist
Dennis,Michaela,0.5208333333333333,0.0,53.645833333333336,INF,see come
Michaela,Reinhoudt,0.0,0.0,42.857142857142854,INF,be
Reinhoudt,Dennis,5.208333333333334,1.0416666666666665,52.083333333333336,5.0,tell have be hope have pick
Reinhoudt,Michael,5.208333333333334,1.0416666666666665,52.083333333333336,5.0,tell have be hope have pick
Reinhoudt,Dennis,5.208333333333334,1.0416666666666665,52.083333333333336,5.0,tell have be hope have pick
Reinhoudt,Michael,5.208333333333334,1.0416666666666665,52.083333333333336,5.0,tell have be hope have pick
Dennis,Michael,5.208333333333334,1.0416666666666665,52.083333333333336,5.0,tell have be hope have pick
Reinhoudt,Michaela,1.7857142857142856,3.571428571428571,32.73809523809524,0.5,waste have add bring
Dennis,Reinhoudt,2.3706896551724137,2.3706896551724137,57.327586206896555,1.0,be have sit be share trundle
Dennis,Michaela,1.0416666666666665,0.5208333333333333,58.854166666666664,2.0,know pick have get need
Dennis,Michaela,1.0416666666666665,0.5208333333333333,58.854166666666664,2.0,know pick have get need
Dennis,Michaela,1.0416666666666665,0.5208333333333333,58.854166666666664,2.0,know pick have get need
Michaela,Dennis,1.0416666666666665,0.5208333333333333,58.854166666666664,2.0,know pick have get need
Michaela,Dennis,1.0416666666666665,0.5208333333333333,58.854166666666664,2.0,know pick have get need
Michaela,Dennis,1.0416666666666665,0.5208333333333333,58.854166666666664,2.0,know pick have get need
Dennis,Michaela,1.0,2.0,65.0,0.5,be imagine head look
Dennis,Michaela,1.6666666666666667,0.8333333333333334,57.49999999999999,2.0,decide be stretch cross sit draw
Dennis,Michaela,1.6666666666666667,0.8333333333333334,57.49999999999999,2.0,decide be stretch cross sit draw
Dennis,Michaela,1.6666666666666667,0.8333333333333334,57.49999999999999,2.0,decide be stretch cross sit draw
Dennis,Reinhoudt,1.2048192771084338,2.4096385542168677,46.98795180722892,0.5,draw receive read return be have shear be try get take
Dennis,McNally,1.2048192771084338,2.4096385542168677,46.98795180722892,0.5,draw receive read return be have shear be try get take
Dennis,Reinhoudt,1.2048192771084338,2.4096385542168677,46.98795180722892,0.5,draw receive read return be have shear be try get take
Dennis,Reinhoudt,1.2048192771084338,2.4096385542168677,46.98795180722892,0.5,draw receive read return be have shear be try get take
Dennis,Reinhoudt,1.2048192771084338,2.4096385542168677,46.98795180722892,0.5,draw receive read return be have shear be try get take
Dennis,McNally,1.2048192771084338,2.4096385542168677,46.98795180722892,0.5,draw receive read return be have shear be try get take
Dennis,Reinhoudt,1.2048192771084338,2.4096385542168677,46.98795180722892,0.5,draw receive read return be have shear be try get take
Dennis,Reinhoudt,1.2048192771084338,2.4096385542168677,46.98795180722892,0.5,draw receive read return be have shear be try get take
Reinhoudt,McNally,1.2048192771084338,2.4096385542168677,46.98795180722892,0.5,draw receive read return be have shear be try get take
McNally,Reinhoudt,1.2048192771084338,2.4096385542168677,46.98795180722892,0.5,draw receive read return be have shear be try get take
McNally,Reinhoudt,1.2048192771084338,2.4096385542168677,46.98795180722892,0.5,draw receive read return be have shear be try get take
Reinhoudt,Michaela,2.7777777777777777,0.0,52.77777777777778,INF,picture
Michaela,Dennis,3.0555555555555554,2.5,52.22222222222223,1.2222222222222223,have seem be turn seem be look peak
Dennis,Michaela,3.0555555555555554,2.5,52.22222222222223,1.2222222222222223,have seem be turn seem be look peak
Michaela,Anna,3.260869565217391,3.804347826086957,49.45652173913043,0.8571428571428571,be be imagine have do be have be contribute
Michaela,Dennis,3.260869565217391,3.804347826086957,49.45652173913043,0.8571428571428571,be be imagine have do be have be contribute
Anna,Dennis,3.260869565217391,3.804347826086957,49.45652173913043,0.8571428571428571,be be imagine have do be have be contribute
Dennis,Michaela,4.807692307692308,1.9230769230769231,70.1923076923077,2.5,think work
Michaela,Dennis,4.807692307692308,1.9230769230769231,70.1923076923077,2.5,think work
Dennis,Michaela,12.5,8.125,49.375,1.5384615384615385,think be be
Dennis,Michaela,12.5,8.125,49.375,1.5384615384615385,think be be
Michaela,Dennis,3.4090909090909087,0.7575757575757576,53.40909090909091,4.5,feel be get try shake think
Michaela,Dennis,3.4090909090909087,0.7575757575757576,53.40909090909091,4.5,feel be get try shake think
Michaela,Dennis,3.4090909090909087,0.7575757575757576,53.40909090909091,4.5,feel be get try shake think
Michaela,Dennis,3.4090909090909087,0.7575757575757576,53.40909090909091,4.5,feel be get try shake think
Michaela,Dennis,1.5151515151515151,0.3787878787878788,58.71212121212122,4.0,be bring be stick think look
Michaela,Dennis,1.5151515151515151,0.3787878787878788,58.71212121212122,4.0,be bring be stick think look
Dennis,Reinhoudt,0.8064516129032258,4.435483870967742,52.82258064516129,0.18181818181818182,imagine give think say
Dennis,Reinhoudt,0.8064516129032258,4.435483870967742,52.82258064516129,0.18181818181818182,imagine give think say
Dennis,Reinhoudt,2.7777777777777777,0.0,52.77777777777778,INF,have stop
Dennis,Michaela,1.6891891891891893,0.0,55.067567567567565,INF,be paint move take come
Dennis,Michaela,1.6891891891891893,0.0,55.067567567567565,INF,be paint move take come
Michaela,Dennis,1.6891891891891893,0.0,55.067567567567565,INF,be paint move take come
Dennis,Michaela,1.6891891891891893,0.0,55.067567567567565,INF,be paint move take come
Dennis,Reinhoudt,0.0,0.3787878787878788,57.1969696969697,0.0,do start come picture brace grunt push
Dennis,Reinhoudt,0.0,0.3787878787878788,57.1969696969697,0.0,do start come picture brace grunt push
Reinhoudt,Dennis,0.0,0.3787878787878788,57.1969696969697,0.0,do start come picture brace grunt push
Dennis,Michaela,2.806122448979592,0.0,56.37755102040817,INF,wrap reach hold have have
Dennis,Michaela,2.806122448979592,0.0,56.37755102040817,INF,wrap reach hold have have
Dennis,Michaela,2.806122448979592,0.0,56.37755102040817,INF,wrap reach hold have have
Dennis,Michaela,2.806122448979592,0.0,56.37755102040817,INF,wrap reach hold have have
Michaela,Dennis,2.806122448979592,0.0,56.37755102040817,INF,wrap reach hold have have
Michaela,Dennis,2.806122448979592,0.0,56.37755102040817,INF,wrap reach hold have have
Dennis,Michaela,2.806122448979592,0.0,56.37755102040817,INF,wrap reach hold have have
Dennis,Michaela,2.806122448979592,0.0,56.37755102040817,INF,wrap reach hold have have
Dennis,Michaela,3.6458333333333335,1.0416666666666665,61.979166666666664,3.5,be think be
Michaela,Dennis,3.6458333333333335,1.0416666666666665,61.979166666666664,3.5,be think be
Dennis,Michaela,2.8846153846153846,0.4807692307692308,46.63461538461539,6.0,know be make feel belong
Dennis,Michaela,2.8846153846153846,0.4807692307692308,46.63461538461539,6.0,know be make feel belong
Michaela,Dennis,2.8846153846153846,0.4807692307692308,46.63461538461539,6.0,know be make feel belong
Michaela,Dennis,2.8846153846153846,0.4807692307692308,46.63461538461539,6.0,know be make feel belong
Michaela,Dennis,2.8846153846153846,0.4807692307692308,46.63461538461539,6.0,know be make feel belong
Michaela,Dennis,2.8846153846153846,0.4807692307692308,46.63461538461539,6.0,know be make feel belong
Michaela,Dennis,2.8846153846153846,0.4807692307692308,46.63461538461539,6.0,know be make feel belong
Michaela,Dennis,2.8846153846153846,0.4807692307692308,46.63461538461539,6.0,know be make feel belong
Michaela,Dennis,0.625,2.5,51.87500000000001,0.25,be belong notch fit
Dennis,Michaela,0.0,1.9230769230769231,36.53846153846153,0.0,go whisper
Michaela,Dennis,4.166666666666666,0.6944444444444444,39.58333333333333,6.0,break embrace be frighten
Dennis,Michaela,4.166666666666666,0.6944444444444444,39.58333333333333,6.0,break embrace be frighten
Dennis,Michaela,4.166666666666666,0.6944444444444444,39.58333333333333,6.0,break embrace be frighten
Dennis,Michaela,0.2840909090909091,1.9886363636363635,52.27272727272727,0.14285714285714285,feel look belong remember be be compare
Dennis,Michaela,0.2840909090909091,1.9886363636363635,52.27272727272727,0.14285714285714285,feel look belong remember be be compare
Dennis,Michaela,0.2840909090909091,1.9886363636363635,52.27272727272727,0.14285714285714285,feel look belong remember be be compare
Dennis,Michaela,0.2840909090909091,1.9886363636363635,52.27272727272727,0.14285714285714285,feel look belong remember be be compare
Dennis,Michaela,0.2840909090909091,1.9886363636363635,52.27272727272727,0.14285714285714285,feel look belong remember be be compare
Dennis,Michaela,0.2840909090909091,1.9886363636363635,52.27272727272727,0.14285714285714285,feel look belong remember be be compare
Michaela,Dennis,0.2840909090909091,1.9886363636363635,52.27272727272727,0.14285714285714285,feel look belong remember be be compare
Michaela,Dennis,0.2840909090909091,1.9886363636363635,52.27272727272727,0.14285714285714285,feel look belong remember be be compare
Dennis,Michaela,0.2840909090909091,1.9886363636363635,52.27272727272727,0.14285714285714285,feel look belong remember be be compare
Michaela,Dennis,0.2840909090909091,1.9886363636363635,52.27272727272727,0.14285714285714285,feel look belong remember be be compare
Michaela,Dennis,1.5625,0.0,48.4375,INF,have push square look
Michaela,Dennis,1.5625,0.0,48.4375,INF,have push square look
Dennis,Michaela,1.5625,0.0,48.4375,INF,have push square look
Dennis,Michaela,1.5625,0.0,48.4375,INF,have push square look
Michaela,Dennis,1.5625,0.0,48.4375,INF,have push square look
Michaela,Dennis,1.5625,0.0,48.4375,INF,have push square look
Dennis,Michaela,0.0,0.0,58.333333333333336,INF,know be
Dennis,Reinhoudt,0.0,0.0,58.333333333333336,INF,know be
Michaela,Reinhoudt,0.0,0.0,58.333333333333336,INF,know be
Dennis,Michaela,0.43103448275862066,0.43103448275862066,47.41379310344828,1.0,be seem keep talk shake
Michaela,Dennis,0.43103448275862066,0.43103448275862066,47.41379310344828,1.0,be seem keep talk shake
Michaela,Dennis,0.43103448275862066,0.43103448275862066,47.41379310344828,1.0,be seem keep talk shake
Dennis,Michaela,0.0,2.2058823529411766,62.5,0.0,know be talk seem be miss
Michaela,Dennis,0.0,2.2058823529411766,62.5,0.0,know be talk seem be miss
Michaela,Dennis,3.977272727272727,0.5681818181818182,54.54545454545454,7.0,stop turn stride leave light stand
Dennis,Reinhoudt,2.564102564102564,4.166666666666666,39.42307692307692,0.6153846153846154,head be keep hear last be accord
Dennis,Reinhoudt,2.564102564102564,4.166666666666666,39.42307692307692,0.6153846153846154,head be keep hear last be accord
Dennis,Reinhoudt,2.564102564102564,4.166666666666666,39.42307692307692,0.6153846153846154,head be keep hear last be accord
Dennis,Reinhoudt,2.564102564102564,4.166666666666666,39.42307692307692,0.6153846153846154,head be keep hear last be accord
Dennis,Reinhoudt,2.8846153846153846,0.9615384615384616,55.12820512820513,3.0,talk get come look know be do tell do
Dennis,Reinhoudt,2.8846153846153846,0.9615384615384616,55.12820512820513,3.0,talk get come look know be do tell do
Dennis,Reinhoudt,2.8846153846153846,0.9615384615384616,55.12820512820513,3.0,talk get come look know be do tell do
Dennis,Michaela,4.166666666666666,1.6666666666666667,40.833333333333336,2.5,go think
John,Kate,1.3888888888888888,0.0,57.870370370370374,INF,be have spend fill
Kate,John,1.1363636363636365,3.4090909090909087,40.909090909090914,0.3333333333333333,do like rotate do like complain
John,Kate,0.8333333333333334,0.0,55.833333333333336,INF,come wait be
Kate,John,0.8333333333333334,0.0,55.833333333333336,INF,come wait be
John,Bill,4.375,1.0416666666666665,56.25,4.2,tell have hold have let go have be hang have force crush
John,Bill,4.375,1.0416666666666665,56.25,4.2,tell have hold have let go have be hang have force crush
Williams,Carter,0.0,1.0,71.0,0.0,be
Williams,Wright,0.0,1.0,71.0,0.0,be
Carter,Wright,0.0,1.0,71.0,0.0,be
Williams,Wright,0.0,0.0,53.333333333333336,INF,have go
Mary,Tobin,3.392857142857143,1.0714285714285714,51.24999999999999,3.1666666666666665,be know crop favour expect pop appear
Mary,Tobin,3.392857142857143,1.0714285714285714,51.24999999999999,3.1666666666666665,be know crop favour expect pop appear
Mary,Tobin,3.392857142857143,1.0714285714285714,51.24999999999999,3.1666666666666665,be know crop favour expect pop appear
Mary,Tobin,3.392857142857143,1.0714285714285714,51.24999999999999,3.1666666666666665,be know crop favour expect pop appear
Mary,Tobin,3.392857142857143,1.0714285714285714,51.24999999999999,3.1666666666666665,be know crop favour expect pop appear
Mary,Tobin,3.392857142857143,1.0714285714285714,51.24999999999999,3.1666666666666665,be know crop favour expect pop appear
Mary,Tobin,3.392857142857143,1.0714285714285714,51.24999999999999,3.1666666666666665,be know crop favour expect pop appear
Mary,Tobin,3.392857142857143,1.0714285714285714,51.24999999999999,3.1666666666666665,be know crop favour expect pop appear
Mary,Tobin,3.392857142857143,1.0714285714285714,51.24999999999999,3.1666666666666665,be know crop favour expect pop appear
Mary,Tobin,3.392857142857143,1.0714285714285714,51.24999999999999,3.1666666666666665,be know crop favour expect pop appear
Williams,Wright,6.25,1.0416666666666665,42.70833333333333,6.0,be have see be do want see
Mary,Beth,3.2407407407407405,0.4629629629629629,55.55555555555556,7.0,know be be buy be tie
Mary,Beth,3.2407407407407405,0.4629629629629629,55.55555555555556,7.0,know be be buy be tie
Mary,Liz,3.125,0.0,51.42045454545454,INF,know have sit finish stick look
Mary,Liz,3.125,0.0,51.42045454545454,INF,know have sit finish stick look
Mary,Liz,3.125,0.0,51.42045454545454,INF,know have sit finish stick look
Mary,Liz,3.125,0.0,51.42045454545454,INF,know have sit finish stick look
Liz,Mary,3.125,0.0,51.42045454545454,INF,know have sit finish stick look
Mary,Liz,3.125,0.0,51.42045454545454,INF,know have sit finish stick look
Mary,Liz,3.125,0.0,51.42045454545454,INF,know have sit finish stick look
Mary,Liz,3.125,0.0,51.42045454545454,INF,know have sit finish stick look
Mary,Liz,0.4629629629629629,0.4629629629629629,50.92592592592593,1.0,get stick give
Mary,Liz,0.4629629629629629,0.4629629629629629,50.92592592592593,1.0,get stick give
Mary,Liz,0.4629629629629629,0.4629629629629629,50.92592592592593,1.0,get stick give
Mary,Liz,0.4629629629629629,0.4629629629629629,50.92592592592593,1.0,get stick give
Michael,Mary,0.0,0.0,53.333333333333336,INF,have say
Helen,Millie,3.4482758620689653,2.586206896551724,56.03448275862068,1.3333333333333333,close look expect change make
Helen,Millie,3.4482758620689653,2.586206896551724,56.03448275862068,1.3333333333333333,close look expect change make
Helen,Millie,3.4482758620689653,2.586206896551724,56.03448275862068,1.3333333333333333,close look expect change make
Patrick,Millie,3.653846153846154,1.9230769230769231,55.96153846153846,1.9,see be look be get climb be try help stand kick
Patrick,Millie,3.653846153846154,1.9230769230769231,55.96153846153846,1.9,see be look be get climb be try help stand kick
Patrick,Millie,3.653846153846154,1.9230769230769231,55.96153846153846,1.9,see be look be get climb be try help stand kick
Millie,Patrick,3.653846153846154,1.9230769230769231,55.96153846153846,1.9,see be look be get climb be try help stand kick
Millie,Patrick,3.653846153846154,1.9230769230769231,55.96153846153846,1.9,see be look be get climb be try help stand kick
Millie,Patrick,3.653846153846154,1.9230769230769231,55.96153846153846,1.9,see be look be get climb be try help stand kick
Patrick,Millie,3.653846153846154,1.9230769230769231,55.96153846153846,1.9,see be look be get climb be try help stand kick
Patrick,Millie,3.653846153846154,1.9230769230769231,55.96153846153846,1.9,see be look be get climb be try help stand kick
Millie,Patrick,3.653846153846154,1.9230769230769231,55.96153846153846,1.9,see be look be get climb be try help stand kick
Millie,Patrick,3.653846153846154,1.9230769230769231,55.96153846153846,1.9,see be look be get climb be try help stand kick
Patrick,Millie,3.653846153846154,1.9230769230769231,55.96153846153846,1.9,see be look be get climb be try help stand kick
Patrick,Millie,3.653846153846154,1.9230769230769231,55.96153846153846,1.9,see be look be get climb be try help stand kick
Patrick,Helen,2.5,1.6666666666666667,53.61111111111111,1.5,get back swing head say be shake say
Patrick,Helen,2.5,1.6666666666666667,53.61111111111111,1.5,get back swing head say be shake say
Patrick,Helen,2.5,1.6666666666666667,53.61111111111111,1.5,get back swing head say be shake say
Patrick,Helen,2.5,1.6666666666666667,53.61111111111111,1.5,get back swing head say be shake say
Millie,RCMP,0.5952380952380952,0.0,51.78571428571429,INF,say call do say
RCMP,Millie,0.5952380952380952,0.0,51.78571428571429,INF,say call do say
Keith,Madeline,0.5681818181818182,0.0,40.340909090909086,INF,say think be
Madeline,Keiran,1.5957446808510638,1.0638297872340425,54.78723404255319,1.5,finish make take decide be
Madeline,David,1.5957446808510638,1.0638297872340425,54.78723404255319,1.5,finish make take decide be
Keiran,David,1.5957446808510638,1.0638297872340425,54.78723404255319,1.5,finish make take decide be
Keiran,Madeline,3.977272727272727,3.4090909090909087,49.43181818181818,1.1666666666666667,move leave stick do smell
Keiran,Madeline,3.977272727272727,3.4090909090909087,49.43181818181818,1.1666666666666667,move leave stick do smell
Keiran,Madeline,3.977272727272727,3.4090909090909087,49.43181818181818,1.1666666666666667,move leave stick do smell
Keiran,David,1.5625,0.9765625,64.6484375,1.6,come work clean foul find collect
David,Madeline,2.5462962962962963,2.083333333333333,60.18518518518518,1.2222222222222223,tell dart be betray have spend be bind
David,Madeline,2.5462962962962963,2.083333333333333,60.18518518518518,1.2222222222222223,tell dart be betray have spend be bind
David,Madeline,2.5462962962962963,2.083333333333333,60.18518518518518,1.2222222222222223,tell dart be betray have spend be bind
Madeline,David,2.5462962962962963,2.083333333333333,60.18518518518518,1.2222222222222223,tell dart be betray have spend be bind
John,Mary,0.0,0.0,63.63636363636363,INF,be
John,Mary,1.2755102040816326,3.061224489795918,58.92857142857143,0.4166666666666667,imagine imagine look watch weave wait pull
John,Mary,1.25,3.3333333333333335,58.75,0.375,imagine have imagine be work stare
John,Mary,1.25,3.3333333333333335,58.75,0.375,imagine have imagine be work stare
John,Mary,1.25,3.3333333333333335,58.75,0.375,imagine have imagine be work stare
John,Mary,1.25,3.3333333333333335,58.75,0.375,imagine have imagine be work stare
John,Mary,6.25,1.25,50.5,5.0,be think need find feel be keep look have decide rest start
John,Mary,6.25,1.25,50.5,5.0,be think need find feel be keep look have decide rest start
John,Mary,0.9259259259259258,0.4629629629629629,61.57407407407407,2.0,try explain be give do seem get
John,Mary,0.9259259259259258,0.4629629629629629,61.57407407407407,2.0,try explain be give do seem get
John,Mary,2.380952380952381,0.5952380952380952,54.166666666666664,4.0,have be watch leave
John,Suzuki,2.380952380952381,0.5952380952380952,54.166666666666664,4.0,have be watch leave
Mary,Suzuki,2.380952380952381,0.5952380952380952,54.166666666666664,4.0,have be watch leave
Mary,Suzuki,3.009259259259259,2.083333333333333,61.57407407407407,1.4444444444444444,have reach set be look pool
Mary,John,3.009259259259259,2.083333333333333,61.57407407407407,1.4444444444444444,have reach set be look pool
Mary,Suzuki,3.009259259259259,2.083333333333333,61.57407407407407,1.4444444444444444,have reach set be look pool
Mary,John,3.009259259259259,2.083333333333333,61.57407407407407,1.4444444444444444,have reach set be look pool
Suzuki,John,3.009259259259259,2.083333333333333,61.57407407407407,1.4444444444444444,have reach set be look pool
Mary,John,2.8125,2.5,54.6875,1.125,arrive have call stand decide have be
John,Mary,5.47945205479452,1.8835616438356164,55.650684931506845,2.909090909090909,try talk be carry pancake look have realize be launch have be lie be have
Mary,John,5.47945205479452,1.8835616438356164,55.650684931506845,2.909090909090909,try talk be carry pancake look have realize be launch have be lie be have
Mary,John,5.47945205479452,1.8835616438356164,55.650684931506845,2.909090909090909,try talk be carry pancake look have realize be launch have be lie be have
Mary,John,2.7027027027027026,1.6891891891891893,63.17567567567568,1.6,listen hear have die tell have hear
Mary,John,2.7027027027027026,1.6891891891891893,63.17567567567568,1.6,listen hear have die tell have hear
Mary,John,2.7027027027027026,1.6891891891891893,63.17567567567568,1.6,listen hear have die tell have hear
John,Mary,2.7027027027027026,1.6891891891891893,63.17567567567568,1.6,listen hear have die tell have hear
John,Mary,0.8928571428571428,5.357142857142857,65.17857142857143,0.16666666666666666,look do
John,Mary,5.113636363636364,3.125,50.85227272727273,1.6363636363636365,think look find believe belong hear hear come
John,Mary,5.113636363636364,3.125,50.85227272727273,1.6363636363636365,think look find believe belong hear hear come
John,Mary,2.5186046511627906,4.167441860465116,53.779069767441854,0.6043526785714285,tell find hear make forbid imagine seduce
John,Mary,2.5186046511627906,4.167441860465116,53.779069767441854,0.6043526785714285,tell find hear make forbid imagine seduce
Mary,John,2.5186046511627906,4.167441860465116,53.779069767441854,0.6043526785714285,tell find hear make forbid imagine seduce
Mary,John,2.5186046511627906,4.167441860465116,53.779069767441854,0.6043526785714285,tell find hear make forbid imagine seduce
John,Mary,2.5186046511627906,4.167441860465116,53.779069767441854,0.6043526785714285,tell find hear make forbid imagine seduce
Mary,John,2.5186046511627906,4.167441860465116,53.779069767441854,0.6043526785714285,tell find hear make forbid imagine seduce
Mary,John,5.182926829268292,2.4390243902439024,58.231707317073166,2.125,be find hold throw prove make be
John,Mary,5.182926829268292,2.4390243902439024,58.231707317073166,2.125,be find hold throw prove make be
John,Mary,5.182926829268292,2.4390243902439024,58.231707317073166,2.125,be find hold throw prove make be
John,Mary,5.5,0.0,38.5,INF,hold want shake
John,Mary,5.5,0.0,38.5,INF,hold want shake
Mary,John,5.5,0.0,38.5,INF,hold want shake
John,Mary,5.5,0.0,38.5,INF,hold want shake
John,Mary,0.0,6.25,52.083333333333336,0.0,take
John,Mary,5.357142857142857,6.696428571428571,45.089285714285715,0.8,feel keep pin get leave be
John,Mary,4.6875,2.604166666666667,51.041666666666664,1.8,keep talk enjoy make flinch
John,Mary,4.6875,2.604166666666667,51.041666666666664,1.8,keep talk enjoy make flinch
John,Mary,4.6875,2.604166666666667,51.041666666666664,1.8,keep talk enjoy make flinch
John,Mary,1.1904761904761905,1.1904761904761905,57.14285714285714,1.0,reach roll curl fall think distract be cry
John,Mary,1.1904761904761905,1.1904761904761905,57.14285714285714,1.0,reach roll curl fall think distract be cry
John,Mary,1.1904761904761905,1.1904761904761905,57.14285714285714,1.0,reach roll curl fall think distract be cry
Mary,John,1.1904761904761905,1.1904761904761905,57.14285714285714,1.0,reach roll curl fall think distract be cry
Mary,John,1.1904761904761905,1.1904761904761905,57.14285714285714,1.0,reach roll curl fall think distract be cry
Mary,John,1.1904761904761905,1.1904761904761905,57.14285714285714,1.0,reach roll curl fall think distract be cry
Mary,John,1.1904761904761905,1.1904761904761905,57.14285714285714,1.0,reach roll curl fall think distract be cry
Mary,John,1.1904761904761905,1.1904761904761905,57.14285714285714,1.0,reach roll curl fall think distract be cry
Mary,John,1.1904761904761905,1.1904761904761905,57.14285714285714,1.0,reach roll curl fall think distract be cry
John,Mary,1.1904761904761905,1.1904761904761905,57.14285714285714,1.0,reach roll curl fall think distract be cry
John,Mary,1.1904761904761905,1.1904761904761905,57.14285714285714,1.0,reach roll curl fall think distract be cry
John,Mary,1.1904761904761905,1.1904761904761905,57.14285714285714,1.0,reach roll curl fall think distract be cry
John,Mary,1.8292682926829267,3.353658536585366,65.54878048780488,0.5454545454545454,surprise start talk go be amaze get
John,Mary,1.8292682926829267,3.353658536585366,65.54878048780488,0.5454545454545454,surprise start talk go be amaze get
John,Mary,1.8292682926829267,3.353658536585366,65.54878048780488,0.5454545454545454,surprise start talk go be amaze get
Mary,John,1.8292682926829267,3.353658536585366,65.54878048780488,0.5454545454545454,surprise start talk go be amaze get
Mary,John,1.8292682926829267,3.353658536585366,65.54878048780488,0.5454545454545454,surprise start talk go be amaze get
John,Mary,3.322784810126582,2.848101265822785,57.120253164556964,1.1666666666666667,see have be describe flatten have be mow have lose glimpse hear map
John,Mary,3.322784810126582,2.848101265822785,57.120253164556964,1.1666666666666667,see have be describe flatten have be mow have lose glimpse hear map
Mary,John,0.7352941176470588,4.044117647058823,45.220588235294116,0.18181818181818182,hate hiss imagine hang disconnect
John,Mary,5.147058823529411,0.0,59.55882352941176,INF,do answer catch have say
John,Mary,1.7857142857142856,1.3392857142857142,50.44642857142857,1.3333333333333333,run throw have be read miss
John,Mary,1.7857142857142856,1.3392857142857142,50.44642857142857,1.3333333333333333,run throw have be read miss
John,Mary,1.7857142857142856,1.3392857142857142,50.44642857142857,1.3333333333333333,run throw have be read miss
Mary,John,1.7857142857142856,1.3392857142857142,50.44642857142857,1.3333333333333333,run throw have be read miss
Mary,John,1.7857142857142856,1.3392857142857142,50.44642857142857,1.3333333333333333,run throw have be read miss
John,Mary,1.7857142857142856,1.3392857142857142,50.44642857142857,1.3333333333333333,run throw have be read miss
John,Mary,2.840909090909091,3.4090909090909087,48.29545454545455,0.8333333333333334,catch look
Mary,John,0.3205128205128205,0.9615384615384616,47.43589743589743,0.3333333333333333,leave start talk fix be talk look
Mary,John,0.3205128205128205,0.9615384615384616,47.43589743589743,0.3333333333333333,leave start talk fix be talk look
Mary,John,0.3205128205128205,0.9615384615384616,47.43589743589743,0.3333333333333333,leave start talk fix be talk look
Mary,John,0.3205128205128205,0.9615384615384616,47.43589743589743,0.3333333333333333,leave start talk fix be talk look
Mary,John,0.3205128205128205,0.9615384615384616,47.43589743589743,0.3333333333333333,leave start talk fix be talk look
Mary,John,0.3205128205128205,0.9615384615384616,47.43589743589743,0.3333333333333333,leave start talk fix be talk look
Mary,John,0.3205128205128205,0.9615384615384616,47.43589743589743,0.3333333333333333,leave start talk fix be talk look
Mary,John,0.3205128205128205,0.9615384615384616,47.43589743589743,0.3333333333333333,leave start talk fix be talk look
Mary,John,4.838709677419355,4.032258064516129,52.41935483870967,1.2,be work try find do think be hit
Mary,John,4.838709677419355,4.032258064516129,52.41935483870967,1.2,be work try find do think be hit
Mary,John,4.838709677419355,4.032258064516129,52.41935483870967,1.2,be work try find do think be hit
Mary,John,4.838709677419355,4.032258064516129,52.41935483870967,1.2,be work try find do think be hit
John,Mary,4.838709677419355,4.032258064516129,52.41935483870967,1.2,be work try find do think be hit
John,Mary,4.838709677419355,4.032258064516129,52.41935483870967,1.2,be work try find do think be hit
Mary,John,4.838709677419355,4.032258064516129,52.41935483870967,1.2,be work try find do think be hit
John,Mary,4.838709677419355,4.032258064516129,52.41935483870967,1.2,be work try find do think be hit
Mary,John,2.314814814814815,3.2407407407407405,53.70370370370371,0.7142857142857143,have come think have lecture
Mary,John,2.314814814814815,3.2407407407407405,53.70370370370371,0.7142857142857143,have come think have lecture
John,Mary,2.314814814814815,3.2407407407407405,53.70370370370371,0.7142857142857143,have come think have lecture
Mary,John,2.314814814814815,3.2407407407407405,53.70370370370371,0.7142857142857143,have come think have lecture
Mary,John,0.8064516129032258,1.2096774193548387,49.596774193548384,0.6666666666666666,watch recognize practise flow reprise
Mary,John,0.8064516129032258,1.2096774193548387,49.596774193548384,0.6666666666666666,watch recognize practise flow reprise
Mary,John,0.8064516129032258,1.2096774193548387,49.596774193548384,0.6666666666666666,watch recognize practise flow reprise
John,Mary,0.8064516129032258,1.2096774193548387,49.596774193548384,0.6666666666666666,watch recognize practise flow reprise
Mary,John,0.8064516129032258,1.2096774193548387,49.596774193548384,0.6666666666666666,watch recognize practise flow reprise
Mary,John,0.8064516129032258,1.2096774193548387,49.596774193548384,0.6666666666666666,watch recognize practise flow reprise
John,Mary,0.0,3.90625,52.34375,0.0,be pause cut
Mary,John,0.0,3.90625,52.34375,0.0,be pause cut
Mary,John,0.390625,0.0,52.734375,INF,pause say say do think do
Mary,John,0.390625,0.0,52.734375,INF,pause say say do think do
John,Mary,0.390625,0.0,52.734375,INF,pause say say do think do
Mary,John,0.390625,0.0,52.734375,INF,pause say say do think do
John,Mary,4.838709677419355,2.0161290322580645,51.20967741935484,2.4,drive try reach find
Mary,John,4.838709677419355,2.0161290322580645,51.20967741935484,2.4,drive try reach find
John,Mary,0.9615384615384616,0.0,52.88461538461539,INF,graze snatch
John,Mary,0.9615384615384616,0.0,52.88461538461539,INF,graze snatch
John,Mary,0.9615384615384616,0.0,52.88461538461539,INF,graze snatch
Mary,John,1.3392857142857142,2.6785714285714284,60.26785714285714,0.5,wash turn close think have be accuse click
Mary,John,1.3392857142857142,2.6785714285714284,60.26785714285714,0.5,wash turn close think have be accuse click
Williams,Carter,0.0,0.0,64.0,INF,
Williams,Wright,0.0,0.0,64.0,INF,
Carter,Wright,0.0,0.0,64.0,INF,
Beth,Michael,4.861111111111112,1.3888888888888888,54.861111111111114,3.5,serve find call think know call
Michael,Beth,4.861111111111112,1.3888888888888888,54.861111111111114,3.5,serve find call think know call
Michael,Beth,4.861111111111112,1.3888888888888888,54.861111111111114,3.5,serve find call think know call
Dave,Prescott,1.9230769230769231,2.564102564102564,57.05128205128205,0.75,watch walk catch look look be see topple
Dave,Prescott,1.9230769230769231,2.564102564102564,57.05128205128205,0.75,watch walk catch look look be see topple
Dave,Prescott,1.7578125,0.5859375,61.71875,3.0,watch do feel lighten have realize be wait do have do have keep ration
Prescott,Dave,1.7578125,0.5859375,61.71875,3.0,watch do feel lighten have realize be wait do have do have keep ration
Prescott,Dave,1.7578125,0.5859375,61.71875,3.0,watch do feel lighten have realize be wait do have do have keep ration
Prescott,Dave,1.7578125,0.5859375,61.71875,3.0,watch do feel lighten have realize be wait do have do have keep ration
Dave,Linda,1.25,1.25,50.0,1.0,know have stay manage cut look ask do come
Linda,Dave,1.25,1.25,50.0,1.0,know have stay manage cut look ask do come
Linda,Dave,1.25,1.25,50.0,1.0,know have stay manage cut look ask do come
Dave,Linda,2.232142857142857,0.8928571428571428,61.16071428571429,2.5,have tell start buy be
Linda,Dave,2.232142857142857,0.8928571428571428,61.16071428571429,2.5,have tell start buy be
Dave,Linda,5.46875,1.5625,42.96875,3.5,wonder be wonder be
Dave,Linda,5.46875,1.5625,42.96875,3.5,wonder be wonder be
Tony,Dave,1.0416666666666665,3.125,29.166666666666668,0.3333333333333333,say rasp
Tony,Dave,1.0416666666666665,3.125,29.166666666666668,0.3333333333333333,say rasp
Patty,Dave,2.0348837209302326,0.0,51.45348837209303,INF,be bring wheel be surprise be
Patty,Dave,2.0348837209302326,0.0,51.45348837209303,INF,be bring wheel be surprise be
Patty,Dave,2.0348837209302326,0.0,51.45348837209303,INF,be bring wheel be surprise be
Tony,Dave,3.125,2.604166666666667,48.4375,1.2,be drive hear jog call
Tony,Dave,3.125,2.604166666666667,48.4375,1.2,be drive hear jog call
Tony,Dave,3.125,2.604166666666667,48.4375,1.2,be drive hear jog call
Tony,Dave,5.288461538461538,0.0,48.55769230769231,INF,look be lie make
Tony,Dave,5.288461538461538,0.0,48.55769230769231,INF,look be lie make
Dave,Tony,3.6764705882352944,5.147058823529411,50.0,0.7142857142857143,be hear say
Dave,Tony,3.6764705882352944,5.147058823529411,50.0,0.7142857142857143,be hear say
Tony,Dave,3.6764705882352944,5.147058823529411,50.0,0.7142857142857143,be hear say
Dave,Patty,1.1904761904761905,0.5952380952380952,64.88095238095238,2.0,watch watch brace relax
Dave,Patty,1.1904761904761905,0.5952380952380952,64.88095238095238,2.0,watch watch brace relax
Patty,Dave,1.3157894736842104,0.0,46.05263157894737,INF,do look do look have connect
Patty,Dave,1.3157894736842104,0.0,46.05263157894737,INF,do look do look have connect
Tony,Dave,0.0,0.5681818181818182,44.88636363636363,0.0,be talk give
Dave,Tony,0.8064516129032258,0.0,54.03225806451613,INF,be see have slide
Dave,Patty,0.8064516129032258,0.0,54.03225806451613,INF,be see have slide
Dave,Tony,0.8064516129032258,0.0,54.03225806451613,INF,be see have slide
Dave,Patty,0.8064516129032258,0.0,54.03225806451613,INF,be see have slide
Tony,Patty,0.8064516129032258,0.0,54.03225806451613,INF,be see have slide
Dave,Tony,4.891304347826087,5.434782608695652,37.5,0.9,be need say
Dave,Tony,0.0,0.0,70.58823529411765,INF,see be speak
Keith,Anna,1.2681159420289856,0.5434782608695652,59.05797101449275,2.3333333333333335,have listen call scent turn triangulate rush join pull take
Keith,Anna,1.2681159420289856,0.5434782608695652,59.05797101449275,2.3333333333333335,have listen call scent turn triangulate rush join pull take
Keith,Anna,1.2681159420289856,0.5434782608695652,59.05797101449275,2.3333333333333335,have listen call scent turn triangulate rush join pull take
Keith,Anna,1.2681159420289856,0.5434782608695652,59.05797101449275,2.3333333333333335,have listen call scent turn triangulate rush join pull take
Anna,Keith,1.2681159420289856,0.5434782608695652,59.05797101449275,2.3333333333333335,have listen call scent turn triangulate rush join pull take
Anna,Keith,1.2681159420289856,0.5434782608695652,59.05797101449275,2.3333333333333335,have listen call scent turn triangulate rush join pull take
Anna,Keith,1.2681159420289856,0.5434782608695652,59.05797101449275,2.3333333333333335,have listen call scent turn triangulate rush join pull take
Anna,Keith,5.681818181818182,3.977272727272727,40.340909090909086,1.4285714285714286,be expect obey be
Anna,Keith,0.0,0.0,66.66666666666666,INF,be pull
Anna,Keith,1.9230769230769231,1.9230769230769231,46.15384615384615,1.0,think start be melt
Keith,Anna,6.097560975609756,2.7439024390243905,47.256097560975604,2.2222222222222223,help think stay be do have manage drag make
Keith,Anna,6.097560975609756,2.7439024390243905,47.256097560975604,2.2222222222222223,help think stay be do have manage drag make
Keith,Anna,6.097560975609756,2.7439024390243905,47.256097560975604,2.2222222222222223,help think stay be do have manage drag make
Anna,Keith,6.097560975609756,2.7439024390243905,47.256097560975604,2.2222222222222223,help think stay be do have manage drag make
Anna,Keith,6.097560975609756,2.7439024390243905,47.256097560975604,2.2222222222222223,help think stay be do have manage drag make
Keith,Anna,6.097560975609756,2.7439024390243905,47.256097560975604,2.2222222222222223,help think stay be do have manage drag make
Keith,Anna,2.4390243902439024,4.573170731707317,49.08536585365854,0.5333333333333333,be be be
Keith,Anna,5.523255813953488,4.3604651162790695,55.23255813953488,1.2666666666666666,think guess be have settle be have work rear
Keith,Anna,5.523255813953488,4.3604651162790695,55.23255813953488,1.2666666666666666,think guess be have settle be have work rear
Anna,Keith,5.523255813953488,4.3604651162790695,55.23255813953488,1.2666666666666666,think guess be have settle be have work rear
Keith,Anna,3.6290322580645165,4.032258064516129,47.17741935483871,0.9,have be find crop be exist mention
Keith,Anna,3.9215686274509802,1.4705882352941175,61.274509803921575,2.6666666666666665,know be know tell be think be skate think measure do spend consider be go
Keith,Anna,3.9215686274509802,1.4705882352941175,61.274509803921575,2.6666666666666665,know be know tell be think be skate think measure do spend consider be go
Anna,Keith,3.9215686274509802,1.4705882352941175,61.274509803921575,2.6666666666666665,know be know tell be think be skate think measure do spend consider be go
Anna,Keith,3.9215686274509802,1.4705882352941175,61.274509803921575,2.6666666666666665,know be know tell be think be skate think measure do spend consider be go
Anna,Keith,3.9215686274509802,1.4705882352941175,61.274509803921575,2.6666666666666665,know be know tell be think be skate think measure do spend consider be go
Anna,Keith,5.357142857142857,0.8928571428571428,65.17857142857143,6.0,see come think
Anna,Keith,3.5000000000000004,3.75,44.75,0.9333333333333333,have talk outline agree worry do set crush fall
Anna,Keith,3.5000000000000004,3.75,44.75,0.9333333333333333,have talk outline agree worry do set crush fall
Anna,Keith,2.604166666666667,0.5208333333333333,59.375,5.0,explain listen seem come do understand
Anna,Keith,2.604166666666667,0.5208333333333333,59.375,5.0,explain listen seem come do understand
Anna,Keith,5.241935483870968,0.8064516129032258,48.79032258064516,6.5,argue confuse think have say
Anna,Keith,5.241935483870968,0.8064516129032258,48.79032258064516,6.5,argue confuse think have say
Anna,Keith,5.241935483870968,0.8064516129032258,48.79032258064516,6.5,argue confuse think have say
Anna,Keith,3.571428571428571,3.571428571428571,59.523809523809526,1.0,shout be be do
Keith,Anna,3.571428571428571,3.571428571428571,59.523809523809526,1.0,shout be be do
Keith,Anna,3.508771929824561,3.7280701754385963,50.6578947368421,0.9411764705882353,go find mind try tell be get do like
Keith,Anna,3.508771929824561,3.7280701754385963,50.6578947368421,0.9411764705882353,go find mind try tell be get do like
Keith,Anna,3.508771929824561,3.7280701754385963,50.6578947368421,0.9411764705882353,go find mind try tell be get do like
Keith,Anna,3.508771929824561,3.7280701754385963,50.6578947368421,0.9411764705882353,go find mind try tell be get do like
Keith,Anna,3.125,0.0,57.986111111111114,INF,tell be run do feel do welcome
Keith,Anna,3.125,0.0,57.986111111111114,INF,tell be run do feel do welcome
Keith,Anna,3.125,0.0,57.986111111111114,INF,tell be run do feel do welcome
Keith,Anna,2.840909090909091,4.829545454545454,46.875,0.5882352941176471,force think run know be beckon have lose
Keith,Anna,2.840909090909091,4.829545454545454,46.875,0.5882352941176471,force think run know be beckon have lose
Keith,Anna,4.061538461538461,5.073076923076923,48.55769230769231,0.8006065200909781,be have come
Keith,Anna,4.061538461538461,5.073076923076923,48.55769230769231,0.8006065200909781,be have come
Keith,Anna,4.061538461538461,5.073076923076923,48.55769230769231,0.8006065200909781,be have come
Anna,Keith,8.333333333333332,4.761904761904762,53.57142857142857,1.75,be know be make refuse recognize
Anna,Keith,8.333333333333332,4.761904761904762,53.57142857142857,1.75,be know be make refuse recognize
Keith,Anna,5.714285714285714,5.714285714285714,37.142857142857146,1.0,know play feel wound be find blame
Keith,Anna,5.714285714285714,5.714285714285714,37.142857142857146,1.0,know play feel wound be find blame
Anna,Keith,3.3333333333333335,0.8333333333333334,62.5,4.0,come find cut rise
Anna,Keith,3.3333333333333335,0.8333333333333334,62.5,4.0,come find cut rise
Keith,Anna,1.1363636363636365,0.0,58.86363636363636,INF,do know be keep come ruddy turn search head
Keith,Anna,1.1363636363636365,0.0,58.86363636363636,INF,do know be keep come ruddy turn search head
Keith,Anna,1.1363636363636365,0.0,58.86363636363636,INF,do know be keep come ruddy turn search head
Keith,Anna,1.1363636363636365,0.0,58.86363636363636,INF,do know be keep come ruddy turn search head
Keith,Anna,1.1363636363636365,0.0,58.86363636363636,INF,do know be keep come ruddy turn search head
Keith,Anna,1.1363636363636365,0.0,58.86363636363636,INF,do know be keep come ruddy turn search head
Anna,Keith,3.8461538461538463,2.8846153846153846,57.37179487179487,1.3333333333333333,do keep do notice be light rise
Keith,Anna,0.5434782608695652,0.0,73.36956521739131,INF,move have prepare do seem mind
Anna,Keith,7.8125,3.4375000000000004,61.25000000000001,2.272727272727273,do seem care look take be talk
Anna,Keith,7.8125,3.4375000000000004,61.25000000000001,2.272727272727273,do seem care look take be talk
Anna,Keith,7.8125,3.4375000000000004,61.25000000000001,2.272727272727273,do seem care look take be talk
Keith,Anna,7.8125,3.4375000000000004,61.25000000000001,2.272727272727273,do seem care look take be talk
Keith,Anna,7.8125,3.4375000000000004,61.25000000000001,2.272727272727273,do seem care look take be talk
Anna,Keith,7.8125,3.4375000000000004,61.25000000000001,2.272727272727273,do seem care look take be talk
Anna,Keith,2.631578947368421,0.0,55.26315789473685,INF,be lean rejoin look
Anna,Keith,2.631578947368421,0.0,55.26315789473685,INF,be lean rejoin look
Keith,Anna,4.166666666666666,4.861111111111112,42.824074074074076,0.8571428571428571,wonder have realize have become have learn keep move pass be
Keith,Anna,0.7352941176470588,4.411764705882353,56.61764705882353,0.16666666666666666,be notice feel occur have be recognize build
Anna,Keith,5.092592592592593,1.8518518518518516,63.42592592592593,2.75,have be see do be have fall
Keith,Anna,5.092592592592593,1.8518518518518516,63.42592592592593,2.75,have be see do be have fall
Keith,Anna,1.8382352941176472,0.3676470588235294,44.85294117647059,5.0,decide fall strike fall be suppose be overlook
Keith,Anna,1.8382352941176472,0.3676470588235294,44.85294117647059,5.0,decide fall strike fall be suppose be overlook
Keith,Anna,1.8382352941176472,0.3676470588235294,44.85294117647059,5.0,decide fall strike fall be suppose be overlook
Keith,Anna,1.8382352941176472,0.3676470588235294,44.85294117647059,5.0,decide fall strike fall be suppose be overlook
Keith,Anna,1.8382352941176472,0.3676470588235294,44.85294117647059,5.0,decide fall strike fall be suppose be overlook
Keith,Anna,1.8382352941176472,0.3676470588235294,44.85294117647059,5.0,decide fall strike fall be suppose be overlook
Keith,Anna,2.717391304347826,1.0869565217391304,61.41304347826087,2.5,watch drink measure look
Keith,Anna,2.717391304347826,1.0869565217391304,61.41304347826087,2.5,watch drink measure look
Keith,Anna,2.717391304347826,1.0869565217391304,61.41304347826087,2.5,watch drink measure look
Anna,Keith,2.717391304347826,1.0869565217391304,61.41304347826087,2.5,watch drink measure look
Anna,Keith,2.717391304347826,1.0869565217391304,61.41304347826087,2.5,watch drink measure look
Anna,Keith,2.717391304347826,1.0869565217391304,61.41304347826087,2.5,watch drink measure look
Anna,Keith,1.893939393939394,3.4090909090909087,52.27272727272727,0.5555555555555556,have be work say put set
Keith,Anna,1.893939393939394,3.4090909090909087,52.27272727272727,0.5555555555555556,have be work say put set
Keith,Anna,1.893939393939394,3.4090909090909087,52.27272727272727,0.5555555555555556,have be work say put set
Anna,Keith,5.46875,0.0,44.53125,INF,pull kiss smile
Keith,Anna,5.46875,0.0,44.53125,INF,pull kiss smile
Anna,Keith,0.0,0.0,52.17391304347826,INF,be reach put
Keith,Anna,3.9473684210526314,0.9868421052631579,58.223684210526315,4.0,smell remember
Anna,Keith,3.9473684210526314,0.9868421052631579,58.223684210526315,4.0,smell remember
Anna,Keith,3.6764705882352944,1.1029411764705883,54.04411764705882,3.3333333333333335,have weave run course
Anna,Keith,3.6764705882352944,1.1029411764705883,54.04411764705882,3.3333333333333335,have weave run course
Anna,Keith,3.6764705882352944,1.1029411764705883,54.04411764705882,3.3333333333333335,have weave run course
Anna,Keith,3.6764705882352944,1.1029411764705883,54.04411764705882,3.3333333333333335,have weave run course
