NAME 1,NAME 2,% POS,% NEG,% NEUTRAL,POS:NEG,VERBS
Hazel,Gus,1.7857142857142856,1.7857142857142856,53.57142857142857,1.0,invite live
John,Will Grayson,1.6129032258064515,1.6129032258064515,32.25806451612903,1.0,win look |
John,Will Grayson,1.6129032258064515,1.6129032258064515,32.25806451612903,1.0,win look |
John,DAVID LEVITHAN,1.6129032258064515,1.6129032258064515,32.25806451612903,1.0,win look |
John,DUTTON,1.6129032258064515,1.6129032258064515,32.25806451612903,1.0,win look |
John,Penguin Group,1.6129032258064515,1.6129032258064515,32.25806451612903,1.0,win look |
John,USA -RRB- Inc.,1.6129032258064515,1.6129032258064515,32.25806451612903,1.0,win look |
Will Grayson,DAVID LEVITHAN,1.6129032258064515,1.6129032258064515,32.25806451612903,1.0,win look |
Will Grayson,DUTTON,1.6129032258064515,1.6129032258064515,32.25806451612903,1.0,win look |
Will Grayson,Penguin Group,1.6129032258064515,1.6129032258064515,32.25806451612903,1.0,win look |
Will Grayson,USA -RRB- Inc.,1.6129032258064515,1.6129032258064515,32.25806451612903,1.0,win look |
Will Grayson,DAVID LEVITHAN,1.6129032258064515,1.6129032258064515,32.25806451612903,1.0,win look |
Will Grayson,DUTTON,1.6129032258064515,1.6129032258064515,32.25806451612903,1.0,win look |
Will Grayson,Penguin Group,1.6129032258064515,1.6129032258064515,32.25806451612903,1.0,win look |
Will Grayson,USA -RRB- Inc.,1.6129032258064515,1.6129032258064515,32.25806451612903,1.0,win look |
DAVID LEVITHAN,DUTTON,1.6129032258064515,1.6129032258064515,32.25806451612903,1.0,win look |
DAVID LEVITHAN,Penguin Group,1.6129032258064515,1.6129032258064515,32.25806451612903,1.0,win look |
DAVID LEVITHAN,USA -RRB- Inc.,1.6129032258064515,1.6129032258064515,32.25806451612903,1.0,win look |
DUTTON,Penguin Group,1.6129032258064515,1.6129032258064515,32.25806451612903,1.0,win look |
DUTTON,USA -RRB- Inc.,1.6129032258064515,1.6129032258064515,32.25806451612903,1.0,win look |
Penguin Group,USA -RRB- Inc.,1.6129032258064515,1.6129032258064515,32.25806451612903,1.0,win look |
Penguin Group,USA -RRB- Inc.,1.056338028169014,0.05868544600938967,45.363849765258216,18.0,publish | be
Penguin Group,Penguin Books Ltd,1.056338028169014,0.05868544600938967,45.363849765258216,18.0,publish | be
Penguin Group,John,1.056338028169014,0.05868544600938967,45.363849765258216,18.0,publish | be
Penguin Group,Penguin Books Ltd,1.056338028169014,0.05868544600938967,45.363849765258216,18.0,publish | be
Penguin Group,Penguin Books Ltd,1.056338028169014,0.05868544600938967,45.363849765258216,18.0,publish | be
Penguin Group,Penguin Books Ltd,1.056338028169014,0.05868544600938967,45.363849765258216,18.0,publish | be
Penguin Group,Penguin Books Ltd,1.056338028169014,0.05868544600938967,45.363849765258216,18.0,publish | be
Penguin Group,Penguin Books Ltd,1.056338028169014,0.05868544600938967,45.363849765258216,18.0,publish | be
Penguin Group,Penguin Books Ltd,1.056338028169014,0.05868544600938967,45.363849765258216,18.0,publish | be
Penguin Group,USA -RRB- Inc.,1.056338028169014,0.05868544600938967,45.363849765258216,18.0,publish | be
Penguin Group,Penguin Books Ltd,1.056338028169014,0.05868544600938967,45.363849765258216,18.0,publish | be
Penguin Group,John,1.056338028169014,0.05868544600938967,45.363849765258216,18.0,publish | be
Penguin Group,Penguin Books Ltd,1.056338028169014,0.05868544600938967,45.363849765258216,18.0,publish | be
Penguin Group,Penguin Books Ltd,1.056338028169014,0.05868544600938967,45.363849765258216,18.0,publish | be
Penguin Group,Penguin Books Ltd,1.056338028169014,0.05868544600938967,45.363849765258216,18.0,publish | be
Penguin Group,Penguin Books Ltd,1.056338028169014,0.05868544600938967,45.363849765258216,18.0,publish | be
Penguin Group,Penguin Books Ltd,1.056338028169014,0.05868544600938967,45.363849765258216,18.0,publish | be
Penguin Group,Penguin Books Ltd,1.056338028169014,0.05868544600938967,45.363849765258216,18.0,publish | be
USA -RRB- Inc.,Penguin Group,1.056338028169014,0.05868544600938967,45.363849765258216,18.0,publish | be
USA -RRB- Inc.,Penguin Books Ltd,1.056338028169014,0.05868544600938967,45.363849765258216,18.0,publish | be
USA -RRB- Inc.,John,1.056338028169014,0.05868544600938967,45.363849765258216,18.0,publish | be
USA -RRB- Inc.,Penguin Books Ltd,1.056338028169014,0.05868544600938967,45.363849765258216,18.0,publish | be
USA -RRB- Inc.,Penguin Group,1.056338028169014,0.05868544600938967,45.363849765258216,18.0,publish | be
USA -RRB- Inc.,Penguin Books Ltd,1.056338028169014,0.05868544600938967,45.363849765258216,18.0,publish | be
USA -RRB- Inc.,Penguin Books Ltd,1.056338028169014,0.05868544600938967,45.363849765258216,18.0,publish | be
USA -RRB- Inc.,Penguin Group,1.056338028169014,0.05868544600938967,45.363849765258216,18.0,publish | be
USA -RRB- Inc.,Penguin Books Ltd,1.056338028169014,0.05868544600938967,45.363849765258216,18.0,publish | be
USA -RRB- Inc.,Penguin Books Ltd,1.056338028169014,0.05868544600938967,45.363849765258216,18.0,publish | be
USA -RRB- Inc.,Penguin Books Ltd,1.056338028169014,0.05868544600938967,45.363849765258216,18.0,publish | be
Penguin Group,Penguin Books Ltd,1.056338028169014,0.05868544600938967,45.363849765258216,18.0,publish | be
Penguin Group,John,1.056338028169014,0.05868544600938967,45.363849765258216,18.0,publish | be
Penguin Group,Penguin Books Ltd,1.056338028169014,0.05868544600938967,45.363849765258216,18.0,publish | be
Penguin Group,Penguin Books Ltd,1.056338028169014,0.05868544600938967,45.363849765258216,18.0,publish | be
Penguin Group,Penguin Books Ltd,1.056338028169014,0.05868544600938967,45.363849765258216,18.0,publish | be
Penguin Group,Penguin Books Ltd,1.056338028169014,0.05868544600938967,45.363849765258216,18.0,publish | be
Penguin Group,Penguin Books Ltd,1.056338028169014,0.05868544600938967,45.363849765258216,18.0,publish | be
Penguin Group,Penguin Books Ltd,1.056338028169014,0.05868544600938967,45.363849765258216,18.0,publish | be
Penguin Books Ltd,John,1.056338028169014,0.05868544600938967,45.363849765258216,18.0,publish | be
Penguin Books Ltd,Penguin Group,1.056338028169014,0.05868544600938967,45.363849765258216,18.0,publish | be
Penguin Books Ltd,Penguin Group,1.056338028169014,0.05868544600938967,45.363849765258216,18.0,publish | be
John,Penguin Books Ltd,1.056338028169014,0.05868544600938967,45.363849765258216,18.0,publish | be
John,Penguin Group,1.056338028169014,0.05868544600938967,45.363849765258216,18.0,publish | be
John,Penguin Books Ltd,1.056338028169014,0.05868544600938967,45.363849765258216,18.0,publish | be
John,Penguin Books Ltd,1.056338028169014,0.05868544600938967,45.363849765258216,18.0,publish | be
John,Penguin Group,1.056338028169014,0.05868544600938967,45.363849765258216,18.0,publish | be
John,Penguin Books Ltd,1.056338028169014,0.05868544600938967,45.363849765258216,18.0,publish | be
John,Penguin Books Ltd,1.056338028169014,0.05868544600938967,45.363849765258216,18.0,publish | be
John,Penguin Books Ltd,1.056338028169014,0.05868544600938967,45.363849765258216,18.0,publish | be
Penguin Books Ltd,Penguin Group,1.056338028169014,0.05868544600938967,45.363849765258216,18.0,publish | be
Penguin Books Ltd,Penguin Group,1.056338028169014,0.05868544600938967,45.363849765258216,18.0,publish | be
Penguin Group,Penguin Books Ltd,1.056338028169014,0.05868544600938967,45.363849765258216,18.0,publish | be
Penguin Group,Penguin Books Ltd,1.056338028169014,0.05868544600938967,45.363849765258216,18.0,publish | be
Penguin Group,Penguin Books Ltd,1.056338028169014,0.05868544600938967,45.363849765258216,18.0,publish | be
Penguin Group,Penguin Books Ltd,1.056338028169014,0.05868544600938967,45.363849765258216,18.0,publish | be
Penguin Group,Penguin Books Ltd,1.056338028169014,0.05868544600938967,45.363849765258216,18.0,publish | be
Penguin Books Ltd,Penguin Group,1.056338028169014,0.05868544600938967,45.363849765258216,18.0,publish | be
Penguin Books Ltd,Penguin Group,1.056338028169014,0.05868544600938967,45.363849765258216,18.0,publish | be
Penguin Group,Penguin Books Ltd,1.056338028169014,0.05868544600938967,45.363849765258216,18.0,publish | be
Penguin Group,Penguin Books Ltd,1.056338028169014,0.05868544600938967,45.363849765258216,18.0,publish | be
Penguin Group,Penguin Books Ltd,1.056338028169014,0.05868544600938967,45.363849765258216,18.0,publish | be
Penguin Group,USA -RRB- Inc.,0.0,0.0,57.89473684210527,INF,publish
Irene Vandervoort,Earl,1.6666666666666667,2.5,46.94444444444444,0.6666666666666666,design wash face
Patrick,Support Group,2.941176470588235,2.941176470588235,56.86274509803921,1.0,notice talk freak be sit
Patrick,Jesus,2.941176470588235,2.941176470588235,56.86274509803921,1.0,notice talk freak be sit
Support Group,Jesus,2.941176470588235,2.941176470588235,56.86274509803921,1.0,notice talk freak be sit
Support Group,Isaac,0.9259259259259258,0.9259259259259258,68.51851851851852,1.0,be name sweep
Augustus,Support Group,2.4193548387096775,0.4032258064516129,60.08064516129033,6.0,make try get sit have see
Isaac,Patrick,0.0,0.0,30.76923076923077,INF,be say
Isaac,Support Group,2.941176470588235,1.8382352941176472,51.10294117647059,1.6,say have attend feel feel brag tickle
Isaac,Support Group,2.941176470588235,1.8382352941176472,51.10294117647059,1.6,say have attend feel feel brag tickle
Support Group,Isaac,2.941176470588235,1.8382352941176472,51.10294117647059,1.6,say have attend feel feel brag tickle
Augustus,Patrick,0.0,0.0,60.0,INF,smile
Augustus,Patrick,0.4629629629629629,3.2407407407407405,44.44444444444444,0.14285714285714285,speak say like share
Patrick,Augustus,0.4629629629629629,3.2407407407407405,44.44444444444444,0.14285714285714285,speak say like share
Isaac,Patrick,3.4722222222222223,1.3888888888888888,61.80555555555556,2.5,be laugh raise say please
Isaac,Augustus,3.4722222222222223,1.3888888888888888,61.80555555555556,2.5,be laugh raise say please
Patrick,Augustus,3.4722222222222223,1.3888888888888888,61.80555555555556,2.5,be laugh raise say please
Patrick,Hazel,4.605263157894736,3.9473684210526314,38.81578947368421,1.1666666666666667,raise say
Patrick,Hazel,4.605263157894736,3.9473684210526314,38.81578947368421,1.1666666666666667,raise say
Isaac,Michael,1.6666666666666667,0.8333333333333334,34.166666666666664,2.0,pray
Isaac,Augustus,1.6666666666666667,0.8333333333333334,34.166666666666664,2.0,pray
Isaac,Hazel,1.6666666666666667,0.8333333333333334,34.166666666666664,2.0,pray
Michael,Augustus,1.6666666666666667,0.8333333333333334,34.166666666666664,2.0,pray
Michael,Hazel,1.6666666666666667,0.8333333333333334,34.166666666666664,2.0,pray
Augustus,Hazel,1.6666666666666667,0.8333333333333334,34.166666666666664,2.0,pray
Augustus,Patrick,0.0,0.0,57.14285714285714,INF,push walk
Patrick,Isaac,9.615384615384617,1.9230769230769231,50.0,5.0,be say walk
Augustus,Isaac,0.0,0.0,52.94117647058824,INF,hold say raise turn
Augustus,Isaac,1.1363636363636365,0.0,71.5909090909091,INF,lean think hear
Isaac,Augustus,0.6944444444444444,0.0,49.30555555555556,INF,hear respond say
Jesus,Isaac,0.0,0.8928571428571428,49.107142857142854,0.0,be say
Jesus,Augustus,0.3676470588235294,2.941176470588235,49.63235294117647,0.125,tell say be stick be hear
Augustus,Jesus,0.3676470588235294,2.941176470588235,49.63235294117647,0.125,tell say be stick be hear
Augustus,Jesus,0.3676470588235294,2.941176470588235,49.63235294117647,0.125,tell say be stick be hear
Michael,Alisa,0.0,0.9615384615384616,68.26923076923077,0.0,drive take
Augustus,Isaac,4.464285714285714,2.6785714285714284,57.14285714285714,1.6666666666666667,be watch proceed be lean
Augustus,Monica,4.464285714285714,2.6785714285714284,57.14285714285714,1.6666666666666667,be watch proceed be lean
Isaac,Monica,4.464285714285714,2.6785714285714284,57.14285714285714,1.6666666666666667,be watch proceed be lean
Isaac,Monica,3.804347826086957,0.0,57.065217391304344,INF,reach paw move
Isaac,Monica,3.804347826086957,0.0,57.065217391304344,INF,reach paw move
Monica,Isaac,3.804347826086957,0.0,57.065217391304344,INF,reach paw move
Monica,Isaac,3.804347826086957,0.0,57.065217391304344,INF,reach paw move
Monica,Isaac,3.804347826086957,0.0,57.065217391304344,INF,reach paw move
Monica,Isaac,3.804347826086957,0.0,57.065217391304344,INF,reach paw move
Augustus,Hazel,0.625,0.625,53.75,1.0,look say be kill
Isaac,Support Group,0.0,0.0,44.44444444444444,INF,be
Augustus,Gus,3.977272727272727,0.0,59.65909090909091,INF,pause try figure be calibrate please
Augustus,Gus,2.7777777777777777,1.8518518518518516,56.481481481481474,1.5,give throw need be say look wrap say be kid
Augustus,Gus,2.7777777777777777,1.8518518518518516,56.481481481481474,1.5,give throw need be say look wrap say be kid
Augustus,Gus,2.7777777777777777,1.8518518518518516,56.481481481481474,1.5,give throw need be say look wrap say be kid
Augustus,Gus,2.7777777777777777,1.8518518518518516,56.481481481481474,1.5,give throw need be say look wrap say be kid
Augustus,Dad,2.7777777777777777,1.8518518518518516,56.481481481481474,1.5,give throw need be say look wrap say be kid
Gus,Dad,2.7777777777777777,1.8518518518518516,56.481481481481474,1.5,give throw need be say look wrap say be kid
Gus,Dad,2.7777777777777777,1.8518518518518516,56.481481481481474,1.5,give throw need be say look wrap say be kid
Gus,Dad,2.7777777777777777,1.8518518518518516,56.481481481481474,1.5,give throw need be say look wrap say be kid
Gus,Dad,2.7777777777777777,1.8518518518518516,56.481481481481474,1.5,give throw need be say look wrap say be kid
Gus,Augustus,4.136029411764706,2.2058823529411766,47.33455882352941,1.875,talk be be miss be be give be be interject be be do ask be say be go watch see
Gus,Augustus,4.136029411764706,2.2058823529411766,47.33455882352941,1.875,talk be be miss be be give be be interject be be do ask be say be go watch see
Gus,Hazel,4.136029411764706,2.2058823529411766,47.33455882352941,1.875,talk be be miss be be give be be interject be be do ask be say be go watch see
Gus,Hazel,4.136029411764706,2.2058823529411766,47.33455882352941,1.875,talk be be miss be be give be be interject be be do ask be say be go watch see
Gus,Hazel,4.136029411764706,2.2058823529411766,47.33455882352941,1.875,talk be be miss be be give be be interject be be do ask be say be go watch see
Gus,Natalie Portman,4.136029411764706,2.2058823529411766,47.33455882352941,1.875,talk be be miss be be give be be interject be be do ask be say be go watch see
Augustus,Hazel,4.136029411764706,2.2058823529411766,47.33455882352941,1.875,talk be be miss be be give be be interject be be do ask be say be go watch see
Augustus,Hazel,4.136029411764706,2.2058823529411766,47.33455882352941,1.875,talk be be miss be be give be be interject be be do ask be say be go watch see
Augustus,Hazel,4.136029411764706,2.2058823529411766,47.33455882352941,1.875,talk be be miss be be give be be interject be be do ask be say be go watch see
Augustus,Natalie Portman,4.136029411764706,2.2058823529411766,47.33455882352941,1.875,talk be be miss be be give be be interject be be do ask be say be go watch see
Augustus,Hazel,4.136029411764706,2.2058823529411766,47.33455882352941,1.875,talk be be miss be be give be be interject be be do ask be say be go watch see
Augustus,Hazel,4.136029411764706,2.2058823529411766,47.33455882352941,1.875,talk be be miss be be give be be interject be be do ask be say be go watch see
Augustus,Hazel,4.136029411764706,2.2058823529411766,47.33455882352941,1.875,talk be be miss be be give be be interject be be do ask be say be go watch see
Augustus,Natalie Portman,4.136029411764706,2.2058823529411766,47.33455882352941,1.875,talk be be miss be be give be be interject be be do ask be say be go watch see
Hazel,Natalie Portman,4.136029411764706,2.2058823529411766,47.33455882352941,1.875,talk be be miss be be give be be interject be be do ask be say be go watch see
Hazel,Natalie Portman,4.136029411764706,2.2058823529411766,47.33455882352941,1.875,talk be be miss be be give be be interject be be do ask be say be go watch see
Hazel,Natalie Portman,4.136029411764706,2.2058823529411766,47.33455882352941,1.875,talk be be miss be be give be be interject be be do ask be say be go watch see
Hazel,Augustus,0.0,1.6666666666666667,58.333333333333336,0.0,want show say
Gus,Augustus,2.8846153846153846,0.0,50.96153846153846,INF,have like get make call
Julie,Martha,0.8928571428571428,0.0,27.67857142857143,INF,be be
Augustus,Van Houten,0.0,1.9230769230769231,67.3076923076923,0.0,spin stack
Van Houten,Dawn,1.7857142857142856,0.0,55.35714285714286,INF,hold be call
Derek,Kaitlyn,1.5,1.0,53.5,1.5,have be date say do think last
Kaitlyn,Mary Janes,0.8928571428571428,1.488095238095238,50.0,0.6,hold nod find try watch mirror
Mary Janes,Kaitlyn,0.8928571428571428,1.488095238095238,50.0,0.6,hold nod find try watch mirror
Mary Janes,Kaitlyn,0.8928571428571428,1.488095238095238,50.0,0.6,hold nod find try watch mirror
Mary Janes,Kaitlyn,0.8928571428571428,1.488095238095238,50.0,0.6,hold nod find try watch mirror
Max Mayhem,Jackie,2.7439024390243905,3.353658536585366,57.3170731707317,0.8181818181818182,return be regret have give keep think like
Max Mayhem,Jackie,2.7439024390243905,3.353658536585366,57.3170731707317,0.8181818181818182,return be regret have give keep think like
Max Mayhem,Jackie,2.7439024390243905,3.353658536585366,57.3170731707317,0.8181818181818182,return be regret have give keep think like
AIA,Anna,4.427083333333334,1.8229166666666667,56.25,2.4285714285714284,be name narrate be obsess have get
AIA,Anna,4.427083333333334,1.8229166666666667,56.25,2.4285714285714284,be name narrate be obsess have get
AIA,Anna,4.427083333333334,1.8229166666666667,56.25,2.4285714285714284,be name narrate be obsess have get
AIA,Anna,3.6585365853658534,2.4390243902439024,64.63414634146342,1.5,decide be start be start call want cure
AIA,Anna,3.6585365853658534,2.4390243902439024,64.63414634146342,1.5,decide be start be start call want cure
AIA,Anna,3.6585365853658534,2.4390243902439024,64.63414634146342,1.5,decide be start be start call want cure
Max Mayhem,Van Houten,2.5316455696202533,1.1075949367088607,50.79113924050633,2.2857142857142856,write ask happen be end marry happen hate graduate
Max Mayhem,Anna,2.5316455696202533,1.1075949367088607,50.79113924050633,2.2857142857142856,write ask happen be end marry happen hate graduate
Max Mayhem,Anna,2.5316455696202533,1.1075949367088607,50.79113924050633,2.2857142857142856,write ask happen be end marry happen hate graduate
Max Mayhem,Anna,2.5316455696202533,1.1075949367088607,50.79113924050633,2.2857142857142856,write ask happen be end marry happen hate graduate
Max Mayhem,Anna,2.5316455696202533,1.1075949367088607,50.79113924050633,2.2857142857142856,write ask happen be end marry happen hate graduate
Van Houten,Anna,2.5316455696202533,1.1075949367088607,50.79113924050633,2.2857142857142856,write ask happen be end marry happen hate graduate
Van Houten,Anna,2.5316455696202533,1.1075949367088607,50.79113924050633,2.2857142857142856,write ask happen be end marry happen hate graduate
Van Houten,Anna,2.5316455696202533,1.1075949367088607,50.79113924050633,2.2857142857142856,write ask happen be end marry happen hate graduate
Van Houten,Anna,2.5316455696202533,1.1075949367088607,50.79113924050633,2.2857142857142856,write ask happen be end marry happen hate graduate
AIA,Van Houten,3.353658536585366,0.6097560975609756,52.13414634146341,5.5,be have write seem know be come move become
AIA,Van Houten,3.353658536585366,0.6097560975609756,52.13414634146341,5.5,be have write seem know be come move become
AIA,Van Houten,3.353658536585366,0.6097560975609756,52.13414634146341,5.5,be have write seem know be come move become
Van Houten,Anna,3.9285714285714284,1.4285714285714286,68.92857142857143,2.75,imagine be work set end move try start
Van Houten,Dawn,1.3392857142857142,1.3392857142857142,58.03571428571429,1.0,remember call read find text
Dawn,Van Houten,1.3392857142857142,1.3392857142857142,58.03571428571429,1.0,remember call read find text
Dawn,Van Houten,1.3392857142857142,1.3392857142857142,58.03571428571429,1.0,remember call read find text
Hazel,Van Houten,0.0,0.0,54.54545454545454,INF,say pick
Gus,Isaac,0.0,0.0,57.14285714285714,INF,turn
Gus,Isaac,0.0,0.0,57.14285714285714,INF,turn
Isaac,Gus,0.0,0.0,44.44444444444444,INF,be say shake
Hazel,Augustus,0.0,0.0,61.53846153846154,INF,say hear
Isaac,Hazel,2.272727272727273,1.1363636363636365,60.22727272727273,2.0,be come
Isaac,Support Group,2.272727272727273,1.1363636363636365,60.22727272727273,2.0,be come
Hazel,Support Group,2.272727272727273,1.1363636363636365,60.22727272727273,2.0,be come
Hazel,Isaac,6.61764705882353,2.941176470588235,55.14705882352941,2.25,be
Augustus,Isaac,2.1739130434782608,0.5434782608695652,71.19565217391305,4.0,be sit shape stare
Isaac,Augustus,0.0,0.0,57.14285714285714,INF,be split
Isaac,Monica,4.166666666666666,3.2407407407407405,55.55555555555556,1.2857142857142858,be go do want talk
Monica,Isaac,4.166666666666666,3.2407407407407405,55.55555555555556,1.2857142857142858,be go do want talk
Isaac,Dawn,3.90625,1.5625,44.53125,2.5,want cry play
Isaac,Augustus,0.5208333333333333,0.0,78.64583333333334,INF,run fire run
Augustus,Isaac,0.5208333333333333,0.0,78.64583333333334,INF,run fire run
Augustus,Isaac,0.0,3.9473684210526314,38.15789473684211,0.0,say do hurt talk
Isaac,Augustus,0.0,2.083333333333333,47.91666666666667,0.0,say
Gus,Isaac,2.941176470588235,0.0,61.76470588235294,INF,turn flash
Gus,Isaac,2.941176470588235,0.0,61.76470588235294,INF,turn flash
Augustus,Isaac,0.0,0.0,62.5,INF,say jump race
Isaac,Augustus,2.1875,2.1875,63.125,1.0,fumble start rain be shoot run shout
Isaac,Augustus,2.1875,2.1875,63.125,1.0,fumble start rain be shoot run shout
Isaac,Augustus,2.1875,2.1875,63.125,1.0,fumble start rain be shoot run shout
Isaac,Augustus,2.1875,2.1875,63.125,1.0,fumble start rain be shoot run shout
Augustus,Isaac,1.9230769230769231,0.4807692307692308,62.980769230769226,4.0,say seem think smile
Augustus,Isaac,1.9230769230769231,0.4807692307692308,62.980769230769226,4.0,say seem think smile
Augustus,Isaac,0.0,0.0,50.0,INF,snap
Augustus,Isaac,0.0,0.0,50.0,INF,snap
Isaac,Augustus,0.0,0.9259259259259258,65.74074074074075,0.0,lean look string say do want do
Isaac,Hazel,0.0,0.9259259259259258,65.74074074074075,0.0,lean look string say do want do
Augustus,Hazel,0.0,0.9259259259259258,65.74074074074075,0.0,lean look string say do want do
Hazel,Isaac,0.0,0.0,42.857142857142854,INF,say handle tell
Hazel,Isaac,0.0,0.0,42.857142857142854,INF,say handle tell
Isaac,Augustus,4.591836734693878,1.0204081632653061,59.693877551020414,4.5,push think want spin remember stand see settle
Isaac,Augustus,4.591836734693878,1.0204081632653061,59.693877551020414,4.5,push think want spin remember stand see settle
Isaac,Augustus,4.591836734693878,1.0204081632653061,59.693877551020414,4.5,push think want spin remember stand see settle
Isaac,Augustus,4.591836734693878,1.0204081632653061,59.693877551020414,4.5,push think want spin remember stand see settle
Augustus,Isaac,4.591836734693878,1.0204081632653061,59.693877551020414,4.5,push think want spin remember stand see settle
Isaac,Gus,0.0,0.0,42.857142857142854,INF,say
Isaac,Gus,0.0,1.25,58.75,0.0,start kick somersault
Isaac,Gus,0.0,1.25,58.75,0.0,start kick somersault
Isaac,Gus,1.644736842105263,0.0,56.25,INF,kick bounce grab start slam
Gus,Isaac,1.644736842105263,0.0,56.25,INF,kick bounce grab start slam
Augustus,Isaac,0.0,0.0,68.75,INF,look smile
Isaac,Augustus,0.390625,2.34375,62.890625,0.16666666666666666,come stomp scream stand bear
Augustus,Isaac,1.5625,0.0,48.4375,INF,step look
Kaitlyn,Phalanxifor,3.2327586206896552,1.7241379310344827,51.939655172413794,1.875,go meet ingest recommend attend sit
Kaitlyn,MCC,3.2327586206896552,1.7241379310344827,51.939655172413794,1.875,go meet ingest recommend attend sit
Kaitlyn,Phalanxifor,3.2327586206896552,1.7241379310344827,51.939655172413794,1.875,go meet ingest recommend attend sit
Kaitlyn,MCC,3.2327586206896552,1.7241379310344827,51.939655172413794,1.875,go meet ingest recommend attend sit
Phalanxifor,MCC,3.2327586206896552,1.7241379310344827,51.939655172413794,1.875,go meet ingest recommend attend sit
Van Houten,Lidewij,0.0,0.9615384615384616,29.807692307692307,0.0,
Hazel,Van Houten,3.90625,2.34375,50.0,1.6666666666666667,make feature digitize
Van Houten,Lidewij,2.083333333333333,0.6944444444444444,47.22222222222222,3.0,c/o be
Van Houten,Hazel,2.083333333333333,0.6944444444444444,47.22222222222222,3.0,c/o be
Lidewij,Hazel,2.083333333333333,0.6944444444444444,47.22222222222222,3.0,c/o be
Van Houten,Augustus,1.7045454545454544,2.840909090909091,54.54545454545454,0.6,understand be plan publish
Hazel,Augustus,3.7760416666666665,1.953125,56.770833333333336,1.9333333333333333,send call stay talk read have use say have do pause tell approve begin
Hazel,Van Houten,3.7760416666666665,1.953125,56.770833333333336,1.9333333333333333,send call stay talk read have use say have do pause tell approve begin
Hazel,Van Houten,3.7760416666666665,1.953125,56.770833333333336,1.9333333333333333,send call stay talk read have use say have do pause tell approve begin
Hazel,Van Houten,3.7760416666666665,1.953125,56.770833333333336,1.9333333333333333,send call stay talk read have use say have do pause tell approve begin
Hazel,Dawn,3.7760416666666665,1.953125,56.770833333333336,1.9333333333333333,send call stay talk read have use say have do pause tell approve begin
Augustus,Van Houten,3.7760416666666665,1.953125,56.770833333333336,1.9333333333333333,send call stay talk read have use say have do pause tell approve begin
Augustus,Van Houten,3.7760416666666665,1.953125,56.770833333333336,1.9333333333333333,send call stay talk read have use say have do pause tell approve begin
Augustus,Van Houten,3.7760416666666665,1.953125,56.770833333333336,1.9333333333333333,send call stay talk read have use say have do pause tell approve begin
Augustus,Dawn,3.7760416666666665,1.953125,56.770833333333336,1.9333333333333333,send call stay talk read have use say have do pause tell approve begin
Van Houten,Dawn,3.7760416666666665,1.953125,56.770833333333336,1.9333333333333333,send call stay talk read have use say have do pause tell approve begin
Van Houten,Dawn,3.7760416666666665,1.953125,56.770833333333336,1.9333333333333333,send call stay talk read have use say have do pause tell approve begin
Van Houten,Dawn,3.7760416666666665,1.953125,56.770833333333336,1.9333333333333333,send call stay talk read have use say have do pause tell approve begin
Van Houten,Augustus,0.78125,1.5625,60.15625,0.5,reply send have reply
Augustus,Van Houten,0.78125,1.5625,60.15625,0.5,reply send have reply
Augustus,Van Houten,0.78125,1.5625,60.15625,0.5,reply send have reply
Augustus,Van Houten,5.357142857142857,1.4285714285714286,56.07142857142857,3.75,assure be be require be write take
Augustus,Isaac,1.1904761904761905,0.5952380952380952,60.11904761904761,2.0,get
Isaac,NEC,5.0,0.0,55.00000000000001,INF,be
Hazel,Isaac,0.0,0.0,45.45454545454545,INF,have visit say
Gus,Isaac,0.0,2.083333333333333,47.91666666666667,0.0,turn
Van Houten,Lidewij,0.0,0.8928571428571428,27.67857142857143,0.0,?!
Isaac,Monica,6.707317073170732,6.707317073170732,45.1219512195122,1.0,tell be confront do care get dump talk
Isaac,Monica,6.707317073170732,6.707317073170732,45.1219512195122,1.0,tell be confront do care get dump talk
Isaac,Monica,6.707317073170732,6.707317073170732,45.1219512195122,1.0,tell be confront do care get dump talk
Monica,Isaac,6.707317073170732,6.707317073170732,45.1219512195122,1.0,tell be confront do care get dump talk
Dad,Hazel,0.0,0.2840909090909091,58.80681818181818,0.0,reenter hear talk sit listen meet
Dad,Support Group,0.0,0.2840909090909091,58.80681818181818,0.0,reenter hear talk sit listen meet
Hazel,Support Group,0.0,0.2840909090909091,58.80681818181818,0.0,reenter hear talk sit listen meet
Augustus,NEC,2.7777777777777777,0.0,41.66666666666667,INF,
Dad,Hazel,3.0,0.5,44.5,6.0,have understand be be
Dad,Augustus,3.0,0.5,44.5,6.0,have understand be be
Dad,Augustus,3.0,0.5,44.5,6.0,have understand be be
Hazel,Augustus,3.0,0.5,44.5,6.0,have understand be be
Hazel,Augustus,3.0,0.5,44.5,6.0,have understand be be
Dr. Maria,Augustus,0.0,0.0,57.14285714285714,INF,ask say
Augustus,Gus,3.532608695652174,1.9021739130434785,57.608695652173914,1.8571428571428572,think be orchestrate have be be overdo be taste memorize prevent
Kaitlyn,Augustus,4.3478260869565215,1.6304347826086956,59.2391304347826,2.6666666666666665,tell touch leave
Augustus,Kaitlyn,0.0,0.0,37.5,INF,say
Kaitlyn,Derek,0.0,0.0,45.45454545454545,INF,say remember
Augustus,Caroline Mathers,2.1551724137931036,1.293103448275862,58.620689655172406,1.6666666666666667,be point face kiss hold see close
Augustus,Caroline Mathers,2.1551724137931036,1.293103448275862,58.620689655172406,1.6666666666666667,be point face kiss hold see close
Hazel,Dad,6.25,3.125,40.625,2.0,say choke
Augustus,Caroline Mathers,2.6988636363636362,0.8522727272727272,47.58522727272727,3.1666666666666665,turn listen go read be be miss be live know be lay
Augustus,Caroline Mathers,2.6988636363636362,0.8522727272727272,47.58522727272727,3.1666666666666665,turn listen go read be be miss be live know be lay
Augustus,Caroline Mathers,2.6988636363636362,0.8522727272727272,47.58522727272727,3.1666666666666665,turn listen go read be be miss be live know be lay
Augustus,Caroline Mathers,2.6988636363636362,0.8522727272727272,47.58522727272727,3.1666666666666665,turn listen go read be be miss be live know be lay
Augustus,Caroline Mathers,2.6988636363636362,0.8522727272727272,47.58522727272727,3.1666666666666665,turn listen go read be be miss be live know be lay
Augustus,Caroline Mathers,2.6988636363636362,0.8522727272727272,47.58522727272727,3.1666666666666665,turn listen go read be be miss be live know be lay
Augustus,Caroline Mathers,2.6988636363636362,0.8522727272727272,47.58522727272727,3.1666666666666665,turn listen go read be be miss be live know be lay
Caroline Mathers,Augustus,1.7045454545454544,2.272727272727273,50.56818181818182,0.75,be suppose hate have be do
Caroline Mathers,Augustus,1.7045454545454544,2.272727272727273,50.56818181818182,0.75,be suppose hate have be do
Gus,Caroline Mathers,4.166666666666666,0.0,55.833333333333336,INF,have take call resonate
Dr. Maria,Dad,3.3333333333333335,2.5,47.5,1.3333333333333333,say remain say
Dr. Maria,Dad,3.3333333333333335,2.5,47.5,1.3333333333333333,say remain say
Dad,Augustus,0.0,0.0,80.0,INF,come
Dad,Van Houten,1.6129032258064515,0.0,59.67741935483871,INF,reach slip fold
Dr. Maria,Phalanxifor,3.7946428571428568,3.125,55.58035714285714,1.2142857142857142,get make turn be say be continue control be see
Dr. Maria,Phalanxifor,6.25,0.78125,36.71875,8.0,add do understand
Dr. Simons,Dr. Maria,2.34375,1.953125,55.078125,1.2,ask travel laugh say
Hazel,Dr. Maria,0.0,0.0,52.38095238095239,INF,say do have
Dr. Maria,Van Houten,5.182926829268292,1.524390243902439,57.92682926829268,3.4,laugh tell have occur do encourage talk be be feel be be like visit
Dr. Maria,Van Houten,5.182926829268292,1.524390243902439,57.92682926829268,3.4,laugh tell have occur do encourage talk be be feel be be like visit
Dr. Maria,Van Houten,5.182926829268292,1.524390243902439,57.92682926829268,3.4,laugh tell have occur do encourage talk be be feel be be like visit
Dr. Maria,Van Houten,5.182926829268292,1.524390243902439,57.92682926829268,3.4,laugh tell have occur do encourage talk be be feel be be like visit
Van Houten,Anna,5.42929292929293,1.893939393939394,55.3030303030303,2.8666666666666667,watch check start craft come swear share do want share be please tell be marry
Van Houten,Anna,5.42929292929293,1.893939393939394,55.3030303030303,2.8666666666666667,watch check start craft come swear share do want share be please tell be marry
Augustus,Support Group,5.0,0.4166666666666667,57.91666666666667,12.0,ask want go be tire have pass
Dear Hazel,Augustus,0.8928571428571428,0.0,59.82142857142857,INF,have receive be visit begin
Lidewij,Van Houten,6.25,2.5,41.25,2.5,say
Augustus,Van Houten,0.0,0.0,75.0,INF,text know be
Support Group,Augustus,0.0,0.0,62.5,INF,leave go
Support Group,Monica,0.4629629629629629,2.314814814814815,49.074074074074076,0.2,say get smile say
Support Group,Isaac,0.4629629629629629,2.314814814814815,49.074074074074076,0.2,say get smile say
Support Group,Isaac,0.4629629629629629,2.314814814814815,49.074074074074076,0.2,say get smile say
Support Group,Hazel,0.4629629629629629,2.314814814814815,49.074074074074076,0.2,say get smile say
Monica,Isaac,0.4629629629629629,2.314814814814815,49.074074074074076,0.2,say get smile say
Monica,Isaac,0.4629629629629629,2.314814814814815,49.074074074074076,0.2,say get smile say
Monica,Hazel,0.4629629629629629,2.314814814814815,49.074074074074076,0.2,say get smile say
Isaac,Hazel,0.4629629629629629,2.314814814814815,49.074074074074076,0.2,say get smile say
Isaac,Hazel,0.4629629629629629,2.314814814814815,49.074074074074076,0.2,say get smile say
Patrick,Support Group,1.3636363636363635,2.727272727272727,45.0,0.5,sit begin fall communicate feel zone focus ache
Patrick,Isaac,1.3636363636363635,2.727272727272727,45.0,0.5,sit begin fall communicate feel zone focus ache
Patrick,Support Group,1.3636363636363635,2.727272727272727,45.0,0.5,sit begin fall communicate feel zone focus ache
Patrick,Isaac,1.3636363636363635,2.727272727272727,45.0,0.5,sit begin fall communicate feel zone focus ache
Patrick,Support Group,1.3636363636363635,2.727272727272727,45.0,0.5,sit begin fall communicate feel zone focus ache
Patrick,Isaac,1.3636363636363635,2.727272727272727,45.0,0.5,sit begin fall communicate feel zone focus ache
Support Group,Isaac,1.3636363636363635,2.727272727272727,45.0,0.5,sit begin fall communicate feel zone focus ache
Max Mayhem,Jasper Jacks,4.375,5.625,75.0,0.7777777777777778,
Jasper Jacks,Isaac,0.7978723404255319,1.5957446808510638,59.308510638297875,0.5,feel bump stab get tell be
Jasper Jacks,Isaac,0.7978723404255319,1.5957446808510638,59.308510638297875,0.5,feel bump stab get tell be
Monica,Isaac,0.0,1.9230769230769231,28.846153846153843,0.0,do want say
"Morris Property , Inc.",Dad,2.403846153846154,0.8012820512820512,62.17948717948718,3.0,carry insist carry have have get present be suppose spend end go have visit
Augustus,Gus,1.9736842105263157,1.9736842105263157,48.68421052631579,1.0,get text be be
Gus,Augustus,5.357142857142857,5.357142857142857,55.952380952380956,1.0,emerge resist
Natalie Portman,Hazel,0.9615384615384616,0.0,37.5,INF,have get
Natalie Portman,Hazel,0.9615384615384616,0.0,37.5,INF,have get
gore,Augustus,0.0,0.4032258064516129,64.11290322580645,0.0,find gore look ask do think be
gore,Augustus,0.5208333333333333,2.604166666666667,59.375,0.2,take get gore watch watch
gore,Augustus,0.5208333333333333,2.604166666666667,59.375,0.2,take get gore watch watch
Spartans,Augustus,0.8333333333333334,0.0,65.83333333333333,INF,overrun look
Phalanxifor,Augustus,5.092592592592593,0.4629629629629629,57.407407407407405,11.0,have introduce be be write
Van Houten,Augustus,5.208333333333334,0.0,44.79166666666667,INF,pay say
Van Houten,Anna,5.357142857142857,1.7857142857142856,60.71428571428571,3.0,sit live marry
Van Houten,Anna,5.357142857142857,1.7857142857142856,60.71428571428571,3.0,sit live marry
Caroline Mathers,Support Group,9.5,2.5,60.0,3.8,be think see be
Van Houten,Oranjee,3.91566265060241,1.6566265060240966,60.69277108433735,2.3636363636363638,plan wear meet have be move shower get lie spend debate decide dress wear
Van Houten,Anna,3.91566265060241,1.6566265060240966,60.69277108433735,2.3636363636363638,plan wear meet have be move shower get lie spend debate decide dress wear
Van Houten,AIA,3.91566265060241,1.6566265060240966,60.69277108433735,2.3636363636363638,plan wear meet have be move shower get lie spend debate decide dress wear
Van Houten,Chuck Taylors,3.91566265060241,1.6566265060240966,60.69277108433735,2.3636363636363638,plan wear meet have be move shower get lie spend debate decide dress wear
Van Houten,Anna,3.91566265060241,1.6566265060240966,60.69277108433735,2.3636363636363638,plan wear meet have be move shower get lie spend debate decide dress wear
Oranjee,Anna,3.91566265060241,1.6566265060240966,60.69277108433735,2.3636363636363638,plan wear meet have be move shower get lie spend debate decide dress wear
Oranjee,AIA,3.91566265060241,1.6566265060240966,60.69277108433735,2.3636363636363638,plan wear meet have be move shower get lie spend debate decide dress wear
Oranjee,Chuck Taylors,3.91566265060241,1.6566265060240966,60.69277108433735,2.3636363636363638,plan wear meet have be move shower get lie spend debate decide dress wear
Oranjee,Anna,3.91566265060241,1.6566265060240966,60.69277108433735,2.3636363636363638,plan wear meet have be move shower get lie spend debate decide dress wear
Anna,AIA,3.91566265060241,1.6566265060240966,60.69277108433735,2.3636363636363638,plan wear meet have be move shower get lie spend debate decide dress wear
Anna,Chuck Taylors,3.91566265060241,1.6566265060240966,60.69277108433735,2.3636363636363638,plan wear meet have be move shower get lie spend debate decide dress wear
AIA,Chuck Taylors,3.91566265060241,1.6566265060240966,60.69277108433735,2.3636363636363638,plan wear meet have be move shower get lie spend debate decide dress wear
AIA,Anna,3.91566265060241,1.6566265060240966,60.69277108433735,2.3636363636363638,plan wear meet have be move shower get lie spend debate decide dress wear
Chuck Taylors,Anna,3.91566265060241,1.6566265060240966,60.69277108433735,2.3636363636363638,plan wear meet have be move shower get lie spend debate decide dress wear
Augustus,Van Houten,3.040540540540541,2.364864864864865,55.4054054054054,1.2857142857142858,get grow see meet be find look get lose make
Augustus,Van Houten,6.578947368421052,3.9473684210526314,57.89473684210527,1.6666666666666667,be ask go make be knock
Augustus,Van Houten,2.604166666666667,2.604166666666667,57.291666666666664,1.0,make blush put bear look
Augustus,Van Houten,2.604166666666667,2.604166666666667,57.291666666666664,1.0,make blush put bear look
Augustus,Van Houten,2.604166666666667,2.604166666666667,57.291666666666664,1.0,make blush put bear look
Augustus,Hazel,3.6764705882352944,1.4705882352941175,41.911764705882355,2.5,be have be correspond
Augustus,Van Houten,1.875,1.875,66.25,1.0,look be stare see slacken
Van Houten,Lidewij,0.9615384615384616,6.730769230769231,38.46153846153847,0.14285714285714285,do answer
Van Houten,Augustus,0.0,0.0,53.84615384615385,INF,turn squint
Van Houten,Augustus,0.0,0.0,53.84615384615385,INF,turn squint
Augustus,Van Houten,10.416666666666668,0.0,56.25,INF,raise
Van Houten,Hazel,0.0,0.0,31.25,INF,start
Van Houten,Lidewij,1.25,0.0,48.75,INF,appear have say
Van Houten,Augustus,6.25,0.0,58.03571428571429,INF,shake shake
Van Houten,Augustus,6.25,0.0,58.03571428571429,INF,shake shake
Van Houten,Lidewij,0.0,2.403846153846154,55.28846153846154,0.0,follow
Van Houten,Gus,0.0,0.0,50.0,INF,ask nod
Van Houten,Gus,4.6875,0.0,45.3125,INF,turn ask know make
Van Houten,Gus,4.6875,0.0,45.3125,INF,turn ask know make
Lidewij,Van Houten,0.0,0.8928571428571428,49.107142857142854,0.0,say
Augustus,Gus,0.0,0.0,33.33333333333333,INF,carry
Van Houten,Augustus,0.78125,0.0,49.21875,INF,say
Augustus,Van Houten,1.875,1.875,43.75,1.0,make come tell happen
Augustus,Van Houten,1.875,1.875,43.75,1.0,make come tell happen
Van Houten,Lidewij,0.0,0.0,54.54545454545454,INF,glance nod
Lidewij,Van Houten,0.0,0.0,54.54545454545454,INF,glance nod
Lidewij,Van Houten,9.615384615384617,0.0,28.846153846153843,INF,instruct
Van Houten,Lidewij,0.0,0.0,40.0,INF,ask
Van Houten,Lidewij,2.2058823529411766,0.0,56.61764705882353,INF,seem say regard
Van Houten,Augustus,2.2058823529411766,0.0,56.61764705882353,INF,seem say regard
Lidewij,Augustus,2.2058823529411766,0.0,56.61764705882353,INF,seem say regard
Van Houten,Lidewij,6.25,0.0,33.75,INF,say horrify
Van Houten,Lidewij,2.5,1.25,36.25,2.0,be compromise say
Zeno,Van Houten,2.616279069767442,1.744186046511628,65.40697674418605,1.5,be be say have discover put know say nod know do
Gus,Lidewij,1.9230769230769231,0.9615384615384616,50.96153846153846,2.0,look ask be
Anna,Van Houten,5.241935483870968,1.2096774193548387,48.38709677419355,4.333333333333333,end be interrupt tap talk refill
Anna,Van Houten,5.241935483870968,1.2096774193548387,48.38709677419355,4.333333333333333,end be interrupt tap talk refill
Anna,Van Houten,5.241935483870968,1.2096774193548387,48.38709677419355,4.333333333333333,end be interrupt tap talk refill
Anna,Lidewij,5.241935483870968,1.2096774193548387,48.38709677419355,4.333333333333333,end be interrupt tap talk refill
Van Houten,Lidewij,5.241935483870968,1.2096774193548387,48.38709677419355,4.333333333333333,end be interrupt tap talk refill
Van Houten,Lidewij,5.241935483870968,1.2096774193548387,48.38709677419355,4.333333333333333,end be interrupt tap talk refill
Van Houten,Lidewij,5.241935483870968,1.2096774193548387,48.38709677419355,4.333333333333333,end be interrupt tap talk refill
Christine,Anna,0.6944444444444444,0.0,49.30555555555556,INF,get adopt be
Christine,Anna,0.0,0.0,63.63636363636363,INF,play
Van Houten,Lidewij,0.0,0.0,58.333333333333336,INF,say continue recline get
Lidewij,Van Houten,0.0,0.0,58.333333333333336,INF,say continue recline get
Lidewij,Van Houten,0.0,0.0,58.333333333333336,INF,say continue recline get
Lidewij,Van Houten,0.0,0.0,58.333333333333336,INF,say continue recline get
Lidewij,Van Houten,0.0,0.0,58.333333333333336,INF,say continue recline get
Lidewij,Van Houten,3.125,0.0,36.875,INF,say have please
Van Houten,Augustus,3.0,0.0,53.0,INF,be stand wait say feel
Van Houten,Augustus,3.0,0.0,53.0,INF,be stand wait say feel
Van Houten,Lidewij,3.6111111111111107,2.5,45.0,1.4444444444444444,pull follow rant shout
Van Houten,Lidewij,3.6111111111111107,2.5,45.0,1.4444444444444444,pull follow rant shout
Van Houten,Lidewij,3.6111111111111107,2.5,45.0,1.4444444444444444,pull follow rant shout
Van Houten,Lidewij,3.6111111111111107,2.5,45.0,1.4444444444444444,pull follow rant shout
Van Houten,Lidewij,3.6111111111111107,2.5,45.0,1.4444444444444444,pull follow rant shout
Van Houten,Lidewij,3.6111111111111107,2.5,45.0,1.4444444444444444,pull follow rant shout
Lidewij,Van Houten,3.6111111111111107,2.5,45.0,1.4444444444444444,pull follow rant shout
Lidewij,Van Houten,3.6111111111111107,2.5,45.0,1.4444444444444444,pull follow rant shout
Lidewij,Gus,5.0,0.0,55.00000000000001,INF,be run horrify chase
Lidewij,Gus,5.0,0.0,55.00000000000001,INF,be run horrify chase
Anne,Lidewij,0.0,0.0,33.33333333333333,INF,go say
Augustus,Gus,3.90625,0.0,52.34375,INF,keep hold
Van Houtens,Van Houten,2.403846153846154,1.9230769230769231,53.36538461538461,1.25,move be move
Van Houtens,Van Houten,2.403846153846154,1.9230769230769231,53.36538461538461,1.25,move be move
Van Houtens,Van Houten,2.403846153846154,1.9230769230769231,53.36538461538461,1.25,move be move
Anne,Lidewij,1.7500000000000002,1.7500000000000002,54.50000000000001,1.0,have park stand get sit look moor
Lidewij,Gus,2.2058823529411766,0.7352941176470588,51.9607843137255,3.0,be do want hold say be please begin carry
Lidewij,Anne,2.2058823529411766,0.7352941176470588,51.9607843137255,3.0,be do want hold say be please begin carry
Lidewij,Gus,2.2058823529411766,0.7352941176470588,51.9607843137255,3.0,be do want hold say be please begin carry
Lidewij,Anne,2.2058823529411766,0.7352941176470588,51.9607843137255,3.0,be do want hold say be please begin carry
Gus,Anne,2.2058823529411766,0.7352941176470588,51.9607843137255,3.0,be do want hold say be please begin carry
Lidewij,Augustus,5.0,1.3636363636363635,53.63636363636364,3.6666666666666665,have glance speak stand stroke
Lidewij,Augustus,0.8928571428571428,2.6785714285714284,57.14285714285714,0.3333333333333333,pull see be protect measure live grow
Lidewij,Anne,0.0,0.0,46.15384615384615,INF,survive tell refer
Lidewij,Otto Frank,0.0,0.0,46.15384615384615,INF,survive tell refer
Anne,Otto Frank,0.0,0.0,46.15384615384615,INF,survive tell refer
Anne,Aron Franks,2.6515151515151514,1.1363636363636365,59.84848484848485,2.3333333333333335,be turn get be be
Anne,Aron Franks,2.6515151515151514,1.1363636363636365,59.84848484848485,2.3333333333333335,be turn get be be
Gus,Anne,0.0,0.0,62.5,INF,gesture
Lidewij,Augustus,2.0,0.0,62.0,INF,take watch grab walk
Augustus,Otto Frank,0.8620689655172413,1.7241379310344827,56.03448275862068,0.5,ask lean read gut have see
Augustus,Otto Frank,0.8620689655172413,1.7241379310344827,56.03448275862068,0.5,ask lean read gut have see
Augustus,Otto Frank,2.8169014084507045,2.112676056338028,52.816901408450704,1.3333333333333333,say look think think kiss have become
Augustus,Anne,2.8169014084507045,2.112676056338028,52.816901408450704,1.3333333333333333,say look think think kiss have become
Augustus,Anne,2.8169014084507045,2.112676056338028,52.816901408450704,1.3333333333333333,say look think think kiss have become
Augustus,Anne,2.8169014084507045,2.112676056338028,52.816901408450704,1.3333333333333333,say look think think kiss have become
Augustus,Anne,2.8169014084507045,2.112676056338028,52.816901408450704,1.3333333333333333,say look think think kiss have become
Augustus,Anne,2.8169014084507045,2.112676056338028,52.816901408450704,1.3333333333333333,say look think think kiss have become
Otto Frank,Anne,2.8169014084507045,2.112676056338028,52.816901408450704,1.3333333333333333,say look think think kiss have become
Otto Frank,Anne,2.8169014084507045,2.112676056338028,52.816901408450704,1.3333333333333333,say look think think kiss have become
Otto Frank,Anne,2.8169014084507045,2.112676056338028,52.816901408450704,1.3333333333333333,say look think think kiss have become
Otto Frank,Anne,2.8169014084507045,2.112676056338028,52.816901408450704,1.3333333333333333,say look think think kiss have become
Otto Frank,Anne,2.8169014084507045,2.112676056338028,52.816901408450704,1.3333333333333333,say look think think kiss have become
Otto Frank,Anne,4.435483870967742,1.2096774193548387,58.87096774193549,3.6666666666666665,say say be surprise have
Otto Frank,Anne,4.435483870967742,1.2096774193548387,58.87096774193549,3.6666666666666665,say say be surprise have
Anne,Otto Frank,5.833333333333333,5.0,42.5,1.1666666666666667,show continue
Otto Frank,Anne,8.333333333333332,1.5151515151515151,44.696969696969695,5.5,be say have be do know
Augustus,Otto Frank,3.214285714285714,1.0714285714285714,58.57142857142858,3.0,be stare be have circle
Augustus,Otto Frank,3.214285714285714,1.0714285714285714,58.57142857142858,3.0,be stare be have circle
Augustus,Chuck Taylors,2.1739130434782608,0.0,67.3913043478261,INF,pull snuck peck stare
Van Houten,Augustus,2.4271844660194173,2.063106796116505,56.6747572815534,1.1764705882352942,be stand be lead do know be continue become be try figure have suggest be have disgust be stand look try think extricate
Van Houten,Augustus,2.4271844660194173,2.063106796116505,56.6747572815534,1.1764705882352942,be stand be lead do know be continue become be try figure have suggest be have disgust be stand look try think extricate
Van Houten,Augustus,2.4271844660194173,2.063106796116505,56.6747572815534,1.1764705882352942,be stand be lead do know be continue become be try figure have suggest be have disgust be stand look try think extricate
Van Houten,Augustus,2.4271844660194173,2.063106796116505,56.6747572815534,1.1764705882352942,be stand be lead do know be continue become be try figure have suggest be have disgust be stand look try think extricate
Van Houten,Augustus,1.0714285714285714,1.4285714285714286,56.07142857142857,0.75,crawl circumscribe get take taste whisper love relax hear say
Van Houten,Augustus,1.0714285714285714,1.4285714285714286,56.07142857142857,0.75,crawl circumscribe get take taste whisper love relax hear say
Van Houten,Augustus,1.0714285714285714,1.4285714285714286,56.07142857142857,0.75,crawl circumscribe get take taste whisper love relax hear say
Van Houten,Augustus,1.0714285714285714,1.4285714285714286,56.07142857142857,0.75,crawl circumscribe get take taste whisper love relax hear say
Augustus,Van Houten,1.0714285714285714,1.4285714285714286,56.07142857142857,0.75,crawl circumscribe get take taste whisper love relax hear say
Augustus,Van Houten,1.0714285714285714,1.4285714285714286,56.07142857142857,0.75,crawl circumscribe get take taste whisper love relax hear say
Augustus,Van Houten,2.6515151515151514,2.272727272727273,58.71212121212122,1.1666666666666667,crawl kick watch remove
Augustus,Van Houten,2.6515151515151514,2.272727272727273,58.71212121212122,1.1666666666666667,crawl kick watch remove
Augustus,Hazel,1.7857142857142856,2.6785714285714284,57.44047619047619,0.6666666666666666,follow have rest listen say keep
Augustus,Hazel,1.7857142857142856,2.6785714285714284,57.44047619047619,0.6666666666666666,follow have rest listen say keep
Augustus,Hazel,2.364864864864865,0.0,55.74324324324324,INF,get dress find write walk find
Hazel,Augustus,2.364864864864865,0.0,55.74324324324324,INF,get dress find write walk find
Augustus,Van Houten,1.2195121951219512,3.353658536585366,52.743902439024396,0.36363636363636365,have believe tell make slump pretend be stand play shout get
Augustus,Van Houten,1.2195121951219512,3.353658536585366,52.743902439024396,0.36363636363636365,have believe tell make slump pretend be stand play shout get
Augustus,Gus,0.0,1.25,53.75,0.0,give talk say
Maslow,Augustus,3.6458333333333335,0.5208333333333333,37.5,7.0,present dwarf
Augustus,Maslow,3.6458333333333335,0.5208333333333333,37.5,7.0,present dwarf
Gus,Van Houten,5.921052631578947,0.0,36.18421052631579,INF,know say say be
Van Houten,Anna,5.0,5.625,54.37499999999999,0.8888888888888888,believe imagine
Gus,Dad,2.0,1.7500000000000002,64.25,1.1428571428571428,drive tell be be hook watch tell
Gus,Philip,2.0,1.7500000000000002,64.25,1.1428571428571428,drive tell be be hook watch tell
Gus,Dad,2.0,1.7500000000000002,64.25,1.1428571428571428,drive tell be be hook watch tell
Gus,Dad,2.0,1.7500000000000002,64.25,1.1428571428571428,drive tell be be hook watch tell
Dad,Philip,2.0,1.7500000000000002,64.25,1.1428571428571428,drive tell be be hook watch tell
Dad,Gus,2.0,1.7500000000000002,64.25,1.1428571428571428,drive tell be be hook watch tell
Philip,Dad,2.0,1.7500000000000002,64.25,1.1428571428571428,drive tell be be hook watch tell
Philip,Dad,2.0,1.7500000000000002,64.25,1.1428571428571428,drive tell be be hook watch tell
Philip,Gus,2.0,1.7500000000000002,64.25,1.1428571428571428,drive tell be be hook watch tell
Dad,Gus,2.0,1.7500000000000002,64.25,1.1428571428571428,drive tell be be hook watch tell
Dad,Gus,2.0,1.7500000000000002,64.25,1.1428571428571428,drive tell be be hook watch tell
Gus,Dad,3.308823529411765,1.6544117647058825,56.80147058823529,2.0,tell be go watch pick have be start fall do want go say know believe
Gus,Dad,3.308823529411765,1.6544117647058825,56.80147058823529,2.0,tell be go watch pick have be start fall do want go say know believe
Gus,Dad,3.308823529411765,1.6544117647058825,56.80147058823529,2.0,tell be go watch pick have be start fall do want go say know believe
Gus,PICC,2.7777777777777777,0.0,56.481481481481474,INF,see lay turn
Gus,PICC,2.7777777777777777,0.0,56.481481481481474,INF,see lay turn
Gus,PICC,2.7777777777777777,0.0,56.481481481481474,INF,see lay turn
Isaac,Hazel,4.166666666666666,3.4722222222222223,36.80555555555556,1.2,be
Isaac,Support Group,4.166666666666666,3.4722222222222223,36.80555555555556,1.2,be
Hazel,Support Group,4.166666666666666,3.4722222222222223,36.80555555555556,1.2,be
Isaac,Gus,2.1739130434782608,0.0,41.30434782608695,INF,grab pull walk hug
Isaac,Gus,2.1739130434782608,0.0,41.30434782608695,INF,grab pull walk hug
Gus,Isaac,2.1739130434782608,0.0,41.30434782608695,INF,grab pull walk hug
Isaac,Gus,4.166666666666666,4.166666666666666,50.0,1.0,fumble find
Isaac,Gus,4.166666666666666,4.166666666666666,50.0,1.0,fumble find
Isaac,Gus,4.3478260869565215,0.0,56.52173913043478,INF,bring sit
Isaac,Gus,4.3478260869565215,0.0,56.52173913043478,INF,bring sit
Gus,Isaac,2.941176470588235,0.0,61.76470588235294,INF,take stroke
Augustus,Isaac,0.0,0.0,62.5,INF,turn wake
Monica,Isaac,0.0,0.0,41.66666666666667,INF,have hear say
Isaac,Support Group,4.619565217391304,0.5434782608695652,66.57608695652173,8.5,ask be do say be tell be need go tell be
Isaac,Support Group,4.619565217391304,0.5434782608695652,66.57608695652173,8.5,ask be do say be tell be need go tell be
Support Group,Isaac,4.619565217391304,0.5434782608695652,66.57608695652173,8.5,ask be do say be tell be need go tell be
Support Group,Isaac,4.619565217391304,0.5434782608695652,66.57608695652173,8.5,ask be do say be tell be need go tell be
Gus,Isaac,3.9634146341463414,1.2195121951219512,53.35365853658537,3.25,help stand offer guide seem realize be
Gus,Isaac,3.9634146341463414,1.2195121951219512,53.35365853658537,3.25,help stand offer guide seem realize be
Augustus,Isaac,0.0,0.0,64.28571428571429,INF,stop buy wait
Augustus,Isaac,0.0,0.0,64.28571428571429,INF,stop buy wait
Isaac,Monica,3.804347826086957,3.260869565217391,45.108695652173914,1.1666666666666667,guide
Isaac,Monica,3.804347826086957,3.260869565217391,45.108695652173914,1.1666666666666667,guide
Gus,Isaac,0.0,0.0,72.72727272727273,INF,turn look
Gus,Isaac,0.0,0.0,72.72727272727273,INF,turn look
Gus,Isaac,2.0408163265306123,2.5510204081632653,60.71428571428571,0.8,open watch help lean taper pray do meet
Gus,Isaac,2.0408163265306123,2.5510204081632653,60.71428571428571,0.8,open watch help lean taper pray do meet
Isaac,Gus,2.0408163265306123,2.5510204081632653,60.71428571428571,0.8,open watch help lean taper pray do meet
Gus,Isaac,2.0408163265306123,2.5510204081632653,60.71428571428571,0.8,open watch help lean taper pray do meet
Gus,Isaac,1.7045454545454544,0.5681818181818182,65.9090909090909,3.0,take flip hand
Gus,Isaac,0.0,0.0,48.148148148148145,INF,hand hurl smash
Gus,Isaac,0.0,0.0,48.148148148148145,INF,hand hurl smash
Isaac,Gus,0.0,0.8928571428571428,63.39285714285714,0.0,reach find cradle
Hazel,Gus,0.0,0.0,54.54545454545454,INF,shout
Augustus,Gus,0.45454545454545453,1.8181818181818181,59.54545454545455,0.25,pull be sit snap hold
Augustus,Gus,0.45454545454545453,1.8181818181818181,59.54545454545455,0.25,pull be sit snap hold
Augustus,Gus,0.45454545454545453,1.8181818181818181,59.54545454545455,0.25,pull be sit snap hold
Gus,Isaac,3.75,10.0,51.24999999999999,0.375,be drape be turn
Isaac,Gus,1.9736842105263157,0.0,66.44736842105263,INF,throw guide
Gus,Isaac,1.9736842105263157,0.0,66.44736842105263,INF,throw guide
Gus,Hazel,1.9230769230769231,0.0,51.92307692307693,INF,have say
Chuck Taylors,Isaac,0.0,0.0,50.0,INF,start scroll begin end take
Chuck Taylors,Monica,0.0,0.0,50.0,INF,start scroll begin end take
Chuck Taylors,Isaac,0.0,0.0,50.0,INF,start scroll begin end take
Isaac,Monica,0.0,0.0,50.0,INF,start scroll begin end take
Monica,Isaac,0.0,0.0,50.0,INF,start scroll begin end take
Heimlich,Gus,2.5,1.4285714285714286,61.78571428571429,1.75,come drag tell be kneel
Heimlich,Gus,2.5,1.4285714285714286,61.78571428571429,1.75,come drag tell be kneel
Gus,Hazel,1.1904761904761905,0.5952380952380952,60.11904761904761,2.0,keep hope look say
Gus,Augustus,1.7045454545454544,0.0,48.29545454545455,INF,use say take call
Hazel,Augustus,0.0,0.0,55.55555555555556,INF,say
Gus,Chris,0.0,0.0,47.61904761904761,INF,make meet
Gus,Dave,0.0,0.0,47.61904761904761,INF,make meet
Gus,Chris,0.0,0.0,47.61904761904761,INF,make meet
Gus,Dave,0.0,0.0,47.61904761904761,INF,make meet
Chris,Dave,0.0,0.0,47.61904761904761,INF,make meet
Julie,Gus,0.2717391304347826,1.0869565217391304,48.641304347826086,0.25,be sit talk sleep use tell be say
Julie,Gus,0.2717391304347826,1.0869565217391304,48.641304347826086,0.25,be sit talk sleep use tell be say
Martha,Gus,8.035714285714286,0.0,20.535714285714285,INF,say lean
Gus,Hazel,2.9069767441860463,0.5813953488372093,56.97674418604651,5.0,wake say be have admit make be
Gus,Hazel,2.9069767441860463,0.5813953488372093,56.97674418604651,5.0,wake say be have admit make be
Hazel,Gus,2.9069767441860463,0.5813953488372093,56.97674418604651,5.0,wake say be have admit make be
Martha,Gus,6.25,0.9615384615384616,46.63461538461539,6.5,try engage kneel say have have
Martha,Gus,6.25,0.9615384615384616,46.63461538461539,6.5,try engage kneel say have have
Julie,Gus,3.515625,0.78125,42.578125,4.5,hope say turn grow have become
Gus,Julie,0.0,9.615384615384617,28.846153846153843,0.0,be say
Hazel,Gus,1.7857142857142856,0.0,60.11904761904761,INF,see take say nod
Augustus,Dad,5.813953488372093,0.872093023255814,51.45348837209303,6.666666666666667,have be call be attach drag watch
Hazel,Gus,0.0,0.0,42.857142857142854,INF,say look
Gus,Isaac,0.0,0.0,57.14285714285714,INF,pull spin face
Gus,Isaac,0.0,0.0,57.14285714285714,INF,pull spin face
Isaac,Augustus,0.4807692307692308,0.4807692307692308,52.88461538461539,1.0,be tell continue talk interrupt
Augustus,Gus,2.941176470588235,0.7352941176470588,55.14705882352941,4.0,nod purse give
Augustus,Isaac,2.941176470588235,0.7352941176470588,55.14705882352941,4.0,nod purse give
Gus,Isaac,2.941176470588235,0.7352941176470588,55.14705882352941,4.0,nod purse give
Isaac,Augustus,1.8382352941176472,0.7352941176470588,53.30882352941176,2.5,press watch shake say
Isaac,Augustus,1.8382352941176472,0.7352941176470588,53.30882352941176,2.5,press watch shake say
Isaac,Augustus,1.8382352941176472,0.7352941176470588,53.30882352941176,2.5,press watch shake say
Isaac,Augustus,1.8382352941176472,0.7352941176470588,53.30882352941176,2.5,press watch shake say
Jesus,Gus,0.0,0.8333333333333334,52.5,0.0,do swear say
Isaac,Gus,3.125,0.4464285714285714,53.57142857142857,7.0,get place walk be sit
Isaac,Gus,3.125,0.4464285714285714,53.57142857142857,7.0,get place walk be sit
Augustus,Gus,0.9375,0.625,50.9375,1.5,die be make stop be make
Augustus,Gus,0.9375,0.625,50.9375,1.5,die be make stop be make
Augustus,Gus,0.9375,0.625,50.9375,1.5,die be make stop be make
Augustus,Gus,0.9375,0.625,50.9375,1.5,die be make stop be make
Augustus,Gus,0.0,4.166666666666666,45.83333333333333,0.0,wear have wear
Augustus,Oranjee,0.0,4.166666666666666,45.83333333333333,0.0,wear have wear
Gus,Oranjee,0.0,4.166666666666666,45.83333333333333,0.0,wear have wear
Van Houten,Augustus,11.458333333333332,2.083333333333333,44.79166666666667,5.5,try forget pray
Augustus,Isaac,3.804347826086957,4.891304347826087,43.47826086956522,0.7777777777777778,be be begin
Gus,Augustus,3.260869565217391,0.8152173913043478,58.96739130434783,4.0,tell say hear
Gus,Hazel,3.260869565217391,0.8152173913043478,58.96739130434783,4.0,tell say hear
Gus,Augustus,3.260869565217391,0.8152173913043478,58.96739130434783,4.0,tell say hear
Gus,Hazel,3.260869565217391,0.8152173913043478,58.96739130434783,4.0,tell say hear
Augustus,Hazel,3.260869565217391,0.8152173913043478,58.96739130434783,4.0,tell say hear
Gus,Julie,1.6566265060240966,3.1626506024096384,51.80722891566265,0.5238095238095238,speak end think tell do believe do believe try imagine pray convince be
Gus,Oranjee,1.6566265060240966,3.1626506024096384,51.80722891566265,0.5238095238095238,speak end think tell do believe do believe try imagine pray convince be
Julie,Gus,1.6566265060240966,3.1626506024096384,51.80722891566265,0.5238095238095238,speak end think tell do believe do believe try imagine pray convince be
Julie,Gus,1.6566265060240966,3.1626506024096384,51.80722891566265,0.5238095238095238,speak end think tell do believe do believe try imagine pray convince be
Julie,Oranjee,1.6566265060240966,3.1626506024096384,51.80722891566265,0.5238095238095238,speak end think tell do believe do believe try imagine pray convince be
Julie,Gus,1.6566265060240966,3.1626506024096384,51.80722891566265,0.5238095238095238,speak end think tell do believe do believe try imagine pray convince be
Julie,Gus,1.6566265060240966,3.1626506024096384,51.80722891566265,0.5238095238095238,speak end think tell do believe do believe try imagine pray convince be
Julie,Gus,1.6566265060240966,3.1626506024096384,51.80722891566265,0.5238095238095238,speak end think tell do believe do believe try imagine pray convince be
Gus,Oranjee,1.6566265060240966,3.1626506024096384,51.80722891566265,0.5238095238095238,speak end think tell do believe do believe try imagine pray convince be
Gus,Oranjee,1.6566265060240966,3.1626506024096384,51.80722891566265,0.5238095238095238,speak end think tell do believe do believe try imagine pray convince be
Oranjee,Gus,1.6566265060240966,3.1626506024096384,51.80722891566265,0.5238095238095238,speak end think tell do believe do believe try imagine pray convince be
Oranjee,Gus,1.6566265060240966,3.1626506024096384,51.80722891566265,0.5238095238095238,speak end think tell do believe do believe try imagine pray convince be
Oranjee,Gus,1.6566265060240966,3.1626506024096384,51.80722891566265,0.5238095238095238,speak end think tell do believe do believe try imagine pray convince be
Van Houten,Gus,0.0,6.25,53.75,0.0,hijack
Dad,Gus,2.9166666666666665,0.4166666666666667,53.333333333333336,7.0,have stop idle open leave
Dad,Van Houten,2.9166666666666665,0.4166666666666667,53.333333333333336,7.0,have stop idle open leave
Gus,Van Houten,2.9166666666666665,0.4166666666666667,53.333333333333336,7.0,have stop idle open leave
Graham,Isaac,6.730769230769231,0.0,47.11538461538461,INF,take say
Isaac,Augustus,0.0,0.0,64.28571428571429,INF,dislike live
Jesus,Gus,4.62962962962963,6.635802469135803,49.2283950617284,0.6976744186046512,sit be be think begin tell fear tell be fear be suffer
Jesus,Gus,4.62962962962963,6.635802469135803,49.2283950617284,0.6976744186046512,sit be be think begin tell fear tell be fear be suffer
Jesus,Gus,4.62962962962963,6.635802469135803,49.2283950617284,0.6976744186046512,sit be be think begin tell fear tell be fear be suffer
Jesus,Gus,4.62962962962963,6.635802469135803,49.2283950617284,0.6976744186046512,sit be be think begin tell fear tell be fear be suffer
Anna,Van Houten,0.0,0.0,54.54545454545454,INF,remind say
Van Houten,Antonietta Meo,0.0,0.0,25.0,INF,be say
Antonietta Meo,Mr. Waters,4.166666666666666,1.0416666666666665,53.125,4.0,have have
Van Houten,Gus,2.272727272727273,0.0,70.45454545454545,INF,have cry
Van Houten,Augustus,4.166666666666666,4.385964912280701,51.09649122807017,0.95,consider have write speak ask dress ache
Van Houten,Augustus,4.166666666666666,4.385964912280701,51.09649122807017,0.95,consider have write speak ask dress ache
Van Houten,Augustus,4.166666666666666,4.385964912280701,51.09649122807017,0.95,consider have write speak ask dress ache
Van Houten,Augustus,4.166666666666666,4.385964912280701,51.09649122807017,0.95,consider have write speak ask dress ache
Augustus,Van Houten,4.166666666666666,4.385964912280701,51.09649122807017,0.95,consider have write speak ask dress ache
Van Houten,Philippa Foot,1.4285714285714286,2.857142857142857,52.85714285714286,0.5,suppose be say add assume be think
Isaac,Gus,0.0,0.0,52.94117647058824,INF,tell be write say
Hazel,Gus,1.4705882352941175,0.7352941176470588,38.970588235294116,2.0,say be
Hazel,Gus,0.0,0.0,45.45454545454545,INF,be
Isaac,Jesus,2.6595744680851063,1.5957446808510638,46.808510638297875,1.6666666666666667,drive pick drive listen leak hear
Isaac,Gus,2.6595744680851063,1.5957446808510638,46.808510638297875,1.6666666666666667,drive pick drive listen leak hear
Isaac,Jesus,2.6595744680851063,1.5957446808510638,46.808510638297875,1.6666666666666667,drive pick drive listen leak hear
Isaac,Gus,2.6595744680851063,1.5957446808510638,46.808510638297875,1.6666666666666667,drive pick drive listen leak hear
Jesus,Gus,2.6595744680851063,1.5957446808510638,46.808510638297875,1.6666666666666667,drive pick drive listen leak hear
Isaac,Patrick,2.6595744680851063,0.5319148936170213,54.25531914893617,5.0,be settle devote tell be breathe be
Support Group,Patrick,1.8442622950819672,0.6147540983606558,50.0,3.0,stay say be tack promise live take
Support Group,Gus,1.8442622950819672,0.6147540983606558,50.0,3.0,stay say be tack promise live take
Support Group,Isaac,1.8442622950819672,0.6147540983606558,50.0,3.0,stay say be tack promise live take
Patrick,Gus,1.8442622950819672,0.6147540983606558,50.0,3.0,stay say be tack promise live take
Patrick,Isaac,1.8442622950819672,0.6147540983606558,50.0,3.0,stay say be tack promise live take
Gus,Isaac,1.8442622950819672,0.6147540983606558,50.0,3.0,stay say be tack promise live take
MCC,Support Group,0.8333333333333334,0.0,42.5,INF,be wait be work read
Dad,Hazel,3.125,6.696428571428571,43.75,0.4666666666666667,try die keep mess be say
Van Houten,Hazel,2.272727272727273,1.1363636363636365,42.04545454545455,2.0,be
Philip,Kaitlyn,4.166666666666666,2.083333333333333,47.083333333333336,2.0,help get hook take say
Lidewij,Augustus,0.5,0.0,67.5,INF,believe send die
Lidewij,Van Houten,0.5,0.0,67.5,INF,believe send die
Lidewij,Van Houten,0.5,0.0,67.5,INF,believe send die
Lidewij,Augustus,0.5,0.0,67.5,INF,believe send die
Augustus,Van Houten,0.5,0.0,67.5,INF,believe send die
Augustus,Van Houten,0.5,0.0,67.5,INF,believe send die
Van Houten,Augustus,0.5,0.0,67.5,INF,believe send die
Van Houten,Augustus,0.5,0.0,67.5,INF,believe send die
Dear Hazel,Augustus,8.333333333333332,5.208333333333334,61.458333333333336,1.6,do know have die
Lidewij,Van Houten,0.625,0.625,53.75,1.0,be bring have restrain
Dear Hazel,Van Houten,6.25,2.083333333333333,54.166666666666664,3.0,be intoxicate arrive make
Dear Hazel,Van Houten,6.25,2.083333333333333,54.166666666666664,3.0,be intoxicate arrive make
Van Houten,Augustus,2.2058823529411766,0.0,65.44117647058823,INF,distract search keep realize know
Augustus,Van Houten,2.2058823529411766,0.0,65.44117647058823,INF,distract search keep realize know
Hazel,Van Houten,3.289473684210526,6.578947368421052,58.55263157894737,0.5,become do yell
Earl,Graham,2.232142857142857,0.8928571428571428,32.589285714285715,2.5,be
John,Marshall Urist,0.0,0.0,36.84210526315789,INF,
Chris,John,0.2777777777777778,0.2777777777777778,37.22222222222222,1.0,help do
John,Will Grayson,2.1341463414634148,2.4390243902439024,41.76829268292683,0.875,be bestsell look
John,Will Grayson,2.1341463414634148,2.4390243902439024,41.76829268292683,0.875,be bestsell look
John,DAVID LEVITHAN,2.1341463414634148,2.4390243902439024,41.76829268292683,0.875,be bestsell look
Will Grayson,DAVID LEVITHAN,2.1341463414634148,2.4390243902439024,41.76829268292683,0.875,be bestsell look
Will Grayson,DAVID LEVITHAN,2.1341463414634148,2.4390243902439024,41.76829268292683,0.875,be bestsell look
Hank,John,1.293103448275862,0.43103448275862066,46.55172413793103,3.0,be
John,Will Grayson,0.75,0.25,25.0,3.0,look
John,Will Grayson,0.75,0.25,25.0,3.0,look
