NAME 1,NAME 2,% POS,% NEG,% NEUTRAL,POS:NEG,VERBS
Wanda,Audi,1.2096774193548387,0.0,47.17741935483871,INF,walk stop stare contemplate be
Christian,Anastasia,1.7857142857142856,0.0,44.642857142857146,INF,
Christian,Anastasia,1.7857142857142856,0.0,44.642857142857146,INF,
Christian,"Grey Enterprises Holdings , Inc.",3.75,2.5,53.75,1.5,
José,Christian,4.017857142857143,2.232142857142857,54.46428571428571,1.8,be want go want see
Anastasia,Christian,1.171875,0.0,42.578125,INF,thank be
Anastasia,Christian,1.171875,0.0,42.578125,INF,thank be
Anastasia,Jack,5.803571428571429,0.8928571428571428,50.44642857142857,6.5,find be set call
Jack,José,3.125,2.083333333333333,69.79166666666666,1.5,be call
Christian,Anastasia,0.8333333333333334,0.0,42.5,INF,pick
Christian,Anastasia,0.8333333333333334,0.0,42.5,INF,pick
Christian,"Grey Enterprises Holdings , Inc.",3.75,2.5,53.75,1.5,
Anastasia,Christian,0.4629629629629629,0.0,40.27777777777778,INF,start
Anastasia,Jack,1.644736842105263,0.6578947368421052,47.69736842105263,2.5,be
Anastasia,Christian,1.644736842105263,0.6578947368421052,47.69736842105263,2.5,be
Jack,Christian,1.644736842105263,0.6578947368421052,47.69736842105263,2.5,be
Jack,Anastasia,1.644736842105263,0.6578947368421052,47.69736842105263,2.5,be
Jack,Anastasia,1.644736842105263,0.6578947368421052,47.69736842105263,2.5,be
Christian,Anastasia,1.644736842105263,0.6578947368421052,47.69736842105263,2.5,be
Christian,Anastasia,1.644736842105263,0.6578947368421052,47.69736842105263,2.5,be
Christian,"Grey Enterprises Holdings , Inc.",3.75,2.5,53.75,1.5,
Anastasia,Christian,2.083333333333333,0.0,39.58333333333333,INF,see
Anastasia,Jack,0.9615384615384616,0.9615384615384616,44.230769230769226,1.0,
Jack,Christian,1.293103448275862,0.8620689655172413,66.8103448275862,1.5,look need sort tackle try push
Jack,Elizabeth,3.125,3.125,60.416666666666664,1.0,be talk head
Ana,Jack,0.0,6.25,33.75,0.0,
Jack,Audi,2.5,3.75,43.75,0.6666666666666666,be look
Jack,Christian,0.0,1.2096774193548387,60.08064516129033,0.0,turn climb sit wear
Christian,Jack,0.0,1.2096774193548387,60.08064516129033,0.0,turn climb sit wear
Jack,Taylor,1.25,0.0,78.75,INF,snap close
Christian,Ana,5.681818181818182,0.0,30.681818181818183,INF,please
Christian,Taylor,0.0,3.6764705882352944,37.5,0.0,come be
Anastasia,Christian,4.464285714285714,3.571428571428571,34.82142857142857,1.25,please do bite
Christian,Charlie Tango,0.6944444444444444,0.0,52.083333333333336,INF,put pull hurry stand spin
Christian,Charlie Tango,0.6944444444444444,0.0,52.083333333333336,INF,put pull hurry stand spin
Christian,Charlie Tango,0.6944444444444444,0.0,52.083333333333336,INF,put pull hurry stand spin
Anastasia,Christian,0.0,0.0,40.909090909090914,INF,have chase come
Christian,Jack,5.681818181818182,7.954545454545454,59.09090909090909,0.7142857142857143,tell make
Christian,Charlie Tango,2.7777777777777777,0.0,58.333333333333336,INF,hold take climb
Christian,Charlie Tango,2.7777777777777777,0.0,58.333333333333336,INF,hold take climb
Christian,Joe,10.416666666666668,0.0,39.58333333333333,INF,shake
José,Printz,1.6666666666666667,0.8333333333333334,30.833333333333336,2.0,be see
Printz,Christian,0.0,0.0,44.44444444444444,INF,approach
José,Christian,0.9615384615384616,0.9615384615384616,44.230769230769226,1.0,have speak meet be try push be
Anastasia,Christian,1.7857142857142856,3.571428571428571,37.5,0.5,be
Christian,José,4.166666666666666,0.0,72.02380952380952,INF,reach glower do see
Taylor,Christian,1.0416666666666665,0.0,48.95833333333333,INF,hear reassure
Taylor,Christian,1.7857142857142856,0.0,41.07142857142857,INF,call
Ana,Thomas Tallis,0.0,0.0,58.82352941176471,INF,breathe bury
Ana,Thomas Tallis,0.0,0.0,58.82352941176471,INF,breathe bury
Ana,Thomas Tallis,0.0,0.0,58.82352941176471,INF,breathe bury
Anastasia,Thomas Tallis,1.6666666666666667,10.0,41.66666666666667,0.16666666666666666,be
Christian,Taylor,1.0,0.0,63.0,INF,tighten sit wrap embrace
Christian,Taylor,1.0,0.0,63.0,INF,tighten sit wrap embrace
Christian,Taylor,1.0,0.0,63.0,INF,tighten sit wrap embrace
Christian,Anastasia,2.083333333333333,1.5625,54.6875,1.3333333333333333,be rest write be
Jack,Christian,0.8928571428571428,0.8928571428571428,58.92857142857143,1.0,be give mount sit think be
Coldplay,Kate,1.25,0.0,38.75,INF,scroll
Anastasia,Christian,0.4629629629629629,0.0,40.27777777777778,INF,have make cry
Ana,Christian,0.8620689655172413,0.0,43.96551724137931,INF,be
Ana,Anastasia,0.8620689655172413,0.0,43.96551724137931,INF,be
Christian,Anastasia,0.8620689655172413,0.0,43.96551724137931,INF,be
Christian,"Grey Enterprises Holdings , Inc.",3.75,2.5,53.75,1.5,
"Grey Enterprises Holdings , Inc.",Christian,4.464285714285714,0.0,59.82142857142857,INF,make smile
Anastasia,Christian,0.6756756756756757,0.0,42.567567567567565,INF,sound
Anastasia,Mr. Grey,0.6756756756756757,0.0,42.567567567567565,INF,sound
Christian,Mr. Grey,0.6756756756756757,0.0,42.567567567567565,INF,sound
Christian,Anastasia,3.8194444444444446,0.6944444444444444,45.48611111111111,5.5,occur know
Christian,Miss Steele,3.8194444444444446,0.6944444444444444,45.48611111111111,5.5,occur know
Anastasia,Miss Steele,3.8194444444444446,0.6944444444444444,45.48611111111111,5.5,occur know
Christian,"Grey Enterprises Holdings , Inc.",3.4090909090909087,2.272727272727273,57.95454545454546,1.5,
Anastasia,Christian,2.430555555555556,0.3472222222222222,48.61111111111111,7.0,ask like curl have give fall browse listen say
Christian,Anastasia,0.4464285714285714,0.0,49.55357142857143,INF,
Christian,"Grey Enterprises Holdings , Inc.",3.4090909090909087,2.272727272727273,57.95454545454546,1.5,
José,Christian,3.77906976744186,0.29069767441860467,58.720930232558146,13.0,start sing drift marvel have right wonder make
Christian,Anastasia,3.6290322580645165,0.4032258064516129,44.354838709677416,9.0,help do hope have have
Christian,"Grey Enterprises Holdings , Inc.",3.75,2.5,53.75,1.5,
Anastasia,Christian,0.4032258064516129,0.0,54.43548387096774,INF,be eat
Anastasia,Jack,1.4423076923076923,0.9615384615384616,39.90384615384615,1.5,be have eat
Anastasia,Christian,1.4423076923076923,0.9615384615384616,39.90384615384615,1.5,be have eat
Jack,Christian,1.4423076923076923,0.9615384615384616,39.90384615384615,1.5,be have eat
Christian,"Grey Enterprises Holdings , Inc.",3.75,2.5,53.75,1.5,
Anastasia,Christian,0.6097560975609756,1.2195121951219512,46.95121951219512,0.5,be try work be be beg
Anastasia,Christian,0.6097560975609756,1.2195121951219512,46.95121951219512,0.5,be try work be be beg
Anastasia,Jack,0.5434782608695652,0.5434782608695652,46.73913043478261,1.0,bring
Anastasia,Christian,0.5434782608695652,0.5434782608695652,46.73913043478261,1.0,bring
Jack,Christian,0.5434782608695652,0.5434782608695652,46.73913043478261,1.0,bring
Anastasia,Miss Steele,5.0,1.6666666666666667,50.0,3.0,love
Anastasia,Christian,5.0,1.6666666666666667,50.0,3.0,love
Anastasia,"Grey Enterprises Holdings , Inc.",5.0,1.6666666666666667,50.0,3.0,love
Miss Steele,Christian,5.0,1.6666666666666667,50.0,3.0,love
Miss Steele,"Grey Enterprises Holdings , Inc.",5.0,1.6666666666666667,50.0,3.0,love
Christian,"Grey Enterprises Holdings , Inc.",5.0,1.6666666666666667,50.0,3.0,love
Anastasia,Christian,1.0,0.0,39.0,INF,
Anastasia,Jack,0.625,0.3125,41.5625,2.0,date have come work
Anastasia,Christian,0.625,0.3125,41.5625,2.0,date have come work
Jack,Christian,0.625,0.3125,41.5625,2.0,date have come work
Jack,Anastasia,0.625,0.3125,41.5625,2.0,date have come work
Christian,Anastasia,0.625,0.3125,41.5625,2.0,date have come work
Christian,"Grey Enterprises Holdings , Inc.",3.4090909090909087,2.272727272727273,57.95454545454546,1.5,
Anastasia,Christian,1.1029411764705883,1.4705882352941175,44.48529411764706,0.75,fit be go call
Christian,Anastasia,2.82258064516129,5.241935483870968,43.54838709677419,0.5384615384615384,date be
Christian,"Grey Enterprises Holdings , Inc.",3.75,2.5,53.75,1.5,
Christian,Anastasia,0.4464285714285714,0.4464285714285714,45.535714285714285,1.0,make
Christian,Miss Steele,0.4464285714285714,0.4464285714285714,45.535714285714285,1.0,make
Anastasia,Miss Steele,0.4464285714285714,0.4464285714285714,45.535714285714285,1.0,make
Christian,"Grey Enterprises Holdings , Inc.",3.75,2.5,53.75,1.5,
Christian,Wanda,0.0,0.625,49.375,0.0,do give
Jack,Elizabeth,3.6458333333333335,3.6458333333333335,38.54166666666667,1.0,be
Jack,Courtney,3.6458333333333335,3.6458333333333335,38.54166666666667,1.0,be
Jack,Claire,3.6458333333333335,3.6458333333333335,38.54166666666667,1.0,be
Elizabeth,Courtney,3.6458333333333335,3.6458333333333335,38.54166666666667,1.0,be
Elizabeth,Claire,3.6458333333333335,3.6458333333333335,38.54166666666667,1.0,be
Courtney,Claire,3.6458333333333335,3.6458333333333335,38.54166666666667,1.0,be
Claire,Kate,2.083333333333333,2.604166666666667,53.645833333333336,0.8,become realize have speak leave
Kate,Elliot,15.0,1.25,23.75,12.0,wonder be
Ethan,Kate,0.5208333333333333,0.0,49.47916666666667,INF,be be stay
Kate,Ethan,0.5208333333333333,0.0,49.47916666666667,INF,be be stay
Claire,Elizabeth,0.0,0.0,41.66666666666667,INF,
Elizabeth,Courtney,1.0416666666666665,1.0416666666666665,39.58333333333333,1.0,leave join
Elizabeth,Jack,1.0416666666666665,1.0416666666666665,39.58333333333333,1.0,leave join
Elizabeth,Claire,1.0416666666666665,1.0416666666666665,39.58333333333333,1.0,leave join
Courtney,Jack,1.0416666666666665,1.0416666666666665,39.58333333333333,1.0,leave join
Courtney,Claire,1.0416666666666665,1.0416666666666665,39.58333333333333,1.0,leave join
Jack,Claire,1.0416666666666665,1.0416666666666665,39.58333333333333,1.0,leave join
Christian,Jack,10.0,1.875,58.12500000000001,5.333333333333333,know
Jack,Christian,6.25,4.166666666666666,39.58333333333333,1.5,be mumble
Christian,Jack,2.083333333333333,2.083333333333333,29.166666666666668,1.0,
Christian,Jack,6.696428571428571,2.6785714285714284,47.767857142857146,2.5,be say do reach shake
Christian,Jack,6.696428571428571,2.6785714285714284,47.767857142857146,2.5,be say do reach shake
Christian,Jack,6.696428571428571,2.6785714285714284,47.767857142857146,2.5,be say do reach shake
Claire,Christian,5.681818181818182,0.5681818181818182,48.29545454545455,10.0,be stare openmouthe
Jack,Claire,1.25,5.0,43.75,0.25,smile try ignore follow
Jack,Christian,1.25,5.0,43.75,0.25,smile try ignore follow
Claire,Jack,1.25,5.0,43.75,0.25,smile try ignore follow
Claire,Christian,1.25,5.0,43.75,0.25,smile try ignore follow
Jack,Christian,1.25,5.0,43.75,0.25,smile try ignore follow
Taylor,Audi,2.8846153846153846,0.9615384615384616,50.0,3.0,be wait
Miss Steele,Taylor,3.125,0.0,55.208333333333336,INF,acknowledge
Taylor,Christian,3.4482758620689653,3.0172413793103448,55.603448275862064,1.1428571428571428,turn know hear see be give
Taylor,Christian,3.4482758620689653,3.0172413793103448,55.603448275862064,1.1428571428571428,turn know hear see be give
Taylor,Miss Steele,7.5,0.0,32.5,INF,please
Anastasia,Taylor,0.8333333333333334,1.6666666666666667,37.5,0.5,want say
Christian,Taylor,1.7857142857142856,0.0,55.35714285714286,INF,give
Christian,Taylor,2.8846153846153846,4.807692307692308,69.23076923076923,0.6,open close scowl
Christian,Taylor,3.6764705882352944,3.6764705882352944,51.470588235294116,1.0,hear think wait
Anastasia,Taylor,0.78125,3.90625,51.5625,0.2,say be corner
Christian,Taylor,0.9615384615384616,0.0,45.19230769230769,INF,pull
Christian,Audi,0.9615384615384616,0.0,45.19230769230769,INF,pull
Taylor,Audi,0.9615384615384616,0.0,45.19230769230769,INF,pull
Taylor,Mrs. Jones,8.928571428571429,0.0,48.214285714285715,INF,think help
Anastasia,Christian,2.976190476190476,2.976190476190476,41.66666666666667,1.0,know be do murmur prepare
Ana,Christian,0.0,2.34375,47.65625,0.0,have make
Charlie Tango,Christian,11.458333333333332,2.083333333333333,36.45833333333333,5.5,say
Jerry,Ana,1.3888888888888888,0.0,31.944444444444443,INF,
Anastasia,Christian,0.390625,0.0,43.359375,INF,look say crawl straddle
Leila,Gail,0.0,0.0,53.84615384615385,INF,be turn make
Ana,Ray,0.0,0.0,44.44444444444444,INF,stop
Ana,Leila,4.761904761904762,1.1904761904761905,55.952380952380956,4.0,do believe be call
Leila,Ana,4.761904761904762,1.1904761904761905,55.952380952380956,4.0,do believe be call
Leila,Mrs. Jones,1.25,0.0,38.75,INF,do say
Leila,Christian,0.0,1.3888888888888888,59.72222222222222,0.0,want choose attract
Christian,Leila,0.0,2.941176470588235,67.64705882352942,0.0,leave be disappear get
Christian,Leila,0.0,2.941176470588235,67.64705882352942,0.0,leave be disappear get
Leila,Christian,0.0,2.941176470588235,67.64705882352942,0.0,leave be disappear get
Leila,Christian,0.0,2.941176470588235,67.64705882352942,0.0,leave be disappear get
Christian,Mrs. Jones,7.236842105263158,1.9736842105263157,38.15789473684211,3.6666666666666665,say be be marry
Miss Steele,Christian,2.840909090909091,1.7045454545454544,50.0,1.6666666666666667,think be accuse remain
Miss Steele,Christian,2.840909090909091,1.7045454545454544,50.0,1.6666666666666667,think be accuse remain
Christian,Audi,3.4090909090909087,3.977272727272727,51.70454545454546,0.8571428571428571,take reach hold
Christian,Audi,3.4090909090909087,3.977272727272727,51.70454545454546,0.8571428571428571,take reach hold
Franco,Christian,4.166666666666666,1.0416666666666665,44.79166666666667,4.0,say
Christian,Greta,0.9868421052631579,0.0,59.539473684210535,INF,turn see be look have appear close speak
Greta,Christian,3.571428571428571,4.166666666666666,49.404761904761905,0.8571428571428571,turn catch smile
Greta,Christian,3.571428571428571,4.166666666666666,49.404761904761905,0.8571428571428571,turn catch smile
Greta,Mr. Grey,1.6666666666666667,1.6666666666666667,43.333333333333336,1.0,be talk
Mrs. Lincoln,Mr. Grey,0.0,0.0,44.44444444444444,INF,own
Elena,Greta,3.75,2.5,23.75,1.5,say
Christian,Elena,2.380952380952381,3.571428571428571,41.66666666666667,0.6666666666666666,be talk look grimace shake
Christian,Elena,2.380952380952381,3.571428571428571,41.66666666666667,0.6666666666666666,be talk look grimace shake
Christian,Elena,2.380952380952381,3.571428571428571,41.66666666666667,0.6666666666666666,be talk look grimace shake
Elena,Christian,1.875,3.125,45.0,0.6,murmur look turn reply
Elena,Christian,1.875,3.125,45.0,0.6,murmur look turn reply
Christian,Elena,1.875,3.125,45.0,0.6,murmur look turn reply
Christian,Elena,1.875,3.125,45.0,0.6,murmur look turn reply
Elena,Christian,6.547619047619048,0.0,45.83333333333333,INF,nod think be wish be develop
Elena,Christian,6.547619047619048,0.0,45.83333333333333,INF,nod think be wish be develop
Franco,Greta,0.625,0.625,38.75,1.0,need snap head
Franco,Christian,0.625,0.625,38.75,1.0,need snap head
Greta,Christian,0.625,0.625,38.75,1.0,need snap head
Leila,Mrs. Robinson,6.25,3.125,28.125,2.0,
Greta,Christian,0.0,0.0,33.33333333333333,INF,
Anastasia,Leila,6.8181818181818175,7.954545454545454,39.77272727272727,0.8571428571428571,be suffer
Christian,Audi,1.7857142857142856,0.0,55.35714285714286,INF,open look
Mr. Grey,Mr. Trevelyan,0.0,6.25,65.17857142857143,0.0,disapprove picture
Mrs. Robinson,Anastasia,1.25,0.0,48.75,INF,be
Christian,Audi,0.0,0.0,52.38095238095239,INF,shake recall
Christian,Audi,0.0,0.0,52.38095238095239,INF,shake recall
Miss Steele,Taylor,1.25,0.0,58.75,INF,nod
Mr. Grey,Franco,2.272727272727273,2.272727272727273,59.09090909090909,1.0,tell
Ana,Christian,5.208333333333334,0.0,44.79166666666667,INF,look say
Audi,Anastasia,3.571428571428571,0.5952380952380952,38.69047619047619,6.0,do have make
Kate,Elliot,0.0,0.0,41.17647058823529,INF,be
Kate,Elliot,0.0,0.0,41.17647058823529,INF,be
Christian,Elliot,0.0,0.0,72.72727272727273,INF,slip make jump
Anastasia,Christian,0.0,7.954545454545454,28.40909090909091,0.0,want
Taylor,Christian,2.7777777777777777,4.166666666666666,59.72222222222222,0.6666666666666666,
Christian,Taylor,0.8333333333333334,4.166666666666666,61.66666666666667,0.2,stare pass
Christian,Taylor,3.90625,0.78125,45.3125,5.0,snap walk
Christian,Taylor,0.7352941176470588,2.941176470588235,55.14705882352941,0.25,follow
Elliot,Mia,0.0,0.0,50.0,INF,speak speak
Elliot,Mia,0.0,0.0,42.857142857142854,INF,play play
Christian,Google,4.3478260869565215,1.0869565217391304,51.08695652173913,4.0,set transfer
Ana,Christian,0.0,0.0,37.5,INF,
Miss Steele,Christian,3.3333333333333335,6.25,50.416666666666664,0.5333333333333333,be enjoy thank murmur step
Neiman Marcus,Christian,3.4722222222222223,2.7777777777777777,38.19444444444444,1.25,say answer
Christian,Taylor,2.083333333333333,4.861111111111112,54.166666666666664,0.42857142857142855,be talk
Taylor,Christian,2.083333333333333,4.861111111111112,54.166666666666664,0.42857142857142855,be talk
Christian,Taylor,0.8928571428571428,0.0,56.25,INF,nod head
Christian,Taylor,0.8928571428571428,0.0,56.25,INF,nod head
Taylor,Sawyer,3.515625,5.078125,53.90625,0.6923076923076923,resist moan be wear think be
Taylor,Sawyer,3.515625,5.078125,53.90625,0.6923076923076923,resist moan be wear think be
Taylor,Sawyer,1.7857142857142856,0.0,41.07142857142857,INF,
Taylor,Christian,0.8928571428571428,0.0,56.25,INF,pull open
Leila,Christian,2.272727272727273,1.1363636363636365,42.04545454545455,2.0,be find pose
Christian,Mia,2.604166666666667,2.083333333333333,49.47916666666667,1.25,appear throw know be
Christian,Mia,1.488095238095238,1.488095238095238,63.69047619047619,1.0,shoot panic shrug let lead attire groom
Christian,Lily,3.8461538461538463,4.326923076923077,45.67307692307692,0.8888888888888888,think be say conceal
Christian,Lily,3.8461538461538463,4.326923076923077,45.67307692307692,0.8888888888888888,think be say conceal
Lily,Christian,0.0,0.8928571428571428,56.25,0.0,snake pull
Lily,Christian,0.0,0.8928571428571428,56.25,0.0,snake pull
Lily,Mia,0.0,0.0,44.44444444444444,INF,see be
Mia,Grace,3.571428571428571,0.5952380952380952,57.738095238095234,6.0,be do know
Grace,Mrs. Trevelyan,0.0,0.0,60.0,INF,join
Ana,Sean,3.4090909090909087,1.1363636363636365,22.727272727272727,3.0,be
Christian,Sean,5.681818181818182,0.0,57.95454545454546,INF,shake regard
Sean,Christian,5.681818181818182,0.0,57.95454545454546,INF,shake regard
Sean,Christian,5.681818181818182,0.0,57.95454545454546,INF,shake regard
Lance,Grace,1.3888888888888888,1.8518518518518516,56.018518518518526,0.75,be be
Lance,Christian,1.3888888888888888,1.8518518518518516,56.018518518518526,0.75,be be
Grace,Christian,1.3888888888888888,1.8518518518518516,56.018518518518526,0.75,be be
Mr. Grey,PA,0.43103448275862066,2.586206896551724,55.603448275862064,0.16666666666666666,be cause die
Ana,Carrick,3.8461538461538463,4.807692307692308,37.5,0.8,see
Carrick,Christian,0.0,0.0,66.66666666666666,INF,produce
Christian,Mia,0.0,1.293103448275862,57.327586206896555,0.0,sign use be pass
Kate,Elliot,8.333333333333332,1.3888888888888888,34.72222222222222,6.0,wish be
Kate,Mia,0.0,3.3333333333333335,56.666666666666664,0.0,imagine duke be
Mia,Sean,2.976190476190476,3.571428571428571,55.35714285714286,0.8333333333333334,be eclipse stay
Christian,Lance,8.854166666666668,2.604166666666667,59.375,3.4,be develop inspire be
Lance,Christian,8.854166666666668,2.604166666666667,59.375,3.4,be develop inspire be
Christian,Lance,4.779411764705882,5.514705882352941,54.41176470588235,0.8666666666666667,mean know feed seem comprehend give patent
Lance,Christian,4.779411764705882,5.514705882352941,54.41176470588235,0.8666666666666667,mean know feed seem comprehend give patent
Mia,Christian,2.840909090909091,2.272727272727273,44.88636363636363,1.25,be mask know be gaze do move
Mia,Christian,2.840909090909091,2.272727272727273,44.88636363636363,1.25,be mask know be gaze do move
Mia,Christian,2.840909090909091,2.272727272727273,44.88636363636363,1.25,be mask know be gaze do move
Mia,Christian,9.027777777777777,0.0,46.52777777777778,INF,blush be do acknowledge
Christian,Mia,9.027777777777777,0.0,46.52777777777778,INF,blush be do acknowledge
Mia,Christian,2.5,1.25,66.25,2.0,be protest
Mia,Christian,2.5,1.25,66.25,2.0,be protest
Christian,Carrick,7.065217391304348,2.1739130434782608,51.63043478260869,3.25,squeeze listen be talk cope
Mariners,Elena,2.272727272727273,0.25252525252525254,51.010101010101,9.0,cope sign
Christian,Mrs. Robinson,3.125,4.166666666666666,59.375,0.75,have warn be invite
Christian,Edvard Munch,1.5625,3.125,64.0625,0.5,lean plaster
Christian,Edvard Munch,1.7045454545454544,2.840909090909091,63.63636363636363,0.6,stroke send
Christian,Mia,3.0303030303030303,2.6515151515151514,54.92424242424242,1.1428571428571428,be think scowl do know be win
Ana,Mia,0.0,0.0,40.0,INF,come
Mia,Lily,3.0303030303030303,4.166666666666666,47.34848484848485,0.7272727272727273,take follow have assemble note be
Mia,Lily,3.0303030303030303,4.166666666666666,47.34848484848485,0.7272727272727273,take follow have assemble note be
Jada,Christian,3.125,3.125,50.0,1.0,gape be talk
Christian,Mia,5.0,2.5,42.5,2.0,hope do want add
Ana,Christian,3.869047619047619,0.5952380952380952,59.82142857142857,6.5,play speak be finish interrupt glare
Anastasia,Christian,2.8125,0.9375,53.75,3.0,know say stalk hang
Anastasia,Christian,2.8125,0.9375,53.75,3.0,know say stalk hang
Anastasia,Christian,2.8125,0.9375,53.75,3.0,know say stalk hang
Anastasia,Christian,2.8125,0.9375,53.75,3.0,know say stalk hang
Anastasia,Christian,2.8125,0.9375,53.75,3.0,know say stalk hang
Leila,Mrs. Robinson,1.9021739130434785,1.0869565217391304,49.184782608695656,1.75,argue want
Miss Steele,Christian,0.78125,3.90625,57.8125,0.2,believe owe
Christian,Elliot,1.293103448275862,0.0,57.327586206896555,INF,be serve
Christian,Mia,1.293103448275862,0.0,57.327586206896555,INF,be serve
Elliot,Mia,1.293103448275862,0.0,57.327586206896555,INF,be serve
Carrick,Grace,0.0,0.0,60.0,INF,nod
Carrick,Grace,0.0,0.0,60.0,INF,nod
Christian,Sam,9.615384615384617,1.9230769230769231,57.692307692307686,5.0,let go be amuse
Anastasia,John,3.571428571428571,1.7857142857142856,23.214285714285715,2.0,be
John,Anastasia,0.0,0.0,20.0,INF,
Dr. Flynn,Christian,3.75,2.5,53.75,1.5,be wear
Christian,Dr. Flynn,0.0,0.0,60.0,INF,nod
Christian,Sawyer,4.166666666666666,9.027777777777777,53.47222222222222,0.46153846153846156,be leave
Taylor,Christian,6.597222222222222,1.7361111111111112,52.77777777777778,3.8,turn course be stand arrive look
Taylor,Elena,2.34375,7.8125,39.84375,0.3,be frown see
Taylor,Elena,2.34375,7.8125,39.84375,0.3,be frown see
Taylor,Elena,3.9473684210526314,1.3157894736842104,47.368421052631575,3.0,say give choose
Taylor,Elena,3.9473684210526314,1.3157894736842104,47.368421052631575,3.0,say give choose
Ana,Taylor,0.0,0.0,42.857142857142854,INF,call
Ana,Taylor,0.0,3.0,49.0,0.0,be threaten come hurt snap
Elena,Anastasia,4.807692307692308,3.8461538461538463,29.807692307692307,1.25,do let ruin please
Anastasia,Elena,0.0,1.1363636363636365,26.136363636363637,0.0,be complicate
Christian,Carrick,3.75,0.0,51.24999999999999,INF,shrug smile release let lead
Sam,Carrick,1.3392857142857142,1.3392857142857142,47.32142857142857,1.0,launch come fly put whirl
Sam,Carrick,1.3392857142857142,1.3392857142857142,47.32142857142857,1.0,launch come fly put whirl
Mr. Grey,Carrick,4.166666666666666,0.0,35.833333333333336,INF,call please
Mr. Grey,Ana,4.166666666666666,0.0,35.833333333333336,INF,call please
Carrick,Ana,4.166666666666666,0.0,35.833333333333336,INF,call please
Christian,Carrick,5.555555555555555,3.0555555555555554,51.388888888888886,1.8181818181818181,tell think be support add hope encourage give be
Christian,Carrick,5.555555555555555,3.0555555555555554,51.388888888888886,1.8181818181818181,tell think be support add hope encourage give be
Christian,Taylor,2.232142857142857,0.0,58.48214285714286,INF,have be be be
Christian,Sawyer,2.232142857142857,0.0,58.48214285714286,INF,have be be be
Christian,Taylor,2.232142857142857,0.0,58.48214285714286,INF,have be be be
Christian,Sawyer,2.232142857142857,0.0,58.48214285714286,INF,have be be be
Taylor,Sawyer,2.232142857142857,0.0,58.48214285714286,INF,have be be be
Taylor,Leila,1.7857142857142856,0.0,55.35714285714286,INF,see remind
Christian,Taylor,1.0869565217391304,3.260869565217391,52.17391304347826,0.3333333333333333,nod set follow
Mia,Christian,4.6875,0.0,20.3125,INF,admonish
Christian,Mia,4.6875,0.0,20.3125,INF,admonish
Mia,Christian,1.3888888888888888,1.3888888888888888,63.888888888888886,1.0,pout do push
Mia,Christian,5.147058823529411,1.4705882352941175,69.85294117647058,3.5,give take
Mia,Christian,4.326923076923077,0.0,49.519230769230774,INF,place gaze
Mia,Christian,4.326923076923077,0.0,49.519230769230774,INF,place gaze
Mia,Christian,4.326923076923077,0.0,49.519230769230774,INF,place gaze
Mia,Christian,4.326923076923077,0.0,49.519230769230774,INF,place gaze
Christian,Mia,4.326923076923077,0.0,49.519230769230774,INF,place gaze
Christian,Mia,4.326923076923077,0.0,49.519230769230774,INF,place gaze
Mia,Christian,7.236842105263158,0.0,40.131578947368425,INF,like see say
Mia,Lily,0.5952380952380952,2.976190476190476,44.047619047619044,0.2,skip wait look
Mia,Lily,0.5952380952380952,2.976190476190476,44.047619047619044,0.2,skip wait look
Lily,Mia,0.5952380952380952,2.976190476190476,44.047619047619044,0.2,skip wait look
Christian,Grace,4.166666666666666,0.0,57.738095238095234,INF,wish
Christian,Carrick,4.166666666666666,0.0,57.738095238095234,INF,wish
Grace,Carrick,4.166666666666666,0.0,57.738095238095234,INF,wish
Anastasia,Grace,9.523809523809524,0.5952380952380952,47.023809523809526,16.0,please do come be be have say
Sawyer,Christian,0.0,1.25,68.75,0.0,
Sawyer,Taylor,0.78125,3.90625,70.3125,0.2,frown glance
Christian,Taylor,0.5681818181818182,0.0,58.52272727272727,INF,climb take
Christian,Sawyer,0.5681818181818182,0.0,58.52272727272727,INF,climb take
Taylor,Sawyer,0.5681818181818182,0.0,58.52272727272727,INF,climb take
Mrs. Robinson,Sawyer,0.0,0.0,60.0,INF,call be sign
Sawyer,Mrs. Robinson,0.0,0.0,60.0,INF,call be sign
Mr. Grey,Ms. Steele,1.1363636363636365,0.5681818181818182,61.93181818181818,2.0,have be slash paint throw
Mr. Grey,Audi,1.1363636363636365,0.5681818181818182,61.93181818181818,2.0,have be slash paint throw
Ms. Steele,Audi,1.1363636363636365,0.5681818181818182,61.93181818181818,2.0,have be slash paint throw
Taylor,Ryan,0.0,0.0,50.0,INF,be come
Taylor,Reynolds,0.0,0.0,50.0,INF,be come
Ryan,Reynolds,0.0,0.0,50.0,INF,be come
Sawyer,Miss Steele,0.0,0.0,62.5,INF,take
Sawyer,Christian,2.9166666666666665,0.0,67.08333333333333,INF,open let enter shut stand stare
Christian,Sawyer,2.9166666666666665,0.0,67.08333333333333,INF,open let enter shut stand stare
Taylor,Mr. Grey,1.1363636363636365,0.0,53.40909090909091,INF,have enter
Sawyer,Taylor,2.272727272727273,3.977272727272727,57.38636363636363,0.5714285714285714,flinch grab pull receive
Sawyer,Taylor,2.272727272727273,3.977272727272727,57.38636363636363,0.5714285714285714,flinch grab pull receive
Taylor,Christian,5.147058823529411,2.941176470588235,56.61764705882353,1.75,be overreact grumble hold
Taylor,Christian,5.147058823529411,2.941176470588235,56.61764705882353,1.75,be overreact grumble hold
Taylor,Christian,5.147058823529411,2.941176470588235,56.61764705882353,1.75,be overreact grumble hold
Christian,Sawyer,0.0,0.0,70.0,INF,crease
Taylor,Christian,5.921052631578947,5.263157894736842,51.973684210526315,1.125,burst
Gail,Christian,0.0,1.1363636363636365,53.40909090909091,0.0,have growl
Christian,Gail,0.9615384615384616,0.0,45.19230769230769,INF,be stand
Taylor,Anastasia,3.571428571428571,1.7857142857142856,37.5,2.0,need
Christian,Ryan,0.0,0.0,50.0,INF,remember
Anastasia,Christian,3.4722222222222223,2.083333333333333,33.33333333333333,1.6666666666666667,be be arm say
Anastasia,Christian,3.4722222222222223,2.083333333333333,33.33333333333333,1.6666666666666667,be be arm say
Anastasia,Christian,3.4722222222222223,2.083333333333333,33.33333333333333,1.6666666666666667,be be arm say
Anastasia,Taylor,2.7777777777777777,0.0,41.66666666666667,INF,suppose try shoot
Taylor,Christian,10.576923076923077,4.807692307692308,38.46153846153847,2.2,know understand say
Taylor,Anastasia,1.9230769230769231,0.9615384615384616,43.269230769230774,2.0,be be
Miss Steele,Christian,7.894736842105263,0.0,52.63157894736842,INF,bear answer amuse feel know make smile
Miss Steele,Christian,7.894736842105263,0.0,52.63157894736842,INF,bear answer amuse feel know make smile
Miss Steele,Taylor,2.083333333333333,7.291666666666667,40.625,0.2857142857142857,
Christian,Taylor,5.625,4.375,65.0,1.2857142857142858,look smile adjust
Christian,Taylor,5.625,4.375,65.0,1.2857142857142858,look smile adjust
Taylor,Christian,4.166666666666666,1.3888888888888888,55.55555555555556,3.0,reach pull
Taylor,Christian,4.166666666666666,1.3888888888888888,55.55555555555556,3.0,reach pull
Taylor,Christian,4.166666666666666,1.3888888888888888,55.55555555555556,3.0,reach pull
Sawyer,Reynolds,3.8461538461538463,1.9230769230769231,48.07692307692308,2.0,find say
Sawyer,Ryan,3.8461538461538463,1.9230769230769231,48.07692307692308,2.0,find say
Sawyer,Taylor,3.8461538461538463,1.9230769230769231,48.07692307692308,2.0,find say
Reynolds,Ryan,3.8461538461538463,1.9230769230769231,48.07692307692308,2.0,find say
Reynolds,Taylor,3.8461538461538463,1.9230769230769231,48.07692307692308,2.0,find say
Ryan,Taylor,3.8461538461538463,1.9230769230769231,48.07692307692308,2.0,find say
Mr. Grey,Miss Steele,0.8333333333333334,0.0,52.5,INF,accompany
Mr. Grey,Taylor,0.8333333333333334,0.0,52.5,INF,accompany
Miss Steele,Taylor,0.8333333333333334,0.0,52.5,INF,accompany
Miss Steele,Audi,3.571428571428571,1.7857142857142856,23.214285714285715,2.0,have
Taylor,Christian,2.5,2.5,48.333333333333336,1.0,say hang
Mrs. Robinson,Christian,0.0,0.0,57.14285714285714,INF,say see
Mrs. Robinson,Christian,0.0,0.0,57.14285714285714,INF,say see
Elena,Anastasia,0.0,3.125,31.874999999999996,0.0,think do rush
Elena,Anastasia,0.0,3.125,31.874999999999996,0.0,think do rush
Mrs. Taylor,Christian,6.854838709677419,2.82258064516129,51.61290322580645,2.4285714285714284,do know like lock
Mrs. Taylor,Christian,0.9615384615384616,3.8461538461538463,49.03846153846153,0.25,stop bite
Leila,Christian,0.8064516129032258,0.4032258064516129,47.17741935483871,2.0,look be conjure
Leila,Christian,0.8064516129032258,0.4032258064516129,47.17741935483871,2.0,look be conjure
Christian,Audi,0.9615384615384616,0.0,45.19230769230769,INF,say have
Audi,Christian,0.9615384615384616,0.0,45.19230769230769,INF,say have
Ana,Christian,0.0,8.928571428571429,33.92857142857143,0.0,be use
Elena,Leila,1.9736842105263157,0.6578947368421052,50.0,3.0,do have show do
Christian,Troy,0.0,2.5,57.49999999999999,0.0,
Troy,Christian,0.625,6.25,53.125,0.1,sense reel
Miss Steele,Troy,0.9615384615384616,5.288461538461538,47.59615384615385,0.18181818181818182,be like murmur head
Miss Steele,Troy,0.9615384615384616,5.288461538461538,47.59615384615385,0.18181818181818182,be like murmur head
Christian,Taylor,6.25,3.125,57.291666666666664,2.0,produce be
Christian,Taylor,6.25,3.125,57.291666666666664,2.0,produce be
Taylor,Leila,7.03125,0.78125,42.1875,9.0,wonder be be
Taylor,Leila,7.03125,0.78125,42.1875,9.0,wonder be be
Troy,Christian,0.0,0.5208333333333333,41.14583333333333,0.0,come glance
Christian,Eva Cassidy,4.166666666666666,0.5208333333333333,49.47916666666667,8.0,look relax sit listen
Ana,Christian,3.6764705882352944,0.0,43.38235294117647,INF,call have
Christian,Dante,2.5,0.0,57.49999999999999,INF,
"Grey Enterprises Holdings , Inc.",Ray,6.640625,3.90625,51.953125,1.7,plague grow
Christian,Dante,5.357142857142857,0.0,58.92857142857143,INF,settle wish
Anastasia,Grace,5.555555555555555,0.0,27.77777777777778,INF,save
Anastasia,Liam,3.125,1.5625,7.8125,2.0,be
Liam,Anastasia,0.0,0.0,22.22222222222222,INF,
Christian,Liam,2.941176470588235,2.941176470588235,58.82352941176471,1.0,interject think be talk
Christian,Grace,0.8333333333333334,2.5,50.0,0.3333333333333333,ease berth
Kate,Ethan,3.2407407407407405,2.314814814814815,38.88888888888889,1.4,hope change come prolong
Kate,Christian,3.2407407407407405,2.314814814814815,38.88888888888889,1.4,hope change come prolong
Kate,Elliot,3.2407407407407405,2.314814814814815,38.88888888888889,1.4,hope change come prolong
Kate,Ethan,3.2407407407407405,2.314814814814815,38.88888888888889,1.4,hope change come prolong
Kate,Christian,3.2407407407407405,2.314814814814815,38.88888888888889,1.4,hope change come prolong
Kate,Elliot,3.2407407407407405,2.314814814814815,38.88888888888889,1.4,hope change come prolong
Kate,Ethan,3.2407407407407405,2.314814814814815,38.88888888888889,1.4,hope change come prolong
Kate,Christian,3.2407407407407405,2.314814814814815,38.88888888888889,1.4,hope change come prolong
Kate,Elliot,3.2407407407407405,2.314814814814815,38.88888888888889,1.4,hope change come prolong
Ethan,Kate,3.2407407407407405,2.314814814814815,38.88888888888889,1.4,hope change come prolong
Ethan,Christian,3.2407407407407405,2.314814814814815,38.88888888888889,1.4,hope change come prolong
Ethan,Elliot,3.2407407407407405,2.314814814814815,38.88888888888889,1.4,hope change come prolong
Kate,Christian,3.2407407407407405,2.314814814814815,38.88888888888889,1.4,hope change come prolong
Kate,Elliot,3.2407407407407405,2.314814814814815,38.88888888888889,1.4,hope change come prolong
Christian,Elliot,3.2407407407407405,2.314814814814815,38.88888888888889,1.4,hope change come prolong
Taylor,Grace,2.941176470588235,0.0,50.0,INF,do
Grace,Taylor,2.941176470588235,0.0,50.0,INF,do
Taylor,Christian,3.125,1.5625,32.8125,2.0,be say eye
Christian,Eva Cassidy,6.0,1.0,45.0,6.0,fill drive
Dr. Greene,Christian,2.82258064516129,0.0,55.24193548387096,INF,have have make buy
Dr. Flynn,Christian,3.5000000000000004,4.5,44.0,0.7777777777777778,drift have tell
Christian,Dr. Flynn,3.5000000000000004,4.5,44.0,0.7777777777777778,drift have tell
Christian,Dr. Flynn,3.5000000000000004,4.5,44.0,0.7777777777777778,drift have tell
Sawyer,Christian,0.0,0.0,64.28571428571429,INF,come open
Sawyer,Leila,6.61764705882353,7.352941176470589,44.85294117647059,0.9,be love want protect
Leila,Sawyer,6.61764705882353,7.352941176470589,44.85294117647059,0.9,be love want protect
Leila,Sawyer,6.61764705882353,7.352941176470589,44.85294117647059,0.9,be love want protect
Christian,Taylor,4.166666666666666,0.0,62.5,INF,reach
Taylor,Christian,11.363636363636363,0.0,43.18181818181818,INF,say
Mr. Grey,Miss Steele,0.0,0.0,50.0,INF,
Miss Steele,Taylor,1.4705882352941175,0.0,51.470588235294116,INF,have say
Christian,Taylor,0.8333333333333334,7.5,65.0,0.1111111111111111,glare look cringe
Taylor,Christian,3.571428571428571,2.976190476190476,60.11904761904761,1.2,shrug smile turn follow
Miss Steele,Christian,6.521739130434782,2.1739130434782608,56.52173913043478,3.0,want say know be
Miss Steele,Taylor,6.521739130434782,2.1739130434782608,56.52173913043478,3.0,want say know be
Christian,Taylor,6.521739130434782,2.1739130434782608,56.52173913043478,3.0,want say know be
Anastasia,Christian,0.0,0.0,35.714285714285715,INF,do flirt scold
Taylor,Leila,2.083333333333333,5.208333333333334,59.375,0.4,think be get
Dr. Flynn,Leila,0.0,1.25,28.749999999999996,0.0,be wash
Dr. Flynn,Leila,0.0,1.25,28.749999999999996,0.0,be wash
Leila,Christian,0.9615384615384616,0.0,37.5,INF,be pause
Leila,Christian,0.9615384615384616,0.0,37.5,INF,be pause
Christian,Leila,1.8382352941176472,2.5735294117647056,42.64705882352941,0.7142857142857143,be stand do harm do need work
Christian,Leila,1.8382352941176472,2.5735294117647056,42.64705882352941,0.7142857142857143,be stand do harm do need work
Taylor,Mrs. Jones,2.631578947368421,0.0,55.26315789473685,INF,be intrigue find have
Anastasia,Christian,4.910714285714286,0.0,48.660714285714285,INF,know stand watch lean stretch say
Miss Steele,Mrs. Jones,2.976190476190476,0.0,54.166666666666664,INF,say place
Miss Steele,Mrs. Jones,2.976190476190476,0.0,54.166666666666664,INF,say place
Mrs. Jones,Ana,5.681818181818182,0.0,48.86363636363637,INF,call
Christian,Mrs. Jones,2.717391304347826,0.5434782608695652,57.608695652173914,5.0,turn cock challenge go accuse flirt
Christian,Mrs. Jones,2.717391304347826,0.5434782608695652,57.608695652173914,5.0,turn cock challenge go accuse flirt
Taylor,Sawyer,2.8846153846153846,0.0,58.65384615384615,INF,come drop
Taylor,Mr. Grey,0.78125,3.90625,57.8125,0.2,be look
Taylor,Audi,1.7857142857142856,0.5952380952380952,54.761904761904766,3.0,be wait climb open
Taylor,Sawyer,1.7857142857142856,0.5952380952380952,54.761904761904766,3.0,be wait climb open
Audi,Sawyer,1.7857142857142856,0.5952380952380952,54.761904761904766,3.0,be wait climb open
Miss Steele,Taylor,3.3333333333333335,2.5,54.166666666666664,1.3333333333333333,be say
Christian,Anastasia,3.77906976744186,2.0348837209302326,47.674418604651166,1.8571428571428572,want say thank
Christian,Miss Steele,3.77906976744186,2.0348837209302326,47.674418604651166,1.8571428571428572,want say thank
Anastasia,Miss Steele,3.77906976744186,2.0348837209302326,47.674418604651166,1.8571428571428572,want say thank
Christian,"Grey Enterprises Holdings , Inc.",1.9736842105263157,1.3157894736842104,44.07894736842105,1.5,
Anastasia,Christian,0.7352941176470588,0.0,43.38235294117647,INF,be ask move
Anastasia,Mr. Grey,0.7352941176470588,0.0,43.38235294117647,INF,be ask move
Christian,Mr. Grey,0.7352941176470588,0.0,43.38235294117647,INF,be ask move
Anastasia,Jack,0.78125,0.78125,42.1875,1.0,
Anastasia,Ana,0.78125,0.78125,42.1875,1.0,
Jack,Ana,0.78125,0.78125,42.1875,1.0,
Christian,"Grey Enterprises Holdings , Inc.",3.4090909090909087,2.272727272727273,48.86363636363637,1.5,
Anastasia,Christian,0.43103448275862066,0.0,40.94827586206897,INF,happen walk run
Anastasia,Jack,0.5434782608695652,0.5434782608695652,42.391304347826086,1.0,
Anastasia,Christian,0.5434782608695652,0.5434782608695652,42.391304347826086,1.0,
Jack,Christian,0.5434782608695652,0.5434782608695652,42.391304347826086,1.0,
Christian,"Grey Enterprises Holdings , Inc.",3.75,2.5,53.75,1.5,
Anastasia,Jack,1.3392857142857142,0.4464285714285714,44.642857142857146,3.0,have see
Anastasia,Christian,1.3392857142857142,0.4464285714285714,44.642857142857146,3.0,have see
Jack,Christian,1.3392857142857142,0.4464285714285714,44.642857142857146,3.0,have see
Christian,"Grey Enterprises Holdings , Inc.",3.75,2.5,53.75,1.5,
Anastasia,Jack,1.3888888888888888,1.3888888888888888,41.66666666666667,1.0,have see
Anastasia,Christian,1.3888888888888888,1.3888888888888888,41.66666666666667,1.0,have see
Jack,Christian,1.3888888888888888,1.3888888888888888,41.66666666666667,1.0,have see
Christian,"Grey Enterprises Holdings , Inc.",3.75,2.5,53.75,1.5,
Anastasia,Christian,0.8620689655172413,0.43103448275862066,46.98275862068966,2.0,need get
Ana,Anastasia,0.6944444444444444,0.6944444444444444,54.166666666666664,1.0,sit wait
Ana,Jack,0.6944444444444444,0.6944444444444444,54.166666666666664,1.0,sit wait
Anastasia,Jack,0.6944444444444444,0.6944444444444444,54.166666666666664,1.0,sit wait
Elena,Anastasia,3.308823529411765,0.0,37.86764705882353,INF,like have
Elena,Anastasia,3.308823529411765,0.0,37.86764705882353,INF,like have
Elena,Anastasia,3.308823529411765,0.0,37.86764705882353,INF,like have
Elena,Anastasia,3.308823529411765,0.0,37.86764705882353,INF,like have
Elena,Mrs. Robinson,0.0,9.722222222222223,56.94444444444444,0.0,
Jack,Ana,2.272727272727273,1.1363636363636365,42.04545454545455,2.0,
Anastasia,Jack,0.5208333333333333,0.5208333333333333,40.625,1.0,have do
Anastasia,Christian,0.5208333333333333,0.5208333333333333,40.625,1.0,have do
Jack,Christian,0.5208333333333333,0.5208333333333333,40.625,1.0,have do
Christian,"Grey Enterprises Holdings , Inc.",3.75,2.5,53.75,1.5,
Anastasia,Christian,0.78125,2.734375,46.484375,0.2857142857142857,grow do need protect
Anastasia,Jack,1.530612244897959,3.061224489795918,48.46938775510204,0.5,be have see be fight
Anastasia,Christian,1.530612244897959,3.061224489795918,48.46938775510204,0.5,be have see be fight
Jack,Christian,1.530612244897959,3.061224489795918,48.46938775510204,0.5,be have see be fight
Jack,Anastasia,1.530612244897959,3.061224489795918,48.46938775510204,0.5,be have see be fight
Christian,Anastasia,1.530612244897959,3.061224489795918,48.46938775510204,0.5,be have see be fight
Christian,"Grey Enterprises Holdings , Inc.",3.75,2.5,53.75,1.5,
Christian,José,0.0,0.0,42.857142857142854,INF,bring
Jack,Jerry,2.631578947368421,5.263157894736842,44.73684210526316,0.5,be need deal
Jack,Elena,2.631578947368421,5.263157894736842,44.73684210526316,0.5,be need deal
Jack,Jerry,2.631578947368421,5.263157894736842,44.73684210526316,0.5,be need deal
Jack,Elena,2.631578947368421,5.263157894736842,44.73684210526316,0.5,be need deal
Jerry,Elena,2.631578947368421,5.263157894736842,44.73684210526316,0.5,be need deal
Elena,Christian,3.571428571428571,0.5952380952380952,57.738095238095234,6.0,read decide handle be send
Anastasia,Christian,1.650943396226415,1.179245283018868,53.77358490566038,1.4,have be interfere save receive follow
Anastasia,Mrs. Lincoln,1.650943396226415,1.179245283018868,53.77358490566038,1.4,have be interfere save receive follow
Christian,Mrs. Lincoln,1.650943396226415,1.179245283018868,53.77358490566038,1.4,have be interfere save receive follow
Mrs. Lincoln,Anastasia,6.25,0.6944444444444444,43.05555555555556,9.0,be like have
Elena,Anastasia,0.625,0.3125,46.5625,2.0,do be
Elena,Jack,0.625,0.3125,46.5625,2.0,do be
Elena,Christian,0.625,0.3125,46.5625,2.0,do be
Elena,Anastasia,0.625,0.3125,46.5625,2.0,do be
Anastasia,Jack,0.625,0.3125,46.5625,2.0,do be
Anastasia,Christian,0.625,0.3125,46.5625,2.0,do be
Jack,Christian,0.625,0.3125,46.5625,2.0,do be
Jack,Anastasia,0.625,0.3125,46.5625,2.0,do be
Christian,Anastasia,0.625,0.3125,46.5625,2.0,do be
Christian,"Grey Enterprises Holdings , Inc.",3.75,2.5,53.75,1.5,
Anastasia,Christian,2.7777777777777777,0.0,37.96296296296296,INF,please discuss
Anastasia,Jack,3.1976744186046515,3.1976744186046515,63.372093023255815,1.0,return tell be be go be do change
Anastasia,Jack,3.1976744186046515,3.1976744186046515,63.372093023255815,1.0,return tell be be go be do change
Anastasia,Jack,3.1976744186046515,3.1976744186046515,63.372093023255815,1.0,return tell be be go be do change
Anastasia,Jack,3.1976744186046515,3.1976744186046515,63.372093023255815,1.0,return tell be be go be do change
Jack,Christian,10.294117647058822,3.6764705882352944,50.73529411764706,2.8,know be be deal wonder know
Jack,Christian,10.294117647058822,3.6764705882352944,50.73529411764706,2.8,know be be deal wonder know
Christian,Jack,10.294117647058822,3.6764705882352944,50.73529411764706,2.8,know be be deal wonder know
Christian,Mrs. Jones,2.631578947368421,0.0,44.73684210526316,INF,move make
Jack,Christian,0.4464285714285714,3.571428571428571,38.839285714285715,0.125,assure go interrupt
Christian,Jack,2.941176470588235,0.7352941176470588,61.029411764705884,4.0,think look say
Christian,Jack,2.941176470588235,0.7352941176470588,61.029411764705884,4.0,think look say
Audi,Taylor,1.9736842105263157,0.6578947368421052,55.26315789473685,3.0,be park leap open
Jack,Elena,5.714285714285714,2.142857142857143,37.857142857142854,2.6666666666666665,be be be fade
Taylor,Christian,2.083333333333333,1.3020833333333335,65.36458333333334,1.6,sit weave feel unwind relax run
Christian,Taylor,2.083333333333333,1.3020833333333335,65.36458333333334,1.6,sit weave feel unwind relax run
Christian,Taylor,2.083333333333333,1.3020833333333335,65.36458333333334,1.6,sit weave feel unwind relax run
Welch,Leila,3.125,6.25,48.95833333333333,0.5,be look
Welch,Christian,3.125,6.25,48.95833333333333,0.5,be look
Leila,Christian,3.125,6.25,48.95833333333333,0.5,be look
Mr. Grey,Ana,2.941176470588235,0.0,44.11764705882353,INF,enjoy say leave
Mr. Grey,Mrs. Jones,2.941176470588235,0.0,44.11764705882353,INF,enjoy say leave
Ana,Mrs. Jones,2.941176470588235,0.0,44.11764705882353,INF,enjoy say leave
Jack,Christian,0.0,2.5,27.500000000000004,0.0,
Christian,Taylor,0.0,0.0,62.5,INF,shake
Christian,Mrs. Robinson,0.0,0.0,66.66666666666666,INF,ask wait
Mrs. Lincoln,Elena,0.0,4.464285714285714,52.67857142857143,0.0,brush
Mrs. Lincoln,Taylor,0.0,0.0,50.0,INF,announce
Elena,Taylor,2.272727272727273,3.4090909090909087,30.681818181818183,0.6666666666666666,say puzzle
Elena,Taylor,2.272727272727273,3.4090909090909087,30.681818181818183,0.6666666666666666,say puzzle
Taylor,Mrs. Robinson,2.083333333333333,1.5625,54.6875,1.3333333333333333,say tilt give
Taylor,Mrs. Robinson,2.083333333333333,1.5625,54.6875,1.3333333333333333,say tilt give
Taylor,Mrs. Robinson,4.464285714285714,0.0,66.96428571428571,INF,beam direct spread
Christian,Elena,1.6666666666666667,4.166666666666666,74.16666666666667,0.4,fetch stand gaze
Elena,Christian,6.666666666666667,0.0,53.333333333333336,INF,look reach clasp
Anastasia,Christian,3.9473684210526314,1.3157894736842104,31.57894736842105,3.0,say squeeze
Anastasia,Elena,3.9473684210526314,1.3157894736842104,31.57894736842105,3.0,say squeeze
Christian,Elena,3.9473684210526314,1.3157894736842104,31.57894736842105,3.0,say squeeze
Elena,Christian,5.208333333333334,0.0,28.125,INF,soften be
Elena,Christian,5.208333333333334,0.0,28.125,INF,soften be
Isaac,Christian,7.291666666666667,1.0416666666666665,50.0,7.0,think need know say
Elena,Christian,0.5681818181818182,0.0,53.97727272727273,INF,do think be do say
Christian,Elena,0.5681818181818182,0.0,53.97727272727273,INF,do think be do say
Christian,Elena,6.666666666666667,1.6666666666666667,38.333333333333336,4.0,want share say
Christian,Elena,0.0,0.0,28.57142857142857,INF,scold
Christian,Elena,8.653846153846153,4.807692307692308,32.69230769230769,1.8,be scoff
Christian,Elena,0.5681818181818182,3.4090909090909087,36.93181818181818,0.16666666666666666,be say mean
Christian,Elena,0.5681818181818182,3.4090909090909087,36.93181818181818,0.16666666666666666,be say mean
Christian,Elena,0.5681818181818182,3.4090909090909087,36.93181818181818,0.16666666666666666,be say mean
Christian,Elena,0.6578947368421052,5.921052631578947,51.31578947368421,0.1111111111111111,resign laugh be
Christian,Elena,0.6578947368421052,5.921052631578947,51.31578947368421,0.1111111111111111,resign laugh be
Elena,Christian,7.5,6.25,36.25,1.2,care
Anastasia,Christian,5.921052631578947,1.9736842105263157,60.526315789473685,3.0,think love say grit
Anastasia,Christian,7.291666666666667,4.166666666666666,30.208333333333332,1.75,love
Elena,Christian,6.730769230769231,1.4423076923076923,49.519230769230774,4.666666666666667,have be have say
Isaac,Anastasia,0.0,0.0,33.33333333333333,INF,be
Isaac,Anastasia,0.0,0.0,33.33333333333333,INF,be
Christian,Ray,8.620689655172415,3.4482758620689653,50.0,2.5,be say know be do want know
Christian,Ray,8.620689655172415,3.4482758620689653,50.0,2.5,be say know be do want know
Caroline Acton,Neiman Marcus,0.9259259259259258,0.9259259259259258,46.2962962962963,1.0,shower decide wear procure
Christian,Taylor,0.9375,0.9375,73.125,1.0,smile curl read dream go be jostle
Carrick,Christian,2.5,3.0,50.5,0.8333333333333334,say have say shrug glance
Carrick,Christian,2.5,3.0,50.5,0.8333333333333334,say have say shrug glance
Mrs. Jones,Christian,1.3157894736842104,0.6578947368421052,55.92105263157895,2.0,set
Andrea,Claude,0.0,0.0,43.75,INF,ask check come
Taylor,Christian,4.6875,4.6875,59.375,1.0,be drive drop
Christian,Sawyer,1.7857142857142856,5.357142857142857,57.14285714285714,0.3333333333333333,ask give
Taylor,Sawyer,4.910714285714286,1.3392857142857142,54.46428571428571,3.6666666666666665,have gasp be
Taylor,Christian,4.910714285714286,1.3392857142857142,54.46428571428571,3.6666666666666665,have gasp be
Sawyer,Christian,4.910714285714286,1.3392857142857142,54.46428571428571,3.6666666666666665,have gasp be
Ana,Claire,5.0,0.0,25.0,INF,say
Claire,Christian,6.5,3.5000000000000004,42.0,1.8571428571428572,chat enjoy tell
Claire,Christian,6.5,3.5000000000000004,42.0,1.8571428571428572,chat enjoy tell
Claire,Christian,6.5,3.5000000000000004,42.0,1.8571428571428572,chat enjoy tell
Ana,Claire,4.861111111111112,2.083333333333333,37.5,2.3333333333333335,be say glaze
Ana,Claire,4.861111111111112,2.083333333333333,37.5,2.3333333333333335,be say glaze
Christian,Anastasia,2.5,0.0,44.166666666666664,INF,love wake
Christian,"Grey Enterprises Holdings , Inc.",9.821428571428571,1.7857142857142856,52.67857142857143,5.5,
Anastasia,Christian,5.88235294117647,0.7352941176470588,43.38235294117647,8.0,love wake
Christian,Anastasia,2.6785714285714284,3.571428571428571,46.13095238095239,0.75,have
Christian,"Grey Enterprises Holdings , Inc.",12.5,1.7857142857142856,50.0,7.0,shock
Anastasia,Christian,5.64516129032258,0.8064516129032258,41.935483870967744,7.0,shock
Christian,"Grey Enterprises Holdings , Inc.",10.119047619047619,1.7857142857142856,45.23809523809524,5.666666666666667,shock
Christian,Jack,1.0416666666666665,2.083333333333333,80.20833333333334,0.5,call leave
Christian,Jack,0.9615384615384616,0.9615384615384616,51.92307692307693,1.0,have ask get
Miss Steele,Sawyer,0.0,0.0,60.0,INF,greet
Sawyer,Taylor,1.7857142857142856,5.357142857142857,64.28571428571429,0.3333333333333333,do feel do
Kate,Ethan,0.0,0.0,37.5,INF,be
Kate,Elliot,0.0,0.0,37.5,INF,stay
Ethan,Elliot,5.0,0.0,55.00000000000001,INF,dawn be spend
Christian,Ethan,4.838709677419355,0.4032258064516129,46.37096774193548,12.0,be be come collect
Christian,Ethan,4.838709677419355,0.4032258064516129,46.37096774193548,12.0,be be come collect
Ana,Anastasia,0.5952380952380952,0.2976190476190476,46.726190476190474,2.0,approve
Ana,Jack,0.5952380952380952,0.2976190476190476,46.726190476190474,2.0,approve
Ana,Christian,0.5952380952380952,0.2976190476190476,46.726190476190474,2.0,approve
Ana,Anastasia,0.5952380952380952,0.2976190476190476,46.726190476190474,2.0,approve
Anastasia,Jack,0.5952380952380952,0.2976190476190476,46.726190476190474,2.0,approve
Anastasia,Christian,0.5952380952380952,0.2976190476190476,46.726190476190474,2.0,approve
Jack,Christian,0.5952380952380952,0.2976190476190476,46.726190476190474,2.0,approve
Jack,Anastasia,0.5952380952380952,0.2976190476190476,46.726190476190474,2.0,approve
Christian,Anastasia,0.5952380952380952,0.2976190476190476,46.726190476190474,2.0,approve
Christian,"Grey Enterprises Holdings , Inc.",9.166666666666666,1.6666666666666667,49.166666666666664,5.5,
Anastasia,Christian,0.4166666666666667,0.0,39.58333333333333,INF,do be
Ana,Anastasia,1.6891891891891893,0.33783783783783783,43.91891891891892,5.0,cross
Ana,Jack,1.6891891891891893,0.33783783783783783,43.91891891891892,5.0,cross
Ana,Christian,1.6891891891891893,0.33783783783783783,43.91891891891892,5.0,cross
Ana,Anastasia,1.6891891891891893,0.33783783783783783,43.91891891891892,5.0,cross
Anastasia,Jack,1.6891891891891893,0.33783783783783783,43.91891891891892,5.0,cross
Anastasia,Christian,1.6891891891891893,0.33783783783783783,43.91891891891892,5.0,cross
Jack,Christian,1.6891891891891893,0.33783783783783783,43.91891891891892,5.0,cross
Jack,Anastasia,1.6891891891891893,0.33783783783783783,43.91891891891892,5.0,cross
Christian,Anastasia,1.6891891891891893,0.33783783783783783,43.91891891891892,5.0,cross
Christian,"Grey Enterprises Holdings , Inc.",6.521739130434782,1.6304347826086956,57.065217391304344,4.0,smile
Christian,Mr. Grey,1.0869565217391304,1.0869565217391304,63.04347826086957,1.0,bring look
Ana,Anastasia,2.7777777777777777,1.3888888888888888,51.388888888888886,2.0,do reply do expect
Ana,Jack,2.7777777777777777,1.3888888888888888,51.388888888888886,2.0,do reply do expect
Anastasia,Jack,2.7777777777777777,1.3888888888888888,51.388888888888886,2.0,do reply do expect
Kate,Elliot,0.0,0.0,44.44444444444444,INF,be fly
Audi,Christian,1.5625,0.78125,60.15625,2.0,be park climb approach
Taylor,Christian,3.0,2.0,63.0,1.5,head fill seem
Taylor,Christian,3.0,2.0,63.0,1.5,head fill seem
Christian,WSU,7.065217391304348,0.5434782608695652,70.65217391304348,13.0,gaze attempt explain have make
Christian,WSU,7.065217391304348,0.5434782608695652,70.65217391304348,13.0,gaze attempt explain have make
Claude,Christian,5.46875,0.78125,37.5,7.0,be be say
Leila,Ethan,0.0,7.142857142857142,7.142857142857142,0.0,be harm
Leila,Ethan,2.7777777777777777,8.333333333333332,11.11111111111111,0.3333333333333333,be be harm
Leila,Ethan,2.7777777777777777,8.333333333333332,11.11111111111111,0.3333333333333333,be be harm
Ray,Leila,1.4705882352941175,2.2058823529411766,55.14705882352941,0.6666666666666666,have kick have disarm
Ray,Leila,1.4705882352941175,2.2058823529411766,55.14705882352941,0.6666666666666666,have kick have disarm
Mr. Grey,Leila,8.333333333333332,6.944444444444445,18.055555555555554,1.2,be
Leila,Christian,1.7857142857142856,0.0,41.07142857142857,INF,do mean shoot
Christian,Taylor,2.5,0.625,61.875,4.0,be stand
Taylor,Christian,2.5,0.625,61.875,4.0,be stand
Christian,Leila,2.083333333333333,4.6875,51.5625,0.4444444444444444,be gaze focus waver
Christian,Leila,2.083333333333333,4.6875,51.5625,0.4444444444444444,be gaze focus waver
Christian,Leila,2.083333333333333,4.6875,51.5625,0.4444444444444444,be gaze focus waver
Christian,Leila,2.083333333333333,4.6875,51.5625,0.4444444444444444,be gaze focus waver
Christian,Leila,6.25,7.291666666666667,48.95833333333333,0.8571428571428571,glare have see scare
Leila,Christian,6.25,7.291666666666667,48.95833333333333,0.8571428571428571,glare have see scare
Christian,Taylor,5.833333333333333,0.8333333333333334,53.333333333333336,7.0,hold signal stay be
Christian,Taylor,5.833333333333333,0.8333333333333334,53.333333333333336,7.0,hold signal stay be
Taylor,Christian,5.833333333333333,0.8333333333333334,53.333333333333336,7.0,hold signal stay be
Taylor,Christian,4.6875,7.8125,50.0,0.6,blanch betray
Christian,Leila,0.5952380952380952,7.738095238095238,63.095238095238095,0.07692307692307693,have see stand stare
Christian,Leila,0.5952380952380952,7.738095238095238,63.095238095238095,0.07692307692307693,have see stand stare
Christian,Leila,0.5952380952380952,7.738095238095238,63.095238095238095,0.07692307692307693,have see stand stare
Anastasia,Taylor,1.1363636363636365,0.0,35.22727272727273,INF,go command
Taylor,Leila,5.0,8.75,36.25,0.5714285714285714,respond leave
Taylor,Leila,5.0,8.75,36.25,0.5714285714285714,respond leave
Anastasia,Christian,2.083333333333333,3.125,44.79166666666667,0.6666666666666666,be clip
Taylor,Christian,1.25,0.0,78.75,INF,nod stare
Taylor,Christian,1.25,0.0,78.75,INF,nod stare
Christian,Leila,0.0,8.695652173913043,39.130434782608695,0.0,confirm play
Christian,Dom,0.0,8.695652173913043,39.130434782608695,0.0,confirm play
Christian,Dom,0.0,8.695652173913043,39.130434782608695,0.0,confirm play
Leila,Dom,0.0,8.695652173913043,39.130434782608695,0.0,confirm play
Leila,Dom,0.0,8.695652173913043,39.130434782608695,0.0,confirm play
Taylor,Christian,2.083333333333333,0.0,47.91666666666667,INF,urge lean scoop
Christian,Taylor,2.083333333333333,0.0,47.91666666666667,INF,urge lean scoop
Christian,Leila,1.6304347826086956,4.891304347826087,58.69565217391305,0.3333333333333333,see leave be stroke murmur
Christian,Leila,1.6304347826086956,4.891304347826087,58.69565217391305,0.3333333333333333,see leave be stroke murmur
Christian,Leila,0.0,0.0,30.0,INF,
Christian,Leila,0.0,0.0,30.0,INF,
Leila,Christian,0.0,0.0,30.0,INF,
Leila,Christian,0.0,0.0,30.0,INF,
Taylor,Ethan,1.875,0.0,58.12500000000001,INF,set throw wrap
Ethan,Taylor,1.875,0.0,58.12500000000001,INF,set throw wrap
Ethan,Taylor,3.4090909090909087,6.8181818181818175,26.136363636363637,0.5,be
Taylor,Christian,0.0,0.0,60.0,INF,work
Taylor,Ethan,3.125,1.0416666666666665,29.166666666666668,3.0,be
Christian,Ethan,0.0,4.807692307692308,41.34615384615385,0.0,be trail
Ana,Taylor,0.0,11.363636363636363,34.090909090909086,0.0,be
Ana,Taylor,5.921052631578947,5.263157894736842,46.71052631578947,1.125,do seem have evade add scowl
Mr. Grey,Taylor,2.2058823529411766,2.2058823529411766,48.529411764705884,1.0,want go say
Ethan,Taylor,3.8461538461538463,0.0,65.38461538461539,INF,nod
Leila,Christian,1.5,2.5,68.0,0.6,be kill be come
Christian,Leila,0.0,0.0,27.27272727272727,INF,be do
Leila,Christian,1.7857142857142856,5.357142857142857,64.28571428571429,0.3333333333333333,be fulfill
Ethan,Kate,7.317073170731707,5.182926829268292,43.59756097560975,1.411764705882353,be stay chat try lift talk be
Ethan,Elliot,7.317073170731707,5.182926829268292,43.59756097560975,1.411764705882353,be stay chat try lift talk be
Ethan,Kate,7.317073170731707,5.182926829268292,43.59756097560975,1.411764705882353,be stay chat try lift talk be
Ethan,Elliot,7.317073170731707,5.182926829268292,43.59756097560975,1.411764705882353,be stay chat try lift talk be
Kate,Elliot,7.317073170731707,5.182926829268292,43.59756097560975,1.411764705882353,be stay chat try lift talk be
Christian,Leila,4.166666666666666,2.083333333333333,68.75,2.0,be carry be wrap
Taylor,Audi,0.6578947368421052,3.289473684210526,43.42105263157895,0.2,emerge climb head
Taylor,Christian,0.6578947368421052,3.289473684210526,43.42105263157895,0.2,emerge climb head
Audi,Christian,0.6578947368421052,3.289473684210526,43.42105263157895,0.2,emerge climb head
Anastasia,Ethan,0.0,3.90625,39.84375,0.0,work murmur
Christian,Leila,0.6097560975609756,1.524390243902439,56.40243902439024,0.4,hold gaze be have see
Christian,Leila,0.6097560975609756,1.524390243902439,56.40243902439024,0.4,hold gaze be have see
Leila,Christian,2.2435897435897436,5.769230769230769,40.705128205128204,0.3888888888888889,be be be think think trail stare
Leila,Christian,2.2435897435897436,5.769230769230769,40.705128205128204,0.3888888888888889,be be be think think trail stare
Leila,Christian,2.2435897435897436,5.769230769230769,40.705128205128204,0.3888888888888889,be be be think think trail stare
Christian,Leila,2.430555555555556,4.166666666666666,48.95833333333333,0.5833333333333334,regard think be listen see close
Christian,Leila,2.430555555555556,4.166666666666666,48.95833333333333,0.5833333333333334,regard think be listen see close
Leila,Christian,2.430555555555556,4.166666666666666,48.95833333333333,0.5833333333333334,regard think be listen see close
Leila,Christian,2.430555555555556,4.166666666666666,48.95833333333333,0.5833333333333334,regard think be listen see close
Ana,Taylor,2.7777777777777777,2.083333333333333,22.916666666666664,1.3333333333333333,be
Ana,Christian,4.017857142857143,3.571428571428571,45.982142857142854,1.125,see know have do close
Ana,Christian,4.017857142857143,3.571428571428571,45.982142857142854,1.125,see know have do close
Ana,Christian,4.017857142857143,3.571428571428571,45.982142857142854,1.125,see know have do close
Ana,Christian,4.017857142857143,3.571428571428571,45.982142857142854,1.125,see know have do close
Ana,Christian,5.46875,0.78125,31.25,7.0,be
Christian,Leila,4.017857142857143,0.8928571428571428,52.23214285714286,4.5,dawn do be keep care
Christian,Leila,4.017857142857143,0.8928571428571428,52.23214285714286,4.5,dawn do be keep care
Leila,Christian,4.017857142857143,0.8928571428571428,52.23214285714286,4.5,dawn do be keep care
Christian,Leila,4.017857142857143,0.8928571428571428,52.23214285714286,4.5,dawn do be keep care
Christian,Leila,1.3888888888888888,1.3888888888888888,52.77777777777778,1.0,do care
Ana,Christian,0.4629629629629629,0.0,55.092592592592595,INF,breathe twist pull be
Ana,Christian,0.4629629629629629,0.0,55.092592592592595,INF,breathe twist pull be
Ana,Christian,0.4629629629629629,0.0,55.092592592592595,INF,breathe twist pull be
Ana,Christian,1.6304347826086956,4.3478260869565215,37.5,0.375,pause search be go
Ana,Christian,1.6304347826086956,4.3478260869565215,37.5,0.375,pause search be go
Christian,Leila,5.288461538461538,1.4423076923076923,50.96153846153846,3.6666666666666665,be reassure know be give kick
Christian,Leila,5.288461538461538,1.4423076923076923,50.96153846153846,3.6666666666666665,be reassure know be give kick
Mr. Grey,Christian,0.0,0.0,50.0,INF,
Christian,Ana,4.545454545454546,0.0,46.96969696969697,INF,say pull please do cry please beg
Christian,Ana,4.545454545454546,0.0,46.96969696969697,INF,say pull please do cry please beg
Christian,Ana,4.545454545454546,0.0,46.96969696969697,INF,say pull please do cry please beg
Ana,Christian,4.545454545454546,0.0,46.96969696969697,INF,say pull please do cry please beg
Taylor,Christian,5.147058823529411,0.0,53.67647058823529,INF,be wait say seem
Taylor,Christian,5.147058823529411,0.0,53.67647058823529,INF,be wait say seem
Christian,Saab,0.7142857142857143,3.571428571428571,50.0,0.2,thank mutter be confuse be drive
Christian,Taylor,1.6666666666666667,0.0,58.333333333333336,INF,be be
Christian,Taylor,0.7352941176470588,1.4705882352941175,68.38235294117648,0.5,remember tell drive drive
Christian,Taylor,0.7352941176470588,1.4705882352941175,68.38235294117648,0.5,remember tell drive drive
Taylor,Miss Steele,5.64516129032258,0.4032258064516129,58.46774193548387,14.0,nod dash realize open seem have overcome
Taylor,Miss Steele,5.64516129032258,0.4032258064516129,58.46774193548387,14.0,nod dash realize open seem have overcome
Christian,Anastasia,2.8846153846153846,0.9615384615384616,38.46153846153847,3.0,miss date please use
Christian,"Grey Enterprises Holdings , Inc.",3.4090909090909087,2.272727272727273,57.95454545454546,1.5,
Anastasia,Christian,1.3392857142857142,0.4464285714285714,41.07142857142857,3.0,be
Anastasia,Jack,0.5952380952380952,0.5952380952380952,36.904761904761905,1.0,
Anastasia,Christian,0.5952380952380952,0.5952380952380952,36.904761904761905,1.0,
Jack,Christian,0.5952380952380952,0.5952380952380952,36.904761904761905,1.0,
Christian,"Grey Enterprises Holdings , Inc.",3.75,2.5,53.75,1.5,
Anastasia,Christian,7.5,1.4285714285714286,42.5,5.25,live make know be stop
Anastasia,Jack,1.3297872340425532,0.26595744680851063,43.08510638297872,5.0,be go start discuss
Anastasia,Christian,1.3297872340425532,0.26595744680851063,43.08510638297872,5.0,be go start discuss
Anastasia,Dr. Flynn,1.3297872340425532,0.26595744680851063,43.08510638297872,5.0,be go start discuss
Jack,Christian,1.3297872340425532,0.26595744680851063,43.08510638297872,5.0,be go start discuss
Jack,Anastasia,1.3297872340425532,0.26595744680851063,43.08510638297872,5.0,be go start discuss
Jack,Dr. Flynn,1.3297872340425532,0.26595744680851063,43.08510638297872,5.0,be go start discuss
Christian,Anastasia,1.3297872340425532,0.26595744680851063,43.08510638297872,5.0,be go start discuss
Christian,Dr. Flynn,1.3297872340425532,0.26595744680851063,43.08510638297872,5.0,be go start discuss
Anastasia,Dr. Flynn,1.3297872340425532,0.26595744680851063,43.08510638297872,5.0,be go start discuss
Christian,"Grey Enterprises Holdings , Inc.",2.8846153846153846,1.9230769230769231,56.730769230769226,1.5,piss
Ana,José,0.0,0.0,22.22222222222222,INF,
Jack,Christian,6.944444444444445,5.555555555555555,59.72222222222222,1.25,be begin sound know tolerate
Jack,Claire,5.113636363636364,1.1363636363636365,48.29545454545455,4.5,fetch let know be
Christian,Anastasia,2.586206896551724,2.586206896551724,36.206896551724135,1.0,miss date be
Christian,"Grey Enterprises Holdings , Inc.",2.6785714285714284,1.7857142857142856,59.82142857142857,1.5,
Christian,Anastasia,5.092592592592593,0.4629629629629629,38.88888888888889,11.0,be
Christian,"Grey Enterprises Holdings , Inc.",2.6785714285714284,1.7857142857142856,59.82142857142857,1.5,piss
Christian,Anastasia,0.4629629629629629,0.0,40.27777777777778,INF,have hear
Christian,"Grey Enterprises Holdings , Inc.",2.8846153846153846,1.9230769230769231,49.03846153846153,1.5,
Christian,Andrea,1.1363636363636365,0.0,44.31818181818182,INF,
Christian,Mr. Grey,1.4423076923076923,3.3653846153846154,52.88461538461539,0.42857142857142855,be hope speak be
Mr. Grey,Ana,2.7777777777777777,0.0,41.66666666666667,INF,tell call
Christian,Jack,2.717391304347826,1.0869565217391304,61.41304347826087,2.5,shake clear head depress
Christian,Leila,0.0,0.0,50.0,INF,
Christian,José,1.0416666666666665,1.5625,55.729166666666664,0.6666666666666666,look be be
Jack,Miss Steele,4.545454545454546,0.0,50.0,INF,be
Taylor,Leila,1.3888888888888888,7.638888888888889,63.19444444444444,0.18181818181818182,bath be
Taylor,Leila,9.375,1.5625,51.5625,6.0,wonder give
Anastasia,Christian,1.8382352941176472,0.7352941176470588,44.48529411764706,2.5,be go tell
Anastasia,Mr. Grey,1.8382352941176472,0.7352941176470588,44.48529411764706,2.5,be go tell
Christian,Mr. Grey,1.8382352941176472,0.7352941176470588,44.48529411764706,2.5,be go tell
Anastasia,Jack,0.6578947368421052,0.6578947368421052,46.05263157894737,1.0,do
Anastasia,Christian,0.6578947368421052,0.6578947368421052,46.05263157894737,1.0,do
Jack,Christian,0.6578947368421052,0.6578947368421052,46.05263157894737,1.0,do
Jack,Anastasia,0.6578947368421052,0.6578947368421052,46.05263157894737,1.0,do
Christian,Anastasia,0.6578947368421052,0.6578947368421052,46.05263157894737,1.0,do
Christian,"Grey Enterprises Holdings , Inc.",2.34375,1.5625,64.84375,1.5,
Christian,Mr. Grey,1.0,3.0,60.0,0.3333333333333333,imagine pout write
Anastasia,Jack,2.1341463414634148,0.9146341463414633,45.73170731707317,2.3333333333333335,date use
Anastasia,Christian,2.1341463414634148,0.9146341463414633,45.73170731707317,2.3333333333333335,date use
Jack,Christian,2.1341463414634148,0.9146341463414633,45.73170731707317,2.3333333333333335,date use
Jack,Anastasia,2.1341463414634148,0.9146341463414633,45.73170731707317,2.3333333333333335,date use
Jack,Anastasia,2.1341463414634148,0.9146341463414633,45.73170731707317,2.3333333333333335,date use
Christian,Anastasia,2.1341463414634148,0.9146341463414633,45.73170731707317,2.3333333333333335,date use
Christian,Anastasia,2.1341463414634148,0.9146341463414633,45.73170731707317,2.3333333333333335,date use
Christian,"Grey Enterprises Holdings , Inc.",2.5,1.6666666666666667,49.166666666666664,1.5,
Anastasia,Christian,1.9736842105263157,0.9868421052631579,41.776315789473685,2.0,stay
Anastasia,Mr. Grey,1.9736842105263157,0.9868421052631579,41.776315789473685,2.0,stay
Christian,Mr. Grey,1.9736842105263157,0.9868421052631579,41.776315789473685,2.0,stay
Christian,Anastasia,2.5735294117647056,1.8382352941176472,47.05882352941176,1.4,know give hope make do think stand
Christian,Anastasia,2.5735294117647056,1.8382352941176472,47.05882352941176,1.4,know give hope make do think stand
Christian,"Grey Enterprises Holdings , Inc.",3.4090909090909087,2.272727272727273,57.95454545454546,1.5,
Anastasia,Christian,1.171875,0.78125,48.046875,1.5,try be try work try
Christian,Anastasia,2.9166666666666665,1.6666666666666667,45.416666666666664,1.75,be give
Christian,"Grey Enterprises Holdings , Inc.",3.4090909090909087,2.272727272727273,57.95454545454546,1.5,
Elizabeth,Jack,2.302631578947368,1.644736842105263,48.68421052631579,1.4,know have fight give trail take step
Elizabeth,Jack,2.302631578947368,1.644736842105263,48.68421052631579,1.4,know have fight give trail take step
Christian,Ana,1.3888888888888888,0.0,43.05555555555556,INF,do manage
Ana,Jack,3.6458333333333335,5.208333333333334,41.14583333333333,0.7,be know clench
Christian,Taylor,1.3157894736842104,2.302631578947368,62.17105263157895,0.5714285714285714,watch play leap wait run
Jack,Christian,4.166666666666666,6.018518518518518,49.074074074074076,0.6923076923076923,whisper sense see disappear
Jack,Taylor,4.166666666666666,6.018518518518518,49.074074074074076,0.6923076923076923,whisper sense see disappear
Christian,Taylor,4.166666666666666,6.018518518518518,49.074074074074076,0.6923076923076923,whisper sense see disappear
Christian,Taylor,0.0,0.0,71.42857142857143,INF,
Christian,Jack,3.3333333333333335,13.333333333333334,43.333333333333336,0.25,be do
Christian,Taylor,0.0,0.0,66.66666666666666,INF,
Christian,Anastasia,6.081081081081082,2.364864864864865,42.9054054054054,2.5714285714285716,please get help put threaten blaze
Jack,Audi,1.1363636363636365,1.1363636363636365,52.27272727272727,1.0,pull
Christian,Taylor,1.5625,0.0,48.4375,INF,come
Jack,Audi,2.0,3.5000000000000004,54.50000000000001,0.5714285714285714,head be see
Audi,Jack,2.0,3.5000000000000004,54.50000000000001,0.5714285714285714,head be see
Christian,Taylor,2.083333333333333,6.944444444444445,46.52777777777778,0.3,drive reach
Christian,Taylor,0.8928571428571428,0.0,59.82142857142857,INF,open be get
Mr. Grey,Barney,0.0,0.0,37.5,INF,
Barney,Christian,0.0,2.5,42.5,0.0,be be warn
Christian,Jack,2.083333333333333,1.0416666666666665,63.541666666666664,2.0,fix tell be
Christian,Jack,2.083333333333333,1.0416666666666665,63.541666666666664,2.0,fix tell be
Jack,Christian,0.0,0.0,57.89473684210527,INF,pull climb
Christian,Taylor,0.8333333333333334,1.6666666666666667,50.83333333333333,0.5,come
Ethan,Jack,2.142857142857143,1.4285714285714286,56.42857142857143,1.5,be hole talk freak know have face
Gail,Christian,1.0869565217391304,1.0869565217391304,50.0,1.0,say come drag
Gail,Christian,1.0869565217391304,1.0869565217391304,50.0,1.0,say come drag
Christian,Barney,2.232142857142857,2.6785714285714284,52.23214285714286,0.8333333333333334,be sit tell have find
Christian,Jack,2.232142857142857,2.6785714285714284,52.23214285714286,0.8333333333333334,be sit tell have find
Barney,Jack,2.232142857142857,2.6785714285714284,52.23214285714286,0.8333333333333334,be sit tell have find
Kate,Elliot,4.464285714285714,0.8928571428571428,30.357142857142854,5.0,be add
Ethan,Christian,1.5625,0.0,35.9375,INF,be
Christian,José,7.6923076923076925,0.0,53.84615384615385,INF,wonder hang
Ana,Christian,0.0,6.944444444444445,37.5,0.0,
Christian,Mrs. Jones,0.0,0.0,62.5,INF,do think
Miss Steele,Christian,5.241935483870968,0.4032258064516129,55.64516129032258,13.0,be wake tease pull be lie
Ana,Christian,3.8461538461538463,4.807692307692308,37.5,0.8,murmur
Mrs. Jones,Christian,6.696428571428571,3.125,61.60714285714286,2.142857142857143,set be be drag
Taylor,Audi,0.5434782608695652,0.0,55.97826086956522,INF,start lift follow
Taylor,Christian,2.272727272727273,0.0,61.36363636363637,INF,take
Dr. Flynn,Christian,3.5000000000000004,0.0,52.5,INF,do forget be see say hold
Dr. Flynn,Christian,3.5000000000000004,0.0,52.5,INF,do forget be see say hold
Dr. Flynn,Christian,3.5000000000000004,0.0,52.5,INF,do forget be see say hold
Anastasia,Jack,6.944444444444445,0.6944444444444444,47.91666666666667,10.0,understand be
Jack,Elizabeth,0.0,2.631578947368421,50.0,0.0,be be go haunt cross
Jack,Elizabeth,0.0,2.631578947368421,50.0,0.0,be be go haunt cross
Anastasia,Ethan,2.8846153846153846,0.0,50.96153846153846,INF,look say nod
Christian,Elliot,3.308823529411765,0.3676470588235294,49.26470588235294,9.0,be suppose be have get hold be spring
Mia,Ethan,2.083333333333333,1.0416666666666665,13.541666666666666,2.0,be
Mia,Kate,2.083333333333333,1.0416666666666665,13.541666666666666,2.0,be
Ethan,Kate,2.083333333333333,1.0416666666666665,13.541666666666666,2.0,be
Mia,Ethan,9.090909090909092,0.0,36.36363636363637,INF,blink give
Mia,Ethan,9.090909090909092,0.0,36.36363636363637,INF,blink give
Ethan,Mia,9.090909090909092,0.0,36.36363636363637,INF,blink give
Ethan,Mia,3.9473684210526314,3.289473684210526,29.605263157894733,1.2,meet blink
Ana,Ethan,0.9615384615384616,0.0,29.807692307692307,INF,say offer
Ana,Ethan,0.9615384615384616,0.0,29.807692307692307,INF,say offer
Ana,Mia,0.9615384615384616,0.0,29.807692307692307,INF,say offer
Ethan,Mia,0.9615384615384616,0.0,29.807692307692307,INF,say offer
Ethan,Mia,0.9615384615384616,0.0,29.807692307692307,INF,say offer
Mia,Ethan,3.125,0.0,21.875,INF,like
Mia,Christian,5.0,0.8333333333333334,60.83333333333333,6.0,be be
Anastasia,Christian,2.586206896551724,1.7241379310344827,37.06896551724138,1.5,be
Christian,Anastasia,1.9230769230769231,2.8846153846153846,37.5,0.6666666666666666,
Christian,"Grey Enterprises Holdings , Inc.",3.75,2.5,53.75,1.5,
Anastasia,Christian,0.4807692307692308,0.0,41.82692307692308,INF,have fly
Claire,Jack,6.578947368421052,1.9736842105263157,38.81578947368421,3.3333333333333335,be know send happen
Claire,Jack,6.8181818181818175,3.977272727272727,48.29545454545455,1.7142857142857142,tell be know
Christian,Anastasia,1.3392857142857142,2.232142857142857,35.714285714285715,0.6,try worry
Christian,"Grey Enterprises Holdings , Inc.",3.4090909090909087,2.272727272727273,57.95454545454546,1.5,
Ethan,Mia,2.5,0.0,37.5,INF,make take
Dr. Flynn,Christian,1.9230769230769231,0.9615384615384616,58.65384615384615,2.0,be
Christian,Saab,0.7352941176470588,0.0,58.08823529411765,INF,run say
Christian,Saab,0.7352941176470588,0.0,58.08823529411765,INF,run say
Christian,Dr. Flynn,6.25,1.7857142857142856,45.535714285714285,3.5,greet be be know
Christian,Dr. Flynn,6.25,1.7857142857142856,45.535714285714285,3.5,greet be be know
Ana,Christian,11.666666666666666,1.6666666666666667,46.666666666666664,7.0,please mumble shake
Ana,Christian,4.464285714285714,0.0,45.535714285714285,INF,say usher
Christian,Dr. Flynn,0.625,0.0,44.375,INF,have request accompany begin
Dr. Flynn,Christian,4.464285714285714,0.0,45.535714285714285,INF,stare
Dr. Flynn,Christian,4.464285714285714,0.0,45.535714285714285,INF,stare
Dr. Flynn,Christian,0.9615384615384616,0.0,60.57692307692307,INF,furrow glance
Dr. Flynn,Christian,0.9615384615384616,0.0,60.57692307692307,INF,furrow glance
Christian,Dr. Flynn,3.125,0.0,38.54166666666667,INF,thank say
Christian,Dr. Flynn,3.125,1.5625,61.979166666666664,2.0,give search stalk do slam
Dr. Flynn,Christian,2.1739130434782608,3.804347826086957,50.54347826086957,0.5714285714285714,have be be be
Dr. Flynn,Christian,2.1739130434782608,3.804347826086957,50.54347826086957,0.5714285714285714,have be be be
Dr. Flynn,Christian,2.1739130434782608,3.804347826086957,50.54347826086957,0.5714285714285714,have be be be
Christian,Ana,0.0,9.615384615384617,51.92307692307693,0.0,be
Christian,Ana,3.75,2.5,53.75,1.5,be
Dr. Flynn,Christian,5.833333333333333,0.8333333333333334,66.66666666666666,7.0,flush be smile
Christian,Dr. Flynn,5.555555555555555,0.0,38.88888888888889,INF,squeeze turn
Ana,Dr. Flynn,4.545454545454546,0.0,40.909090909090914,INF,get say
Dr. Flynn,Christian,0.6944444444444444,1.3888888888888888,47.91666666666667,0.5,say
Christian,Saab,0.0,0.0,50.0,INF,get open
José,Christian,0.0,0.0,70.0,INF,ask stare
Ana,Christian,0.0,0.0,45.0,INF,breathe press
Ana,Christian,0.0,0.0,45.0,INF,breathe press
Ana,Christian,0.0,0.0,45.0,INF,breathe press
Ana,Christian,0.0,0.0,45.0,INF,breathe press
Ana,Christian,0.0,0.0,45.0,INF,breathe press
Ana,Christian,0.0,0.0,45.0,INF,breathe press
Christian,Van Morrison,2.7777777777777777,0.0,58.333333333333336,INF,restart pull hum
Christian,Van Morrison,2.8846153846153846,0.0,66.34615384615384,INF,nod shrug
Mr. Grey,Van Morrison,4.605263157894736,1.3157894736842104,46.71052631578947,3.5,admonish cock
Christian,Dr. Flynn,0.5952380952380952,2.976190476190476,63.095238095238095,0.2,interrupt head head sink
Christian,Saab,2.34375,4.6875,42.96875,0.5,say ease
Miss Kelly,Christian,7.638888888888889,0.6944444444444444,58.333333333333336,11.0,be suggest accommodate ride
Miss Kelly,Christian,0.5681818181818182,2.272727272727273,65.3409090909091,0.25,disappear lead
Anastasia,Christian,2.403846153846154,2.403846153846154,37.5,1.0,be go have learn be say say
Christian,Dr. Flynn,0.8928571428571428,0.0,49.107142857142854,INF,return
Christian,Kate,0.0,0.0,53.333333333333336,INF,turn do
Christian,Ethan,0.0,0.0,53.333333333333336,INF,turn do
Kate,Ethan,0.0,0.0,53.333333333333336,INF,turn do
Christian,Dr. Flynn,1.5,3.0,59.5,0.5,be do mention be find concentrate
Miss Steele,Christian,0.0,3.9473684210526314,69.73684210526315,0.0,whisper slip
Miss Steele,Christian,0.0,3.9473684210526314,69.73684210526315,0.0,whisper slip
Mrs. Jones,Christian,7.065217391304348,4.3478260869565215,53.80434782608695,1.625,hand sit devour feel be
Christian,Anastasia,0.390625,0.0,52.734375,INF,calculate be go
Christian,"Grey Enterprises Holdings , Inc.",3.125,2.083333333333333,53.125,1.5,
Christian,Anastasia,5.603448275862069,0.8620689655172413,45.258620689655174,6.5,be accommodate
Christian,Mrs. Jones,5.603448275862069,0.8620689655172413,45.258620689655174,6.5,be accommodate
Anastasia,Mrs. Jones,5.603448275862069,0.8620689655172413,45.258620689655174,6.5,be accommodate
Christian,"Grey Enterprises Holdings , Inc.",3.4090909090909087,2.272727272727273,57.95454545454546,1.5,
Anastasia,Christian,1.6666666666666667,0.8333333333333334,44.166666666666664,2.0,tap wait see be
Christian,Anastasia,0.78125,1.171875,48.046875,0.6666666666666666,hate keep
Christian,"Grey Enterprises Holdings , Inc.",3.75,2.5,53.75,1.5,
Anastasia,Christian,0.4629629629629629,0.0,36.574074074074076,INF,indulge date be
Anastasia,Christian,0.4629629629629629,2.7777777777777777,41.2037037037037,0.16666666666666666,be talk
José,Christian,1.1904761904761905,0.0,51.19047619047619,INF,do forget be go be stay
Christian,PA,0.6578947368421052,1.3157894736842104,55.92105263157895,0.5,be tempt ring decide be
Christian,Andrea,0.6578947368421052,1.3157894736842104,55.92105263157895,0.5,be tempt ring decide be
PA,Andrea,0.6578947368421052,1.3157894736842104,55.92105263157895,0.5,be tempt ring decide be
Kate,Ethan,0.0,0.0,33.33333333333333,INF,turn be
Ethan,José,7.8125,0.0,4.6875,INF,know
José,Ethan,0.0,3.6764705882352944,37.5,0.0,have meet assess shake
Kate,Ethan,3.289473684210526,0.0,44.07894736842105,INF,say smile
Kate,José,3.289473684210526,0.0,44.07894736842105,INF,say smile
Ethan,José,3.289473684210526,0.0,44.07894736842105,INF,say smile
Mia,Grace,0.0,0.0,50.0,INF,sit hold
Elliot,José,0.5208333333333333,2.083333333333333,51.5625,0.25,gaze stand talk
Elliot,Ethan,0.5208333333333333,2.083333333333333,51.5625,0.25,gaze stand talk
José,Ethan,0.5208333333333333,2.083333333333333,51.5625,0.25,gaze stand talk
Taylor,Carrick,1.1363636363636365,5.113636363636364,52.84090909090909,0.2222222222222222,be talk be drip-feed be
Ray,Mariners,3.571428571428571,8.333333333333332,50.0,0.42857142857142855,get get lose
Ethan,Mia,1.25,0.625,58.12500000000001,2.0,gaze be watch have
Ethan,Elliot,1.25,0.625,58.12500000000001,2.0,gaze be watch have
Ethan,Elliot,1.25,0.625,58.12500000000001,2.0,gaze be watch have
Ethan,Grace,1.25,0.625,58.12500000000001,2.0,gaze be watch have
Mia,Elliot,1.25,0.625,58.12500000000001,2.0,gaze be watch have
Mia,Elliot,1.25,0.625,58.12500000000001,2.0,gaze be watch have
Mia,Grace,1.25,0.625,58.12500000000001,2.0,gaze be watch have
Elliot,Grace,1.25,0.625,58.12500000000001,2.0,gaze be watch have
Elliot,Grace,1.25,0.625,58.12500000000001,2.0,gaze be watch have
Mia,José,3.125,1.25,35.625,2.5,close offer clasp
Starbucks,Christian,3.8461538461538463,0.0,65.38461538461539,INF,remember sit weigh
Grace,Christian,1.4705882352941175,2.5735294117647056,66.54411764705883,0.5714285714285714,turn see barrel have be stand
Carrick,Taylor,3.5000000000000004,1.0,47.5,3.5,appear clutch embrace close
Taylor,Carrick,3.5000000000000004,1.0,47.5,3.5,appear clutch embrace close
Taylor,Carrick,3.5000000000000004,1.0,47.5,3.5,appear clutch embrace close
Carrick,Christian,6.25,2.083333333333333,47.22222222222222,3.0,be pull wipe clap
Carrick,Christian,6.25,2.083333333333333,47.22222222222222,3.0,be pull wipe clap
Mia,Grace,5.0,0.0,45.0,INF,release
Elliot,Christian,0.625,0.0,59.375,INF,come relinquish have
Elliot,Mia,0.625,0.0,59.375,INF,come relinquish have
Elliot,Carrick,0.625,0.0,59.375,INF,come relinquish have
Elliot,Christian,0.625,0.0,59.375,INF,come relinquish have
Christian,Mia,0.625,0.0,59.375,INF,come relinquish have
Christian,Carrick,0.625,0.0,59.375,INF,come relinquish have
Mia,Carrick,0.625,0.0,59.375,INF,come relinquish have
Mia,Christian,0.625,0.0,59.375,INF,come relinquish have
Carrick,Christian,0.625,0.0,59.375,INF,come relinquish have
Elliot,Christian,3.289473684210526,5.921052631578947,43.42105263157895,0.5555555555555556,slap
Elliot,Christian,3.289473684210526,5.921052631578947,43.42105263157895,0.5555555555555556,slap
Elliot,Christian,3.289473684210526,5.921052631578947,43.42105263157895,0.5555555555555556,slap
Ana,Kate,6.730769230769231,4.807692307692308,34.61538461538461,1.4,be murmur
Christian,José,3.8461538461538463,0.9615384615384616,56.730769230769226,4.0,tuck extend
Christian,José,3.8461538461538463,0.9615384615384616,56.730769230769226,4.0,tuck extend
Mr. Grey,José,1.3888888888888888,0.0,43.05555555555556,INF,say
Christian,Mrs. Jones,3.75,1.875,64.375,2.0,narrow be distract be
Christian,Mrs. Jones,3.75,1.875,64.375,2.0,narrow be distract be
Christian,Mrs. Jones,3.75,1.875,64.375,2.0,narrow be distract be
Mrs. Jones,Christian,3.75,1.875,64.375,2.0,narrow be distract be
Mrs. Jones,WSU,2.232142857142857,2.232142857142857,52.67857142857143,1.0,be be emblazon dwarf
Mrs. Jones,WSU,2.232142857142857,2.232142857142857,52.67857142857143,1.0,be be emblazon dwarf
WSU,Mrs. Jones,2.232142857142857,2.232142857142857,52.67857142857143,1.0,be be emblazon dwarf
Christian,Mrs. Jones,4.166666666666666,0.0,62.5,INF,
Ethan,Kate,0.0,0.0,40.0,INF,close join
Ethan,Kate,3.3333333333333335,0.0,56.666666666666664,INF,shake give peck
Ethan,Kate,3.3333333333333335,0.0,56.666666666666664,INF,shake give peck
Christian,Elliot,5.681818181818182,1.1363636363636365,47.72727272727273,5.0,growl correct grin suspect be
Taylor,Christian,0.8620689655172413,0.0,47.41379310344828,INF,give think head
Taylor,Christian,0.8620689655172413,0.0,47.41379310344828,INF,give think head
Taylor,Christian,0.8620689655172413,0.0,47.41379310344828,INF,give think head
Taylor,Christian,0.8620689655172413,0.0,47.41379310344828,INF,give think head
Taylor,Christian,0.8620689655172413,0.0,47.41379310344828,INF,give think head
Taylor,Christian,0.8620689655172413,0.0,47.41379310344828,INF,give think head
Christian,Charlie Tango,0.5208333333333333,1.5625,60.416666666666664,0.3333333333333333,be fly deal
Christian,Ros,0.5208333333333333,1.5625,60.416666666666664,0.3333333333333333,be fly deal
Christian,WSU,0.5208333333333333,1.5625,60.416666666666664,0.3333333333333333,be fly deal
Charlie Tango,Ros,0.5208333333333333,1.5625,60.416666666666664,0.3333333333333333,be fly deal
Charlie Tango,Christian,0.5208333333333333,1.5625,60.416666666666664,0.3333333333333333,be fly deal
Charlie Tango,WSU,0.5208333333333333,1.5625,60.416666666666664,0.3333333333333333,be fly deal
Ros,Christian,0.5208333333333333,1.5625,60.416666666666664,0.3333333333333333,be fly deal
Ros,WSU,0.5208333333333333,1.5625,60.416666666666664,0.3333333333333333,be fly deal
Christian,WSU,0.5208333333333333,1.5625,60.416666666666664,0.3333333333333333,be fly deal
Christian,José,0.0,0.0,60.0,INF,glance
Ros,Andrea,2.5,0.0,47.5,INF,call drop
Ros,Andrea,2.5,0.0,47.5,INF,call drop
Christian,Elliot,5.769230769230769,1.9230769230769231,38.46153846153847,3.0,think be need scoff
Carrick,Grace,3.571428571428571,0.0,39.285714285714285,INF,follow make
Mia,Ethan,3.125,1.0416666666666665,58.333333333333336,3.0,be be have whisper hear
Mia,Ethan,4.166666666666666,0.6944444444444444,45.13888888888889,6.0,be smile be shake
Mia,Ethan,4.166666666666666,0.6944444444444444,45.13888888888889,6.0,be smile be shake
Mia,Ethan,4.166666666666666,0.6944444444444444,45.13888888888889,6.0,be smile be shake
Ethan,Mia,4.166666666666666,0.6944444444444444,45.13888888888889,6.0,be smile be shake
Ethan,Mia,4.166666666666666,0.6944444444444444,45.13888888888889,6.0,be smile be shake
Mia,Ethan,4.166666666666666,0.6944444444444444,45.13888888888889,6.0,be smile be shake
Elliot,Kate,0.0,0.0,35.714285714285715,INF,come
Kate,Elliot,3.125,0.0,40.625,INF,follow
Kate,Greys,3.125,0.0,40.625,INF,follow
Elliot,Greys,3.125,0.0,40.625,INF,follow
Ethan,Christian,5.208333333333334,0.0,61.458333333333336,INF,shake give
Christian,José,0.78125,2.34375,53.125,0.3333333333333333,leave
Anastasia,Christian,6.25,0.0,33.75,INF,say
Ray,Ana,0.0,0.0,47.05882352941176,INF,be head see
Christian,José,0.625,0.0,49.375,INF,change accompany
José,Christian,1.3888888888888888,0.0,54.166666666666664,INF,let say shake
Christian,Mrs. Robinson,6.25,2.083333333333333,58.333333333333336,3.0,be sound be talk
Christian,Mrs. Robinson,6.25,2.083333333333333,58.333333333333336,3.0,be sound be talk
Miss Steele,Christian,1.293103448275862,3.0172413793103448,54.310344827586206,0.42857142857142855,have intrigue run
Miss Steele,Christian,1.293103448275862,3.0172413793103448,54.310344827586206,0.42857142857142855,have intrigue run
Miss Steele,Christian,0.0,5.357142857142857,44.642857142857146,0.0,think be
Miss Steele,Christian,1.6304347826086956,0.5434782608695652,58.69565217391305,3.0,look say bend
Anastasia,Christian,3.5000000000000004,4.5,44.0,0.7777777777777778,have send run
Anastasia,Dom,0.0,5.208333333333334,19.791666666666664,0.0,be
Christian,Kate,2.34375,0.78125,46.875,3.0,be laugh
Ana,Christian,3.787878787878788,1.893939393939394,51.89393939393939,2.0,believe have scold trail be tolerate
Anastasia,Christian,1.3888888888888888,1.0416666666666665,50.34722222222222,1.3333333333333333,be e-mail inform be
Anastasia,Mr. Grey,1.3888888888888888,1.0416666666666665,50.34722222222222,1.3333333333333333,be e-mail inform be
Christian,Mr. Grey,1.3888888888888888,1.0416666666666665,50.34722222222222,1.3333333333333333,be e-mail inform be
Christian,Anastasia,0.4629629629629629,0.0,36.574074074074076,INF,be
Christian,"Grey Enterprises Holdings , Inc.",4.605263157894736,2.631578947368421,55.92105263157895,1.75,
Christian,Mr. Grey,2.1739130434782608,1.358695652173913,55.16304347826087,1.6,draw inform be waste
Miss Steele,Mr. Grey,0.9375,4.375,49.6875,0.21428571428571427,be say release saunter leave
Miss Steele,Mr. Grey,0.9375,4.375,49.6875,0.21428571428571427,be say release saunter leave
Miss Steele,Mr. Grey,0.9375,4.375,49.6875,0.21428571428571427,be say release saunter leave
Miss Steele,Mr. Grey,0.9375,4.375,49.6875,0.21428571428571427,be say release saunter leave
Ray,Mr. Grey,7.5,5.833333333333333,33.33333333333333,1.2857142857142858,have
Ray,Mr. Grey,7.5,5.833333333333333,33.33333333333333,1.2857142857142858,have
Christian,Mr. Grey,7.142857142857142,8.035714285714286,41.964285714285715,0.8888888888888888,nod widen
Christian,Ray,4.6875,0.0,57.8125,INF,have ask marry say
Carrick,Christian,4.411764705882353,0.0,60.29411764705882,INF,take proffer pull
Christian,Carrick,4.411764705882353,0.0,60.29411764705882,INF,take proffer pull
Christian,Carrick,4.411764705882353,0.0,60.29411764705882,INF,take proffer pull
Christian,Kate,0.7575757575757576,0.7575757575757576,56.060606060606055,1.0,shrug decide follow leave
Christian,Kate,0.7575757575757576,0.7575757575757576,56.060606060606055,1.0,shrug decide follow leave
Christian,Carrick,0.7575757575757576,0.7575757575757576,56.060606060606055,1.0,shrug decide follow leave
Kate,Carrick,0.7575757575757576,0.7575757575757576,56.060606060606055,1.0,shrug decide follow leave
Kate,Carrick,0.7575757575757576,0.7575757575757576,56.060606060606055,1.0,shrug decide follow leave
Kate,Christian,0.0,0.0,62.5,INF,step
Kate,Christian,0.0,8.333333333333332,41.66666666666667,0.0,ask ignore
Christian,Kate,1.3888888888888888,0.0,43.05555555555556,INF,continue
Christian,Kate,0.0,6.0,46.0,0.0,face gaze slip seem recover scowl
Christian,Kate,0.0,6.0,46.0,0.0,face gaze slip seem recover scowl
Kate,Christian,0.0,6.0,46.0,0.0,face gaze slip seem recover scowl
Kate,Christian,0.0,6.0,46.0,0.0,face gaze slip seem recover scowl
Ana,Kate,8.59375,5.46875,29.6875,1.5714285714285714,want know be
Christian,Kate,2.7777777777777777,9.027777777777777,60.416666666666664,0.3076923076923077,wrap draw take
Christian,Kate,2.7777777777777777,9.027777777777777,60.416666666666664,0.3076923076923077,wrap draw take
Ana,Katherine Kavanagh,2.34375,2.34375,45.3125,1.0,have consent be say
Ana,Kate,2.34375,2.34375,45.3125,1.0,have consent be say
Katherine Kavanagh,Kate,2.34375,2.34375,45.3125,1.0,have consent be say
Kate,Christian,4.6875,2.34375,55.46875,2.0,reach grab wrap
Christian,Kate,0.8928571428571428,0.0,56.25,INF,step
Kate,Christian,0.0,6.25,53.75,0.0,look
Christian,Kate,0.0,6.25,53.75,0.0,look
Mrs. Grey,Kate,0.9615384615384616,3.8461538461538463,33.65384615384615,0.25,be say
Christian,Kate,4.166666666666666,0.0,62.5,INF,smile
Grace,Kate,0.8928571428571428,0.0,63.39285714285714,INF,glance seem reassure
Christian,Kate,8.653846153846153,4.807692307692308,40.38461538461539,1.8,do apologize say
Christian,Kate,0.0,0.0,45.45454545454545,INF,nod follow
Christian,Kate,0.0,0.0,45.45454545454545,INF,nod follow
Greys,Ethan,0.0,1.6304347826086956,41.84782608695652,0.0,scan assume
Greys,Mia,0.0,1.6304347826086956,41.84782608695652,0.0,scan assume
Greys,Dr. Flynn,0.0,1.6304347826086956,41.84782608695652,0.0,scan assume
Greys,Dr. Flynn,0.0,1.6304347826086956,41.84782608695652,0.0,scan assume
Ethan,Mia,0.0,1.6304347826086956,41.84782608695652,0.0,scan assume
Ethan,Dr. Flynn,0.0,1.6304347826086956,41.84782608695652,0.0,scan assume
Ethan,Dr. Flynn,0.0,1.6304347826086956,41.84782608695652,0.0,scan assume
Mia,Dr. Flynn,0.0,1.6304347826086956,41.84782608695652,0.0,scan assume
Mia,Dr. Flynn,0.0,1.6304347826086956,41.84782608695652,0.0,scan assume
Dr. Flynn,Christian,0.25510204081632654,0.5102040816326531,58.41836734693877,0.5,be remember see meet do recognize
Dr. Flynn,Christian,0.25510204081632654,0.5102040816326531,58.41836734693877,0.5,be remember see meet do recognize
Dr. Flynn,Mia,0.25510204081632654,0.5102040816326531,58.41836734693877,0.5,be remember see meet do recognize
Dr. Flynn,Lily,0.25510204081632654,0.5102040816326531,58.41836734693877,0.5,be remember see meet do recognize
Christian,Mia,0.25510204081632654,0.5102040816326531,58.41836734693877,0.5,be remember see meet do recognize
Christian,Lily,0.25510204081632654,0.5102040816326531,58.41836734693877,0.5,be remember see meet do recognize
Christian,Mia,0.25510204081632654,0.5102040816326531,58.41836734693877,0.5,be remember see meet do recognize
Christian,Lily,0.25510204081632654,0.5102040816326531,58.41836734693877,0.5,be remember see meet do recognize
Mia,Lily,0.25510204081632654,0.5102040816326531,58.41836734693877,0.5,be remember see meet do recognize
Gretchen,Christian,0.0,2.604166666666667,55.729166666666664,0.0,be wear flutter
Gretchen,Christian,0.0,2.604166666666667,55.729166666666664,0.0,be wear flutter
Christian,Gretchen,0.8333333333333334,4.166666666666666,61.66666666666667,0.2,grab give
Christian,Gretchen,0.8333333333333334,4.166666666666666,61.66666666666667,0.2,grab give
Elena,Christian,1.0416666666666665,0.0,48.95833333333333,INF,give
Elena,Christian,1.0416666666666665,0.0,48.95833333333333,INF,give
Elena,Christian,4.166666666666666,5.208333333333334,32.29166666666667,0.8,be
Ana,Elena,0.0,7.142857142857142,21.428571428571427,0.0,purr
Elena,Christian,6.25,1.3888888888888888,42.36111111111111,4.5,need make say eye
Ros,Christian,1.7857142857142856,2.6785714285714284,52.67857142857143,0.6666666666666666,acknowledge have
Ros,Christian,0.0,0.0,27.27272727272727,INF,be work
Christian,Anastasia,4.934210526315789,0.0,47.69736842105263,INF,glance have consent be like be know
Lily,Mia,2.272727272727273,4.545454545454546,38.63636363636363,0.5,be stand look crestfallen look be eat
Lily,Gretchen,2.272727272727273,4.545454545454546,38.63636363636363,0.5,be stand look crestfallen look be eat
Lily,Gretchen,2.272727272727273,4.545454545454546,38.63636363636363,0.5,be stand look crestfallen look be eat
Mia,Gretchen,2.272727272727273,4.545454545454546,38.63636363636363,0.5,be stand look crestfallen look be eat
Mia,Gretchen,2.272727272727273,4.545454545454546,38.63636363636363,0.5,be stand look crestfallen look be eat
Carrick,Grace,3.125,2.083333333333333,57.291666666666664,1.5,interrupt be be hug kiss pass
Carrick,Greys,3.125,2.083333333333333,57.291666666666664,1.5,interrupt be be hug kiss pass
Grace,Greys,3.125,2.083333333333333,57.291666666666664,1.5,interrupt be be hug kiss pass
Ana,Grace,3.125,0.0,51.87500000000001,INF,be be go be gush
Christian,Mia,2.5,2.5,55.00000000000001,1.0,
Christian,Mia,0.8928571428571428,0.0,34.82142857142857,INF,be thrill say
Mia,Christian,7.03125,5.46875,56.25,1.2857142857142858,be know be intimidate
Mia,Christian,0.0,4.166666666666666,62.5,0.0,beam
Christian,Dr. Flynn,5.0,2.0,49.0,2.5,be be find
Elena,Gretchen,2.6785714285714284,5.357142857142857,49.107142857142854,0.5,seem have disappear be refill
Christian,Dr. Flynn,5.208333333333334,0.0,36.45833333333333,INF,say hold
Christian,Dr. Flynn,5.208333333333334,0.0,36.45833333333333,INF,say hold
Rhian,Christian,2.7777777777777777,6.944444444444445,34.72222222222222,0.4,scold
Rhian,Anastasia,2.5,1.25,6.25,2.0,be
Ana,John,2.7777777777777777,1.3888888888888888,40.27777777777778,2.0,be
Christian,Dr. Flynn,5.952380952380952,0.0,51.19047619047619,INF,be bowl shake amuse
Christian,Dr. Flynn,5.952380952380952,0.0,51.19047619047619,INF,be bowl shake amuse
Christian,Dr. Flynn,0.0,12.5,47.5,0.0,
Dr. Flynn,Elena,2.8846153846153846,1.9230769230769231,56.730769230769226,1.5,have be
Dr. Flynn,Christian,5.208333333333334,2.083333333333333,55.208333333333336,2.5,be help listen
Dr. Flynn,Rhian,5.208333333333334,2.083333333333333,55.208333333333336,2.5,be help listen
Christian,Rhian,5.208333333333334,2.083333333333333,55.208333333333336,2.5,be help listen
Christian,Dr. Flynn,6.944444444444445,0.0,48.61111111111111,INF,know be discuss
Christian,Leila,6.944444444444445,0.0,48.61111111111111,INF,know be discuss
Dr. Flynn,Leila,6.944444444444445,0.0,48.61111111111111,INF,know be discuss
Christian,Dr. Flynn,2.6785714285714284,0.8928571428571428,53.57142857142857,3.0,be
Ros,Christian,0.0,0.4032258064516129,54.43548387096774,0.0,stop be join do recognize introduce
Ros,Leila,0.0,0.4032258064516129,54.43548387096774,0.0,stop be join do recognize introduce
Ros,Gwen,0.0,0.4032258064516129,54.43548387096774,0.0,stop be join do recognize introduce
Christian,Leila,0.0,0.4032258064516129,54.43548387096774,0.0,stop be join do recognize introduce
Christian,Gwen,0.0,0.4032258064516129,54.43548387096774,0.0,stop be join do recognize introduce
Leila,Gwen,0.0,0.4032258064516129,54.43548387096774,0.0,stop be join do recognize introduce
Leila,Christian,13.636363636363635,1.1363636363636365,39.77272727272727,12.0,be pilot
Leila,Charlie Tango,0.625,0.625,48.75,1.0,be say hesitate go
Charlie Tango,Leila,0.625,0.625,48.75,1.0,be say hesitate go
Charlie Tango,Leila,0.625,0.625,48.75,1.0,be say hesitate go
Gwen,Christian,3.571428571428571,3.571428571428571,35.714285714285715,1.0,be seem
Ros,Christian,2.083333333333333,3.125,65.625,0.6666666666666666,do discuss tell be keep
Grace,Christian,2.631578947368421,1.3157894736842104,59.210526315789465,2.0,interrupt inform be be serve
Ana,Mia,0.0,1.5625,23.4375,0.0,hiss
Christian,Mia,1.5625,0.0,56.770833333333336,INF,release sneak
Lily,Christian,3.125,3.90625,55.46875,0.8,think be hope get
Lily,Christian,3.125,3.90625,55.46875,0.8,think be hope get
Ana,Ethan,1.0416666666666665,2.083333333333333,46.875,0.5,do want date
Mia,Ethan,1.6666666666666667,0.8333333333333334,30.833333333333336,2.0,be have work
Mia,Kate,4.464285714285714,4.017857142857143,41.517857142857146,1.1111111111111112,give scuttle give bother
Mia,Kate,4.464285714285714,4.017857142857143,41.517857142857146,1.1111111111111112,give scuttle give bother
Ana,Elena,0.0,0.0,28.57142857142857,INF,sneer
Elena,Christian,0.0,8.035714285714286,20.535714285714285,0.0,be
Christian,Elena,5.555555555555555,2.7777777777777777,58.333333333333336,2.0,stare
Elena,Grace,2.9166666666666665,6.25,44.166666666666664,0.4666666666666667,widen slap
Elena,Grace,2.9166666666666665,6.25,44.166666666666664,0.4666666666666667,widen slap
Elena,Grace,3.9473684210526314,1.9736842105263157,57.23684210526315,2.0,clutch stare
Elena,Grace,3.9473684210526314,1.9736842105263157,57.23684210526315,2.0,clutch stare
Grace,Christian,0.4807692307692308,2.403846153846154,81.73076923076923,0.2,turn face settle stare
Grace,Christian,0.4807692307692308,2.403846153846154,81.73076923076923,0.2,turn face settle stare
Christian,Grace,0.4807692307692308,2.403846153846154,81.73076923076923,0.2,turn face settle stare
Christian,Grace,0.4807692307692308,2.403846153846154,81.73076923076923,0.2,turn face settle stare
Christian,Elena,4.605263157894736,5.921052631578947,42.10526315789473,0.7777777777777778,have overhear have
Christian,Mrs. Robinson,2.4193548387096775,0.4032258064516129,58.46774193548387,6.0,be think have witness
Christian,Mrs. Robinson,2.4193548387096775,0.4032258064516129,58.46774193548387,6.0,be think have witness
Dr. Flynn,Rhian,3.4090909090909087,0.0,64.77272727272727,INF,smile stand take
Dr. Flynn,Rhian,3.4090909090909087,0.0,64.77272727272727,INF,smile stand take
Kate,Mia,0.0,0.0,41.66666666666667,INF,be give
Mia,Kate,0.0,0.0,41.66666666666667,INF,be give
Mia,Kate,0.0,0.0,41.66666666666667,INF,be give
Carrick,Ethan,1.7857142857142856,0.35714285714285715,43.57142857142857,5.0,take lead be talk drink eat
Carrick,Elliot,1.7857142857142856,0.35714285714285715,43.57142857142857,5.0,take lead be talk drink eat
Carrick,Mariners,1.7857142857142856,0.35714285714285715,43.57142857142857,5.0,take lead be talk drink eat
Ethan,Elliot,1.7857142857142856,0.35714285714285715,43.57142857142857,5.0,take lead be talk drink eat
Ethan,Mariners,1.7857142857142856,0.35714285714285715,43.57142857142857,5.0,take lead be talk drink eat
Elliot,Mariners,1.7857142857142856,0.35714285714285715,43.57142857142857,5.0,take lead be talk drink eat
Christian,Elliot,0.0,12.5,37.5,0.0,ignore
Carrick,Elliot,0.0,5.769230769230769,48.07692307692308,0.0,frown shake
Elliot,Carrick,0.0,5.769230769230769,48.07692307692308,0.0,frown shake
