NAME 1,NAME 2,% POS,% NEG,% NEUTRAL,POS:NEG,VERBS
Hari Singh,Ravi,4.577464788732395,1.7605633802816902,44.36619718309859,2.6,be give keep be hear make change have be wait catapult appear see come play
Hari Singh,Ravi,4.577464788732395,1.7605633802816902,44.36619718309859,2.6,be give keep be hear make change have be wait catapult appear see come play
Hari Singh,Ravi,4.577464788732395,1.7605633802816902,44.36619718309859,2.6,be give keep be hear make change have be wait catapult appear see come play
Ravi,Hari Singh,0.8522727272727272,2.840909090909091,55.39772727272727,0.3,lie listen wish slip catch emit flit be
Ravi,Hari Singh,0.8522727272727272,2.840909090909091,55.39772727272727,0.3,lie listen wish slip catch emit flit be
Hari Singh,Ravi,0.4807692307692308,0.9615384615384616,60.09615384615385,0.5,demand serve
Hari Singh,Ravi,0.4807692307692308,0.9615384615384616,60.09615384615385,0.5,demand serve
Hari Singh,Ravi,0.4807692307692308,0.9615384615384616,60.09615384615385,0.5,demand serve
Hari Singh,Ravi,0.4807692307692308,0.9615384615384616,60.09615384615385,0.5,demand serve
Ravi,Hari Singh,1.9736842105263157,0.21929824561403508,48.68421052631579,9.0,pick talk have take allow carry shoot watch make
Ravi,Hari Singh,1.9736842105263157,0.21929824561403508,48.68421052631579,9.0,pick talk have take allow carry shoot watch make
Ravi,Hari Singh,1.9736842105263157,0.21929824561403508,48.68421052631579,9.0,pick talk have take allow carry shoot watch make
Ravi,Hari Singh,1.9736842105263157,0.21929824561403508,48.68421052631579,9.0,pick talk have take allow carry shoot watch make
Hari Singh,Ravi,1.9736842105263157,0.21929824561403508,48.68421052631579,9.0,pick talk have take allow carry shoot watch make
Hari Singh,Ravi,1.9736842105263157,0.21929824561403508,48.68421052631579,9.0,pick talk have take allow carry shoot watch make
Hari Singh,Ravi,1.9736842105263157,0.21929824561403508,48.68421052631579,9.0,pick talk have take allow carry shoot watch make
Hari Singh,Ravi,1.9736842105263157,0.21929824561403508,48.68421052631579,9.0,pick talk have take allow carry shoot watch make
Hari Singh,Ravi,1.9736842105263157,0.21929824561403508,48.68421052631579,9.0,pick talk have take allow carry shoot watch make
Hari Singh,Ravi,1.9736842105263157,0.21929824561403508,48.68421052631579,9.0,pick talk have take allow carry shoot watch make
Hari Singh,Ravi,1.9736842105263157,0.21929824561403508,48.68421052631579,9.0,pick talk have take allow carry shoot watch make
Hari Singh,Ravi,1.9736842105263157,0.21929824561403508,48.68421052631579,9.0,pick talk have take allow carry shoot watch make
Hari Singh,Ravi,1.9736842105263157,0.21929824561403508,48.68421052631579,9.0,pick talk have take allow carry shoot watch make
Hari Singh,Ravi,1.9736842105263157,0.21929824561403508,48.68421052631579,9.0,pick talk have take allow carry shoot watch make
Hari Singh,Ravi,1.9736842105263157,0.21929824561403508,48.68421052631579,9.0,pick talk have take allow carry shoot watch make
Hari Singh,Ravi,1.9736842105263157,0.21929824561403508,48.68421052631579,9.0,pick talk have take allow carry shoot watch make
Hari Singh,Ravi,1.9736842105263157,0.21929824561403508,48.68421052631579,9.0,pick talk have take allow carry shoot watch make
Hari Singh,Ravi,1.9736842105263157,0.21929824561403508,48.68421052631579,9.0,pick talk have take allow carry shoot watch make
Ravi,Hari Singh,2.2887323943661975,1.936619718309859,59.154929577464785,1.1818181818181819,eat hang listen give set take let eat be separate provide want
Ravi,Hari Singh,2.2887323943661975,1.936619718309859,59.154929577464785,1.1818181818181819,eat hang listen give set take let eat be separate provide want
Hari Singh,Ravi,2.2887323943661975,1.936619718309859,59.154929577464785,1.1818181818181819,eat hang listen give set take let eat be separate provide want
Hari Singh,Ravi,2.2887323943661975,1.936619718309859,59.154929577464785,1.1818181818181819,eat hang listen give set take let eat be separate provide want
Hari Singh,Ravi,2.2887323943661975,1.936619718309859,59.154929577464785,1.1818181818181819,eat hang listen give set take let eat be separate provide want
Hari Singh,Ravi,2.2887323943661975,1.936619718309859,59.154929577464785,1.1818181818181819,eat hang listen give set take let eat be separate provide want
Ravi,Mr Benjamin,2.850877192982456,1.3157894736842104,58.99122807017544,2.1666666666666665,be be have employ supervise teach board string supplement give
Mr Benjamin,Ravi,2.850877192982456,1.3157894736842104,58.99122807017544,2.1666666666666665,be be have employ supervise teach board string supplement give
Ravi,Mr Benjamin,2.083333333333333,3.2407407407407405,53.93518518518518,0.6428571428571429,approve wear speak approximate do look teach be be
Ravi,Mr Benjamin,2.083333333333333,3.2407407407407405,53.93518518518518,0.6428571428571429,approve wear speak approximate do look teach be be
Ravi,Mr Benjamin,2.083333333333333,3.2407407407407405,53.93518518518518,0.6428571428571429,approve wear speak approximate do look teach be be
Ravi,Mr Benjamin,2.586206896551724,6.4655172413793105,53.01724137931034,0.4,wish be regard
Mr Benjamin,Ravi,3.6057692307692304,0.3605769230769231,55.64903846153846,10.0,clear arrive hang walk scrape dislodge have collect wonder have possess live know have inherit have own use come inspect
Mr Benjamin,Mussoorie,3.6057692307692304,0.3605769230769231,55.64903846153846,10.0,clear arrive hang walk scrape dislodge have collect wonder have possess live know have inherit have own use come inspect
Mr Benjamin,Ravi,3.6057692307692304,0.3605769230769231,55.64903846153846,10.0,clear arrive hang walk scrape dislodge have collect wonder have possess live know have inherit have own use come inspect
Mr Benjamin,Ravi,3.6057692307692304,0.3605769230769231,55.64903846153846,10.0,clear arrive hang walk scrape dislodge have collect wonder have possess live know have inherit have own use come inspect
Mr Benjamin,Ravi,3.6057692307692304,0.3605769230769231,55.64903846153846,10.0,clear arrive hang walk scrape dislodge have collect wonder have possess live know have inherit have own use come inspect
Mr Benjamin,Ravi,3.6057692307692304,0.3605769230769231,55.64903846153846,10.0,clear arrive hang walk scrape dislodge have collect wonder have possess live know have inherit have own use come inspect
Mr Benjamin,Mussoorie,3.6057692307692304,0.3605769230769231,55.64903846153846,10.0,clear arrive hang walk scrape dislodge have collect wonder have possess live know have inherit have own use come inspect
Mr Benjamin,Ravi,3.6057692307692304,0.3605769230769231,55.64903846153846,10.0,clear arrive hang walk scrape dislodge have collect wonder have possess live know have inherit have own use come inspect
Mr Benjamin,Ravi,3.6057692307692304,0.3605769230769231,55.64903846153846,10.0,clear arrive hang walk scrape dislodge have collect wonder have possess live know have inherit have own use come inspect
Mr Benjamin,Ravi,3.6057692307692304,0.3605769230769231,55.64903846153846,10.0,clear arrive hang walk scrape dislodge have collect wonder have possess live know have inherit have own use come inspect
Mr Benjamin,Ravi,3.6057692307692304,0.3605769230769231,55.64903846153846,10.0,clear arrive hang walk scrape dislodge have collect wonder have possess live know have inherit have own use come inspect
Mr Benjamin,Mussoorie,3.6057692307692304,0.3605769230769231,55.64903846153846,10.0,clear arrive hang walk scrape dislodge have collect wonder have possess live know have inherit have own use come inspect
Mr Benjamin,Ravi,3.6057692307692304,0.3605769230769231,55.64903846153846,10.0,clear arrive hang walk scrape dislodge have collect wonder have possess live know have inherit have own use come inspect
Mr Benjamin,Ravi,3.6057692307692304,0.3605769230769231,55.64903846153846,10.0,clear arrive hang walk scrape dislodge have collect wonder have possess live know have inherit have own use come inspect
Mr Benjamin,Ravi,3.6057692307692304,0.3605769230769231,55.64903846153846,10.0,clear arrive hang walk scrape dislodge have collect wonder have possess live know have inherit have own use come inspect
Mr Benjamin,Ravi,3.6057692307692304,0.3605769230769231,55.64903846153846,10.0,clear arrive hang walk scrape dislodge have collect wonder have possess live know have inherit have own use come inspect
Mr Benjamin,Mussoorie,3.6057692307692304,0.3605769230769231,55.64903846153846,10.0,clear arrive hang walk scrape dislodge have collect wonder have possess live know have inherit have own use come inspect
Mr Benjamin,Ravi,3.6057692307692304,0.3605769230769231,55.64903846153846,10.0,clear arrive hang walk scrape dislodge have collect wonder have possess live know have inherit have own use come inspect
Mr Benjamin,Ravi,3.6057692307692304,0.3605769230769231,55.64903846153846,10.0,clear arrive hang walk scrape dislodge have collect wonder have possess live know have inherit have own use come inspect
Mr Benjamin,Ravi,3.6057692307692304,0.3605769230769231,55.64903846153846,10.0,clear arrive hang walk scrape dislodge have collect wonder have possess live know have inherit have own use come inspect
Ravi,Mussoorie,3.6057692307692304,0.3605769230769231,55.64903846153846,10.0,clear arrive hang walk scrape dislodge have collect wonder have possess live know have inherit have own use come inspect
Mussoorie,Ravi,3.6057692307692304,0.3605769230769231,55.64903846153846,10.0,clear arrive hang walk scrape dislodge have collect wonder have possess live know have inherit have own use come inspect
Mussoorie,Ravi,3.6057692307692304,0.3605769230769231,55.64903846153846,10.0,clear arrive hang walk scrape dislodge have collect wonder have possess live know have inherit have own use come inspect
Mussoorie,Ravi,3.6057692307692304,0.3605769230769231,55.64903846153846,10.0,clear arrive hang walk scrape dislodge have collect wonder have possess live know have inherit have own use come inspect
Mr Benjamin,Ravi,2.5,0.0,50.83333333333333,INF,tell open get work
Mr Benjamin,Ravi,2.5,0.0,50.83333333333333,INF,tell open get work
Ravi,Mr Benjamin,2.0408163265306123,2.806122448979592,60.45918367346938,0.7272727272727273,drag droop chew have be spit receive whack
Ravi,Mr Benjamin,2.0408163265306123,2.806122448979592,60.45918367346938,0.7272727272727273,drag droop chew have be spit receive whack
Ravi,Mr Benjamin,2.0408163265306123,2.806122448979592,60.45918367346938,0.7272727272727273,drag droop chew have be spit receive whack
Mr Benjamin,Hari Singh,1.7857142857142856,2.857142857142857,52.5,0.625,hear play crow bleat grow die
Mr Benjamin,Hari Singh,2.403846153846154,0.0,66.82692307692307,INF,stay bring
Hari Singh,Mr Benjamin,2.403846153846154,0.0,66.82692307692307,INF,stay bring
Mr Benjamin,Ravi,0.9375,3.75,55.3125,0.25,be do be be think be need be persuade bring
Mr Benjamin,Ravi,0.9375,3.75,55.3125,0.25,be do be be think be need be persuade bring
Mr Benjamin,Hari Singh,0.9375,3.75,55.3125,0.25,be do be be think be need be persuade bring
Mr Benjamin,Ravi,0.9375,3.75,55.3125,0.25,be do be be think be need be persuade bring
Mr Benjamin,Ravi,0.9375,3.75,55.3125,0.25,be do be be think be need be persuade bring
Mr Benjamin,Hari Singh,0.9375,3.75,55.3125,0.25,be do be be think be need be persuade bring
Ravi,Hari Singh,0.9375,3.75,55.3125,0.25,be do be be think be need be persuade bring
Ravi,Hari Singh,0.9375,3.75,55.3125,0.25,be do be be think be need be persuade bring
Mr Benjamin,Ravi,1.153846153846154,1.3461538461538463,52.88461538461539,0.8571428571428571,come give remind be be attend stare pick walk disappear float
Mr Benjamin,Ravi,1.153846153846154,1.3461538461538463,52.88461538461539,0.8571428571428571,come give remind be be attend stare pick walk disappear float
Mr Benjamin,Ravi,1.153846153846154,1.3461538461538463,52.88461538461539,0.8571428571428571,come give remind be be attend stare pick walk disappear float
Mr Benjamin,Ravi,1.153846153846154,1.3461538461538463,52.88461538461539,0.8571428571428571,come give remind be be attend stare pick walk disappear float
Mr Benjamin,Ravi,1.153846153846154,1.3461538461538463,52.88461538461539,0.8571428571428571,come give remind be be attend stare pick walk disappear float
Mr Benjamin,Ravi,1.153846153846154,1.3461538461538463,52.88461538461539,0.8571428571428571,come give remind be be attend stare pick walk disappear float
Mr Benjamin,Ravi,1.153846153846154,1.3461538461538463,52.88461538461539,0.8571428571428571,come give remind be be attend stare pick walk disappear float
Mr Benjamin,Ravi,1.153846153846154,1.3461538461538463,52.88461538461539,0.8571428571428571,come give remind be be attend stare pick walk disappear float
Hari Singh,Ravi,1.3719512195121952,1.0670731707317074,47.5609756097561,1.2857142857142858,be dress spray get go do happen go be know come escape bring
Hari Singh,Ravi,1.3719512195121952,1.0670731707317074,47.5609756097561,1.2857142857142858,be dress spray get go do happen go be know come escape bring
Hari Singh,Mussoorie,1.3719512195121952,1.0670731707317074,47.5609756097561,1.2857142857142858,be dress spray get go do happen go be know come escape bring
Ravi,Mussoorie,1.3719512195121952,1.0670731707317074,47.5609756097561,1.2857142857142858,be dress spray get go do happen go be know come escape bring
Ravi,Mussoorie,1.3719512195121952,1.0670731707317074,47.5609756097561,1.2857142857142858,be dress spray get go do happen go be know come escape bring
Ravi,Tehmi,1.7045454545454544,0.0,43.75,INF,say do spend
Ravi,Mussoorie,0.0,4.464285714285714,52.67857142857143,0.0,do return be know
Ravi,Miss Wilkinson,2.25,5.25,56.49999999999999,0.42857142857142855,be like seem belong like sit cup gaze
Ravi,Miss Wilkinson,2.25,5.25,56.49999999999999,0.42857142857142855,be like seem belong like sit cup gaze
Ravi,Miss Wilkinson,2.25,5.25,56.49999999999999,0.42857142857142855,be like seem belong like sit cup gaze
Ravi,Miss Wilkinson,2.25,5.25,56.49999999999999,0.42857142857142855,be like seem belong like sit cup gaze
Miss Wilkinson,Ravi,2.25,5.25,56.49999999999999,0.42857142857142855,be like seem belong like sit cup gaze
Miss Wilkinson,Ravi,2.25,5.25,56.49999999999999,0.42857142857142855,be like seem belong like sit cup gaze
Miss Wilkinson,Ravi,2.25,5.25,56.49999999999999,0.42857142857142855,be like seem belong like sit cup gaze
Ravi,Miss Wilkinson,2.25,5.25,56.49999999999999,0.42857142857142855,be like seem belong like sit cup gaze
Ravi,Miss Wilkinson,2.25,5.25,56.49999999999999,0.42857142857142855,be like seem belong like sit cup gaze
Ravi,Miss Wilkinson,2.25,5.25,56.49999999999999,0.42857142857142855,be like seem belong like sit cup gaze
Miss Wilkinson,Ravi,2.0,4.5,49.5,0.4444444444444444,seem approve narrow observe give be do start make
Miss Wilkinson,Ravi,2.0,4.5,49.5,0.4444444444444444,seem approve narrow observe give be do start make
Miss Wilkinson,Ravi,2.0,4.5,49.5,0.4444444444444444,seem approve narrow observe give be do start make
Miss Wilkinson,Ravi,2.0,4.5,49.5,0.4444444444444444,seem approve narrow observe give be do start make
Miss Wilkinson,Ravi,2.0,4.5,49.5,0.4444444444444444,seem approve narrow observe give be do start make
Miss Wilkinson,Ravi,2.0,4.5,49.5,0.4444444444444444,seem approve narrow observe give be do start make
Ravi,Miss Wilkinson,2.0,4.5,49.5,0.4444444444444444,seem approve narrow observe give be do start make
Ravi,Miss Wilkinson,2.0,4.5,49.5,0.4444444444444444,seem approve narrow observe give be do start make
Ravi,Miss Wilkinson,2.0,4.5,49.5,0.4444444444444444,seem approve narrow observe give be do start make
Ravi,Miss Wilkinson,2.0,4.5,49.5,0.4444444444444444,seem approve narrow observe give be do start make
Miss Wilkinson,Ravi,2.0,4.5,49.5,0.4444444444444444,seem approve narrow observe give be do start make
Miss Wilkinson,Ravi,2.0,4.5,49.5,0.4444444444444444,seem approve narrow observe give be do start make
Miss Wilkinson,Ravi,2.0,4.5,49.5,0.4444444444444444,seem approve narrow observe give be do start make
Miss Wilkinson,Ravi,2.0,4.5,49.5,0.4444444444444444,seem approve narrow observe give be do start make
Miss Wilkinson,Ravi,2.0,4.5,49.5,0.4444444444444444,seem approve narrow observe give be do start make
Miss Wilkinson,Ravi,2.0,4.5,49.5,0.4444444444444444,seem approve narrow observe give be do start make
Ravi,Miss Wilkinson,2.0,4.5,49.5,0.4444444444444444,seem approve narrow observe give be do start make
Miss Wilkinson,Ravi,2.0,4.5,49.5,0.4444444444444444,seem approve narrow observe give be do start make
Miss Wilkinson,Ravi,3.571428571428571,7.142857142857142,17.857142857142858,0.5,earn
Miss Wilkinson,Ravi,6.402439024390244,1.524390243902439,43.292682926829265,4.2,ask do find bring
Ravi,Miss Wilkinson,6.402439024390244,1.524390243902439,43.292682926829265,4.2,ask do find bring
Ravi,Miss Wilkinson,6.402439024390244,1.524390243902439,43.292682926829265,4.2,ask do find bring
Ravi,Miss Wilkinson,6.402439024390244,1.524390243902439,43.292682926829265,4.2,ask do find bring
Ravi,Miss Wilkinson,6.402439024390244,1.524390243902439,43.292682926829265,4.2,ask do find bring
Ravi,Miss Wilkinson,1.9067796610169492,1.694915254237288,48.940677966101696,1.125,find be make leave have acquire assure stay run think tell
Ravi,Miss Wilkinson,1.9067796610169492,1.694915254237288,48.940677966101696,1.125,find be make leave have acquire assure stay run think tell
Ravi,Miss Wilkinson,1.9067796610169492,1.694915254237288,48.940677966101696,1.125,find be make leave have acquire assure stay run think tell
Ravi,Miss Wilkinson,1.9067796610169492,1.694915254237288,48.940677966101696,1.125,find be make leave have acquire assure stay run think tell
Miss Wilkinson,Ravi,1.9067796610169492,1.694915254237288,48.940677966101696,1.125,find be make leave have acquire assure stay run think tell
Miss Wilkinson,Ravi,1.9067796610169492,1.694915254237288,48.940677966101696,1.125,find be make leave have acquire assure stay run think tell
Miss Wilkinson,Ravi,1.9067796610169492,1.694915254237288,48.940677966101696,1.125,find be make leave have acquire assure stay run think tell
Miss Wilkinson,Ravi,1.9067796610169492,1.694915254237288,48.940677966101696,1.125,find be make leave have acquire assure stay run think tell
Miss Wilkinson,Ravi,1.9067796610169492,1.694915254237288,48.940677966101696,1.125,find be make leave have acquire assure stay run think tell
Miss Wilkinson,Ravi,1.9067796610169492,1.694915254237288,48.940677966101696,1.125,find be make leave have acquire assure stay run think tell
Ravi,Miss Wilkinson,1.9067796610169492,1.694915254237288,48.940677966101696,1.125,find be make leave have acquire assure stay run think tell
Ravi,Miss Wilkinson,1.9067796610169492,1.694915254237288,48.940677966101696,1.125,find be make leave have acquire assure stay run think tell
Miss Wilkinson,Christina Rossetti,3.3653846153846154,8.413461538461538,47.83653846153847,0.4,have confess have be deteriorate wear have be recite read do miss drop forget
Miss Wilkinson,Christina Rossetti,3.3653846153846154,8.413461538461538,47.83653846153847,0.4,have confess have be deteriorate wear have be recite read do miss drop forget
Miss Wilkinson,Christina Rossetti,3.3653846153846154,8.413461538461538,47.83653846153847,0.4,have confess have be deteriorate wear have be recite read do miss drop forget
Miss Wilkinson,Christina Rossetti,3.3653846153846154,8.413461538461538,47.83653846153847,0.4,have confess have be deteriorate wear have be recite read do miss drop forget
Christina Rossetti,Miss Wilkinson,3.3653846153846154,8.413461538461538,47.83653846153847,0.4,have confess have be deteriorate wear have be recite read do miss drop forget
Ravi,Miss Wilkinson,0.0,9.027777777777777,46.52777777777778,0.0,return suspect be pretend be
Ravi,Miss Wilkinson,0.0,9.027777777777777,46.52777777777778,0.0,return suspect be pretend be
Hari Singh,Miss Wilkinson,1.7307692307692308,1.3461538461538463,53.84615384615385,1.2857142857142858,have retire go live leave be bring cook provide make want sleep
Hari Singh,Miss Wilkinson,1.7307692307692308,1.3461538461538463,53.84615384615385,1.2857142857142858,have retire go live leave be bring cook provide make want sleep
Hari Singh,Miss Wilkinson,1.7307692307692308,1.3461538461538463,53.84615384615385,1.2857142857142858,have retire go live leave be bring cook provide make want sleep
Hari Singh,Miss Wilkinson,1.7307692307692308,1.3461538461538463,53.84615384615385,1.2857142857142858,have retire go live leave be bring cook provide make want sleep
Hari Singh,Miss Wilkinson,1.7307692307692308,1.3461538461538463,53.84615384615385,1.2857142857142858,have retire go live leave be bring cook provide make want sleep
Hari Singh,Miss Wilkinson,1.7307692307692308,1.3461538461538463,53.84615384615385,1.2857142857142858,have retire go live leave be bring cook provide make want sleep
Hari Singh,Miss Wilkinson,1.7307692307692308,1.3461538461538463,53.84615384615385,1.2857142857142858,have retire go live leave be bring cook provide make want sleep
Hari Singh,Miss Wilkinson,1.7307692307692308,1.3461538461538463,53.84615384615385,1.2857142857142858,have retire go live leave be bring cook provide make want sleep
Hari Singh,Miss Wilkinson,1.7307692307692308,1.3461538461538463,53.84615384615385,1.2857142857142858,have retire go live leave be bring cook provide make want sleep
Hari Singh,Miss Wilkinson,1.7307692307692308,1.3461538461538463,53.84615384615385,1.2857142857142858,have retire go live leave be bring cook provide make want sleep
Hari Singh,Miss Wilkinson,1.7307692307692308,1.3461538461538463,53.84615384615385,1.2857142857142858,have retire go live leave be bring cook provide make want sleep
Hari Singh,Miss Wilkinson,1.7307692307692308,1.3461538461538463,53.84615384615385,1.2857142857142858,have retire go live leave be bring cook provide make want sleep
Miss Wilkinson,Hari Singh,1.7307692307692308,1.3461538461538463,53.84615384615385,1.2857142857142858,have retire go live leave be bring cook provide make want sleep
Hari Singh,Miss Wilkinson,1.7307692307692308,1.3461538461538463,53.84615384615385,1.2857142857142858,have retire go live leave be bring cook provide make want sleep
Hari Singh,Miss Wilkinson,1.7307692307692308,1.3461538461538463,53.84615384615385,1.2857142857142858,have retire go live leave be bring cook provide make want sleep
Hari Singh,Miss Wilkinson,1.7307692307692308,1.3461538461538463,53.84615384615385,1.2857142857142858,have retire go live leave be bring cook provide make want sleep
Ravi,Miss Wilkinson,3.4482758620689653,1.293103448275862,57.327586206896555,2.6666666666666665,be relieve find be
Ravi,Miss Wilkinson,3.4482758620689653,1.293103448275862,57.327586206896555,2.6666666666666665,be relieve find be
Miss Wilkinson,Ravi,3.4482758620689653,1.293103448275862,57.327586206896555,2.6666666666666665,be relieve find be
Miss Wilkinson,Ravi,3.4482758620689653,1.293103448275862,57.327586206896555,2.6666666666666665,be relieve find be
Miss Wilkinson,Ravi,0.9615384615384616,2.2435897435897436,58.333333333333336,0.42857142857142855,have learn exchange bring murmur
Ravi,Miss Wilkinson,0.9615384615384616,2.2435897435897436,58.333333333333336,0.42857142857142855,have learn exchange bring murmur
Ravi,Miss Wilkinson,0.9615384615384616,2.2435897435897436,58.333333333333336,0.42857142857142855,have learn exchange bring murmur
Ravi,Miss Wilkinson,0.9615384615384616,2.2435897435897436,58.333333333333336,0.42857142857142855,have learn exchange bring murmur
Ravi,Miss Wilkinson,2.1929824561403506,0.8771929824561403,60.08771929824561,2.5,come be have develop stay engage witness acknowledge find go surprise seek
Ravi,Miss Wilkinson,2.1929824561403506,0.8771929824561403,60.08771929824561,2.5,come be have develop stay engage witness acknowledge find go surprise seek
Ravi,Miss Wilkinson,2.1929824561403506,0.8771929824561403,60.08771929824561,2.5,come be have develop stay engage witness acknowledge find go surprise seek
Ravi,Miss Wilkinson,2.1929824561403506,0.8771929824561403,60.08771929824561,2.5,come be have develop stay engage witness acknowledge find go surprise seek
Miss Wilkinson,Ravi,2.1929824561403506,0.8771929824561403,60.08771929824561,2.5,come be have develop stay engage witness acknowledge find go surprise seek
Miss Wilkinson,Ravi,2.7777777777777777,0.0,19.444444444444446,INF,want ask
Miss Wilkinson,Ravi,3.214285714285714,2.3214285714285716,48.75,1.3846153846153846,hear look rise descend come make sink reach be stroke curl go sleep
Miss Wilkinson,Ravi,3.214285714285714,2.3214285714285716,48.75,1.3846153846153846,hear look rise descend come make sink reach be stroke curl go sleep
Miss Wilkinson,Ravi,3.214285714285714,2.3214285714285716,48.75,1.3846153846153846,hear look rise descend come make sink reach be stroke curl go sleep
Miss Wilkinson,Ravi,3.214285714285714,2.3214285714285716,48.75,1.3846153846153846,hear look rise descend come make sink reach be stroke curl go sleep
Ravi,Miss Wilkinson,3.214285714285714,2.3214285714285716,48.75,1.3846153846153846,hear look rise descend come make sink reach be stroke curl go sleep
Ravi,Miss Wilkinson,3.214285714285714,2.3214285714285716,48.75,1.3846153846153846,hear look rise descend come make sink reach be stroke curl go sleep
Ravi,Miss Wilkinson,3.214285714285714,2.3214285714285716,48.75,1.3846153846153846,hear look rise descend come make sink reach be stroke curl go sleep
Miss Wilkinson,Ravi,3.214285714285714,2.3214285714285716,48.75,1.3846153846153846,hear look rise descend come make sink reach be stroke curl go sleep
Ravi,Miss Wilkinson,2.7777777777777777,0.0,48.333333333333336,INF,enquire reach ask like read
Ravi,Miss Wilkinson,2.7777777777777777,0.0,48.333333333333336,INF,enquire reach ask like read
Miss Wilkinson,Ravi,0.8928571428571428,1.7857142857142856,61.60714285714286,0.5,nod make choose
Ravi,Miss Wilkinson,2.403846153846154,1.282051282051282,48.878205128205124,1.875,find adapt pause rise fall embarrass read have bring listen lower begin fall come go
Ravi,Miss Wilkinson,2.403846153846154,1.282051282051282,48.878205128205124,1.875,find adapt pause rise fall embarrass read have bring listen lower begin fall come go
Ravi,Miss Wilkinson,2.403846153846154,1.282051282051282,48.878205128205124,1.875,find adapt pause rise fall embarrass read have bring listen lower begin fall come go
Ravi,Miss Wilkinson,2.403846153846154,1.282051282051282,48.878205128205124,1.875,find adapt pause rise fall embarrass read have bring listen lower begin fall come go
Ravi,Miss Wilkinson,2.403846153846154,1.282051282051282,48.878205128205124,1.875,find adapt pause rise fall embarrass read have bring listen lower begin fall come go
Ravi,Miss Wilkinson,2.403846153846154,1.282051282051282,48.878205128205124,1.875,find adapt pause rise fall embarrass read have bring listen lower begin fall come go
Ravi,Miss Wilkinson,2.403846153846154,1.282051282051282,48.878205128205124,1.875,find adapt pause rise fall embarrass read have bring listen lower begin fall come go
Ravi,Miss Wilkinson,2.403846153846154,1.282051282051282,48.878205128205124,1.875,find adapt pause rise fall embarrass read have bring listen lower begin fall come go
Ravi,Miss Wilkinson,2.403846153846154,1.282051282051282,48.878205128205124,1.875,find adapt pause rise fall embarrass read have bring listen lower begin fall come go
Ravi,Miss Wilkinson,2.403846153846154,1.282051282051282,48.878205128205124,1.875,find adapt pause rise fall embarrass read have bring listen lower begin fall come go
Ravi,Miss Wilkinson,2.403846153846154,1.282051282051282,48.878205128205124,1.875,find adapt pause rise fall embarrass read have bring listen lower begin fall come go
Ravi,Miss Wilkinson,2.403846153846154,1.282051282051282,48.878205128205124,1.875,find adapt pause rise fall embarrass read have bring listen lower begin fall come go
Ravi,Miss Wilkinson,2.403846153846154,1.282051282051282,48.878205128205124,1.875,find adapt pause rise fall embarrass read have bring listen lower begin fall come go
Ravi,Miss Wilkinson,2.403846153846154,1.282051282051282,48.878205128205124,1.875,find adapt pause rise fall embarrass read have bring listen lower begin fall come go
Ravi,Miss Wilkinson,2.403846153846154,1.282051282051282,48.878205128205124,1.875,find adapt pause rise fall embarrass read have bring listen lower begin fall come go
Ravi,Miss Wilkinson,2.403846153846154,1.282051282051282,48.878205128205124,1.875,find adapt pause rise fall embarrass read have bring listen lower begin fall come go
Ravi,Miss Wilkinson,2.403846153846154,1.282051282051282,48.878205128205124,1.875,find adapt pause rise fall embarrass read have bring listen lower begin fall come go
Ravi,Miss Wilkinson,2.403846153846154,1.282051282051282,48.878205128205124,1.875,find adapt pause rise fall embarrass read have bring listen lower begin fall come go
Ravi,Miss Wilkinson,2.403846153846154,1.282051282051282,48.878205128205124,1.875,find adapt pause rise fall embarrass read have bring listen lower begin fall come go
Ravi,Miss Wilkinson,2.403846153846154,1.282051282051282,48.878205128205124,1.875,find adapt pause rise fall embarrass read have bring listen lower begin fall come go
Ravi,Miss Wilkinson,2.403846153846154,1.282051282051282,48.878205128205124,1.875,find adapt pause rise fall embarrass read have bring listen lower begin fall come go
Ravi,Miss Wilkinson,2.403846153846154,1.282051282051282,48.878205128205124,1.875,find adapt pause rise fall embarrass read have bring listen lower begin fall come go
Ravi,Miss Wilkinson,2.403846153846154,1.282051282051282,48.878205128205124,1.875,find adapt pause rise fall embarrass read have bring listen lower begin fall come go
Ravi,Miss Wilkinson,2.403846153846154,1.282051282051282,48.878205128205124,1.875,find adapt pause rise fall embarrass read have bring listen lower begin fall come go
Miss Wilkinson,Ravi,2.403846153846154,1.282051282051282,48.878205128205124,1.875,find adapt pause rise fall embarrass read have bring listen lower begin fall come go
Miss Wilkinson,Ravi,2.403846153846154,1.282051282051282,48.878205128205124,1.875,find adapt pause rise fall embarrass read have bring listen lower begin fall come go
Ravi,Miss Wilkinson,2.403846153846154,1.282051282051282,48.878205128205124,1.875,find adapt pause rise fall embarrass read have bring listen lower begin fall come go
Ravi,Miss Wilkinson,2.403846153846154,1.282051282051282,48.878205128205124,1.875,find adapt pause rise fall embarrass read have bring listen lower begin fall come go
Ravi,Miss Wilkinson,2.403846153846154,1.282051282051282,48.878205128205124,1.875,find adapt pause rise fall embarrass read have bring listen lower begin fall come go
Ravi,Miss Wilkinson,2.403846153846154,1.282051282051282,48.878205128205124,1.875,find adapt pause rise fall embarrass read have bring listen lower begin fall come go
Ravi,Miss Wilkinson,2.403846153846154,1.282051282051282,48.878205128205124,1.875,find adapt pause rise fall embarrass read have bring listen lower begin fall come go
Ravi,Miss Wilkinson,2.403846153846154,1.282051282051282,48.878205128205124,1.875,find adapt pause rise fall embarrass read have bring listen lower begin fall come go
Ravi,Miss Wilkinson,2.403846153846154,1.282051282051282,48.878205128205124,1.875,find adapt pause rise fall embarrass read have bring listen lower begin fall come go
Ravi,Miss Wilkinson,2.403846153846154,1.282051282051282,48.878205128205124,1.875,find adapt pause rise fall embarrass read have bring listen lower begin fall come go
Ravi,Miss Wilkinson,2.403846153846154,1.282051282051282,48.878205128205124,1.875,find adapt pause rise fall embarrass read have bring listen lower begin fall come go
Ravi,Miss Wilkinson,2.403846153846154,1.282051282051282,48.878205128205124,1.875,find adapt pause rise fall embarrass read have bring listen lower begin fall come go
Ravi,Miss Wilkinson,3.6057692307692304,0.0,56.00961538461539,INF,become do open find surge precede craze leap have fight be
Ravi,Miss Wilkinson,3.6057692307692304,0.0,56.00961538461539,INF,become do open find surge precede craze leap have fight be
Miss Wilkinson,Ravi,3.6057692307692304,0.0,56.00961538461539,INF,become do open find surge precede craze leap have fight be
Miss Wilkinson,Ravi,3.6057692307692304,0.0,56.00961538461539,INF,become do open find surge precede craze leap have fight be
Ravi,Miss Wilkinson,3.6057692307692304,0.0,56.00961538461539,INF,become do open find surge precede craze leap have fight be
Ravi,Miss Wilkinson,3.6057692307692304,0.0,56.00961538461539,INF,become do open find surge precede craze leap have fight be
Ravi,Miss Wilkinson,1.8442622950819672,1.8442622950819672,63.52459016393443,1.0,explain make find attempt crawl lift have be bring crack crash
Ravi,Miss Wilkinson,1.8442622950819672,1.8442622950819672,63.52459016393443,1.0,explain make find attempt crawl lift have be bring crack crash
Ravi,Miss Wilkinson,1.8442622950819672,1.8442622950819672,63.52459016393443,1.0,explain make find attempt crawl lift have be bring crack crash
Ravi,Miss Wilkinson,1.8442622950819672,1.8442622950819672,63.52459016393443,1.0,explain make find attempt crawl lift have be bring crack crash
Ravi,Miss Wilkinson,1.8442622950819672,1.8442622950819672,63.52459016393443,1.0,explain make find attempt crawl lift have be bring crack crash
Ravi,Miss Wilkinson,1.8442622950819672,1.8442622950819672,63.52459016393443,1.0,explain make find attempt crawl lift have be bring crack crash
Miss Wilkinson,Ravi,1.8442622950819672,1.8442622950819672,63.52459016393443,1.0,explain make find attempt crawl lift have be bring crack crash
Miss Wilkinson,Ravi,1.8442622950819672,1.8442622950819672,63.52459016393443,1.0,explain make find attempt crawl lift have be bring crack crash
Miss Wilkinson,Ravi,1.8442622950819672,1.8442622950819672,63.52459016393443,1.0,explain make find attempt crawl lift have be bring crack crash
Miss Wilkinson,Ravi,1.8442622950819672,1.8442622950819672,63.52459016393443,1.0,explain make find attempt crawl lift have be bring crack crash
Miss Wilkinson,Ravi,1.8442622950819672,1.8442622950819672,63.52459016393443,1.0,explain make find attempt crawl lift have be bring crack crash
Ravi,Miss Wilkinson,1.8442622950819672,1.8442622950819672,63.52459016393443,1.0,explain make find attempt crawl lift have be bring crack crash
Miss Wilkinson,Ravi,3.353658536585366,1.524390243902439,48.78048780487805,2.2,do worry do worry be keep say have perish flee know
Miss Wilkinson,Ravi,3.353658536585366,1.524390243902439,48.78048780487805,2.2,do worry do worry be keep say have perish flee know
Ravi,Miss Wilkinson,0.6578947368421052,2.850877192982456,33.33333333333333,0.23076923076923078,arrive help lift begin wail go do have go wail
Ravi,Miss Wilkinson,0.6578947368421052,2.850877192982456,33.33333333333333,0.23076923076923078,arrive help lift begin wail go do have go wail
Ravi,Miss Wilkinson,0.6578947368421052,2.850877192982456,33.33333333333333,0.23076923076923078,arrive help lift begin wail go do have go wail
Ravi,Miss Wilkinson,0.6578947368421052,2.850877192982456,33.33333333333333,0.23076923076923078,arrive help lift begin wail go do have go wail
Ravi,Miss Wilkinson,0.6578947368421052,2.850877192982456,33.33333333333333,0.23076923076923078,arrive help lift begin wail go do have go wail
Miss Wilkinson,Ravi,0.6578947368421052,2.850877192982456,33.33333333333333,0.23076923076923078,arrive help lift begin wail go do have go wail
Miss Wilkinson,Ravi,0.6578947368421052,2.850877192982456,33.33333333333333,0.23076923076923078,arrive help lift begin wail go do have go wail
Ravi,Miss Wilkinson,0.6578947368421052,2.850877192982456,33.33333333333333,0.23076923076923078,arrive help lift begin wail go do have go wail
Ravi,Miss Wilkinson,0.6578947368421052,2.850877192982456,33.33333333333333,0.23076923076923078,arrive help lift begin wail go do have go wail
Ravi,Miss Wilkinson,0.6578947368421052,2.850877192982456,33.33333333333333,0.23076923076923078,arrive help lift begin wail go do have go wail
Ravi,Miss Wilkinson,2.272727272727273,0.0,70.45454545454545,INF,go see
Ravi,Miss Wilkinson,1.8382352941176472,6.61764705882353,41.544117647058826,0.2777777777777778,part croak do need stay
Ravi,Miss Wilkinson,1.8382352941176472,6.61764705882353,41.544117647058826,0.2777777777777778,part croak do need stay
Ravi,Miss Wilkinson,1.8382352941176472,6.61764705882353,41.544117647058826,0.2777777777777778,part croak do need stay
Ravi,Miss Wilkinson,1.8382352941176472,6.61764705882353,41.544117647058826,0.2777777777777778,part croak do need stay
Miss Wilkinson,Ravi,1.8382352941176472,6.61764705882353,41.544117647058826,0.2777777777777778,part croak do need stay
Miss Wilkinson,Ravi,1.8382352941176472,6.61764705882353,41.544117647058826,0.2777777777777778,part croak do need stay
Ravi,Miss Wilkinson,0.0,6.25,43.75,0.0,bring visit
Ravi,Miss Wilkinson,0.0,4.6875,57.8125,0.0,cost appear hear
Ravi,Miss Wilkinson,0.0,4.6875,57.8125,0.0,cost appear hear
Manju Rani,Ravi,0.8771929824561403,2.1929824561403506,51.31578947368421,0.4,have hear be carry thank look
Manju Rani,Ravi,0.8771929824561403,2.1929824561403506,51.31578947368421,0.4,have hear be carry thank look
Chand,Balram,1.1363636363636365,3.4090909090909087,50.0,0.3333333333333333,laugh shrug be help pour have bring
Shalini,Chand,3.125,7.8125,39.0625,0.4,go make feel
Shalini,Bhatia,3.125,7.8125,39.0625,0.4,go make feel
Shalini,Chand,3.125,7.8125,39.0625,0.4,go make feel
Shalini,Bhatia,3.125,7.8125,39.0625,0.4,go make feel
Chand,Bhatia,3.125,7.8125,39.0625,0.4,go make feel
Bhatia,Chand,4.375,0.625,55.00000000000001,7.0,have slide see
Bhatia,Chand,4.375,0.625,55.00000000000001,7.0,have slide see
Chand,Bhatia,2.5,6.25,31.25,0.4,see imagine be
Bhatia,Balram,3.6458333333333335,1.0416666666666665,36.97916666666667,3.5,stand hesitate teeter shout be say find
Chand,Shalini,2.302631578947368,1.3157894736842104,46.381578947368425,1.75,exchange decide take ask follow stumble slide promise
Chand,Shalini,0.0,1.7857142857142856,41.07142857142857,0.0,exchange
Bhatia,Nakhu,3.4090909090909087,3.125,52.55681818181818,1.0909090909090908,leave follow continue grasp seem root skirt send get
Chand,Shalini,3.125,0.0,59.375,INF,shake show do know hear pause
Chand,Shalini,3.125,0.0,59.375,INF,shake show do know hear pause
Chand,Shalini,3.125,0.0,59.375,INF,shake show do know hear pause
Chand,Shalini,0.0,1.7857142857142856,55.35714285714286,0.0,give
Chand,Shalini,0.8928571428571428,5.357142857142857,43.75,0.16666666666666666,do need give
Shalini,Chand,0.8928571428571428,5.357142857142857,43.75,0.16666666666666666,do need give
Shalini,Chand,0.8928571428571428,5.357142857142857,43.75,0.16666666666666666,do need give
Shalini,Chand,5.0,6.5,40.5,0.7692307692307693,seem protest want be leave remind be
Shalini,Chand,5.0,6.5,40.5,0.7692307692307693,seem protest want be leave remind be
Chand,Shalini,5.0,6.5,40.5,0.7692307692307693,seem protest want be leave remind be
Chand,Shalini,6.666666666666667,2.5,50.83333333333333,2.6666666666666665,be have give show
Chand,Shalini,6.666666666666667,2.5,50.83333333333333,2.6666666666666665,be have give show
Bhatia,Nakhu,1.8518518518518516,0.4629629629629629,49.53703703703704,4.0,see sit turn direct
Bhatia,Shalini,1.8518518518518516,0.4629629629629629,49.53703703703704,4.0,see sit turn direct
Bhatia,Shalini,1.8518518518518516,0.4629629629629629,49.53703703703704,4.0,see sit turn direct
Nakhu,Shalini,1.8518518518518516,0.4629629629629629,49.53703703703704,4.0,see sit turn direct
Nakhu,Shalini,1.8518518518518516,0.4629629629629629,49.53703703703704,4.0,see sit turn direct
Nakhu,Shalini,3.8461538461538463,3.8461538461538463,46.15384615384615,1.0,watch have remove
Nakhu,Shalini,3.8461538461538463,3.8461538461538463,46.15384615384615,1.0,watch have remove
Nakhu,Shalini,3.8461538461538463,3.8461538461538463,46.15384615384615,1.0,watch have remove
Chand,Nakhu,2.6595744680851063,3.1914893617021276,68.61702127659575,0.8333333333333334,be return report log have find be carry be be
Chand,Nakhu,2.6595744680851063,3.1914893617021276,68.61702127659575,0.8333333333333334,be return report log have find be carry be be
Bhatia,Shalini,2.604166666666667,0.0,47.39583333333333,INF,let get find do say put
Bhatia,Chand,2.604166666666667,0.0,47.39583333333333,INF,let get find do say put
Shalini,Chand,2.604166666666667,0.0,47.39583333333333,INF,let get find do say put
Bhatia,Shalini,3.171641791044776,1.8656716417910446,47.201492537313435,1.7,find be be complain declare go leave sit hiss finish have be serve go
Bhatia,Chand,3.171641791044776,1.8656716417910446,47.201492537313435,1.7,find be be complain declare go leave sit hiss finish have be serve go
Bhatia,Shalini,3.171641791044776,1.8656716417910446,47.201492537313435,1.7,find be be complain declare go leave sit hiss finish have be serve go
Bhatia,Chand,3.171641791044776,1.8656716417910446,47.201492537313435,1.7,find be be complain declare go leave sit hiss finish have be serve go
Bhatia,Shalini,3.171641791044776,1.8656716417910446,47.201492537313435,1.7,find be be complain declare go leave sit hiss finish have be serve go
Bhatia,Chand,3.171641791044776,1.8656716417910446,47.201492537313435,1.7,find be be complain declare go leave sit hiss finish have be serve go
Shalini,Chand,3.171641791044776,1.8656716417910446,47.201492537313435,1.7,find be be complain declare go leave sit hiss finish have be serve go
Bhatia,Nakhu,0.0,0.0,0.0,INF,
Chand,Shalini,0.8928571428571428,0.4464285714285714,52.23214285714286,2.0,glance decide mind look be
Chand,Shalini,0.8928571428571428,0.4464285714285714,52.23214285714286,2.0,glance decide mind look be
Shalini,Chand,0.8928571428571428,0.4464285714285714,52.23214285714286,2.0,glance decide mind look be
Chand,Shalini,0.8928571428571428,0.4464285714285714,52.23214285714286,2.0,glance decide mind look be
Shalini,Chand,5.555555555555555,0.0,38.88888888888889,INF,put
Shalini,Chand,5.555555555555555,0.0,38.88888888888889,INF,put
Chand,Shalini,0.0,0.0,61.53846153846154,INF,let whistle turn
Nakhu,Chand,5.357142857142857,1.7857142857142856,50.0,3.0,have keep inform
Shalini,Chand,2.941176470588235,0.7352941176470588,25.735294117647058,4.0,exchange ask
Nakhu,Balram,4.166666666666666,2.083333333333333,54.861111111111114,2.0,have leave have be
Shalini,Chand,0.0,7.8125,29.6875,0.0,cry do
Bhatia,Shalini,0.0,1.5625,60.9375,0.0,turn
Shalini,Chand,2.272727272727273,0.0,43.18181818181818,INF,turn explain do
Shalini,Chand,2.272727272727273,0.0,43.18181818181818,INF,turn explain do
Bhatia,Chand,0.0,0.0,30.76923076923077,INF,be try urge
Chand,Nakhu,3.3653846153846154,0.0,31.25,INF,assure give send
Manju Rani,Ravi,1.3157894736842104,0.0,56.57894736842105,INF,be cowsh milk have bring
Manju Rani,Ravi,0.5102040816326531,1.530612244897959,59.183673469387756,0.3333333333333333,come see keep avert acknowledge draw go
Manju Rani,Ravi,0.5102040816326531,1.530612244897959,59.183673469387756,0.3333333333333333,come see keep avert acknowledge draw go
Manju Rani,Ravi,0.5102040816326531,1.530612244897959,59.183673469387756,0.3333333333333333,come see keep avert acknowledge draw go
Manju Rani,Ravi,0.5102040816326531,1.530612244897959,59.183673469387756,0.3333333333333333,come see keep avert acknowledge draw go
Manju Rani,Ravi,0.5102040816326531,1.530612244897959,59.183673469387756,0.3333333333333333,come see keep avert acknowledge draw go
Manju Rani,Ravi,0.5102040816326531,1.530612244897959,59.183673469387756,0.3333333333333333,come see keep avert acknowledge draw go
Ravi,Manju Rani,0.5102040816326531,1.530612244897959,59.183673469387756,0.3333333333333333,come see keep avert acknowledge draw go
Ravi,Manju Rani,0.5102040816326531,1.530612244897959,59.183673469387756,0.3333333333333333,come see keep avert acknowledge draw go
Manju Rani,Ravi,0.5102040816326531,1.530612244897959,59.183673469387756,0.3333333333333333,come see keep avert acknowledge draw go
Manju Rani,Ravi,0.5102040816326531,1.530612244897959,59.183673469387756,0.3333333333333333,come see keep avert acknowledge draw go
Ravi,Manju Rani,2.295918367346939,0.25510204081632654,56.63265306122449,9.0,indicate be sit sweep pass have fill have make smell be char
Ravi,Manju Rani,2.295918367346939,0.25510204081632654,56.63265306122449,9.0,indicate be sit sweep pass have fill have make smell be char
Ravi,Manju Rani,2.295918367346939,0.25510204081632654,56.63265306122449,9.0,indicate be sit sweep pass have fill have make smell be char
Ravi,Manju Rani,2.295918367346939,0.25510204081632654,56.63265306122449,9.0,indicate be sit sweep pass have fill have make smell be char
Ravi,Manju Rani,2.295918367346939,0.25510204081632654,56.63265306122449,9.0,indicate be sit sweep pass have fill have make smell be char
Ravi,Manju Rani,2.295918367346939,0.25510204081632654,56.63265306122449,9.0,indicate be sit sweep pass have fill have make smell be char
Ravi,Manju Rani,2.3972602739726026,2.2260273972602738,57.02054794520548,1.0769230769230769,sit cowsh watch pick find rise beat cross go tie avert
Ravi,Manju Rani,2.3972602739726026,2.2260273972602738,57.02054794520548,1.0769230769230769,sit cowsh watch pick find rise beat cross go tie avert
Ravi,Manju Rani,2.3972602739726026,2.2260273972602738,57.02054794520548,1.0769230769230769,sit cowsh watch pick find rise beat cross go tie avert
Ravi,Manju Rani,2.3972602739726026,2.2260273972602738,57.02054794520548,1.0769230769230769,sit cowsh watch pick find rise beat cross go tie avert
Manju Rani,Ravi,2.3972602739726026,2.2260273972602738,57.02054794520548,1.0769230769230769,sit cowsh watch pick find rise beat cross go tie avert
Manju Rani,Ravi,2.3972602739726026,2.2260273972602738,57.02054794520548,1.0769230769230769,sit cowsh watch pick find rise beat cross go tie avert
Manju Rani,Ravi,2.3972602739726026,2.2260273972602738,57.02054794520548,1.0769230769230769,sit cowsh watch pick find rise beat cross go tie avert
Manju Rani,Ravi,2.3972602739726026,2.2260273972602738,57.02054794520548,1.0769230769230769,sit cowsh watch pick find rise beat cross go tie avert
Manju Rani,Ravi,1.9230769230769231,0.0,51.92307692307693,INF,have bring have mark
Ravi,Manju Rani,5.555555555555555,2.083333333333333,47.91666666666667,2.6666666666666665,have be have
Ravi,Manju Rani,1.0869565217391304,1.6304347826086956,55.97826086956522,0.6666666666666666,look be fill clamber cut toss strap
Ravi,Manju Rani,1.0869565217391304,1.6304347826086956,55.97826086956522,0.6666666666666666,look be fill clamber cut toss strap
Ravi,Manju Rani,1.0869565217391304,1.6304347826086956,55.97826086956522,0.6666666666666666,look be fill clamber cut toss strap
Ravi,Manju Rani,1.0869565217391304,1.6304347826086956,55.97826086956522,0.6666666666666666,look be fill clamber cut toss strap
Ravi,Manju Rani,1.0869565217391304,1.6304347826086956,55.97826086956522,0.6666666666666666,look be fill clamber cut toss strap
Ravi,Miss Wilkinson,0.0,0.0,57.14285714285714,INF,
Ravi,Miss Wilkinson,0.0,0.0,57.14285714285714,INF,
Ravi,Manju Rani,2.5,0.3125,64.6875,8.0,have go see have leave
Shalini,Bhatia,0.625,1.25,48.125,0.5,turn face sigh accept
Shalini,Chand,0.625,1.25,48.125,0.5,turn face sigh accept
Bhatia,Shalini,0.625,1.25,48.125,0.5,turn face sigh accept
Bhatia,Chand,0.625,1.25,48.125,0.5,turn face sigh accept
Shalini,Chand,0.625,1.25,48.125,0.5,turn face sigh accept
Shalini,Chand,0.0,8.928571428571429,48.214285714285715,0.0,realise fight
Shalini,Chand,3.1914893617021276,1.5957446808510638,50.53191489361703,2.0,say have make find make show talk have be end need
Shalini,Chand,1.3157894736842104,1.644736842105263,62.82894736842105,0.8,watch blind hear give see throw point have make
Shalini,Chand,1.3157894736842104,1.644736842105263,62.82894736842105,0.8,watch blind hear give see throw point have make
Shalini,Chand,1.3157894736842104,1.644736842105263,62.82894736842105,0.8,watch blind hear give see throw point have make
Shalini,Chand,1.3157894736842104,1.644736842105263,62.82894736842105,0.8,watch blind hear give see throw point have make
Shalini,Chand,2.5,2.0,39.5,1.25,turn close double cough be
Shalini,Bhatia,2.5,2.0,39.5,1.25,turn close double cough be
Shalini,Chand,2.5,2.0,39.5,1.25,turn close double cough be
Shalini,Bhatia,2.5,2.0,39.5,1.25,turn close double cough be
Chand,Bhatia,2.5,2.0,39.5,1.25,turn close double cough be
