NAME 1,NAME 2,% POS,% NEG,% NEUTRAL,POS:NEG,VERBS
Prince,Matjek,3.289473684210526,0.6578947368421052,48.68421052631579,5.0,sneak visit
Perhonen,Mieli,3.958333333333333,3.958333333333333,47.083333333333336,1.0,refuse give root keep escape be be commit pay
Perhonen,Mieli,3.958333333333333,3.958333333333333,47.083333333333336,1.0,refuse give root keep escape be be commit pay
Perhonen,Mieli,3.958333333333333,3.958333333333333,47.083333333333336,1.0,refuse give root keep escape be be commit pay
Perhonen,Sobornost,3.958333333333333,3.958333333333333,47.083333333333336,1.0,refuse give root keep escape be be commit pay
Mieli,Sobornost,3.958333333333333,3.958333333333333,47.083333333333336,1.0,refuse give root keep escape be be commit pay
Mieli,Sobornost,3.958333333333333,3.958333333333333,47.083333333333336,1.0,refuse give root keep escape be be commit pay
Mieli,Sobornost,3.958333333333333,3.958333333333333,47.083333333333336,1.0,refuse give root keep escape be be commit pay
Mieli,Karhu,1.9736842105263157,1.3157894736842104,46.71052631578947,1.5,do give copy create think be feel
Joséphine,Mieli,0.0,0.0,25.0,INF,
Tawaddud,Dunyazad,5.921052631578947,0.0,41.44736842105263,INF,make feed
Tawaddud,Mr Sen,5.921052631578947,0.0,41.44736842105263,INF,make feed
Dunyazad,Tawaddud,5.921052631578947,0.0,41.44736842105263,INF,make feed
Dunyazad,Mr Sen,5.921052631578947,0.0,41.44736842105263,INF,make feed
Tawaddud,Mr Sen,5.921052631578947,0.0,41.44736842105263,INF,make feed
Sirr,Sobornost,1.0714285714285714,4.642857142857143,42.857142857142854,0.23076923076923078,be begin come be marry
Tawaddud,Dunyazad,1.4285714285714286,4.642857142857143,48.214285714285715,0.3076923076923077,bring hide be
Dunyazad,Tawaddud,1.4285714285714286,4.642857142857143,48.214285714285715,0.3076923076923077,bring hide be
Dunyazad,Tawaddud,1.4285714285714286,4.642857142857143,48.214285714285715,0.3076923076923077,bring hide be
Dunyazad,Tawaddud,1.4285714285714286,4.642857142857143,48.214285714285715,0.3076923076923077,bring hide be
Tawaddud,Mr Sen,2.083333333333333,2.083333333333333,50.83333333333333,1.0,build buck shudder find cross take chime
Tawaddud,Mr Sen,2.083333333333333,2.083333333333333,50.83333333333333,1.0,build buck shudder find cross take chime
Tawaddud,Mr Sen,2.083333333333333,2.083333333333333,50.83333333333333,1.0,build buck shudder find cross take chime
Tawaddud,Mr Sen,2.083333333333333,2.083333333333333,50.83333333333333,1.0,build buck shudder find cross take chime
Tawaddud,Mr Sen,2.083333333333333,2.083333333333333,50.83333333333333,1.0,build buck shudder find cross take chime
Mr Sen,Tawaddud,2.083333333333333,2.083333333333333,50.83333333333333,1.0,build buck shudder find cross take chime
Dunyazad,Tawaddud,4.166666666666666,0.5208333333333333,53.645833333333336,8.0,look rest
Dunyazad,Tawaddud,4.166666666666666,0.5208333333333333,53.645833333333336,8.0,look rest
Dunyazad,Tawaddud,4.166666666666666,0.5208333333333333,53.645833333333336,8.0,look rest
Abu,Dunyazad,1.5625,0.0,10.9375,INF,say
Alile,House Soarez,0.0,0.0,35.714285714285715,INF,think remember
Duny,Tawaddud,8.333333333333332,0.0,25.0,INF,take
Duny,Tawaddud,7.5,1.25,37.916666666666664,6.0,be be try convince run hide
Duny,Tawaddud,7.5,1.25,37.916666666666664,6.0,be be try convince run hide
Duny,Chaeremon,7.5,1.25,37.916666666666664,6.0,be be try convince run hide
Tawaddud,Chaeremon,7.5,1.25,37.916666666666664,6.0,be be try convince run hide
Tawaddud,Chaeremon,7.5,1.25,37.916666666666664,6.0,be be try convince run hide
Duny,Tawaddud,0.0,3.125,46.875,0.0,get clap
Perhonen,Tawaddud,2.7777777777777777,1.3888888888888888,29.166666666666668,2.0,be
Joséphine,Tawaddud,0.0,0.0,30.0,INF,repeat
Spike,Matjek,4.464285714285714,0.8928571428571428,44.642857142857146,5.0,need steal
Joséphine,Jean,1.7857142857142856,2.6785714285714284,45.535714285714285,0.6666666666666666,wait
Tawaddud,Abu,1.9736842105263157,0.0,50.6578947368421,INF,wait put
Tawaddud,Duny,1.9736842105263157,0.0,50.6578947368421,INF,wait put
Abu,Duny,1.9736842105263157,0.0,50.6578947368421,INF,wait put
Abu,Tawaddud,1.9736842105263157,0.0,50.6578947368421,INF,wait put
Abu,Tawaddud,1.9736842105263157,0.0,50.6578947368421,INF,wait put
Duny,Tawaddud,1.9736842105263157,0.0,50.6578947368421,INF,wait put
Duny,Tawaddud,1.9736842105263157,0.0,50.6578947368421,INF,wait put
Tawaddud,Mr Sen,2.6785714285714284,6.25,66.07142857142857,0.42857142857142855,create be go replace stock do flatter
Mother,Tawaddud,0.0,6.25,53.75,0.0,know think
Tawaddud,Duny,0.0,6.25,31.25,0.0,decide ignore
Tawaddud,Cassar,2.25,1.0,66.75,2.25,be stick resemble climb be be join hang
Abu,Tawaddud,3.3333333333333335,0.0,43.333333333333336,INF,
Tawaddud,Abu,3.3333333333333335,0.0,43.333333333333336,INF,
Abu,Tawaddud,2.5,1.875,55.625,1.3333333333333333,be brush tickle
Lord Nuwas,Tawaddud,2.5,1.25,26.25,2.0,be
Tawaddud,Abu,8.928571428571429,1.7857142857142856,39.285714285714285,5.0,look be
Tawaddud,Abu,8.928571428571429,1.7857142857142856,39.285714285714285,5.0,look be
Tawaddud,Cassar,1.6666666666666667,7.5,30.833333333333336,0.2222222222222222,be
Tawaddud,Cassar,1.6666666666666667,7.5,30.833333333333336,0.2222222222222222,be
Abu,Mr Sen,1.0416666666666665,0.0,48.95833333333333,INF,remove smile give share
Tawaddud,Abu,7.638888888888889,1.3888888888888888,40.97222222222222,5.5,
Lord Nuwas,Tawaddud,2.976190476190476,1.1904761904761905,52.976190476190474,2.5,let accompany say
Dunyazad,Tawaddud,0.0,5.357142857142857,51.78571428571429,0.0,give
Sobornost,Tawaddud,8.125,0.0,21.875,INF,prefer say
Tawaddud,Qush,1.5625,2.256944444444444,53.125,0.6923076923076923,be hum hitch soak sell know
Tawaddud,Sirr,1.5625,2.256944444444444,53.125,0.6923076923076923,be hum hitch soak sell know
Qush,Sirr,1.5625,2.256944444444444,53.125,0.6923076923076923,be hum hitch soak sell know
Tawaddud,Abu,4.6568627450980395,2.696078431372549,45.588235294117645,1.7272727272727273,say say lean know be lose have taste be lose
Tawaddud,Abu,8.333333333333332,0.0,25.0,INF,
Abu,Tawaddud,5.681818181818182,12.5,54.54545454545454,0.45454545454545453,whisper do know
Tawaddud,Sirr,10.416666666666668,0.0,39.58333333333333,INF,see
Abu,Tawaddud,2.941176470588235,3.308823529411765,40.80882352941176,0.8888888888888888,do say get say take try read
Abu,Tawaddud,2.941176470588235,3.308823529411765,40.80882352941176,0.8888888888888888,do say get say take try read
Abu,Tawaddud,2.941176470588235,3.308823529411765,40.80882352941176,0.8888888888888888,do say get say take try read
Tawaddud,Abu,2.941176470588235,3.308823529411765,40.80882352941176,0.8888888888888888,do say get say take try read
Tawaddud,Abu,2.941176470588235,3.308823529411765,40.80882352941176,0.8888888888888888,do say get say take try read
Tawaddud,Abu,2.941176470588235,3.308823529411765,40.80882352941176,0.8888888888888888,do say get say take try read
Mieli,Sobornost,1.25,2.1875,51.5625,0.5714285714285714,be remake hide embed
Mieli,Venus,1.25,2.1875,51.5625,0.5714285714285714,be remake hide embed
Sobornost,Venus,1.25,2.1875,51.5625,0.5714285714285714,be remake hide embed
Sobornost,Perhonen,1.25,0.625,60.62499999999999,2.0,put be burn aim
Mieli,Perhonen,0.0,10.0,10.0,0.0,
Tawaddud,Banu Sasan,2.2058823529411766,0.7352941176470588,26.47058823529412,3.0,lie
Tawaddud,Sobornost,2.2058823529411766,0.7352941176470588,26.47058823529412,3.0,lie
Banu Sasan,Sobornost,2.2058823529411766,0.7352941176470588,26.47058823529412,3.0,lie
Tawaddud,Abu,0.0,0.0,40.0,INF,watch
Abu,Tawaddud,5.769230769230769,0.0,25.0,INF,be say
Abu,Tawaddud,8.333333333333332,0.0,41.66666666666667,INF,look
House Soarez,Cassar,0.78125,4.6875,44.53125,0.16666666666666666,do speak be deal be
Abu,Tawaddud,5.357142857142857,5.357142857142857,57.14285714285714,1.0,be tell marry love
Tawaddud,Abu,5.357142857142857,5.357142857142857,57.14285714285714,1.0,be tell marry love
Tawaddud,Abu,5.357142857142857,5.357142857142857,57.14285714285714,1.0,be tell marry love
Tawaddud,Abu,0.0,1.7857142857142856,41.07142857142857,0.0,
Tawaddud,Sobornost,1.1029411764705883,5.514705882352941,55.14705882352941,0.2,set cover
Tawaddud,Sobornost,1.1029411764705883,5.514705882352941,55.14705882352941,0.2,set cover
Abu,Tawaddud,2.083333333333333,1.0416666666666665,51.041666666666664,2.0,unfold stall open
Abu,Tawaddud,2.083333333333333,1.0416666666666665,51.041666666666664,2.0,unfold stall open
Abu,Tawaddud,2.083333333333333,1.0416666666666665,51.041666666666664,2.0,unfold stall open
Sobornost,Sirr,0.625,1.875,50.0,0.3333333333333333,rattle sink live
Sobornost,Sirr,0.0,2.34375,57.03125,0.0,rattle sink live look
Sobornost,Tawaddud,0.0,2.34375,57.03125,0.0,rattle sink live look
Sirr,Tawaddud,0.0,2.34375,57.03125,0.0,rattle sink live look
Mahmud,Tawaddud,2.7777777777777777,1.3888888888888888,18.055555555555554,2.0,be say
Tawaddud,Ahmad,4.054054054054054,1.6891891891891893,53.71621621621622,2.4,watch make call be let sneak dissolve
Tawaddud,Ahmad,4.054054054054054,1.6891891891891893,53.71621621621622,2.4,watch make call be let sneak dissolve
Tawaddud,Mahmud,3.289473684210526,1.3157894736842104,42.76315789473684,2.5,be go sleep tell
Banu Sasan,Sobornost,0.3676470588235294,2.2058823529411766,41.544117647058826,0.16666666666666666,be rattle eat
Tawaddud,Abu,0.0,1.1363636363636365,53.40909090909091,0.0,cradle
Tawaddud,Sirr,0.35714285714285715,0.0,56.785714285714285,INF,be think come come sirr become
Abu,Tawaddud,3.0172413793103448,3.0172413793103448,52.58620689655172,1.0,hide look be be
Abu,Tawaddud,3.0172413793103448,3.0172413793103448,52.58620689655172,1.0,hide look be be
Abu,Tawaddud,3.0172413793103448,3.0172413793103448,52.58620689655172,1.0,hide look be be
Abu,Tawaddud,3.0172413793103448,3.0172413793103448,52.58620689655172,1.0,hide look be be
Neumann,Abu,4.62962962962963,1.8518518518518516,45.370370370370374,2.5,do know call be listen make come shake
Neumann,Abu,4.62962962962963,1.8518518518518516,45.370370370370374,2.5,do know call be listen make come shake
Tawaddud,Abu,1.25,0.0,18.75,INF,say
Abu,Tawaddud,2.272727272727273,9.090909090909092,43.18181818181818,0.25,be
Tawaddud,Abu,8.333333333333332,0.0,36.11111111111111,INF,caress nuzzle
Tawaddud,Abu,8.333333333333332,0.0,36.11111111111111,INF,caress nuzzle
Kafur,Abu,0.0,0.0,40.0,INF,kill know
Tawaddud,Abu,0.0,0.0,45.45454545454545,INF,take place
Abu,Tawaddud,0.0,0.0,45.45454545454545,INF,take place
Kafur,Cassar,3.289473684210526,1.3157894736842104,32.23684210526316,2.5,find drive
Mieli,Venus,0.0,0.0,53.84615384615385,INF,wait die tell lose
Mieli,Venus,0.0,0.0,46.666666666666664,INF,see be
Mieli,Venus,0.0,0.0,46.666666666666664,INF,see be
Venus,Varpu,0.0,0.78125,67.96875,0.0,give
Varpu,Venus,3.4722222222222223,0.0,57.638888888888886,INF,huddle look spread
Varpu,Venus,3.4722222222222223,0.0,57.638888888888886,INF,huddle look spread
Mieli,Venus,1.5625,0.78125,47.65625,2.0,be cling
Venus,Mieli,1.3157894736842104,2.1929824561403506,42.10526315789473,0.6,say be belong have let be spread fly ignore throw
Venus,Varpu,1.3157894736842104,2.1929824561403506,42.10526315789473,0.6,say be belong have let be spread fly ignore throw
Venus,Mieli,1.3157894736842104,2.1929824561403506,42.10526315789473,0.6,say be belong have let be spread fly ignore throw
Venus,Varpu,1.3157894736842104,2.1929824561403506,42.10526315789473,0.6,say be belong have let be spread fly ignore throw
Venus,Mieli,1.3157894736842104,2.1929824561403506,42.10526315789473,0.6,say be belong have let be spread fly ignore throw
Venus,Varpu,1.3157894736842104,2.1929824561403506,42.10526315789473,0.6,say be belong have let be spread fly ignore throw
Mieli,Venus,1.3157894736842104,2.1929824561403506,42.10526315789473,0.6,say be belong have let be spread fly ignore throw
Mieli,Varpu,1.3157894736842104,2.1929824561403506,42.10526315789473,0.6,say be belong have let be spread fly ignore throw
Venus,Varpu,1.3157894736842104,2.1929824561403506,42.10526315789473,0.6,say be belong have let be spread fly ignore throw
Varpu,Venus,0.0,6.25,43.75,0.0,do speak
Venus,Perhonen,2.5,0.7142857142857143,48.214285714285715,3.5,pass can craft run
Venus,Perhonen,2.5,0.7142857142857143,48.214285714285715,3.5,pass can craft run
Mieli,Venus,3.8461538461538463,0.0,50.0,INF,carry know
Mieli,Venus,3.8461538461538463,0.0,50.0,INF,carry know
Mieli,Perhonen,1.6666666666666667,1.6666666666666667,43.333333333333336,1.0,be feed
Mieli,Sobornost,2.5,1.25,46.25,2.0,be use
Tawaddud,Sumanguru,1.5625,0.78125,53.90625,2.0,be have
Tawaddud,Sobornost,1.5625,0.78125,53.90625,2.0,be have
Sumanguru,Sobornost,1.5625,0.78125,53.90625,2.0,be have
Dunyazad,Tawaddud,2.142857142857143,1.7857142857142856,53.214285714285715,1.2,do look walk yank stare
Sobornost,Alile,0.0,3.3333333333333335,36.666666666666664,0.0,want look
Abu,Tawaddud,1.8518518518518516,0.4629629629629629,60.64814814814815,4.0,have summon take do have have collapse
Abu,Tawaddud,1.8518518518518516,0.4629629629629629,60.64814814814815,4.0,have summon take do have have collapse
Abu,Tawaddud,1.8518518518518516,0.4629629629629629,60.64814814814815,4.0,have summon take do have have collapse
Abu,Tawaddud,1.8518518518518516,0.4629629629629629,60.64814814814815,4.0,have summon take do have have collapse
Tawaddud,Banu Sasan,1.1363636363636365,3.4090909090909087,40.909090909090914,0.3333333333333333,smell echo cling
Tawaddud,Abu,1.1363636363636365,3.4090909090909087,40.909090909090914,0.3333333333333333,smell echo cling
Banu Sasan,Abu,1.1363636363636365,3.4090909090909087,40.909090909090914,0.3333333333333333,smell echo cling
Banu Sasan,Tawaddud,1.1363636363636365,3.4090909090909087,40.909090909090914,0.3333333333333333,smell echo cling
Abu,Tawaddud,1.1363636363636365,3.4090909090909087,40.909090909090914,0.3333333333333333,smell echo cling
Tawaddud,Duny,1.5625,0.0,60.9375,INF,make
Dunyazad,Mother,2.083333333333333,0.8333333333333334,50.416666666666664,2.5,turn look pinpoint do look
Dunyazad,Tawaddud,2.083333333333333,0.8333333333333334,50.416666666666664,2.5,turn look pinpoint do look
Dunyazad,Mother,2.083333333333333,0.8333333333333334,50.416666666666664,2.5,turn look pinpoint do look
Dunyazad,Mother,2.083333333333333,0.8333333333333334,50.416666666666664,2.5,turn look pinpoint do look
Mother,Tawaddud,2.083333333333333,0.8333333333333334,50.416666666666664,2.5,turn look pinpoint do look
Tawaddud,Mother,2.083333333333333,0.8333333333333334,50.416666666666664,2.5,turn look pinpoint do look
Tawaddud,Mother,2.083333333333333,0.8333333333333334,50.416666666666664,2.5,turn look pinpoint do look
Dunyazad,Tawaddud,0.0,0.0,36.36363636363637,INF,take
Duny,Tawaddud,3.5000000000000004,3.0,45.5,1.1666666666666667,climb wind say tell need know
Duny,Tawaddud,3.5000000000000004,3.0,45.5,1.1666666666666667,climb wind say tell need know
Duny,Sobornost,3.5000000000000004,3.0,45.5,1.1666666666666667,climb wind say tell need know
Tawaddud,Sobornost,3.5000000000000004,3.0,45.5,1.1666666666666667,climb wind say tell need know
Tawaddud,Sobornost,3.5000000000000004,3.0,45.5,1.1666666666666667,climb wind say tell need know
Sobornost,Tawaddud,5.434782608695652,3.804347826086957,42.934782608695656,1.4285714285714286,be be say stare
House Soarez,Lord Salih,1.0,0.5,42.5,2.0,be be be
Dunyazad,Tawaddud,1.7857142857142856,8.928571428571429,46.42857142857143,0.2,give
Tawaddud,Duny,10.9375,7.8125,31.25,1.4,feel mock
Tawaddud,Sobornost,1.25,1.6666666666666667,63.74999999999999,0.75,be stand carry upload
Sumanguru,Tawaddud,0.9615384615384616,0.0,29.807692307692307,INF,say
Sumanguru,Tawaddud,3.4090909090909087,0.0,51.13636363636363,INF,look
Sumanguru,Tawaddud,3.571428571428571,1.7857142857142856,32.73809523809524,2.0,do know come say
Sumanguru,Tawaddud,4.545454545454546,1.1363636363636365,53.40909090909091,4.0,take bend stare look
Sumanguru,Sirr,4.545454545454546,1.1363636363636365,53.40909090909091,4.0,take bend stare look
Sumanguru,Tawaddud,4.545454545454546,1.1363636363636365,53.40909090909091,4.0,take bend stare look
Tawaddud,Sirr,4.545454545454546,1.1363636363636365,53.40909090909091,4.0,take bend stare look
Sirr,Tawaddud,4.545454545454546,1.1363636363636365,53.40909090909091,4.0,take bend stare look
Tawaddud,Sirr,7.142857142857142,0.5952380952380952,44.642857142857146,12.0,look gaze
Tawaddud,Sirr,7.142857142857142,0.5952380952380952,44.642857142857146,12.0,look gaze
Tawaddud,Sirr,7.142857142857142,0.5952380952380952,44.642857142857146,12.0,look gaze
Tawaddud,Sirr,1.25,1.25,47.5,1.0,feel emanate
Sirr,Tawaddud,0.0,0.0,50.0,INF,smell remind
Sobornost,Sirr,7.258064516129033,2.4193548387096775,45.16129032258064,3.0,say make be eat be
Sobornost,Tawaddud,7.258064516129033,2.4193548387096775,45.16129032258064,3.0,say make be eat be
Sirr,Tawaddud,7.258064516129033,2.4193548387096775,45.16129032258064,3.0,say make be eat be
Perhonen,Sobornost,2.5,0.0,53.5,INF,stretch originate run
Perhonen,Mieli,0.0,7.142857142857142,35.714285714285715,0.0,
Sumanguru,Sobornost,0.5,2.0,41.5,0.25,be say
Mieli,Perhonen,0.0,0.0,38.46153846153847,INF,blink fire
Mieli,Perhonen,0.0,0.0,38.46153846153847,INF,blink fire
Sumanguru,Mieli,1.7857142857142856,1.7857142857142856,39.285714285714285,1.0,be isolate
Sumanguru,Mieli,1.7857142857142856,1.7857142857142856,39.285714285714285,1.0,be isolate
Joséphine,Mieli,1.5625,0.0,35.9375,INF,bring
Tawaddud,Alile,2.5,1.25,46.25,2.0,be
Tawaddud,Alile,2.5,1.25,46.25,2.0,be
Tawaddud,Chaeremon,2.941176470588235,0.0,44.11764705882353,INF,make use sing
Chaeremon,Tawaddud,2.941176470588235,0.0,44.11764705882353,INF,make use sing
Alile,Tawaddud,2.6595744680851063,2.925531914893617,43.351063829787236,0.9090909090909091,keep do be tell fill
Alile,House Soarez,2.6595744680851063,2.925531914893617,43.351063829787236,0.9090909090909091,keep do be tell fill
Tawaddud,House Soarez,2.6595744680851063,2.925531914893617,43.351063829787236,0.9090909090909091,keep do be tell fill
Alile,Tawaddud,0.0,0.0,42.857142857142854,INF,visit
Alile,Tawaddud,1.6666666666666667,3.888888888888889,54.44444444444444,0.42857142857142855,be have make tear
Alile,Tawaddud,1.6666666666666667,3.888888888888889,54.44444444444444,0.42857142857142855,be have make tear
Alile,Tawaddud,1.6666666666666667,3.888888888888889,54.44444444444444,0.42857142857142855,be have make tear
Alile,Duny,1.6666666666666667,3.888888888888889,54.44444444444444,0.42857142857142855,be have make tear
Tawaddud,Duny,1.6666666666666667,3.888888888888889,54.44444444444444,0.42857142857142855,be have make tear
Tawaddud,Duny,1.6666666666666667,3.888888888888889,54.44444444444444,0.42857142857142855,be have make tear
Tawaddud,Duny,1.6666666666666667,3.888888888888889,54.44444444444444,0.42857142857142855,be have make tear
Tawaddud,Alile,6.25,2.5,41.25,2.5,want be
Tawaddud,Sumanguru,6.25,0.0,33.75,INF,become stand
Sumanguru,Tawaddud,6.25,0.0,33.75,INF,become stand
Tawaddud,Rumzan,0.0,0.0,50.0,INF,ask
Sobornost,Sirr,0.0,0.0,39.130434782608695,INF,be
Sirr,Tawaddud,5.769230769230769,5.288461538461538,42.78846153846153,1.0909090909090908,be pile make say ask please
Tawaddud,Sirr,5.769230769230769,5.288461538461538,42.78846153846153,1.0909090909090908,be pile make say ask please
Tawaddud,Sirr,5.769230769230769,5.288461538461538,42.78846153846153,1.0909090909090908,be pile make say ask please
Rumzan,Sirr,0.0,0.0,50.0,INF,
Rumzan,Sirr,2.2058823529411766,0.0,44.85294117647059,INF,smell become crackle
Tawaddud,Sirr,0.0,0.0,41.17647058823529,INF,seem
Tawaddud,Sirr,0.0,0.0,41.17647058823529,INF,seem
Tawaddud,Chaeremon,0.0,0.8620689655172413,57.758620689655174,0.0,remember make speak experience
Chaeremon,Tawaddud,0.0,0.8620689655172413,57.758620689655174,0.0,remember make speak experience
Chaeremon,Tawaddud,0.0,0.8620689655172413,57.758620689655174,0.0,remember make speak experience
Alile,Tawaddud,2.083333333333333,1.0416666666666665,46.875,2.0,be project
Rumzan,Tawaddud,1.25,0.0,18.75,INF,thank say
Tawaddud,Sumanguru,0.0,0.0,25.0,INF,enter
Tawaddud,Arcelia,2.083333333333333,0.0,47.91666666666667,INF,set
Tawaddud,Sumanguru,0.0,2.5,37.5,0.0,hiss
Sumanguru,Tawaddud,0.0,0.0,40.0,INF,flex
Sumanguru,Arcelia,3.75,0.0,46.25,INF,look
Mieli,Jean,3.571428571428571,1.7857142857142856,37.5,2.0,extrude push wait
Mieli,Perhonen,3.515625,2.34375,44.140625,1.5,hide exhaust nurse map ensure be go
Kuutar,Ilmatar,3.571428571428571,0.0,25.0,INF,forgive
Spike,Perhonen,2.0161290322580645,0.8064516129032258,52.016129032258064,2.5,have do think understand matter say
Jean,Sirr,2.5,1.25,36.25,2.0,tell
Zaybak,Tawaddud,6.25,5.729166666666666,54.6875,1.0909090909090908,be think have go return
Zaybak,Sirr,4.545454545454546,2.272727272727273,50.75757575757576,2.0,be love be be
Zaybak,Sirr,4.545454545454546,2.272727272727273,50.75757575757576,2.0,be love be be
Tawaddud,Zaybak,0.4032258064516129,0.4032258064516129,50.806451612903224,1.0,look fall rise be see
Kafur,Tawaddud,1.25,0.0,48.75,INF,look stroke
Tawaddud,Zaybak,0.0,0.0,35.714285714285715,INF,go say be
Tawaddud,Zaybak,0.0,0.0,35.714285714285715,INF,go say be
Tawaddud,Zaybak,1.9230769230769231,0.9615384615384616,50.96153846153846,2.0,tell have dream
Zaybak,Tawaddud,1.9230769230769231,0.9615384615384616,50.96153846153846,2.0,tell have dream
Tawaddud,Arcelia,3.8461538461538463,2.8846153846153846,24.03846153846154,1.3333333333333333,be be
Tawaddud,Arcelia,3.8461538461538463,2.8846153846153846,24.03846153846154,1.3333333333333333,be be
Arcelia,Tawaddud,3.8461538461538463,2.8846153846153846,24.03846153846154,1.3333333333333333,be be
Arcelia,Tawaddud,3.8461538461538463,2.8846153846153846,24.03846153846154,1.3333333333333333,be be
Tawaddud,Arcelia,1.1904761904761905,0.5952380952380952,45.83333333333333,2.0,lift feel
Tawaddud,Arcelia,1.1904761904761905,0.5952380952380952,45.83333333333333,2.0,lift feel
Arcelia,Tawaddud,1.1904761904761905,0.5952380952380952,45.83333333333333,2.0,lift feel
Arcelia,Tawaddud,1.1904761904761905,0.5952380952380952,45.83333333333333,2.0,lift feel
Arcelia,Tawaddud,5.714285714285714,1.7857142857142856,43.92857142857143,3.2,feel say become be dream be dance dream be
Arcelia,Tawaddud,5.714285714285714,1.7857142857142856,43.92857142857143,3.2,feel say become be dream be dance dream be
Arcelia,Tawaddud,5.714285714285714,1.7857142857142856,43.92857142857143,3.2,feel say become be dream be dance dream be
Arcelia,Tawaddud,5.714285714285714,1.7857142857142856,43.92857142857143,3.2,feel say become be dream be dance dream be
Arcelia,Tawaddud,5.714285714285714,1.7857142857142856,43.92857142857143,3.2,feel say become be dream be dance dream be
Arcelia,Tawaddud,5.714285714285714,1.7857142857142856,43.92857142857143,3.2,feel say become be dream be dance dream be
Tawaddud,Arcelia,1.6666666666666667,1.6666666666666667,50.0,1.0,get place
Tawaddud,Arcelia,1.6666666666666667,1.6666666666666667,50.0,1.0,get place
Alile,Arcelia,0.0,2.5,47.5,0.0,
Sumanguru,Arcelia,6.25,2.083333333333333,41.66666666666667,3.0,be stare
Tawaddud,Sirr,2.604166666666667,4.166666666666666,39.0625,0.625,threaten do threaten stand
Sobornost,Tawaddud,3.048780487804878,0.3048780487804878,40.54878048780488,10.0,show strip find be
Tawaddud,Chaeremon,1.1363636363636365,0.5681818181818182,48.29545454545455,2.0,be learn take
Tawaddud,Chaeremon,3.571428571428571,1.3392857142857142,52.23214285714286,2.6666666666666665,make receive rattle
Sobornost,Tawaddud,2.976190476190476,0.5952380952380952,53.57142857142857,5.0,be tell see
Tawaddud,Sumanguru,5.769230769230769,0.9615384615384616,54.807692307692314,6.0,steal be close look
Tawaddud,Arcelia,10.0,5.0,25.0,2.0,open
Qush,Tawaddud,1.2755102040816326,1.2755102040816326,48.46938775510204,1.0,be head say point surround make look
Tawaddud,Sumanguru,3.8461538461538463,0.9615384615384616,41.34615384615385,4.0,remove
Arcelia,Tawaddud,0.0,10.0,10.0,0.0,catch
Arcelia,Sumanguru,0.0,10.0,10.0,0.0,catch
Tawaddud,Sumanguru,0.0,10.0,10.0,0.0,catch
Tawaddud,Arcelia,10.0,5.0,25.0,2.0,open
Sobornost,Arcelia,2.6785714285714284,0.4464285714285714,50.44642857142857,6.0,be crouch run crackle spark see
Sobornost,Arcelia,2.6785714285714284,0.4464285714285714,50.44642857142857,6.0,be crouch run crackle spark see
Sobornost,Arcelia,2.6785714285714284,0.4464285714285714,50.44642857142857,6.0,be crouch run crackle spark see
Sumanguru,Alile,1.3157894736842104,4.605263157894736,44.07894736842105,0.2857142857142857,grip fumble appear be be
Sobornost,Tawaddud,1.6666666666666667,1.25,57.08333333333333,1.3333333333333333,be eat be be fabricate be be have start kill
Sumanguru,Tawaddud,10.0,0.8333333333333334,42.5,12.0,be peek make
Arcelia,Alile,6.944444444444445,0.0,48.61111111111111,INF,think be keep
Sumanguru,Sirr,10.0,5.0,25.0,2.0,narrow
Alile,Sumanguru,1.7241379310344827,0.43103448275862066,25.43103448275862,4.0,want give continue say
Sumanguru,Tawaddud,0.0,0.0,57.14285714285714,INF,give
Tawaddud,Sumanguru,1.3888888888888888,4.166666666666666,38.88888888888889,0.3333333333333333,think be protect say
Tawaddud,Sirr,7.142857142857142,8.035714285714286,49.107142857142854,0.8888888888888888,be have hear
Tawaddud,Sumanguru,0.0,0.0,40.0,INF,look
Tawaddud,Cassar,1.0869565217391304,3.260869565217391,60.86956521739131,0.3333333333333333,be clothe
Cassar,Tawaddud,1.0869565217391304,3.260869565217391,60.86956521739131,0.3333333333333333,be clothe
Tawaddud,Sumanguru,3.4722222222222223,1.3888888888888888,45.13888888888889,2.5,curtsy clasp
Sumanguru,Tawaddud,3.4722222222222223,1.3888888888888888,45.13888888888889,2.5,curtsy clasp
Sumanguru,Tawaddud,3.4722222222222223,1.3888888888888888,45.13888888888889,2.5,curtsy clasp
Duny,Tawaddud,1.5625,0.0,35.9375,INF,turn
Joséphine,Mieli,4.6875,1.0416666666666665,48.4375,4.5,have use make
Matjek,Sirr,0.6578947368421052,1.9736842105263157,44.73684210526316,0.3333333333333333,have get
Sirr,Matjek,5.0,0.625,54.37499999999999,8.0,give reconstruct be
Jean,Joséphine,2.8846153846153846,0.9615384615384616,50.0,3.0,be say
Sobornost,Perhonen,1.6214285714285717,1.0571428571428572,49.702380952380956,1.5337837837837838,be go inject download compress propel
Kuutar,Ilmatar,0.9615384615384616,2.8846153846153846,19.230769230769234,0.3333333333333333,go say
Kuutar,Mieli,0.9615384615384616,2.8846153846153846,19.230769230769234,0.3333333333333333,go say
Ilmatar,Mieli,0.9615384615384616,2.8846153846153846,19.230769230769234,0.3333333333333333,go say
Tawaddud,Cassar,1.875,0.625,47.5,3.0,be
Tawaddud,Cassar,1.875,0.625,47.5,3.0,be
Tawaddud,Cassar,1.875,0.625,47.5,3.0,be
Lord Salih,Duny,3.75,3.75,37.5,1.0,be make demand begin
Lady Alile,Tawaddud,1.3297872340425532,3.1914893617021276,48.67021276595745,0.4166666666666667,be murder do seek have be be try have kill say
Lady Alile,Tawaddud,1.3297872340425532,3.1914893617021276,48.67021276595745,0.4166666666666667,be murder do seek have be be try have kill say
Tawaddud,Dunyazad,1.7045454545454544,0.0,43.75,INF,do smile paint press
Dunyazad,Tawaddud,1.7045454545454544,0.0,43.75,INF,do smile paint press
Dunyazad,Tawaddud,1.7045454545454544,0.0,43.75,INF,do smile paint press
Alile,Lady Alile,1.4705882352941175,5.147058823529411,52.20588235294118,0.2857142857142857,be regret say
Lady Alile,Sirr,0.0,1.3888888888888888,43.05555555555556,0.0,want go do
Cassar,Lady Alile,3.125,1.5625,57.8125,2.0,give look
Cassar,Lady Alile,3.125,1.5625,57.8125,2.0,give look
Tawaddud,Duny,0.8928571428571428,0.0,49.107142857142854,INF,walk
Duny,Tawaddud,0.0,0.0,33.33333333333333,INF,
Duny,Tawaddud,0.0,0.0,40.0,INF,
Abu,Tawaddud,1.1363636363636365,0.5681818181818182,52.84090909090909,2.0,come hear say receive
Abu,Tawaddud,1.1363636363636365,0.5681818181818182,52.84090909090909,2.0,come hear say receive
Tawaddud,Abu,1.1363636363636365,0.5681818181818182,52.84090909090909,2.0,come hear say receive
Abu,Tawaddud,1.1363636363636365,0.5681818181818182,52.84090909090909,2.0,come hear say receive
Abu,Tawaddud,6.8181818181818175,0.0,47.72727272727273,INF,reach take
Abu,Tawaddud,0.0,0.0,40.0,INF,
Abu,Tawaddud,2.083333333333333,1.0416666666666665,38.54166666666667,2.0,be go pick
Abu,Dunyazad,2.083333333333333,1.0416666666666665,38.54166666666667,2.0,be go pick
Tawaddud,Dunyazad,2.083333333333333,1.0416666666666665,38.54166666666667,2.0,be go pick
Tawaddud,Sumanguru,0.0,0.0,43.75,INF,close take go see
Tawaddud,Sumanguru,0.0,0.0,43.75,INF,close take go see
Tawaddud,Sumanguru,0.0,0.0,43.75,INF,close take go see
Cassar,Sirr,1.5625,0.0,48.4375,INF,be
Sirr,Tawaddud,1.0869565217391304,3.260869565217391,43.47826086956522,0.3333333333333333,be remind show
Sirr,Tawaddud,1.0869565217391304,3.260869565217391,43.47826086956522,0.3333333333333333,be remind show
Tawaddud,Sirr,1.0869565217391304,3.260869565217391,43.47826086956522,0.3333333333333333,be remind show
Sirr,Tawaddud,1.0869565217391304,3.260869565217391,43.47826086956522,0.3333333333333333,be remind show
Tawaddud,Sirr,10.416666666666668,4.166666666666666,18.75,2.5,find miss
Sirr,Tawaddud,8.333333333333332,0.0,58.333333333333336,INF,look
Tawaddud,Sumanguru,0.9615384615384616,0.0,45.19230769230769,INF,sit remove
Duny,Tawaddud,1.9230769230769231,3.8461538461538463,55.769230769230774,0.5,be hold give
Tawaddud,Sobornost,2.083333333333333,0.8333333333333334,53.75,2.5,be have fight
Rumzan,Tawaddud,0.0,0.0,25.0,INF,have report find
Sirr,Lady Alile,0.0,12.5,37.5,0.0,have hurt
Duny,Abu,2.272727272727273,0.0,61.36363636363637,INF,be want meet
Zaybak,Tawaddud,0.0,0.0,50.0,INF,be
Mieli,Sydän,2.272727272727273,0.0,43.18181818181818,INF,want go
Venus,Ilmatar,0.0,0.0,38.46153846153847,INF,live carry
Mieli,Kuutar,4.605263157894736,0.8771929824561403,47.14912280701755,5.25,prefer sing sail find steal eat burst become
Mieli,Sydän,0.0,0.0,37.5,INF,follow
Kuutar,Mieli,2.083333333333333,0.0,31.25,INF,think
Mieli,Sirr,1.2096774193548387,1.2096774193548387,42.74193548387097,1.0,be suppose be come seek
Mieli,Karhu,2.9166666666666665,0.0,33.75,INF,be say know
Mieli,Sydän,2.9166666666666665,0.0,33.75,INF,be say know
Karhu,Sydän,2.9166666666666665,0.0,33.75,INF,be say know
Matjek,Jean,0.5208333333333333,1.5625,47.91666666666667,0.3333333333333333,have come watch have come watch
Matjek,Jean,0.5208333333333333,1.5625,47.91666666666667,0.3333333333333333,have come watch have come watch
Jean,Joséphine,2.7777777777777777,1.3888888888888888,51.388888888888886,2.0,be
Bojan Chen,Matjek,3.977272727272727,6.25,35.22727272727273,0.6363636363636364,be say
Mieli,Sobornost,0.6944444444444444,0.0,49.30555555555556,INF,craft code send
Sirr,Tawaddud,3.1862745098039214,1.9607843137254901,45.83333333333333,1.625,be require be appreciate be climb
Sirr,Cassar,3.1862745098039214,1.9607843137254901,45.83333333333333,1.625,be require be appreciate be climb
Tawaddud,Cassar,3.1862745098039214,1.9607843137254901,45.83333333333333,1.625,be require be appreciate be climb
Tawaddud,Sirr,3.1862745098039214,1.9607843137254901,45.83333333333333,1.625,be require be appreciate be climb
Cassar,Sirr,3.1862745098039214,1.9607843137254901,45.83333333333333,1.625,be require be appreciate be climb
Tawaddud,Banu Sasan,0.3289473684210526,0.0,41.776315789473685,INF,dig make drink nanite introduce work
Banu Sasan,Tawaddud,0.3289473684210526,0.0,41.776315789473685,INF,dig make drink nanite introduce work
Sobornost,Joséphine,1.6891891891891893,2.364864864864865,52.702702702702695,0.7142857142857143,instantiate be include give be
Sobornost,Perhonen,1.6891891891891893,2.364864864864865,52.702702702702695,0.7142857142857143,instantiate be include give be
Joséphine,Perhonen,1.6891891891891893,2.364864864864865,52.702702702702695,0.7142857142857143,instantiate be include give be
Sirr,Sobornost,0.0,4.3478260869565215,43.47826086956522,0.0,be go gather fall
Tawaddud,Sumanguru,0.0,0.0,54.54545454545454,INF,stand hold
Tawaddud,Sobornost,0.0,0.0,33.33333333333333,INF,squeeze
Sobornost,Tawaddud,0.0,0.0,33.33333333333333,INF,squeeze
Tawaddud,Kafur,3.977272727272727,1.1363636363636365,44.88636363636363,3.5,try think take
Kafur,Tawaddud,3.977272727272727,1.1363636363636365,44.88636363636363,3.5,try think take
Kafur,Tawaddud,7.142857142857142,0.0,21.428571428571427,INF,teach
Tawaddud,Kafur,3.787878787878788,4.924242424242424,51.89393939393939,0.7692307692307693,speak teach open reveal light echo
Kafur,Tawaddud,3.787878787878788,4.924242424242424,51.89393939393939,0.7692307692307693,speak teach open reveal light echo
Tawaddud,Sumanguru,0.0,0.0,64.28571428571429,INF,give put
Sumanguru,Tawaddud,0.0,0.0,64.28571428571429,INF,give put
Tawaddud,Sumanguru,1.7857142857142856,7.142857142857142,48.214285714285715,0.25,give
Zuweyla,Emina,8.823529411764707,1.4705882352941175,13.23529411764706,6.0,please tell
Kafur,Tawaddud,1.3157894736842104,3.289473684210526,53.289473684210535,0.4,wear be remember
Tawaddud,Sobornost,2.1875,0.9375,46.875,2.3333333333333335,live come ask be
Tawaddud,Kafur,2.1875,0.9375,46.875,2.3333333333333335,live come ask be
Sobornost,Tawaddud,2.1875,0.9375,46.875,2.3333333333333335,live come ask be
Sobornost,Kafur,2.1875,0.9375,46.875,2.3333333333333335,live come ask be
Tawaddud,Kafur,2.1875,0.9375,46.875,2.3333333333333335,live come ask be
Sumanguru,Kafur,8.653846153846153,0.9615384615384616,28.846153846153843,9.0,be say stare
Tawaddud,Kafur,1.953125,1.171875,53.125,1.6666666666666667,turn suck be leave sputter gasp
Kafur,Tawaddud,4.166666666666666,1.8518518518518516,38.425925925925924,2.25,need work want trade say
Kafur,Tawaddud,0.6944444444444444,0.0,54.861111111111114,INF,stare
Kafur,Tawaddud,2.2058823529411766,2.2058823529411766,30.88235294117647,1.0,be want
Kafur,Tawaddud,2.8846153846153846,2.8846153846153846,40.38461538461539,1.0,move
Kafur,Tawaddud,3.289473684210526,0.0,38.81578947368421,INF,offer learn know
Mieli,Sydän,1.6666666666666667,0.4166666666666667,57.91666666666667,4.0,be call go fly live
Mieli,Venus,1.6666666666666667,0.4166666666666667,57.91666666666667,4.0,be call go fly live
Sydän,Venus,1.6666666666666667,0.4166666666666667,57.91666666666667,4.0,be call go fly live
Mieli,Sydän,0.8928571428571428,2.232142857142857,43.30357142857143,0.4,fly watch
Sydän,Mieli,0.8928571428571428,2.232142857142857,43.30357142857143,0.4,fly watch
Sydän,Mieli,0.8928571428571428,2.232142857142857,43.30357142857143,0.4,fly watch
Sydän,Mieli,0.0,0.9615384615384616,41.34615384615385,0.0,be borrow
Mieli,Sydän,0.872093023255814,0.0,50.2906976744186,INF,take be let give survive let have
Mieli,Sydän,0.872093023255814,0.0,50.2906976744186,INF,take be let give survive let have
Mieli,Sydän,0.872093023255814,0.0,50.2906976744186,INF,take be let give survive let have
Mieli,Sydän,0.872093023255814,0.0,50.2906976744186,INF,take be let give survive let have
Venus,Mieli,2.631578947368421,8.552631578947368,36.18421052631579,0.3076923076923077,be be meet
Mieli,Venus,2.631578947368421,8.552631578947368,36.18421052631579,0.3076923076923077,be be meet
Perhonen,Venus,2.7777777777777777,0.0,52.77777777777778,INF,stop mope say
Sydän,Perhonen,7.291666666666667,7.291666666666667,52.083333333333336,1.0,talk be feel
Mieli,Perhonen,0.0,10.0,10.0,0.0,
Sydän,Mieli,2.717391304347826,5.434782608695652,48.369565217391305,0.5,end let catch be
Mieli,Sydän,0.8333333333333334,0.0,39.166666666666664,INF,use be
Mieli,Sydän,3.260869565217391,3.260869565217391,36.95652173913043,1.0,squeeze melt
Sydän,Mieli,3.260869565217391,3.260869565217391,36.95652173913043,1.0,squeeze melt
Sydän,Mieli,3.260869565217391,3.260869565217391,36.95652173913043,1.0,squeeze melt
Sydän,Mieli,3.260869565217391,3.260869565217391,36.95652173913043,1.0,squeeze melt
Mieli,Sydän,3.125,3.75,53.125,0.8333333333333334,feel let gasp sydän squeeze
Mieli,Venus,6.026785714285714,1.3392857142857142,51.5625,4.5,be be be go do care watch form wish have accelerate
Mieli,Venus,6.026785714285714,1.3392857142857142,51.5625,4.5,be be be go do care watch form wish have accelerate
Mieli,Sobornost,6.026785714285714,1.3392857142857142,51.5625,4.5,be be be go do care watch form wish have accelerate
Venus,Sobornost,6.026785714285714,1.3392857142857142,51.5625,4.5,be be be go do care watch form wish have accelerate
Venus,Sobornost,6.026785714285714,1.3392857142857142,51.5625,4.5,be be be go do care watch form wish have accelerate
Mieli,Venus,0.0,5.769230769230769,40.38461538461539,0.0,join
Venus,Mieli,4.545454545454546,12.5,46.590909090909086,0.36363636363636365,squeeze hurt
Mieli,Venus,0.0,0.0,42.857142857142854,INF,try grab
Mieli,Perhonen,8.482142857142858,3.571428571428571,52.23214285714286,2.375,reach be
Tawaddud,Sumanguru,0.0,1.5625,35.9375,0.0,
Alile,Tawaddud,5.555555555555555,5.555555555555555,33.33333333333333,1.0,
Tawaddud,Kafur,0.0,0.0,36.36363636363637,INF,do tell
Kafur,Cassar,1.2096774193548387,2.82258064516129,31.451612903225808,0.42857142857142855,be say be
Kafur,Tawaddud,1.2096774193548387,2.82258064516129,31.451612903225808,0.42857142857142855,be say be
Cassar,Tawaddud,1.2096774193548387,2.82258064516129,31.451612903225808,0.42857142857142855,be say be
Tawaddud,Sobornost,0.0,0.0,40.909090909090914,INF,take clean hold
Kafur,Tawaddud,0.0,0.0,45.45454545454545,INF,open pour
Sirr,Tawaddud,2.631578947368421,3.9473684210526314,51.31578947368421,0.6666666666666666,be look show see
Sirr,Tawaddud,2.631578947368421,3.9473684210526314,51.31578947368421,0.6666666666666666,be look show see
Zaybak,Tawaddud,0.0,10.0,10.0,0.0,
Tawaddud,Kafur,2.7777777777777777,0.0,41.66666666666667,INF,try feel try find call get
Tawaddud,Sumanguru,2.7777777777777777,0.0,41.66666666666667,INF,try feel try find call get
Tawaddud,Kafur,2.7777777777777777,0.0,41.66666666666667,INF,try feel try find call get
Tawaddud,Sumanguru,2.7777777777777777,0.0,41.66666666666667,INF,try feel try find call get
Tawaddud,Kafur,2.7777777777777777,0.0,41.66666666666667,INF,try feel try find call get
Tawaddud,Sumanguru,2.7777777777777777,0.0,41.66666666666667,INF,try feel try find call get
Kafur,Sumanguru,2.7777777777777777,0.0,41.66666666666667,INF,try feel try find call get
Sirr,Sobornost,0.78125,3.90625,45.3125,0.2,give do destroy
Zaybak,Tawaddud,0.0,0.0,16.666666666666664,INF,be
Sobornost,Alile,0.0,9.722222222222223,23.61111111111111,0.0,want hurt
Sobornost,Sirr,0.0,2.083333333333333,22.916666666666664,0.0,do care
Tawaddud,Sobornost,3.6764705882352944,2.941176470588235,34.55882352941176,1.25,say open close
Tawaddud,Sobornost,3.6764705882352944,2.941176470588235,34.55882352941176,1.25,say open close
Abu,Rumzan,1.3888888888888888,7.638888888888889,46.52777777777778,0.18181818181818182,be cross
Abu,Sobornost,0.6944444444444444,0.0,49.30555555555556,INF,thank say pick float
Kafur,Tawaddud,0.0,2.7777777777777777,52.77777777777778,0.0,
Joséphine,Tawaddud,4.807692307692308,0.0,37.5,INF,find throw
Joséphine,Matjek,4.807692307692308,0.0,37.5,INF,find throw
Tawaddud,Matjek,4.807692307692308,0.0,37.5,INF,find throw
Matjek,Tawaddud,1.9736842105263157,7.894736842105263,26.973684210526315,0.25,hope be say
Matjek,Tawaddud,3.8461538461538463,1.9230769230769231,48.07692307692308,2.0,look
Tawaddud,Matjek,3.8461538461538463,1.9230769230769231,48.07692307692308,2.0,look
Tawaddud,Abu,0.0,0.0,40.909090909090914,INF,take view
Tawaddud,Rumzan,0.0,0.0,40.909090909090914,INF,take view
Abu,Rumzan,0.0,0.0,40.909090909090914,INF,take view
Tawaddud,Abu,2.7777777777777777,0.0,19.444444444444446,INF,say
Abu,Sumanguru,4.166666666666666,0.0,54.166666666666664,INF,shift point
Abu,Sumanguru,4.166666666666666,0.0,54.166666666666664,INF,shift point
Abu,Jean,3.571428571428571,7.142857142857142,55.952380952380956,0.5,be lurk call
Tawaddud,Sumanguru,0.0,0.0,40.0,INF,look
Alile,Tawaddud,1.1363636363636365,0.0,26.136363636363637,INF,do
Abu,Tawaddud,0.0,0.0,60.0,INF,look
Tawaddud,Abu,0.0,0.0,60.0,INF,look
Jean,Matjek,1.25,1.25,40.833333333333336,1.0,owe alert say
Rumzan,Abu,0.0,0.0,36.36363636363637,INF,waver
Rumzan,Tawaddud,0.0,0.0,47.61904761904761,INF,
Abu,Tawaddud,2.941176470588235,0.0,55.88235294117647,INF,waver pick run
Tawaddud,Abu,2.083333333333333,3.6458333333333335,56.770833333333336,0.5714285714285714,smash give
Sumanguru,Jean,2.8846153846153846,3.8461538461538463,47.11538461538461,0.75,be point
Sumanguru,Tawaddud,2.8846153846153846,3.8461538461538463,47.11538461538461,0.75,be point
Jean,Tawaddud,2.8846153846153846,3.8461538461538463,47.11538461538461,0.75,be point
Abu,Sirr,9.615384615384617,2.403846153846154,57.21153846153846,4.0,do think use admit do understand
Tawaddud,Stanka,1.3392857142857142,1.3392857142857142,36.607142857142854,1.0,carry be be enjoy
Stanka,Tawaddud,1.3392857142857142,1.3392857142857142,36.607142857142854,1.0,carry be be enjoy
Mieli,Perhonen,0.9615384615384616,0.0,60.57692307692307,INF,keep
Sobornost,Joséphine,2.727272727272727,0.45454545454545453,51.36363636363637,6.0,be moor try get negotiate have manage insert
Mieli,Sirr,3.515625,5.859375,50.0,0.6,do know be work do matter be provide
Kuutar,Ilmatar,1.25,3.75,40.0,0.3333333333333333,pray beg be
Sobornost,Mieli,2.34375,0.390625,56.640625,6.0,approach look swoop
Stanka,Mieli,3.125,4.166666666666666,34.375,0.75,come
Odyne,Sirr,2.380952380952381,1.7857142857142856,43.452380952380956,1.3333333333333333,be sit rise greet enter
Odyne,Mieli,2.380952380952381,1.7857142857142856,43.452380952380956,1.3333333333333333,be sit rise greet enter
Sirr,Mieli,2.380952380952381,1.7857142857142856,43.452380952380956,1.3333333333333333,be sit rise greet enter
Lord Salih,House Soarez,2.5,1.25,26.25,2.0,be
Sirr,Sobornost,2.314814814814815,7.4074074074074066,38.425925925925924,0.3125,recall include protect befall
Mieli,Lord Salih,12.5,3.125,34.375,4.0,please kill make destroy
Mieli,Lord Salih,12.5,3.125,34.375,4.0,please kill make destroy
Sirr,Mieli,0.78125,4.296875,57.421875,0.18181818181818182,have become hesitate be trade disappear
Sirr,Lord Salih,0.78125,4.296875,57.421875,0.18181818181818182,have become hesitate be trade disappear
Mieli,Lord Salih,0.78125,4.296875,57.421875,0.18181818181818182,have become hesitate be trade disappear
Odyne,Sirr,1.4705882352941175,1.4705882352941175,38.23529411764706,1.0,say float
Odyne,Sirr,2.5,2.083333333333333,55.41666666666667,1.2,excuse regard hesitate execute say draw
Odyne,Sirr,2.5,2.083333333333333,55.41666666666667,1.2,excuse regard hesitate execute say draw
Mieli,Odyne,2.8846153846153846,0.9615384615384616,34.61538461538461,3.0,be say
Abu,Munkar,0.0,0.0,50.0,INF,be surround
Mieli,Odyne,0.0,3.6764705882352944,31.61764705882353,0.0,stand
Mieli,Abu,0.0,3.6764705882352944,31.61764705882353,0.0,stand
Odyne,Abu,0.0,3.6764705882352944,31.61764705882353,0.0,stand
Kuutar,Mieli,0.0,8.333333333333332,25.0,0.0,thank
Mieli,Sirr,0.9615384615384616,2.8846153846153846,50.0,0.3333333333333333,fill
Sirr,Mieli,4.5,0.5,55.00000000000001,9.0,think be go be be go kill say
Sirr,Mieli,4.5,0.5,55.00000000000001,9.0,think be go be be go kill say
Abu,Sirr,7.291666666666667,8.333333333333332,42.70833333333333,0.875,get need
Abu,Sirr,7.291666666666667,8.333333333333332,42.70833333333333,0.875,get need
Joséphine,Abu,1.25,0.625,43.125,2.0,be have be do swear
Joséphine,Mieli,1.25,0.625,43.125,2.0,be have be do swear
Abu,Mieli,1.25,0.625,43.125,2.0,be have be do swear
Abu,Perhonen,1.0,1.0,54.0,1.0,be go be sneak retrieve transmit
Mieli,Joséphine,3.8461538461538463,5.769230769230769,21.153846153846153,0.6666666666666666,ignore close
Tawaddud,Dunyazad,0.6097560975609756,0.3048780487804878,42.98780487804878,2.0,bring come see be
Duny,Tawaddud,3.90625,2.34375,50.0,1.6666666666666667,speak be
Duny,Tawaddud,3.90625,2.34375,50.0,1.6666666666666667,speak be
Tawaddud,Duny,0.5434782608695652,0.2717391304347826,47.01086956521739,2.0,be paint whisper bring race show
Tawaddud,Duny,0.5434782608695652,0.2717391304347826,47.01086956521739,2.0,be paint whisper bring race show
Tawaddud,Duny,0.5434782608695652,0.2717391304347826,47.01086956521739,2.0,be paint whisper bring race show
Tawaddud,Cassar,2.7777777777777777,1.3888888888888888,40.27777777777778,2.0,be say
Cassar,Tawaddud,2.7777777777777777,1.3888888888888888,40.27777777777778,2.0,be say
Duny,Chaeremon,7.142857142857142,0.0,35.714285714285715,INF,sneak listen fight use have teach make
Duny,Tawaddud,7.142857142857142,0.0,35.714285714285715,INF,sneak listen fight use have teach make
Chaeremon,Tawaddud,7.142857142857142,0.0,35.714285714285715,INF,sneak listen fight use have teach make
Tawaddud,Sumanguru,0.0,0.0,22.22222222222222,INF,tell discover
Tawaddud,Abu,0.0,0.0,22.22222222222222,INF,tell discover
Tawaddud,Sumanguru,0.0,0.0,22.22222222222222,INF,tell discover
Tawaddud,Abu,0.0,0.0,22.22222222222222,INF,tell discover
Sumanguru,Abu,0.0,0.0,22.22222222222222,INF,tell discover
Abu,Tawaddud,2.5,1.25,31.25,2.0,reach matter say
Abu,Alile,3.125,0.78125,52.34375,4.0,give wake
Abu,Alile,3.125,0.78125,52.34375,4.0,give wake
Abu,Alile,3.125,0.78125,52.34375,4.0,give wake
Cassar,Sobornost,1.3513513513513513,3.7162162162162162,43.58108108108108,0.36363636363636365,have be work bring represent die
Tawaddud,Duny,4.166666666666666,5.357142857142857,42.857142857142854,0.7777777777777778,
Cassar,Lucius Aguilar,1.6666666666666667,0.8333333333333334,37.5,2.0,be flank
Lucius Aguilar,Cassar,1.6666666666666667,0.8333333333333334,37.5,2.0,be flank
Duny,Tawaddud,2.314814814814815,0.0,49.53703703703704,INF,take nod spread
Duny,Tawaddud,2.314814814814815,0.0,49.53703703703704,INF,take nod spread
Zaybak,Alile,0.0,1.5151515151515151,40.909090909090914,0.0,be accuse assist know
Zaybak,Sobornost,0.0,1.5151515151515151,40.909090909090914,0.0,be accuse assist know
Zaybak,Sumanguru,0.0,1.5151515151515151,40.909090909090914,0.0,be accuse assist know
Alile,Sobornost,0.0,1.5151515151515151,40.909090909090914,0.0,be accuse assist know
Alile,Sumanguru,0.0,1.5151515151515151,40.909090909090914,0.0,be accuse assist know
Sobornost,Sumanguru,0.0,1.5151515151515151,40.909090909090914,0.0,be accuse assist know
Duny,Tawaddud,7.142857142857142,5.357142857142857,44.642857142857146,1.3333333333333333,be look
Cassar,Tawaddud,0.0,5.0,35.0,0.0,use
Abu,Alile Soarez,0.0,2.2058823529411766,38.970588235294116,0.0,prove conspire
Sobornost,Lucius Aguilar,2.631578947368421,0.6578947368421052,44.07894736842105,4.0,think be discuss say
Lucius Aguilar,Sobornost,3.9634146341463414,5.487804878048781,34.45121951219512,0.7222222222222222,get admit have deal corrupt do appreciate be have be deal say
Lucius Aguilar,Duny,3.9634146341463414,5.487804878048781,34.45121951219512,0.7222222222222222,get admit have deal corrupt do appreciate be have be deal say
Sobornost,Duny,3.9634146341463414,5.487804878048781,34.45121951219512,0.7222222222222222,get admit have deal corrupt do appreciate be have be deal say
Abu,Tawaddud,1.5,0.5,34.0,3.0,have do be stop get say
Sirr,Tawaddud,1.4705882352941175,5.147058823529411,40.44117647058824,0.2857142857142857,do need say turn
Sirr,Tawaddud,1.4705882352941175,5.147058823529411,40.44117647058824,0.2857142857142857,do need say turn
Mieli,Abu,1.5625,0.5208333333333333,43.75,3.0,watch stand speak
Mieli,Abu,1.5625,0.5208333333333333,43.75,3.0,watch stand speak
Tawaddud,Venus,0.6944444444444444,3.4722222222222223,56.94444444444444,0.2,remind move
Tawaddud,Joséphine,2.083333333333333,1.0416666666666665,38.54166666666667,2.0,be
Mieli,Abu,1.7857142857142856,0.0,48.214285714285715,INF,place
Joséphine,Sobornost,1.3157894736842104,0.0,25.0,INF,claim say
Karhu,Sydän,0.7352941176470588,0.0,16.911764705882355,INF,
Mieli,Varpu,2.083333333333333,0.0,31.25,INF,remind
Sydän,Matjek,0.0,1.1904761904761905,46.42857142857143,0.0,be be take
Perhonen,Hunter,3.125,5.729166666666666,53.645833333333336,0.5454545454545454,be get have be
Mieli,Sobornost,1.25,3.125,50.625,0.4,be be go bring
Perhonen,Mieli,3.4090909090909087,0.5681818181818182,46.02272727272727,6.0,enmesh make
Mieli,Matjek,0.0,1.9230769230769231,36.53846153846153,0.0,hold have copy
Matjek,Hunter,0.0,5.681818181818182,48.86363636363637,0.0,
Mieli,Jean,3.75,1.25,45.0,3.0,be say
Mieli,Perhonen,3.75,1.25,45.0,3.0,be say
Jean,Perhonen,3.75,1.25,45.0,3.0,be say
Mieli,Matjek,5.0,3.3333333333333335,38.333333333333336,1.5,do realise be be talk
Jean,Mieli,2.5,6.666666666666667,24.166666666666668,0.375,be say say
Mieli,Perhonen,2.5,8.75,28.749999999999996,0.2857142857142857,be say
Bojan Chen,Matjek,5.88235294117647,1.4705882352941175,39.705882352941174,4.0,use query
Bojan Chen,Matjek,5.88235294117647,1.4705882352941175,39.705882352941174,4.0,use query
Matjek,Prince,0.0,1.0,43.0,0.0,have gather
Joséphine,Hunter,0.0,4.166666666666666,40.27777777777778,0.0,see give be
Matjek,Joséphine,9.210526315789473,0.0,27.631578947368425,INF,be make say
Matjek,Tawaddud,3.0303030303030303,1.1363636363636365,47.34848484848485,2.6666666666666665,be come know turn look be go wake be go clothe
Matjek,Tawaddud,3.0303030303030303,1.1363636363636365,47.34848484848485,2.6666666666666665,be come know turn look be go wake be go clothe
Matjek,Dunyazad,3.0303030303030303,1.1363636363636365,47.34848484848485,2.6666666666666665,be come know turn look be go wake be go clothe
Matjek,Tawaddud,3.0303030303030303,1.1363636363636365,47.34848484848485,2.6666666666666665,be come know turn look be go wake be go clothe
Matjek,Tawaddud,3.0303030303030303,1.1363636363636365,47.34848484848485,2.6666666666666665,be come know turn look be go wake be go clothe
Matjek,Dunyazad,3.0303030303030303,1.1363636363636365,47.34848484848485,2.6666666666666665,be come know turn look be go wake be go clothe
Matjek,Tawaddud,3.0303030303030303,1.1363636363636365,47.34848484848485,2.6666666666666665,be come know turn look be go wake be go clothe
Matjek,Tawaddud,3.0303030303030303,1.1363636363636365,47.34848484848485,2.6666666666666665,be come know turn look be go wake be go clothe
Matjek,Dunyazad,3.0303030303030303,1.1363636363636365,47.34848484848485,2.6666666666666665,be come know turn look be go wake be go clothe
Matjek,Tawaddud,3.0303030303030303,1.1363636363636365,47.34848484848485,2.6666666666666665,be come know turn look be go wake be go clothe
Matjek,Tawaddud,3.0303030303030303,1.1363636363636365,47.34848484848485,2.6666666666666665,be come know turn look be go wake be go clothe
Matjek,Dunyazad,3.0303030303030303,1.1363636363636365,47.34848484848485,2.6666666666666665,be come know turn look be go wake be go clothe
Tawaddud,Matjek,3.0303030303030303,1.1363636363636365,47.34848484848485,2.6666666666666665,be come know turn look be go wake be go clothe
Tawaddud,Dunyazad,3.0303030303030303,1.1363636363636365,47.34848484848485,2.6666666666666665,be come know turn look be go wake be go clothe
Tawaddud,Matjek,3.0303030303030303,1.1363636363636365,47.34848484848485,2.6666666666666665,be come know turn look be go wake be go clothe
Tawaddud,Dunyazad,3.0303030303030303,1.1363636363636365,47.34848484848485,2.6666666666666665,be come know turn look be go wake be go clothe
Matjek,Dunyazad,3.0303030303030303,1.1363636363636365,47.34848484848485,2.6666666666666665,be come know turn look be go wake be go clothe
Zoto Gomelez,Cassar,1.875,0.625,27.500000000000004,3.0,be say
Tawaddud,Mr Sen,6.61764705882353,0.0,40.44117647058824,INF,make feed
Cassar,Tawaddud,2.976190476190476,0.0,49.404761904761905,INF,speak say place
Tawaddud,Dunyazad,0.625,0.0,39.375,INF,close feel
Dunyazad,Tawaddud,0.625,0.0,39.375,INF,close feel
Dunyazad,Tawaddud,0.625,0.0,39.375,INF,close feel
Sydän,Perhonen,7.5,1.25,11.25,6.0,deserve
Mother,Mieli,8.173076923076923,0.0,45.67307692307692,INF,say drift sleep be go
