NAME 1,NAME 2,% POS,% NEG,% NEUTRAL,POS:NEG,VERBS
Lula,Sunucchi,3.4482758620689653,1.293103448275862,57.327586206896555,2.6666666666666665,be have be stake know spot
Lula,Jimmy Spit,3.4482758620689653,1.293103448275862,57.327586206896555,2.6666666666666665,be have be stake know spot
Sunucchi,Lula,3.4482758620689653,1.293103448275862,57.327586206896555,2.6666666666666665,be have be stake know spot
Sunucchi,Jimmy Spit,3.4482758620689653,1.293103448275862,57.327586206896555,2.6666666666666665,be have be stake know spot
Lula,Jimmy Spit,3.4482758620689653,1.293103448275862,57.327586206896555,2.6666666666666665,be have be stake know spot
Jimmy Spit,Lula,1.5151515151515151,0.0,59.09090909090909,INF,spit have park have
Jimmy Spit,Sunucchi,1.5151515151515151,0.0,59.09090909090909,INF,spit have park have
Jimmy Spit,Sunucchi,1.5151515151515151,0.0,59.09090909090909,INF,spit have park have
Lula,Sunucchi,1.5151515151515151,0.0,59.09090909090909,INF,spit have park have
Lula,Sunucchi,1.5151515151515151,0.0,59.09090909090909,INF,spit have park have
Lula,Jimmy Spit,1.3157894736842104,1.3157894736842104,65.78947368421053,1.0,be examine stud spit claim be
Lula,Jimmy Spit,0.0,0.0,50.0,INF,ask
Jimmy Spit,Lula,1.3888888888888888,3.4722222222222223,50.69444444444444,0.4,grab slam shut take
Stephanie,Vincent Plum Bail Bonds,1.25,0.625,63.125,2.0,be work
EMS,Ralph Rogers,0.0,0.0,50.0,INF,wait show rifle learn be
Rex,Ranger,0.0,0.0,64.70588235294117,INF,be watch run walk
Rex,Ranger,0.0,0.0,64.70588235294117,INF,be watch run walk
Connie,Toyota,0.0,0.0,55.55555555555556,INF,be
Morelli,Buick,1.7361111111111112,2.7777777777777777,42.70833333333333,0.625,grow lose run be
Morelli,Buick,1.7361111111111112,2.7777777777777777,42.70833333333333,0.625,grow lose run be
Morelli,Buick,1.7361111111111112,2.7777777777777777,42.70833333333333,0.625,grow lose run be
Buick,Morelli,1.7361111111111112,2.7777777777777777,42.70833333333333,0.625,grow lose run be
Ranger,Lula,1.0416666666666665,3.6458333333333335,53.645833333333336,0.2857142857142857,bring get say
Ziggy,Mary,0.0,0.0,45.0,INF,do show do show
Mrs. Bilson,Connie,1.7857142857142856,0.0,41.07142857142857,INF,relieve say
Jimmy Spit,Lula,2.5,0.625,56.875,4.0,be sell give say
Jimmy Spit,Connie,2.5,0.625,56.875,4.0,be sell give say
Jimmy Spit,Lula,2.5,0.625,56.875,4.0,be sell give say
Jimmy Spit,Connie,2.5,0.625,56.875,4.0,be sell give say
Lula,Connie,2.5,0.625,56.875,4.0,be sell give say
Lula,Connie,0.0,0.0,38.46153846153847,INF,hang model
Morelli,Grandma,0.5319148936170213,3.9893617021276597,59.308510638297875,0.13333333333333333,emigrate speak put feel have disrespect
Sunucchi,Morelli,2.82258064516129,3.225806451612903,42.33870967741936,0.875,be make stick hate
Sunucchi,Burg,2.82258064516129,3.225806451612903,42.33870967741936,0.875,be make stick hate
Morelli,Burg,2.82258064516129,3.225806451612903,42.33870967741936,0.875,be make stick hate
Sinatra,Burg,3.571428571428571,1.7857142857142856,66.07142857142857,2.0,be
Morelli,Lula,0.0,0.0,46.666666666666664,INF,bet be gon get say
Lula,Stanley Dugan,1.6666666666666667,3.3333333333333335,48.333333333333336,0.5,have be charge run
Lula,YouTube,0.641025641025641,2.8846153846153846,63.141025641025635,0.2222222222222222,suspect do have be catch have post
Lula,YouTube,0.641025641025641,2.8846153846153846,63.141025641025635,0.2222222222222222,suspect do have be catch have post
Shorty,Lula,0.0,0.0,29.411764705882355,INF,say gesture
Shorty,Lula,0.625,0.0,39.375,INF,do like say say
Lula,Shorty,1.9230769230769231,0.9615384615384616,43.269230769230774,2.0,narrow ram lean be
Lula,Shorty,1.1363636363636365,0.0,35.22727272727273,INF,get go say
Morelli,Pino,1.1363636363636365,0.0,53.40909090909091,INF,be walk
Lula,Ralph Rogers,1.3888888888888888,0.6944444444444444,53.47222222222222,2.0,be follow find lie
Lula,Jimmy Spit,0.0,0.0,69.56521739130434,INF,be conduct see turn
Vinnie,Ranger,0.0,0.0,50.0,INF,let give
Grandma,Connie,8.59375,2.34375,39.0625,3.6666666666666665,know be
Lula,Rita,1.6666666666666667,0.8333333333333334,44.166666666666664,2.0,be be see say
Lula,Grandma,1.6666666666666667,0.8333333333333334,44.166666666666664,2.0,be be see say
Rita,Grandma,1.6666666666666667,0.8333333333333334,44.166666666666664,2.0,be be see say
Lula,Rita,3.125,0.4464285714285714,53.57142857142857,7.0,be know mean be keep
Lula,Rita,3.125,0.4464285714285714,53.57142857142857,7.0,be know mean be keep
Lula,Rita,3.125,0.4464285714285714,53.57142857142857,7.0,be know mean be keep
Lula,Rita,0.0,0.0,63.63636363636363,INF,be see die
Rita,Lula,0.0,0.0,63.63636363636363,INF,be see die
Rita,Morelli,3.977272727272727,0.5681818181818182,45.45454545454545,7.0,own live
Rita,Hamilton,3.4722222222222223,0.0,63.19444444444444,INF,do know hear be live
Rita,Hamilton,3.4722222222222223,0.0,63.19444444444444,INF,do know hear be live
Stanley Dugan,Grandma,0.6944444444444444,0.0,52.083333333333336,INF,have run say get give be put
Grandma,Stanley Dugan,0.6944444444444444,0.0,52.083333333333336,INF,have run say get give be put
Ranger,Grandma,0.0,4.166666666666666,62.5,0.0,be go give
Connie,Rita,1.4705882352941175,0.0,39.705882352941174,INF,call ask
Lula,Connie,0.0,0.0,38.88888888888889,INF,give come collect say
Rita,Hamilton,0.0,0.0,66.66666666666666,INF,be divorce live
Morgan,Rita,2.232142857142857,0.4464285714285714,61.60714285714286,5.0,take need follow
Kevin,Ralph Rogers,7.5,2.5,57.99999999999999,3.0,have get make be lay stick
Kevin,Ralph Rogers,7.5,2.5,57.99999999999999,3.0,have get make be lay stick
Ralph Rogers,Lula,6.0,0.0,46.0,INF,say think be tell be
Lula,Ralph Rogers,6.0,0.0,46.0,INF,say think be tell be
Hamilton,Morgan,0.0,5.681818181818182,57.95454545454546,0.0,take turn
Lula,Rita,1.1363636363636365,0.0,53.40909090909091,INF,power listen cruise
Lula,Rita,1.1363636363636365,0.0,53.40909090909091,INF,power listen cruise
Rita,Lula,0.0,0.0,35.714285714285715,INF,let check say
Lula,Rita,0.0,1.6666666666666667,41.66666666666667,0.0,ring creep walk tiptoe sink
Stephanie,Lula,2.083333333333333,0.0,47.91666666666667,INF,get say
Morelli,Grandma,0.0,0.0,50.0,INF,bang march
Connie,Lula,0.6944444444444444,0.0,43.75,INF,duck jump press
Morelli,Grandma,4.807692307692308,1.9230769230769231,31.73076923076923,2.5,give say
Rangeman,Melvina,5.555555555555555,1.3888888888888888,26.38888888888889,4.0,provide
Rangeman,Ruppert,5.555555555555555,1.3888888888888888,26.38888888888889,4.0,provide
Melvina,Ruppert,5.555555555555555,1.3888888888888888,26.38888888888889,4.0,provide
Ruppert,Melvina,0.0,0.0,50.0,INF,ask look
Lois Fratelli,Burg,0.0,0.0,53.84615384615385,INF,live
Melvina,Lois Fratelli,3.289473684210526,1.9736842105263157,47.368421052631575,1.6666666666666667,want move see find
Bitsy Muddle,Grandma,0.0,1.0416666666666665,48.95833333333333,0.0,be say
Lois Fratelli,Grandma,0.0,0.0,45.45454545454545,INF,have stand say
Grandma,Ranger,0.0,0.0,50.0,INF,do look say
Eleanor,Grandma,0.0,0.0,30.434782608695656,INF,push stage-whisper be
Eleanor,Grandma,0.0,0.0,30.434782608695656,INF,push stage-whisper be
Ranger,Grandma,0.0,0.0,33.33333333333333,INF,be stage-whisper
Ranger,Eleanor,0.0,0.0,33.33333333333333,INF,be stage-whisper
Grandma,Eleanor,0.0,0.0,33.33333333333333,INF,be stage-whisper
Grandma,Eleanor,0.0,0.0,50.0,INF,say slip lead
Ruppert,Ranger,0.0,0.0,50.0,INF,do mention say
Lula,Connie,5.357142857142857,1.7857142857142856,35.714285714285715,3.0,be
Connie,Lula,2.6785714285714284,0.0,54.46428571428571,INF,be be read
Lula,Connie,0.0,0.0,11.11111111111111,INF,say
Ranger,Melvina,2.083333333333333,1.0416666666666665,38.54166666666667,2.0,be hire investigate
Melvina,Ranger,2.380952380952381,0.5952380952380952,58.92857142857143,4.0,have call tell be view
Morelli,Lula,0.6944444444444444,0.0,60.416666666666664,INF,watch drive go collect
Lula,Hamilton,0.0,0.0,55.00000000000001,INF,turn meander find
Lula,Morelli,0.0,0.0,55.00000000000001,INF,turn meander find
Lula,Rita,0.0,0.0,55.00000000000001,INF,turn meander find
Hamilton,Morelli,0.0,0.0,55.00000000000001,INF,turn meander find
Hamilton,Rita,0.0,0.0,55.00000000000001,INF,turn meander find
Morelli,Rita,0.0,0.0,55.00000000000001,INF,turn meander find
Lula,Lincoln,0.8620689655172413,1.7241379310344827,66.37931034482759,0.5,be talk be look watch swing
Lula,Rita,0.8620689655172413,1.7241379310344827,66.37931034482759,0.5,be talk be look watch swing
Lincoln,Rita,0.8620689655172413,1.7241379310344827,66.37931034482759,0.5,be talk be look watch swing
Lula,Lincoln,0.0,0.0,42.857142857142854,INF,shut say spot
Rita,Lincoln,0.390625,1.5625,44.921875,0.25,open appear close get
Lincoln,Hamilton,2.34375,0.78125,59.375,3.0,take turn
Lincoln,Morgan,0.0,0.0,64.28571428571429,INF,be go
Lincoln,Freeman,0.0,5.681818181818182,48.86363636363637,0.0,stop
Shorty,Moe,0.6944444444444444,0.0,32.63888888888889,INF,get walk
Chestnut Social Club,Lula,0.0,0.0,57.89473684210527,INF,perform be say
Shorty,Moe,4.044117647058823,3.308823529411765,51.470588235294116,1.2222222222222223,be feel go see take feel climb
Shorty,Moe,0.6944444444444444,0.0,49.30555555555556,INF,be gon watch
Kevin,Lula,0.0,0.0,35.714285714285715,INF,come say
Kevin,Connie,0.0,0.0,35.714285714285715,INF,come say
Lula,Connie,0.0,0.0,35.714285714285715,INF,come say
Stephanie,Kevin,3.6764705882352944,0.3676470588235294,63.60294117647059,10.0,be stand wait be check see have sneak be look
Grandma,Stephanie,0.4629629629629629,1.8518518518518516,53.24074074074075,0.25,send be see say
Grandma,Lula,0.4629629629629629,1.8518518518518516,53.24074074074075,0.25,send be see say
Stephanie,Lula,0.4629629629629629,1.8518518518518516,53.24074074074075,0.25,send be see say
Grandma,Stephanie,2.5,2.5,41.66666666666667,1.0,be break
Lula,Loretta,0.0,0.6944444444444444,49.30555555555556,0.0,throw run
Lula,Grandma,0.0,0.6944444444444444,49.30555555555556,0.0,throw run
Loretta,Grandma,0.0,0.6944444444444444,49.30555555555556,0.0,throw run
Lula,Grandma,0.0,5.625,49.375,0.0,chuck
Lula,Grandma,0.0,5.625,49.375,0.0,chuck
Loretta,Rita,0.5208333333333333,0.0,49.47916666666667,INF,spend go check
Rita,Loretta,0.5208333333333333,0.0,49.47916666666667,INF,spend go check
Kevin,Ziggy,1.7241379310344827,1.7241379310344827,37.93103448275862,1.0,risk go feed pick
Kevin,Ziggy,1.7857142857142856,0.0,55.35714285714286,INF,do leave sit go snatch
Kevin,Ziggy,1.7857142857142856,0.0,55.35714285714286,INF,do leave sit go snatch
Ranger,Lula,2.941176470588235,1.4705882352941175,54.41176470588235,2.0,say do throw know do wear
Ginty,Burg,1.5625,0.78125,41.40625,2.0,be
Ziggy,Ginty,0.0,0.0,53.333333333333336,INF,own live
Ziggy,Ginty,0.0,0.0,53.333333333333336,INF,own live
Ziggy,Lula,0.0,5.147058823529411,41.911764705882355,0.0,smell be put say
Ziggy,Lula,0.0,5.147058823529411,41.911764705882355,0.0,smell be put say
Ziggy,Lula,0.0,6.25,64.58333333333334,0.0,be be be work destroy
Ziggy,Lula,2.1739130434782608,2.717391304347826,42.934782608695656,0.8,help get say be go
Lula,Ziggy,2.1739130434782608,2.717391304347826,42.934782608695656,0.8,help get say be go
Connie,Ziggy,0.0,0.0,50.0,INF,hand write
Vinnie,Lula,0.0,0.0,50.0,INF,be be
Lucille,Vinnie,1.0416666666666665,4.166666666666666,44.79166666666667,0.25,think sign
Lucille,Vinnie,2.976190476190476,1.7857142857142856,33.33333333333333,1.6666666666666667,find field say
Lucille,Lula,2.976190476190476,1.7857142857142856,33.33333333333333,1.6666666666666667,find field say
Vinnie,Lula,2.976190476190476,1.7857142857142856,33.33333333333333,1.6666666666666667,find field say
Morelli,Bob,1.1029411764705883,1.1029411764705883,59.55882352941176,1.0,show rush gallop return hang
Morelli,Bob,1.1029411764705883,1.1029411764705883,59.55882352941176,1.0,show rush gallop return hang
Bob,Morelli,1.1029411764705883,1.1029411764705883,59.55882352941176,1.0,show rush gallop return hang
Ziggy,Morelli,0.0,0.0,30.0,INF,do feed say
Morelli,Rex,0.6944444444444444,1.3888888888888888,56.25,0.5,give give have be save reach pull
Morelli,Bob,0.6944444444444444,1.3888888888888888,56.25,0.5,give give have be save reach pull
Morelli,Bob,0.6944444444444444,1.3888888888888888,56.25,0.5,give give have be save reach pull
Rex,Morelli,0.6944444444444444,1.3888888888888888,56.25,0.5,give give have be save reach pull
Rex,Bob,0.6944444444444444,1.3888888888888888,56.25,0.5,give give have be save reach pull
Rex,Bob,0.6944444444444444,1.3888888888888888,56.25,0.5,give give have be save reach pull
Morelli,Bob,0.6944444444444444,1.3888888888888888,56.25,0.5,give give have be save reach pull
Morelli,Bob,0.6944444444444444,1.3888888888888888,56.25,0.5,give give have be save reach pull
Lula,Morelli,0.0,0.0,53.333333333333336,INF,open look wave
Morelli,Lula,0.0,2.7777777777777777,36.11111111111111,0.0,give go say
Stephanie,Lula,0.7352941176470588,0.0,40.44117647058824,INF,get take tell
Stephanie,Lula,0.7352941176470588,0.0,40.44117647058824,INF,get take tell
Stephanie,Lula,0.7352941176470588,0.0,40.44117647058824,INF,get take tell
Stephanie,Lula,0.7352941176470588,0.0,40.44117647058824,INF,get take tell
Morelli,Bob,0.0,0.9615384615384616,60.57692307692307,0.0,snap give
Grandma,Lula,0.0,0.0,50.0,INF,ask
Lula,Grandma,0.0,0.0,54.54545454545454,INF,lay
Lula,Grandma,0.0,0.0,54.54545454545454,INF,lay
Grandma,Lula,0.8333333333333334,0.8333333333333334,31.666666666666664,1.0,have get say
Lula,Marion,0.0,0.0,20.0,INF,yell
Lula,Grandma,2.6785714285714284,0.0,33.035714285714285,INF,announce
Mildred,Lula,3.90625,1.5625,50.78125,2.5,narrow
Mildred,Lula,3.90625,1.5625,50.78125,2.5,narrow
Mildred,Lula,0.4629629629629629,2.314814814814815,41.66666666666667,0.2,have sit be play say
Mildred,Lula,0.0,0.0,46.15384615384615,INF,jump lean
Mildred,Lula,0.0,0.0,46.15384615384615,INF,jump lean
Mildred,Lula,0.0,0.0,44.44444444444444,INF,shake
Mildred,Lula,0.0,0.0,44.44444444444444,INF,shake
Mildred,Lula,0.7352941176470588,0.0,58.08823529411765,INF,get launch
Mildred,Lula,0.7352941176470588,0.0,58.08823529411765,INF,get launch
Mildred,Lula,0.0,0.0,52.27272727272727,INF,go fly tip crash try claw grab try haul
Mildred,Lula,0.0,0.0,52.27272727272727,INF,go fly tip crash try claw grab try haul
Lula,Mildred,0.0,0.0,52.27272727272727,INF,go fly tip crash try claw grab try haul
Lula,Mildred,0.0,0.0,52.27272727272727,INF,go fly tip crash try claw grab try haul
Lula,Mildred,0.0,0.0,52.27272727272727,INF,go fly tip crash try claw grab try haul
Lula,Mildred,2.941176470588235,0.7352941176470588,31.61764705882353,4.0,say be
Grandma,Lula,0.0,2.5,57.49999999999999,0.0,do get say
Mildred,Lula,0.0,0.0,18.181818181818183,INF,leave say
Lula,Rita,0.0,0.0,45.45454545454545,INF,find drive
Lula,Rita,0.0,0.0,45.45454545454545,INF,find drive
Lula,Grandma,0.0,0.0,41.66666666666667,INF,say
Grandma,Lula,0.0,0.0,52.63157894736842,INF,turn see press
Grandma,Rita,0.0,0.0,52.63157894736842,INF,turn see press
Lula,Rita,0.0,0.0,52.63157894736842,INF,turn see press
Lula,Grandma,0.0,0.0,56.52173913043478,INF,jump be shout crash
Lula,Grandma,2.5,0.0,52.5,INF,grab yank
Lula,Grandma,2.5,0.0,52.5,INF,grab yank
Lula,Grandma,2.734375,1.5625,61.328125,1.75,be be consider be make beat
Lula,Rita,0.0,1.1363636363636365,44.31818181818182,0.0,yell
Lula,Mildred,1.25,0.0,38.75,INF,get
Ranger,Morelli,0.0,0.0,66.66666666666666,INF,leave show
Ranger,Bob,0.0,0.0,66.66666666666666,INF,leave show
Morelli,Bob,0.0,0.0,66.66666666666666,INF,leave show
Morelli,Bob,0.5681818181818182,0.0,67.61363636363636,INF,flip snatch eat
Lula,Grandma,0.78125,0.0,49.21875,INF,get kick
Morelli,Bob,0.0,0.5434782608695652,60.32608695652174,0.0,kiss give leave
Lula,Grandma,1.4423076923076923,0.4807692307692308,44.230769230769226,3.0,be do lead get
Grandma,Morelli,1.6666666666666667,1.6666666666666667,56.666666666666664,1.0,sit call
Lula,Connie,1.5,0.5,34.0,3.0,be hunker see give
Lula,Grandma,1.5,0.5,34.0,3.0,be hunker see give
Connie,Grandma,1.5,0.5,34.0,3.0,be hunker see give
Morelli,Connie,0.0,0.0,50.0,INF,look
Morelli,Connie,0.0,0.0,50.0,INF,look
Morelli,Grandma,0.0,0.0,60.0,INF,unlock
Grandma,Morelli,1.1363636363636365,2.272727272727273,42.04545454545455,0.5,flip march
Kevin,Lula,0.9615384615384616,0.0,52.88461538461539,INF,get say
Kevin,Lula,4.166666666666666,3.125,34.375,1.3333333333333333,hope happen say
Lula,Freeman,0.0,2.314814814814815,49.53703703703704,0.0,dump take drive
Freeman,Lula,0.0,2.314814814814815,49.53703703703704,0.0,dump take drive
BJ,Lula,1.3888888888888888,1.3888888888888888,52.77777777777778,1.0,be say do say
Kevin,Freeman,0.0,6.25,53.75,0.0,bet be head
Shorty,Moe,1.25,0.0,38.75,INF,get walk
Shorty,Moe,0.78125,1.5625,47.65625,0.5,come help wrangle
Moe,Shorty,3.3333333333333335,4.166666666666666,52.5,0.8,have have
Shorty,Moe,0.0,0.0,53.333333333333336,INF,connect hear expel
Rangeman,EMS,3.289473684210526,0.9868421052631579,66.77631578947368,3.3333333333333335,reach be wait help be idle flash
Rangeman,Ranger,0.0,0.0,55.00000000000001,INF,be be watch
Lula,Tank,2.083333333333333,2.083333333333333,55.833333333333336,1.0,date be be give
Lula,Tank,2.083333333333333,2.083333333333333,55.833333333333336,1.0,date be be give
Lula,Tank,2.083333333333333,2.083333333333333,55.833333333333336,1.0,date be be give
Tank,Lula,2.083333333333333,2.083333333333333,55.833333333333336,1.0,date be be give
Tank,Lula,2.083333333333333,2.083333333333333,55.833333333333336,1.0,date be be give
Moe,Shorty,0.0,0.0,22.22222222222222,INF,do capture
Hal,Gino,0.0,2.976190476190476,39.88095238095239,0.0,take go
Ranger,Rangeman,2.604166666666667,2.083333333333333,61.979166666666664,1.25,be sit be look groom
Ranger,Rangeman,2.604166666666667,2.083333333333333,61.979166666666664,1.25,be sit be look groom
Moe,Shorty,0.0,0.0,33.33333333333333,INF,happen
Rangeman,Ranger,0.0,5.769230769230769,40.38461538461539,0.0,move protect
Grandma,Gordon,0.0,0.0,50.0,INF,catch wave
Grandma,Gordon,0.0,0.0,50.0,INF,catch wave
Gordon,Grandma,0.0,4.166666666666666,62.5,0.0,wave blow
Sunucchi,Rita,1.5625,0.0,35.9375,INF,spend
Sunucchi,Rita,1.5625,0.0,35.9375,INF,spend
Rita,Hamilton,1.25,0.0,53.75,INF,have think be grab
Mary,Connie,1.9230769230769231,0.9615384615384616,43.269230769230774,2.0,be say
Mary,Lula,1.4705882352941175,3.6764705882352944,41.911764705882355,0.4,be have say
Hamilton,Mary,0.5952380952380952,0.0,56.547619047619044,INF,take turn lead
Lula,Mary,0.0,0.0,60.0,INF,be wear come
Lula,Mary,0.5208333333333333,0.0,49.47916666666667,INF,get crash look
Mary,Lula,3.6764705882352944,5.147058823529411,50.0,0.7142857142857143,sound whisper
Lula,Mary,4.891304347826087,4.3478260869565215,38.58695652173913,1.125,do mean be say stink
Lula,Mary,2.083333333333333,0.0,47.91666666666667,INF,power
Lula,Mary,0.0,0.0,50.0,INF,turn
Lula,Mary,4.605263157894736,3.289473684210526,44.73684210526316,1.4,have brace have clutch
Lula,Mary,4.605263157894736,3.289473684210526,44.73684210526316,1.4,have brace have clutch
Lula,Mary,4.605263157894736,3.289473684210526,44.73684210526316,1.4,have brace have clutch
Mary,Morelli,4.807692307692308,0.0,49.03846153846153,INF,bring tell
Morelli,Lula,0.0,2.8846153846153846,50.96153846153846,0.0,tell talk chug
Morelli,Lula,0.0,2.8846153846153846,50.96153846153846,0.0,tell talk chug
Melvina,Grandma,5.681818181818182,0.0,39.77272727272727,INF,do know say
Bitsy Muddle,Lois Fratelli,0.0,0.9615384615384616,29.807692307692307,0.0,know
Bitsy Muddle,Rose,0.0,0.9615384615384616,29.807692307692307,0.0,know
Lois Fratelli,Rose,0.0,0.9615384615384616,29.807692307692307,0.0,know
Rose,Grandma,4.166666666666666,2.083333333333333,52.083333333333336,2.0,tell say
Lois Fratelli,Grandma,0.625,0.625,48.75,1.0,live do see say
Lois Fratelli,Grandma,0.625,0.625,48.75,1.0,live do see say
Melvina,Hamilton,2.272727272727273,0.0,79.54545454545455,INF,have live
Melvina,Ruppert,0.0,0.0,66.66666666666666,INF,be live
Lois Fratelli,Burg,3.125,0.0,46.875,INF,have live
Lois Fratelli,Burg,2.631578947368421,1.3157894736842104,53.94736842105263,2.0,be survive live
Lula,Connie,0.0,0.0,58.333333333333336,INF,be sit walk
Vinnie,Lula,1.3392857142857142,2.232142857142857,46.42857142857143,0.6,say have go write
Vinnie,Connie,1.3392857142857142,2.232142857142857,46.42857142857143,0.6,say have go write
Vinnie,Lula,1.3392857142857142,2.232142857142857,46.42857142857143,0.6,say have go write
Vinnie,Connie,1.3392857142857142,2.232142857142857,46.42857142857143,0.6,say have go write
Lula,Connie,1.3392857142857142,2.232142857142857,46.42857142857143,0.6,say have go write
Lula,Connie,0.0,0.0,40.0,INF,shake
Mary,Connie,0.0,0.0,53.84615384615385,INF,drop
Sandor,Buick,0.0,1.4423076923076923,44.71153846153847,0.0,hand go
Sandor,Grandma Mazur,0.0,1.4423076923076923,44.71153846153847,0.0,hand go
Sandor,Buick,0.0,1.4423076923076923,44.71153846153847,0.0,hand go
Sandor,Grandma Mazur,0.0,1.4423076923076923,44.71153846153847,0.0,hand go
Buick,Grandma Mazur,0.0,1.4423076923076923,44.71153846153847,0.0,hand go
Buick,Sandor,0.0,1.4423076923076923,44.71153846153847,0.0,hand go
Grandma Mazur,Sandor,0.0,1.4423076923076923,44.71153846153847,0.0,hand go
Grandma,Randy,0.0,0.0,45.45454545454545,INF,come
Grandma,Randy,7.8125,3.125,45.3125,2.5,guess know say
Stephanie,Grandma,0.0,0.0,61.53846153846154,INF,win say
Melvina,Hamilton,0.0,0.0,50.0,INF,live
Senior Discount Club,Randy,0.0,0.0,42.857142857142854,INF,belong say
Gordon,DMV,0.0,0.0,27.27272727272727,INF,work say
Gordon,Grandma,0.0,0.0,27.27272727272727,INF,work say
DMV,Grandma,0.0,0.0,27.27272727272727,INF,work say
Gordon,Randy,0.0,0.0,60.0,INF,look
Gordon,Grandma,1.7857142857142856,0.8928571428571428,40.17857142857143,2.0,be say
Grandma,Gordon,2.6785714285714284,6.25,41.07142857142857,0.42857142857142855,be beat
Rita,Ranger,1.3157894736842104,5.921052631578947,45.39473684210527,0.2222222222222222,roust call
Ranger,Morgan,0.0,0.0,53.333333333333336,INF,drive
Ranger,Lula,5.147058823529411,0.7352941176470588,52.94117647058824,7.0,find be find
Ranger,Batman,6.25,3.125,65.625,2.0,be
Freeman,Chestnut Social Club,0.0,4.166666666666666,69.16666666666667,0.0,rent
Chestnut Social Club,Burg,3.6764705882352944,0.0,55.14705882352941,INF,be be
Morelli,Chooch,0.0,0.0,40.0,INF,be
Stephanie,Chooch,0.0,0.0,20.0,INF,say
Rose,Melvina,1.0869565217391304,0.5434782608695652,59.2391304347826,2.0,be be bury be go be view
Vinnie,Connie,1.0416666666666665,0.5208333333333333,56.770833333333336,2.0,need get bond take
Ranger,Connie,3.260869565217391,0.0,40.21739130434783,INF,go look find tell
Rita,Billie Jean,7.03125,0.0,42.96875,INF,call say follow
Rita,Billie Jean,7.03125,0.0,42.96875,INF,call say follow
Billie Jean,Rita,7.03125,0.0,42.96875,INF,call say follow
Rose,Grandma,0.0,0.0,52.63157894736842,INF,be go be view say
Gordon,Grandma,0.9615384615384616,0.0,68.26923076923077,INF,be say
Lula,Senior Discount Club,0.0,0.0,65.51724137931035,INF,pick drive get involve
Senior Discount Club,Mr. Newcomb,2.840909090909091,0.5681818181818182,60.22727272727273,5.0,understand be say
Melvina,Lula,0.0,2.5,37.5,0.0,bet serve say
Lula,Buick,3.3333333333333335,0.0,23.333333333333332,INF,be say buckle
Lula,Buick,2.083333333333333,0.0,53.47222222222222,INF,come gloss
Lula,Giovichinni,0.7352941176470588,3.6764705882352944,48.529411764705884,0.2,drop continue
Grandma,Morelli,10.9375,0.0,26.5625,INF,live
Morelli,Grandma,4.6875,6.25,43.22916666666667,0.75,need ship come
Morelli,Grandma,4.6875,6.25,43.22916666666667,0.75,need ship come
Morelli,Grandma,7.352941176470589,2.941176470588235,36.76470588235294,2.5,think be hole
Ranger,Kevin,0.78125,0.0,55.46875,INF,drive look
Lula,Ranger,2.604166666666667,1.0416666666666665,58.854166666666664,2.5,do have turn do mind do
Ranger,Grandma,4.166666666666666,2.083333333333333,63.74999999999999,2.0,tell be know be
Grandma,Ranger,4.166666666666666,2.083333333333333,63.74999999999999,2.0,tell be know be
Ranger,Freeman,0.0,6.25,53.75,0.0,stop
Buick,Ranger,0.0,3.125,40.625,0.0,replace say
Melvina,Bitsy Muddle,0.0,0.0,40.0,INF,shop
Melvina,Rose,0.0,0.0,40.0,INF,shop
Bitsy Muddle,Rose,0.0,0.0,40.0,INF,shop
Lincoln,Morelli,0.0,2.5,57.49999999999999,0.0,roll park
Moe,Lincoln,1.1363636363636365,3.4090909090909087,50.0,0.3333333333333333,leave get disappear
Ruppert,Ranger,0.0,0.0,50.0,INF,be say
Morelli,Ranger,0.0,0.0,44.44444444444444,INF,be say
Sunucchi,Morelli,2.083333333333333,1.0416666666666665,38.54166666666667,2.0,be
Morelli,Grandma,10.576923076923077,5.769230769230769,22.115384615384613,1.8333333333333333,be talk
Ranger,Rose,0.5208333333333333,0.5208333333333333,48.95833333333333,1.0,wait see get talk
Grandma,Gordon,2.5,0.0,57.49999999999999,INF,have
Giovichinni,Burg,3.0172413793103448,2.586206896551724,49.56896551724138,1.1666666666666667,pick
Grandma,Randy,0.0,0.0,44.44444444444444,INF,be
Grandma,Randy,0.0,0.0,43.75,INF,be go say
Grandma,Gordon,0.0,0.0,38.88888888888889,INF,follow view
Grandma,Randy,0.0,0.0,38.88888888888889,INF,follow view
Gordon,Randy,0.0,0.0,38.88888888888889,INF,follow view
Grandma,Gordon,1.0416666666666665,0.5208333333333333,48.4375,2.0,say be go score
Ranger,Morelli,0.0,0.0,55.55555555555556,INF,put drive
Morelli,Grandma,10.227272727272728,1.1363636363636365,34.090909090909086,9.0,be
Morelli,Grandma,6.666666666666667,0.0,26.666666666666668,INF,think discuss say
Morelli,Grandma,5.46875,0.0,32.03125,INF,do spit say
Morelli,Grandma,9.090909090909092,0.0,54.54545454545454,INF,look be get
Grandma,Ranger,0.0,0.0,50.0,INF,ask
Morelli,Rita,0.0,0.0,52.38095238095239,INF,be be be say
Morelli,Ranger,0.0,0.0,52.38095238095239,INF,be be be say
Morelli,Rita,0.0,0.0,52.38095238095239,INF,be be be say
Morelli,Ranger,0.0,0.0,52.38095238095239,INF,be be be say
Rita,Ranger,0.0,0.0,52.38095238095239,INF,be be be say
Rita,Ranger,0.0,0.7352941176470588,40.44117647058824,0.0,let talk say get
Ranger,Rita,5.555555555555555,4.166666666666666,56.94444444444444,1.3333333333333333,rap answer
Rita,Ranger,0.0,0.0,54.54545454545454,INF,look look
Rita,Ranger,0.0,0.0,54.54545454545454,INF,look look
Rita,Ranger,0.0,0.0,47.05882352941176,INF,do scan smile
Ranger,Rita,0.0,0.0,47.05882352941176,INF,do scan smile
Rita,Morelli,2.616279069767442,2.0348837209302326,44.18604651162791,1.2857142857142858,be go pass tell keep want get
Morelli,Ranger,5.263157894736842,0.0,63.1578947368421,INF,feel do send
DMV,Grandma,0.6578947368421052,0.6578947368421052,51.31578947368421,1.0,be get say
Melvina,Grandma,7.142857142857142,4.166666666666666,50.595238095238095,1.7142857142857142,be talk be kill say
Melvina,Grandma,7.142857142857142,4.166666666666666,50.595238095238095,1.7142857142857142,be talk be kill say
Don Juan,Gordon,2.7777777777777777,2.083333333333333,34.02777777777778,1.3333333333333333,want stretch be think
Bitsy Muddle,Lois Fratelli,0.0,2.34375,22.65625,0.0,be be
Leo,Morelli,1.7045454545454544,2.840909090909091,40.909090909090914,0.6,be blare be
Bob,Morelli,1.1363636363636365,0.5681818181818182,52.84090909090909,2.0,be watch hope drop
Bob,Morelli,1.1363636363636365,0.5681818181818182,52.84090909090909,2.0,be watch hope drop
Anthony,Morelli,0.0,0.0,22.22222222222222,INF,be say
Anthony,Bobby,0.7352941176470588,4.411764705882353,47.794117647058826,0.16666666666666666,run jump yell
Bob,Morelli,2.5,0.0,37.5,INF,get say
Bob,Morelli,0.625,0.0,59.375,INF,gallop crash
Morelli,Bobby,0.0,2.272727272727273,52.27272727272727,0.0,roll
Anthony,Morelli,0.0,0.0,42.857142857142854,INF,yell
Anthony,Morelli,0.0,0.0,56.00000000000001,INF,walk hand
Anthony,Morelli,0.0,0.0,56.00000000000001,INF,walk hand
Leo,Grandma,0.0,0.0,54.166666666666664,INF,take hand open walk
Grandma,Mets,0.0,0.0,66.66666666666666,INF,be carry wear
Lula,Shirlene,0.0,0.0,50.0,INF,pull stick
Jesus,Shirlene,4.411764705882353,0.7352941176470588,53.67647058823529,6.0,go find
Jesus,Lula,2.717391304347826,1.0869565217391304,35.32608695652174,2.5,do want find say spot
Antwan,Lula,0.0,4.6875,20.3125,0.0,say
Shirlene,Lula,0.0,0.6578947368421052,51.973684210526315,0.0,give drive
Vinnie,Lula,3.4722222222222223,2.083333333333333,50.0,1.6666666666666667,do know write say
Vinnie,Harry,3.125,2.5,49.375,1.25,get tell
Vinnie,Sunucchi,3.125,2.5,49.375,1.25,get tell
Vinnie,Connie,3.125,2.5,49.375,1.25,get tell
Harry,Sunucchi,3.125,2.5,49.375,1.25,get tell
Harry,Connie,3.125,2.5,49.375,1.25,get tell
Sunucchi,Connie,3.125,2.5,49.375,1.25,get tell
Kevin,Lula,6.8181818181818175,6.8181818181818175,22.727272727272727,1.0,be say
Ranger,Kevin,3.4090909090909087,1.7045454545454544,67.61363636363636,2.0,have see have
Kevin,Lula,0.0,0.0,33.33333333333333,INF,look say
Moe,Shorty,2.857142857142857,0.35714285714285715,48.214285714285715,8.0,do see do get kidnap shoot do have make
Moe,Kevin,2.857142857142857,0.35714285714285715,48.214285714285715,8.0,do see do get kidnap shoot do have make
Shorty,Kevin,2.857142857142857,0.35714285714285715,48.214285714285715,8.0,do see do get kidnap shoot do have make
Kevin,Lula,1.1363636363636365,0.0,57.95454545454546,INF,get have see say
Jimbo,Lula,0.9615384615384616,0.0,29.807692307692307,INF,be look say
Jimbo,Antwan,0.0,2.272727272727273,34.090909090909086,0.0,be say
Marilyn,Lula,0.0,0.0,33.33333333333333,INF,be say
Antwan,Lula,1.0416666666666665,5.208333333333334,52.083333333333336,0.2,fire get
Lula,Antwan,0.6578947368421052,1.3157894736842104,34.868421052631575,0.5,say take clamp
Antwan,Lula,0.0,0.0,54.54545454545454,INF,swipe knock
Antwan,Lula,0.0,1.0416666666666665,40.625,0.0,give take
Lula,Marilyn,0.8928571428571428,1.7857142857142856,50.89285714285714,0.5,have tip try stanch be try fluff
Ranger,Lula,3.4090909090909087,0.0,51.13636363636363,INF,check call take
Morelli,Bob,0.0,0.0,56.52173913043478,INF,show
Morelli,Bob,0.0,0.0,57.692307692307686,INF,move come check
Bob,Morelli,0.0,0.0,57.692307692307686,INF,move come check
Bob,Morelli,1.6304347826086956,0.0,50.54347826086957,INF,be go take be leave say
Connie,Lula,0.0,0.78125,55.46875,0.0,gasp walk lean look
Vinnie,Lula,0.0,0.0,40.0,INF,point
Randy,Burg,0.0,0.0,41.66666666666667,INF,be
Morelli,Bob,0.0,0.0,50.0,INF,ask stroll follow
Vinnie,Ranger,0.5434782608695652,0.0,47.28260869565217,INF,sound quit work be work say
Vinnie,Morelli,0.5434782608695652,0.0,47.28260869565217,INF,sound quit work be work say
Ranger,Morelli,0.5434782608695652,0.0,47.28260869565217,INF,sound quit work be work say
Morelli,Grandma,0.0,0.0,56.00000000000001,INF,open catch scuttle head
Randy,Grandma,0.0,0.0,46.15384615384615,INF,have say
Randy,Grandma,0.0,0.0,55.55555555555556,INF,hold see
Randy,Grandma,0.0,5.769230769230769,25.0,0.0,be say
Randy,Grandma,1.7857142857142856,0.0,41.07142857142857,INF,weigh wrap weigh wrap
Grandma,Randy,0.0,0.0,37.5,INF,leave turn
Morelli,Bob,2.1739130434782608,1.0869565217391304,61.95652173913043,2.0,call be wait take
Morelli,Bob,2.1739130434782608,1.0869565217391304,61.95652173913043,2.0,call be wait take
Randy,Morelli,0.0,0.0,40.0,INF,nod maneuver
Morelli,Randy,0.0,0.0,40.0,INF,nod maneuver
Bob,Morelli,0.0,0.0,43.75,INF,troop go
Randy,Ranger,0.5434782608695652,0.5434782608695652,42.391304347826086,1.0,need go get say
Randy,Morelli,0.5434782608695652,0.5434782608695652,42.391304347826086,1.0,need go get say
Ranger,Morelli,0.5434782608695652,0.5434782608695652,42.391304347826086,1.0,need go get say
Morelli,Bob,0.0,0.0,50.0,INF,feed
Morelli,Bob,0.0,0.0,50.0,INF,feed
Bob,Morelli,2.232142857142857,2.232142857142857,63.39285714285714,1.0,finish watch fall
Bob,Morelli,2.232142857142857,2.232142857142857,63.39285714285714,1.0,finish watch fall
Grandma,Morelli,1.7857142857142856,0.0,41.07142857142857,INF,buy say
Joyce Barnhardt,Vinnie,2.403846153846154,1.4423076923076923,53.84615384615385,1.6666666666666667,have dye whip paddle find
Ranger,Lula,2.7777777777777777,0.0,63.888888888888886,INF,call wait
Lula,Randy,2.083333333333333,1.0416666666666665,46.875,2.0,have drive
Lula,Vinnie,5.0,0.0,61.66666666666667,INF,be release have use
Lula,Vinnie,5.0,0.0,61.66666666666667,INF,be release have use
Vinnie,Lula,5.0,0.0,61.66666666666667,INF,be release have use
Antwan,Lula,3.8461538461538463,0.0,50.0,INF,look get say
Antwan,Lula,3.8461538461538463,0.0,50.0,INF,look get say
Antwan,Mr. Happy,13.333333333333334,1.6666666666666667,51.66666666666667,8.0,be salute wear
Shaneeka,Lula,7.142857142857142,3.571428571428571,32.142857142857146,2.0,narrow
Shaneeka,Antwan,0.0,0.0,22.22222222222222,INF,say
Lula,Antwan,1.9230769230769231,2.403846153846154,34.13461538461539,0.8,be think do say
Antwan,Shaneeka,0.7575757575757576,3.787878787878788,43.93939393939394,0.2,hear yell do stop run be
Antwan,Lula,0.7575757575757576,3.787878787878788,43.93939393939394,0.2,hear yell do stop run be
Shaneeka,Lula,0.7575757575757576,3.787878787878788,43.93939393939394,0.2,hear yell do stop run be
Lula,Freeman,1.282051282051282,3.205128205128205,62.17948717948718,0.4,park watch look be toss
Lula,Freeman,1.282051282051282,3.205128205128205,62.17948717948718,0.4,park watch look be toss
Kevin,Lula,3.571428571428571,1.7857142857142856,30.357142857142854,2.0,be go ask say
Kevin,Lula,1.1363636363636365,0.0,53.40909090909091,INF,look say
Kevin,Lula,7.5,1.6666666666666667,30.833333333333336,4.5,think know say
Vinnie,Harry,2.5,2.5,55.00000000000001,1.0,be hide
Vinnie,Randy,2.083333333333333,0.0,39.58333333333333,INF,have go
Lula,Randy,0.9259259259259258,1.3888888888888888,60.64814814814815,0.6666666666666666,be park
Jeez Louise,Lula,0.0,0.0,12.5,INF,say
Lula,Victor,3.260869565217391,1.0869565217391304,56.52173913043478,3.0,get idle run give
Ranger,Buick,2.34375,0.0,53.90625,INF,call ask pick track
Morelli,Ranger,1.5625,0.0,54.6875,INF,have turn have
Victor,Ranger,0.0,0.0,54.54545454545454,INF,live say
Batman,Ranger,1.1363636363636365,1.1363636363636365,43.18181818181818,1.0,say
Grandma,Gordon,5.172413793103448,0.8620689655172413,52.58620689655172,6.0,do think be think need be
Grandma,Gordon,5.172413793103448,0.8620689655172413,52.58620689655172,6.0,do think be think need be
Grandma,Gordon,5.172413793103448,0.8620689655172413,52.58620689655172,6.0,do think be think need be
Ranger,DMV,0.6944444444444444,0.6944444444444444,59.72222222222222,1.0,get drive
Buick,Ranger,1.9230769230769231,0.9615384615384616,43.269230769230774,2.0,have be move tell
Grandma,Sinatra,1.9230769230769231,1.9230769230769231,55.769230769230774,1.0,be strip do say be sing roll be
Lula,Grandma,2.083333333333333,2.083333333333333,45.83333333333333,1.0,guess be say
Vinnie,Grandma,0.0,2.6785714285714284,54.46428571428571,0.0,be croon be strip say
Sinatra,Lula,0.0,0.0,33.33333333333333,INF,get say
Sinatra,Grandma,0.0,4.464285714285714,52.67857142857143,0.0,kick say
Sinatra,Grandma,4.166666666666666,3.6458333333333335,50.520833333333336,1.1428571428571428,say be want play say
Shorty,Moe,0.0,0.0,47.368421052631575,INF,tumble open step
Grandma,Moe,2.0161290322580645,1.6129032258064515,60.88709677419355,1.25,be hold be look do
Moe,Shorty,2.5,4.5,61.0,0.5555555555555556,have be pick prepare
Moe,Grandma,2.5,4.5,61.0,0.5555555555555556,have be pick prepare
Shorty,Grandma,2.5,4.5,61.0,0.5555555555555556,have be pick prepare
Kevin,Grandma,0.0,0.0,44.44444444444444,INF,be say
Kevin,Shorty,0.0,0.0,38.46153846153847,INF,be say
Lula,Kevin,0.0,6.944444444444445,48.61111111111111,0.0,be commune
Fitz,Moe,0.0,0.0,20.0,INF,call say
Fitz,Shorty,0.0,0.0,20.0,INF,call say
Moe,Shorty,0.0,0.0,20.0,INF,call say
Moe,Grandma,2.2058823529411766,0.0,44.85294117647059,INF,walk call
Moe,Shorty,2.2058823529411766,0.0,44.85294117647059,INF,walk call
Moe,Fitz,2.2058823529411766,0.0,44.85294117647059,INF,walk call
Grandma,Shorty,2.2058823529411766,0.0,44.85294117647059,INF,walk call
Grandma,Fitz,2.2058823529411766,0.0,44.85294117647059,INF,walk call
Shorty,Fitz,2.2058823529411766,0.0,44.85294117647059,INF,walk call
Moe,Grandma,0.0,1.25,38.75,0.0,poke
Grandma,Moe,0.0,1.25,38.75,0.0,poke
Grandma,Shorty,2.5,1.5,44.0,1.6666666666666667,squinch open scream rush tag
Grandma,Moe,2.5,1.5,44.0,1.6666666666666667,squinch open scream rush tag
Grandma,Shorty,2.5,1.5,44.0,1.6666666666666667,squinch open scream rush tag
Grandma,Moe,2.5,1.5,44.0,1.6666666666666667,squinch open scream rush tag
Grandma,Shorty,2.5,1.5,44.0,1.6666666666666667,squinch open scream rush tag
Grandma,Moe,2.5,1.5,44.0,1.6666666666666667,squinch open scream rush tag
Shorty,Grandma,2.5,1.5,44.0,1.6666666666666667,squinch open scream rush tag
Shorty,Grandma,2.5,1.5,44.0,1.6666666666666667,squinch open scream rush tag
Shorty,Moe,2.5,1.5,44.0,1.6666666666666667,squinch open scream rush tag
Grandma,Moe,2.5,1.5,44.0,1.6666666666666667,squinch open scream rush tag
Grandma,Moe,2.5,1.5,44.0,1.6666666666666667,squinch open scream rush tag
Grandma,Shorty,0.0,0.78125,61.71875,0.0,take point
Grandma,Shorty,0.0,0.78125,61.71875,0.0,take point
Shorty,Grandma,2.083333333333333,0.0,64.58333333333334,INF,look
Shorty,Grandma,1.7857142857142856,0.0,55.35714285714286,INF,get
Shorty,Grandma,3.9473684210526314,1.9736842105263157,62.5,2.0,watch drag be breathe
Moe,Grandma,2.631578947368421,1.3157894736842104,59.210526315789465,2.0,open push be
Fitz,Shorty,2.7777777777777777,1.3888888888888888,29.166666666666668,2.0,be say
Moe,Grandma,0.4464285714285714,2.232142857142857,58.03571428571429,0.2,fall roll get fire
Moe,Grandma,1.4705882352941175,0.0,51.470588235294116,INF,be hold train
Moe,Grandma,1.4705882352941175,0.0,51.470588235294116,INF,be hold train
Grandma,Moe,1.4705882352941175,0.0,51.470588235294116,INF,be hold train
Grandma,Moe,0.8333333333333334,3.3333333333333335,42.5,0.25,be feel say
Moe,Shorty,4.545454545454546,2.272727272727273,47.72727272727273,2.0,see stand get call
Ranger,Rangeman,2.083333333333333,0.0,42.36111111111111,INF,get
Morelli,Grandma,2.2058823529411766,1.4705882352941175,61.029411764705884,1.5,yell be get hose
Kevin,Shorty,2.083333333333333,0.8333333333333334,47.083333333333336,2.5,guess come barrel run
Kevin,Shorty,2.083333333333333,0.8333333333333334,47.083333333333336,2.5,guess come barrel run
Kevin,Shorty,2.083333333333333,0.8333333333333334,47.083333333333336,2.5,guess come barrel run
Morelli,Ranger,0.0,0.6944444444444444,65.97222222222221,0.0,give hand take
Moe,Shorty,6.730769230769231,0.0,16.346153846153847,INF,question blab
Lula,Freeman,2.232142857142857,2.6785714285714284,66.51785714285714,0.8333333333333334,stand have be set keep encroach
Kevin,Lula,7.236842105263158,0.0,45.39473684210527,INF,be gon get say
Lula,Ranger,2.604166666666667,0.0,47.39583333333333,INF,return drive
Shaneeka,Lula,0.0,0.0,42.857142857142854,INF,bet shoot say
Vinnie,Ranger,2.083333333333333,0.0,72.91666666666666,INF,work be moonlight
Ranger,Gardi,0.8928571428571428,0.0,63.39285714285714,INF,be stalk consider be
Gardi,Ranger,3.75,5.416666666666667,47.5,0.6923076923076923,have guard burn tend disappear
Gardi,Ranger,3.75,5.416666666666667,47.5,0.6923076923076923,have guard burn tend disappear
Ranger,Rangeman,8.333333333333332,1.0416666666666665,48.95833333333333,8.0,own
Ranger,Tank,4.166666666666666,0.0,73.61111111111111,INF,stand be name
Ranger,Rangeman,0.0,0.0,64.0,INF,be be watch
Ranger,Rangeman,0.0,0.0,64.0,INF,be be watch
Rangeman,Ranger,0.0,0.0,64.0,INF,be be watch
Tank,Ranger,0.0,0.0,53.84615384615385,INF,be survey
Gardi,Ranger,2.8846153846153846,0.9615384615384616,50.0,3.0,shrug say hear
Ranger,Gardi,2.941176470588235,2.941176470588235,61.76470588235294,1.0,make get brush snatch root
Ranger,Gardi,2.941176470588235,2.941176470588235,61.76470588235294,1.0,make get brush snatch root
Gardi,Ranger,2.941176470588235,2.941176470588235,61.76470588235294,1.0,make get brush snatch root
Gardi,Ranger,2.941176470588235,2.941176470588235,61.76470588235294,1.0,make get brush snatch root
Ranger,Gardi,2.941176470588235,2.941176470588235,61.76470588235294,1.0,make get brush snatch root
Gardi,Ranger,2.941176470588235,2.941176470588235,61.76470588235294,1.0,make get brush snatch root
Gardi,Ranger,0.4032258064516129,0.8064516129032258,50.403225806451616,0.5,be smash grab cuff hand
Gardi,Ranger,0.4032258064516129,0.8064516129032258,50.403225806451616,0.5,be smash grab cuff hand
Gardi,Ranger,0.4032258064516129,0.8064516129032258,50.403225806451616,0.5,be smash grab cuff hand
Gardi,Tank,0.4032258064516129,0.8064516129032258,50.403225806451616,0.5,be smash grab cuff hand
Ranger,Gardi,0.4032258064516129,0.8064516129032258,50.403225806451616,0.5,be smash grab cuff hand
Ranger,Tank,0.4032258064516129,0.8064516129032258,50.403225806451616,0.5,be smash grab cuff hand
Gardi,Ranger,0.4032258064516129,0.8064516129032258,50.403225806451616,0.5,be smash grab cuff hand
Gardi,Ranger,0.4032258064516129,0.8064516129032258,50.403225806451616,0.5,be smash grab cuff hand
Gardi,Tank,0.4032258064516129,0.8064516129032258,50.403225806451616,0.5,be smash grab cuff hand
Ranger,Tank,0.4032258064516129,0.8064516129032258,50.403225806451616,0.5,be smash grab cuff hand
Ranger,Tank,0.4032258064516129,0.8064516129032258,50.403225806451616,0.5,be smash grab cuff hand
Ranger,Tank,0.0,3.125,51.87500000000001,0.0,tell be follow
Ranger,Gardi,0.0,3.125,51.87500000000001,0.0,tell be follow
Ranger,Tank,0.0,3.125,51.87500000000001,0.0,tell be follow
Ranger,Gardi,0.0,3.125,51.87500000000001,0.0,tell be follow
Tank,Gardi,0.0,3.125,51.87500000000001,0.0,tell be follow
Rangeman,Tank,0.0,0.9259259259259258,58.333333333333336,0.0,be idle take
Rangeman,Gardi,0.0,0.9259259259259258,58.333333333333336,0.0,be idle take
Tank,Gardi,0.0,0.9259259259259258,58.333333333333336,0.0,be idle take
Tank,Rangeman,0.0,0.9259259259259258,58.333333333333336,0.0,be idle take
Gardi,Rangeman,0.0,0.9259259259259258,58.333333333333336,0.0,be idle take
Rangeman,Ranger,0.0,1.875,43.125,0.0,be pull be wait
Rangeman,Ranger,0.0,1.875,43.125,0.0,be pull be wait
Ranger,FBI,2.34375,3.90625,59.375,0.6,be write wear match
Kate,Stott,2.989130434782609,1.6304347826086956,49.72826086956522,1.8333333333333333,fan seal push make guide
Kate,Stott,2.989130434782609,1.6304347826086956,49.72826086956522,1.8333333333333333,fan seal push make guide
Kate,Stott,0.6578947368421052,2.631578947368421,44.07894736842105,0.25,blow acknowledge
Kate,Stott,0.6578947368421052,2.631578947368421,44.07894736842105,0.25,blow acknowledge
Stott,Kate,0.6578947368421052,2.631578947368421,44.07894736842105,0.25,blow acknowledge
Kate,Stott,0.6578947368421052,2.631578947368421,44.07894736842105,0.25,blow acknowledge
Kate,FBI,4.545454545454546,0.0,31.818181818181817,INF,be
Kate,Stott,1.1363636363636365,0.0,62.5,INF,slap
Kate,Stott,4.807692307692308,3.8461538461538463,52.88461538461539,1.25,lean lock
Kate,Stott,4.807692307692308,3.8461538461538463,52.88461538461539,1.25,lean lock
Stott,Kate,0.0,0.0,35.294117647058826,INF,be say hand
Kate,Stott,0.0,0.0,47.368421052631575,INF,take say show
Stott,Kate,0.0,0.0,47.368421052631575,INF,take say show
Cliff Clavin,Kate,2.34375,0.78125,53.125,3.0,be say
Kate,Cliff Clavin,0.0,0.625,49.375,0.0,be be
Kate,Cliff Clavin,0.0,0.625,49.375,0.0,be be
Cliff Clavin,Nick,1.7857142857142856,0.5952380952380952,50.0,3.0,be have be pursue stumble
Cliff Clavin,Kate,1.7857142857142856,0.5952380952380952,50.0,3.0,be have be pursue stumble
Cliff Clavin,Kate,1.7857142857142856,0.5952380952380952,50.0,3.0,be have be pursue stumble
Nick,Kate,1.7857142857142856,0.5952380952380952,50.0,3.0,be have be pursue stumble
Nick,Kate,1.7857142857142856,0.5952380952380952,50.0,3.0,be have be pursue stumble
Kate,FBI,1.9230769230769231,0.0,51.92307692307693,INF,have make nail
Kate,Nick,1.9230769230769231,0.0,51.92307692307693,INF,have make nail
Kate,FBI,1.9230769230769231,0.0,51.92307692307693,INF,have make nail
Kate,Nick,1.9230769230769231,0.0,51.92307692307693,INF,have make nail
FBI,Nick,1.9230769230769231,0.0,51.92307692307693,INF,have make nail
Kate,Nick,0.49019607843137253,0.0,56.372549019607845,INF,come discover plunder be get marry
Kate,Nick,0.49019607843137253,0.0,56.372549019607845,INF,come discover plunder be get marry
Kate,Nick,0.49019607843137253,0.0,56.372549019607845,INF,come discover plunder be get marry
Kate,Nick,0.49019607843137253,0.0,56.372549019607845,INF,come discover plunder be get marry
Kate,Nick,0.390625,2.34375,53.515625,0.16666666666666666,crash scatter go parachute
Kate,Nick,0.390625,2.34375,53.515625,0.16666666666666666,crash scatter go parachute
Kate,Nick,1.7361111111111112,1.0416666666666665,47.22222222222222,1.6666666666666667,have be be relax watch order help
Kate,Nick,1.7361111111111112,1.0416666666666665,47.22222222222222,1.6666666666666667,have be be relax watch order help
Nick,Kate,1.7361111111111112,1.0416666666666665,47.22222222222222,1.6666666666666667,have be be relax watch order help
Nick,Kate,1.7361111111111112,1.0416666666666665,47.22222222222222,1.6666666666666667,have be be relax watch order help
Nick,Kate,1.7361111111111112,1.0416666666666665,47.22222222222222,1.6666666666666667,have be be relax watch order help
Nick,Kate,1.7361111111111112,1.0416666666666665,47.22222222222222,1.6666666666666667,have be be relax watch order help
Nick,Dr. Eunice Huffnagle,0.0,1.0869565217391304,46.73913043478261,0.0,be write
Nick,Kate,1.25,0.0,58.75,INF,be think
Nick,Kate,0.9615384615384616,1.282051282051282,59.294871794871796,0.75,stand create flare
Kate,Nick,0.9615384615384616,1.282051282051282,59.294871794871796,0.75,stand create flare
Kate,Nick,0.9615384615384616,1.282051282051282,59.294871794871796,0.75,stand create flare
Kate,Nick,0.9615384615384616,1.282051282051282,59.294871794871796,0.75,stand create flare
Kate,Nick,0.9615384615384616,1.282051282051282,59.294871794871796,0.75,stand create flare
Kate,Nick,0.8064516129032258,0.4032258064516129,60.08064516129033,2.0,be dawn be
Nick,Kate,0.8064516129032258,0.4032258064516129,60.08064516129033,2.0,be dawn be
Nick,Kate,0.0,4.464285714285714,59.82142857142857,0.0,know wear
Nick,Dr. Scholl,0.0,4.464285714285714,59.82142857142857,0.0,know wear
Nick,Kate,0.0,4.464285714285714,59.82142857142857,0.0,know wear
Kate,Dr. Scholl,0.0,4.464285714285714,59.82142857142857,0.0,know wear
Dr. Scholl,Kate,0.0,4.464285714285714,59.82142857142857,0.0,know wear
Nick,Kate,2.7777777777777777,2.083333333333333,61.80555555555556,1.3333333333333333,be learn
Kate,Nick,2.2058823529411766,0.0,50.73529411764706,INF,be offset explain
Nick,Kate,4.166666666666666,0.0,51.388888888888886,INF,do enjoy play
Nick,Kate,6.25,2.232142857142857,52.23214285714286,2.8,like make
Nick,Kate,6.25,2.232142857142857,52.23214285714286,2.8,like make
Kate,Nick,0.0,0.0,42.857142857142854,INF,take
Kate,Nick,0.0,0.0,28.57142857142857,INF,take
Nick,FBI,2.941176470588235,0.7352941176470588,63.970588235294116,4.0,steal see rush look see advance
Nick,Kate,2.941176470588235,0.7352941176470588,63.970588235294116,4.0,steal see rush look see advance
Nick,Kate,2.941176470588235,0.7352941176470588,63.970588235294116,4.0,steal see rush look see advance
FBI,Kate,2.941176470588235,0.7352941176470588,63.970588235294116,4.0,steal see rush look see advance
FBI,Kate,2.941176470588235,0.7352941176470588,63.970588235294116,4.0,steal see rush look see advance
Kate,Nick,0.0,0.0,33.33333333333333,INF,holster charge
Kate,Nick,0.0,0.0,33.33333333333333,INF,holster charge
Kate,Nick,0.0,0.0,65.38461538461539,INF,race be be take
Nick,Kate,0.0,0.0,65.38461538461539,INF,race be be take
Kate,Nick,1.25,2.5,49.583333333333336,0.5,be close be get climb
Kate,Nick,1.25,2.5,49.583333333333336,0.5,be close be get climb
Kate,Nick,1.25,2.5,49.583333333333336,0.5,be close be get climb
Kate,Nick,1.25,2.5,49.583333333333336,0.5,be close be get climb
Kate,Nick,1.25,2.5,49.583333333333336,0.5,be close be get climb
Kate,Nick,1.25,2.5,49.583333333333336,0.5,be close be get climb
Kate,Nick,1.25,2.5,49.583333333333336,0.5,be close be get climb
Kate,Nick,1.25,2.5,49.583333333333336,0.5,be close be get climb
Nick,Kate,4.032258064516129,1.6129032258064515,49.193548387096776,2.5,share lift leave
Kate,Nick,6.25,2.083333333333333,41.66666666666667,3.0,mount realize intend do
Kate,Nick,3.0,3.0,50.0,1.0,yell launch hope take fly tackle make
Kate,Nick,3.0,3.0,50.0,1.0,yell launch hope take fly tackle make
Kate,Nick,3.0,3.0,50.0,1.0,yell launch hope take fly tackle make
Kate,Nick,2.717391304347826,7.065217391304348,51.08695652173913,0.38461538461538464,miss hit leap hover
Kate,Nick,2.717391304347826,7.065217391304348,51.08695652173913,0.38461538461538464,miss hit leap hover
Kate,Nick,0.0,0.9259259259259258,65.74074074074075,0.0,stop beat be resume beat latch
Kate,Nick,0.0,0.9259259259259258,65.74074074074075,0.0,stop beat be resume beat latch
Nick,Kate,2.717391304347826,4.3478260869565215,53.80434782608695,0.625,hold blow veer
Nick,Kate,0.0,0.0,57.57575757575758,INF,be try get chase
Kate,Nick,0.0,0.0,57.57575757575758,INF,be try get chase
Kate,Nick,2.083333333333333,1.3020833333333335,69.53125,1.6,be have hang get have disappear
Kate,Nick,2.027027027027027,4.054054054054054,53.37837837837838,0.5,slip ease hope have be pull hope catch
Kate,Nick,2.027027027027027,4.054054054054054,53.37837837837838,0.5,slip ease hope have be pull hope catch
Kate,Nick,2.027027027027027,4.054054054054054,53.37837837837838,0.5,slip ease hope have be pull hope catch
Kate,Nick,2.027027027027027,4.054054054054054,53.37837837837838,0.5,slip ease hope have be pull hope catch
Kate,Nick,0.5208333333333333,4.6875,53.125,0.1111111111111111,know catch let get find shoot
Kate,Nick,0.5208333333333333,4.6875,53.125,0.1111111111111111,know catch let get find shoot
Kate,Nick,0.5208333333333333,4.6875,53.125,0.1111111111111111,know catch let get find shoot
Kate,Nick,0.5208333333333333,4.6875,53.125,0.1111111111111111,know catch let get find shoot
Kate,Dr. Eunice Huffnagle,1.893939393939394,3.0303030303030303,40.53030303030303,0.625,have be manage snatch notice
Dr. Eunice Huffnagle,Kate,1.893939393939394,3.0303030303030303,40.53030303030303,0.625,have be manage snatch notice
