NAME 1,NAME 2,% POS,% NEG,% NEUTRAL,POS:NEG,VERBS
Finnegan,Nadia,2.1739130434782608,1.0869565217391304,57.608695652173914,2.0,remain thump do get
Finnegan,Nadia,2.1739130434782608,1.0869565217391304,57.608695652173914,2.0,remain thump do get
Nadia,Finnegan,2.1739130434782608,1.0869565217391304,57.608695652173914,2.0,remain thump do get
Nadia,Finnegan,2.1739130434782608,1.0869565217391304,57.608695652173914,2.0,remain thump do get
Finnegan,Nadia,0.0,5.681818181818182,39.77272727272727,0.0,move stand
Finnegan,Nadia,0.0,5.681818181818182,39.77272727272727,0.0,move stand
Lewis,Sierra Leone,1.3157894736842104,1.9736842105263157,75.6578947368421,0.6666666666666666,be
Dr. Rourke,UN,0.0,1.9230769230769231,59.61538461538461,0.0,work
Dr. Rourke,Sierra Leone,0.0,1.9230769230769231,59.61538461538461,0.0,work
UN,Sierra Leone,0.0,1.9230769230769231,59.61538461538461,0.0,work
Lewis,UN,0.0,1.9230769230769231,67.3076923076923,0.0,
Lewis,Sierra Leone,0.0,1.9230769230769231,67.3076923076923,0.0,
UN,Sierra Leone,0.0,1.9230769230769231,67.3076923076923,0.0,
Jolie,Jesus,9.659090909090908,1.7045454545454544,61.36363636363637,5.666666666666667,know be be give
Jolie,Jesus,9.659090909090908,1.7045454545454544,61.36363636363637,5.666666666666667,know be be give
Finnegan,Nadia,0.0,0.0,25.0,INF,follow
Nadia,Connaught Hospital,1.0,0.0,51.0,INF,be sit wait start
Connaught Hospital,Nadia,1.0,0.0,51.0,INF,be sit wait start
Mariama,Nadia,1.5625,0.0,54.6875,INF,take start peel
Mariama,Nadia,1.5625,0.0,54.6875,INF,take start peel
Nadia,Sierra Leone,3.0172413793103448,6.0344827586206895,56.46551724137932,0.5,wait know have come know bring
Nadia,Sierra Leone,3.0172413793103448,6.0344827586206895,56.46551724137932,0.5,wait know have come know bring
Nadia,Mariama,1.1904761904761905,0.5952380952380952,60.11904761904761,2.0,have be marry have see hear
Nadia,Sierra Leone,2.380952380952381,1.1904761904761905,53.57142857142857,2.0,do tell return open
Mariama,Momodu,4.326923076923077,3.8461538461538463,45.67307692307692,1.125,be think leave disappear
Mariama,Momodu,4.326923076923077,3.8461538461538463,45.67307692307692,1.125,be think leave disappear
Momodu,Mariama,1.875,0.625,37.5,3.0,be
Nadia,Sierra Leone,1.4285714285714286,2.857142857142857,50.0,0.5,do ask do be deliver
Dr. Smith-Charles,Bonnie,0.0,0.0,44.44444444444444,INF,be phone direct
Bonnie,Dr. Smith-Charles,0.78125,0.0,36.71875,INF,contact ask think
Bonnie,Dr. Smith-Charles,0.78125,0.0,36.71875,INF,contact ask think
Bonnie,Dr. Smith-Charles,0.78125,0.0,36.71875,INF,contact ask think
Bonnie,Mariama,1.3888888888888888,0.6944444444444444,36.80555555555556,2.0,break gaze be hold
Bonnie,Momodu,1.3888888888888888,0.6944444444444444,36.80555555555556,2.0,break gaze be hold
Bonnie,Mariama,1.3888888888888888,0.6944444444444444,36.80555555555556,2.0,break gaze be hold
Bonnie,Momodu,1.3888888888888888,0.6944444444444444,36.80555555555556,2.0,break gaze be hold
Mariama,Momodu,1.3888888888888888,0.6944444444444444,36.80555555555556,2.0,break gaze be hold
Bonnie,Mariama,12.5,5.555555555555555,15.277777777777779,2.25,want know
Bonnie,Momodu,12.5,5.555555555555555,15.277777777777779,2.25,want know
Mariama,Momodu,12.5,5.555555555555555,15.277777777777779,2.25,want know
Bonnie,Mariama,4.326923076923077,3.3653846153846154,53.84615384615385,1.2857142857142858,be tempt tell read be
Nadia,Mariama,2.631578947368421,7.236842105263158,42.76315789473684,0.36363636363636365,have tell have be have ask
Mariama,Nadia,2.631578947368421,7.236842105263158,42.76315789473684,0.36363636363636365,have tell have be have ask
Mariama,Nadia,1.0869565217391304,0.0,51.08695652173913,INF,meet meet come want
Carrie,Mariama,5.434782608695652,4.3478260869565215,46.73913043478261,1.25,wonder feel
Mariama,Carrie,5.434782608695652,4.3478260869565215,46.73913043478261,1.25,wonder feel
Mariama,Nadia,0.8333333333333334,0.8333333333333334,58.333333333333336,1.0,rest
Nadia,Finnegan,3.125,0.0,53.125,INF,look feel grip
Mariama,Momodu,0.9259259259259258,0.9259259259259258,57.407407407407405,1.0,hear have receive connect
Nadia,Lewis,0.0,0.0,25.0,INF,be
Nadia,Mariama,3.048780487804878,1.8292682926829267,41.46341463414634,1.6666666666666667,walk tell do do love do want return
Mariama,Nadia,3.048780487804878,1.8292682926829267,41.46341463414634,1.6666666666666667,walk tell do do love do want return
Nadia,Mariama,4.166666666666666,1.7857142857142856,41.66666666666667,2.3333333333333335,tell want know happen hope survive
Nadia,Connaught Hospital,3.289473684210526,2.631578947368421,57.23684210526315,1.25,tell take leave
Momodu,Mariama,1.5625,0.78125,35.15625,2.0,be
Revolutionary United Front,RUF,0.0,0.8333333333333334,52.5,0.0,be
Momodu,RUF,1.5625,1.5625,59.375,1.0,be think be
Momodu,Mende,0.0,0.0,46.15384615384615,INF,speak
Kuranko,Momodu,1.5625,0.78125,53.90625,2.0,learn be
Momodu,Connaught Hospital,2.840909090909091,0.5681818181818182,51.13636363636363,5.0,be
Mariama,Momodu,0.0,1.5625,60.9375,0.0,be sit hold
Lewis,Momodu,3.90625,3.90625,60.9375,1.0,get get say
Mariama,Nadia,5.0,1.6666666666666667,40.0,3.0,have speak read
Goran,Nadia,1.953125,4.6875,46.484375,0.4166666666666667,know have be do have tell be interrupt hear
Goran,Nadia,0.7352941176470588,0.0,40.44117647058824,INF,say
Goran,Nadia,0.7352941176470588,0.0,40.44117647058824,INF,say
Mr. Neat,Art McLeod,4.411764705882353,0.0,48.529411764705884,INF,have discover come
Nadia,Goran,2.717391304347826,2.1739130434782608,51.63043478260869,1.25,have tell be prompt
Nadia,Goran,2.717391304347826,2.1739130434782608,51.63043478260869,1.25,have tell be prompt
Goran,Nadia,2.717391304347826,2.1739130434782608,51.63043478260869,1.25,have tell be prompt
Bonnie,Nadia,2.82258064516129,1.6129032258064515,50.403225806451616,1.75,need get prepare pull
Bonnie,Mariama,2.82258064516129,1.6129032258064515,50.403225806451616,1.75,need get prepare pull
Nadia,Mariama,2.82258064516129,1.6129032258064515,50.403225806451616,1.75,need get prepare pull
World Psychiatric Congress,Dr. Smith-Charles,0.6578947368421052,0.3289473684210526,51.64473684210527,2.0,seat be
World Psychiatric Congress,Dr. Smith-Charles,0.6578947368421052,0.3289473684210526,51.64473684210527,2.0,seat be
Connaught Hospital,Sierra Leone,1.25,1.25,57.49999999999999,1.0,be evacuate
Revolutionary United Front,RUF,0.8928571428571428,0.0,56.25,INF,have advertise kill live
Sandei,Bondo,0.7352941176470588,1.4705882352941175,50.73529411764706,0.5,be refer
Jolie,Sandei,2.5,2.0,51.5,1.25,see heal be circumcise
Jolie,Sierra Leonean,2.5,2.0,51.5,1.25,see heal be circumcise
Sandei,Sierra Leonean,2.5,2.0,51.5,1.25,see heal be circumcise
World Psychiatric Congress,Dr. Smith-Charles,2.380952380952381,0.0,45.23809523809524,INF,stir move
World Psychiatric Congress,Dr. Smith-Charles,2.380952380952381,0.0,45.23809523809524,INF,stir move
Bonnie,Coke,0.0,1.0416666666666665,65.625,0.0,order ask
Bonnie,Coke,0.0,0.0,50.0,INF,sit
Bonnie,Coke,0.0,0.0,50.0,INF,sit
Jesus,Lewis,0.0,0.0,40.0,INF,
Mariama,Momodu,0.0,0.0,33.33333333333333,INF,have
Lewis,Bonnie,2.8846153846153846,0.9615384615384616,42.30769230769231,3.0,be stare
Lewis,bush,5.555555555555555,1.3888888888888888,59.72222222222222,4.0,go be
Nadia,Mariama,8.653846153846153,5.448717948717949,50.0,1.588235294117647,know want hear have tell know hurt know
Nadia,Goran,3.260869565217391,3.260869565217391,45.65217391304348,1.0,want begin leave do
Nadia,Goran,3.260869565217391,3.260869565217391,45.65217391304348,1.0,want begin leave do
Nadia,Goran,3.260869565217391,3.260869565217391,45.65217391304348,1.0,want begin leave do
Mariama,Momodu,1.3888888888888888,0.6944444444444444,31.25,2.0,return be
Nadia,Goran,9.821428571428571,1.7857142857142856,31.25,5.5,wonder be think
Nadia,Mariama,9.821428571428571,1.7857142857142856,31.25,5.5,wonder be think
Goran,Mariama,9.821428571428571,1.7857142857142856,31.25,5.5,wonder be think
Nadia,Goran,5.208333333333334,0.0,36.45833333333333,INF,pause wonder be
Dr. John,Mariama,0.0,0.0,50.0,INF,be say
Mariama,Nadia,1.7857142857142856,0.0,45.83333333333333,INF,take dip use clean
Jesus,Lewis,0.0,0.0,33.33333333333333,INF,
Mariama,Nadia,4.032258064516129,0.0,50.806451612903224,INF,know be feel tell
Dr. Poulan,Mariama,3.6764705882352944,0.0,49.26470588235294,INF,come run hand
Mariama,Nadia,3.9473684210526314,0.0,64.47368421052632,INF,look tell have close
Mariama,Nadia,3.9473684210526314,0.0,64.47368421052632,INF,look tell have close
Mariama,Nadia,0.0,0.0,33.33333333333333,INF,plead come
Mariama,Nadia,2.34375,0.78125,40.625,3.0,care be capture end
Nadia,Lewis,0.0,0.0,33.33333333333333,INF,be
Carrie,Bonnie,0.0,6.944444444444445,37.5,0.0,come
Mariama,Bonnie,2.7027027027027026,0.6756756756756757,47.97297297297297,4.0,hold freeze make do be lift
Mariama,Jolie,2.7027027027027026,0.6756756756756757,47.97297297297297,4.0,hold freeze make do be lift
Bonnie,Jolie,2.7027027027027026,0.6756756756756757,47.97297297297297,4.0,hold freeze make do be lift
Bonnie,Nadia,2.0161290322580645,1.6129032258064515,38.306451612903224,1.25,tell seem say compete
Nadia,Lewis,4.464285714285714,2.6785714285714284,57.14285714285714,1.6666666666666667,suspect be ask
Nadia,bush,0.0,0.0,53.84615384615385,INF,ask carry march
Finnegan,Nadia,0.0,0.0,50.0,INF,lay
Nadia,Finnegan,0.0,0.0,40.0,INF,rub
Lewis,Goran,8.695652173913043,1.0869565217391304,51.08695652173913,8.0,cry hear be know
Allah,Trust Taxi Co.,0.0,0.0,57.14285714285714,INF,
Bonnie,Mariama,2.631578947368421,0.6578947368421052,49.34210526315789,4.0,be convince look return be
Momodu,Bonnie,7.4074074074074066,0.0,33.33333333333333,INF,do find give instruct
Finnegan,Nadia,0.0,1.0416666666666665,32.29166666666667,0.0,be say
Nadia,RUF,1.25,2.083333333333333,53.333333333333336,0.6,describe stop hear
Nadia,Buedu,1.25,2.083333333333333,53.333333333333336,0.6,describe stop hear
RUF,Buedu,1.25,2.083333333333333,53.333333333333336,0.6,describe stop hear
Mariama,Momodu,5.952380952380952,1.1904761904761905,45.23809523809524,5.0,wonder be be sit take
Mariama,Momodu,1.7857142857142856,0.5952380952380952,45.23809523809524,3.0,be look name
Mariama,Momodu,0.0,0.0,45.0,INF,be
Mariama,Momodu,0.0,0.0,42.857142857142854,INF,be
Mariama,Momodu,0.0,0.0,42.857142857142854,INF,be
Momodu,Military Hospital,6.8181818181818175,0.0,56.81818181818182,INF,come
Momodu,Clare,0.7352941176470588,3.6764705882352944,48.529411764705884,0.2,have hear mention say
Clare,Jesus,5.434782608695652,1.0869565217391304,41.30434782608695,5.0,reach hang rub
Clare,Jesus,5.434782608695652,1.0869565217391304,41.30434782608695,5.0,reach hang rub
Clare,Jesus,5.434782608695652,1.0869565217391304,41.30434782608695,5.0,reach hang rub
Mariama,Jesus,8.333333333333332,0.0,58.333333333333336,INF,have read feel know
Momodu,Sierra Leonean,0.5952380952380952,2.976190476190476,67.85714285714286,0.2,clink announce note have stash
Momodu,Sierra Leonean,0.5952380952380952,2.976190476190476,67.85714285714286,0.2,clink announce note have stash
Mariama,Momodu,3.0,0.5,52.5,6.0,be have sit
Mariama,Connaught Hospital,3.0,0.5,52.5,6.0,be have sit
Momodu,Connaught Hospital,3.0,0.5,52.5,6.0,be have sit
Nadia,Mariama,1.3888888888888888,0.0,37.5,INF,have hear get
Mariama,Nadia,1.3888888888888888,0.0,37.5,INF,have hear get
Mariama,Nadia,1.3888888888888888,0.0,37.5,INF,have hear get
Nadia,Mariama,4.807692307692308,2.403846153846154,54.32692307692307,2.0,wonder be identify identify be
Dr. John,Jolie,4.464285714285714,4.464285714285714,55.35714285714286,1.0,do know happen see
Dr. Poulan,Military Hospital,3.4090909090909087,0.0,60.22727272727273,INF,remember say go
Dr. John,Jolie,2.586206896551724,1.293103448275862,61.63793103448276,2.0,close be be hold squirm
Dr. John,Dr. Poulan,3.4090909090909087,4.166666666666666,53.03030303030303,0.8181818181818182,see go run be be stop
Dr. John,Dr. Poulan,3.4090909090909087,4.166666666666666,53.03030303030303,0.8181818181818182,see go run be be stop
Dr. Poulan,Dr. John,3.4090909090909087,4.166666666666666,53.03030303030303,0.8181818181818182,see go run be be stop
SLA,Bo,2.5,0.8333333333333334,23.333333333333332,3.0,be say
Jolie,Wah,0.6578947368421052,0.0,41.44736842105263,INF,suck smile latch
Jesus,Sandei,0.0,0.6944444444444444,54.861111111111114,0.0,teach pray teach
Ussef,Allah,5.0,1.0,54.0,5.0,look draw put
Ussef,Trust Taxi Co.,5.0,1.0,54.0,5.0,look draw put
Allah,Trust Taxi Co.,5.0,1.0,54.0,5.0,look draw put
Nadia,Lewis,3.977272727272727,1.7045454545454544,35.22727272727273,2.3333333333333335,anticipate pick be
Lewis,Nadia,0.0,0.0,30.0,INF,have reach
Ussef,Hussein,3.125,1.5625,51.5625,2.0,fall obsess
Allah,Trust Taxi Co.,2.586206896551724,1.7241379310344827,47.41379310344828,1.5,say look puzzle shift
Mohamed,Ussef,2.631578947368421,4.605263157894736,40.131578947368425,0.5714285714285714,move search
Sierra Leone,Allah,0.9259259259259258,0.9259259259259258,75.92592592592592,1.0,have know be name
Allah,Trust Taxi Co.,1.4705882352941175,0.7352941176470588,68.38235294117648,2.0,be print
Mohamed,Hussein,0.0,4.545454545454546,59.09090909090909,0.0,ignore stand
Hussein,Nissan,0.0,0.0,57.14285714285714,INF,turn say
Mr. John,Sierra Leone,0.8333333333333334,1.6666666666666667,50.83333333333333,0.5,sound
Mr. John,Mohamed,2.631578947368421,0.6578947368421052,54.60526315789473,4.0,be say bounce steer
Mr. John,Mohamed,2.631578947368421,0.6578947368421052,54.60526315789473,4.0,be say bounce steer
Lewis,Mariama,0.0,0.0,65.38461538461539,INF,send have agree meet
Mr. John,Mohamed,2.976190476190476,2.380952380952381,51.78571428571429,1.25,say make do
Dolly,Shania,0.0,1.0416666666666665,46.18055555555556,0.0,listen be croon
Dolly,Jesus,0.0,1.0416666666666665,46.18055555555556,0.0,listen be croon
Shania,Jesus,0.0,1.0416666666666665,46.18055555555556,0.0,listen be croon
Jesus,Mariama,0.7352941176470588,0.0,46.32352941176471,INF,hold say glance
Jesus,Mariama,4.5,3.5000000000000004,36.0,1.2857142857142858,tell be be have be
Dr. John,Jolie,3.8461538461538463,1.9230769230769231,63.46153846153846,2.0,remember look change
Jolie,Dr. John,3.8461538461538463,1.9230769230769231,63.46153846153846,2.0,remember look change
Dr. John,Jolie,3.8793103448275863,2.1551724137931036,59.48275862068966,1.8,see be think need do
Dr. John,Jolie,3.8793103448275863,2.1551724137931036,59.48275862068966,1.8,see be think need do
Jolie,Dr. John,3.8793103448275863,2.1551724137931036,59.48275862068966,1.8,see be think need do
Jolie,Dr. John,3.8793103448275863,2.1551724137931036,59.48275862068966,1.8,see be think need do
Dolly,Mohamed,2.314814814814815,0.9259259259259258,52.31481481481482,2.5,switch sing
Dolly,Mohamed,2.314814814814815,0.9259259259259258,52.31481481481482,2.5,switch sing
Mohamed,Dolly,5.357142857142857,0.0,66.07142857142857,INF,give
Lewis,Mohamed,0.0,0.0,55.55555555555556,INF,glance
Mohamed,Coke,2.5,1.25,76.25,2.0,be drink
Lewis,Mariama,6.0606060606060606,3.4090909090909087,60.22727272727273,1.7777777777777777,look send be have find
Lewis,Mariama,6.0606060606060606,3.4090909090909087,60.22727272727273,1.7777777777777777,look send be have find
Lewis,Sierra Leonean,5.263157894736842,3.289473684210526,44.07894736842105,1.6,talk
Lewis,UN,2.34375,0.0,72.65625,INF,leave wait
Lewis,Connaught Hospital,3.4375000000000004,1.875,49.6875,1.8333333333333333,please call go find disappear
Buedu,Mohamed,0.78125,5.46875,43.75,0.14285714285714285,say say taste
Mariama,Sandineh,0.0,0.0,36.84210526315789,INF,sing be
Mariama,Sandineh,0.0,0.0,36.84210526315789,INF,sing be
Sandineh,Mariama,0.6578947368421052,1.644736842105263,52.960526315789465,0.4,become fall be go
Sandineh,Mariama,0.6578947368421052,1.644736842105263,52.960526315789465,0.4,become fall be go
Mariama,Sandineh,0.0,0.0,27.27272727272727,INF,be
Mariama,Sandineh,0.0,0.0,27.27272727272727,INF,be
Hastings,RUF,2.083333333333333,1.3888888888888888,52.083333333333336,1.5,
Mr. John,Sierra Leone,6.25,8.59375,53.90625,0.7272727272727273,be say
Mr. John,Mohamed,6.25,8.59375,53.90625,0.7272727272727273,be say
Sierra Leone,Mohamed,6.25,8.59375,53.90625,0.7272727272727273,be say
Hussein,Ussef,1.7857142857142856,0.0,55.35714285714286,INF,meet name
Ussef,Mohamed,2.314814814814815,0.4629629629629629,52.77777777777778,5.0,have seem find pull
Mohamed,Momodu,2.8846153846153846,0.0,43.269230769230774,INF,have
Mohamed,Momodu,1.5625,0.78125,28.90625,2.0,ask be
Mohamed,Momodu,1.5625,0.78125,28.90625,2.0,ask be
Maskita,Jemi,2.380952380952381,3.571428571428571,41.66666666666667,0.6666666666666666,cut shake
Abu,Buedu,0.0,0.0,47.61904761904761,INF,put tell take
Abu,Buedu,0.0,0.0,47.61904761904761,INF,put tell take
Abu,Maskita,0.78125,6.25,49.21875,0.125,leave ask give
Abu,Maskita,0.0,0.0,50.0,INF,ask
Maskita,Abu,5.0,3.3333333333333335,78.33333333333333,1.5,look be read
Madonna,bush,5.555555555555555,0.6944444444444444,54.861111111111114,8.0,tell be call name
Madonna,Killerboy,5.555555555555555,0.6944444444444444,54.861111111111114,8.0,tell be call name
bush,Killerboy,5.555555555555555,0.6944444444444444,54.861111111111114,8.0,tell be call name
Madonna,Maskita,5.113636363636364,1.1363636363636365,52.84090909090909,4.5,name hold do remind
Madonna,Maskita,5.113636363636364,1.1363636363636365,52.84090909090909,4.5,name hold do remind
Madonna,Jemi,2.586206896551724,0.43103448275862066,59.05172413793104,6.0,see lie have plait leave
Madonna,Jemi,2.586206896551724,0.43103448275862066,59.05172413793104,6.0,see lie have plait leave
Madonna,Jemi,2.586206896551724,0.43103448275862066,59.05172413793104,6.0,see lie have plait leave
Jemi,Madonna,0.0,0.0,63.63636363636363,INF,tell become
Jemi,Sandei,0.0,0.0,63.63636363636363,INF,tell become
Madonna,Sandei,0.0,0.0,63.63636363636363,INF,tell become
Killerboy,Jemi,2.976190476190476,5.357142857142857,39.285714285714285,0.5555555555555556,open see stare vex
Killerboy,Jemi,5.833333333333333,1.6666666666666667,59.166666666666664,3.5,think go scream become
Jemi,Sandei,1.8518518518518516,1.3888888888888888,48.61111111111111,1.3333333333333333,sing do do repeat say
Dr. John,Jesus,0.0,1.893939393939394,52.65151515151515,0.0,look thank have give
Jesus,Mary,0.0,0.0,36.84210526315789,INF,say mimic
bush,Momodu,0.0,1.5625,29.6875,0.0,have go whisper unplug
Mariama,Momodu,2.272727272727273,0.7575757575757576,57.57575757575758,3.0,be step point be run clutch bundle
Mariama,Momodu,0.0,4.166666666666666,42.5,0.0,take wedge
Mariama,Momodu,1.1904761904761905,1.1904761904761905,59.523809523809526,1.0,coo hum wipe have
Mariama,Momodu,1.1904761904761905,1.1904761904761905,59.523809523809526,1.0,coo hum wipe have
Mariama,Momodu,1.1904761904761905,1.1904761904761905,59.523809523809526,1.0,coo hum wipe have
Dr. John,Momodu,0.0,1.1363636363636365,44.31818181818182,0.0,die say massage
Dr. John,Momodu,0.0,1.1363636363636365,44.31818181818182,0.0,die say massage
Momodu,Lewis,4.166666666666666,0.0,45.83333333333333,INF,say do know show
Sierra Leone,Mr. John,0.0,2.272727272727273,61.36363636363637,0.0,
Mariama,Jemi,2.314814814814815,4.166666666666666,52.77777777777778,0.5555555555555556,see be be have feel feel return
Mariama,Nadia,5.681818181818182,0.5681818181818182,39.20454545454545,10.0,wonder be have allow smile
Mariama,Nadia,5.681818181818182,0.5681818181818182,39.20454545454545,10.0,wonder be have allow smile
Mariama,Nadia,5.681818181818182,0.5681818181818182,39.20454545454545,10.0,wonder be have allow smile
Mariama,Buedu,0.0,0.0,53.333333333333336,INF,be
Abu,Killerboy,0.0,0.0,47.05882352941176,INF,have
Mariama,Mohamed,1.893939393939394,0.0,58.71212121212122,INF,be drive try retrace describe
Mariama,Momodu,2.380952380952381,0.0,59.523809523809526,INF,ask name name spell
NGOs,Mariama,1.6129032258064515,4.838709677419355,58.06451612903226,0.3333333333333333,apologize be
Mr. John,Kuranko,1.0,3.0,48.0,0.3333333333333333,be think go
Kuranko,Momodu,3.125,0.0,34.375,INF,have say
Abu,Jemi,0.0,0.0,55.55555555555556,INF,see give
Mohamed,Abu,5.0,0.0,55.00000000000001,INF,look do say
Mohamed,Abu,5.0,0.0,55.00000000000001,INF,look do say
Jemi,Abu,0.0,0.0,62.5,INF,see walk
Jemi,Abu,0.0,0.0,41.66666666666667,INF,be sit
Jemi,Mohamed,0.0,4.807692307692308,56.730769230769226,0.0,do look give
Mohamed,Abu,14.423076923076922,2.8846153846153846,51.92307692307693,5.0,know be
Jesus,Dr. John,2.7777777777777777,0.0,63.888888888888886,INF,thank
Jesus,Jolie,2.7777777777777777,0.0,63.888888888888886,INF,thank
Dr. John,Jolie,2.7777777777777777,0.0,63.888888888888886,INF,thank
Maskita,Dr. John,6.666666666666667,0.0,46.666666666666664,INF,have make be
Maskita,Dr. John,6.666666666666667,0.0,46.666666666666664,INF,have make be
Jolie,Jesus,9.239130434782608,1.6304347826086956,58.69565217391305,5.666666666666667,know be be give
Jesus,Jolie,9.239130434782608,1.6304347826086956,58.69565217391305,5.666666666666667,know be be give
Madonna,Jolie,0.0,2.232142857142857,44.19642857142857,0.0,stop look ask give
Madonna,Mariama,0.0,2.232142857142857,44.19642857142857,0.0,stop look ask give
Jolie,Mariama,0.0,2.232142857142857,44.19642857142857,0.0,stop look ask give
Kamajor,bush,3.977272727272727,3.977272727272727,42.04545454545455,1.0,say do make have
Madonna,Killerboy,2.34375,3.125,50.78125,0.75,be die have
Madonna,bush,2.34375,3.125,50.78125,0.75,be die have
Madonna,bush,2.34375,3.125,50.78125,0.75,be die have
Killerboy,bush,2.34375,3.125,50.78125,0.75,be die have
Killerboy,bush,2.34375,3.125,50.78125,0.75,be die have
Killerboy,Madonna,2.34375,3.125,50.78125,0.75,be die have
bush,Madonna,2.34375,3.125,50.78125,0.75,be die have
bush,Madonna,2.34375,3.125,50.78125,0.75,be die have
Jemi,Madonna,4.605263157894736,2.631578947368421,55.92105263157895,1.75,be stand see
Jemi,Madonna,4.605263157894736,2.631578947368421,55.92105263157895,1.75,be stand see
Madonna,Jemi,4.464285714285714,4.464285714285714,55.35714285714286,1.0,look do help
Jemi,Madonna,4.464285714285714,4.464285714285714,55.35714285714286,1.0,look do help
Jemi,Madonna,4.464285714285714,4.464285714285714,55.35714285714286,1.0,look do help
Jemi,Killerboy,4.861111111111112,0.0,45.13888888888889,INF,come take make
Abu,Jemi,0.0,0.0,61.904761904761905,INF,ask
Jemi,Abu,0.0,0.0,61.904761904761905,INF,ask
Kamajor,Abu,1.1363636363636365,0.0,53.40909090909091,INF,be say
Killerboy,Mohamed,0.9615384615384616,13.461538461538462,47.11538461538461,0.07142857142857142,have
Killerboy,Mohamed,7.8125,7.8125,59.375,1.0,be know die
Ibrahim Camara,Mohamed,0.0,7.142857142857142,35.714285714285715,0.0,whisper
Killerboy,Mohamed,12.5,2.5,51.66666666666667,5.0,lay be
Abu,Killerboy,0.5681818181818182,0.5681818181818182,53.40909090909091,1.0,break leave
Mariama,Jolie,3.4090909090909087,1.893939393939394,58.333333333333336,1.8,have be pass remain stare walk
Mariama,Jolie,4.086538461538462,0.4807692307692308,49.27884615384615,8.5,bend use roll
Mariama,Nadia,3.571428571428571,5.357142857142857,48.214285714285715,0.6666666666666666,be hear
Nadia,Mohamed,1.524390243902439,3.048780487804878,49.08536585365854,0.5,be commit happen have be mean fail be tell return
Mr. John,Mohamed,0.5952380952380952,1.1904761904761905,50.595238095238095,0.5,have say pour
Mohamed,Sierra Leone,0.0,3.125,59.375,0.0,be eat favour
Mohamed,Mr. John,1.4423076923076923,0.9615384615384616,51.442307692307686,1.5,take chew say be
bush,Mohamed,0.0,0.0,37.5,INF,go
Sierra Leonean,Momodu,4.838709677419355,1.6129032258064515,58.06451612903226,3.0,stop find ask know name
Jolie,Dr. John,4.017857142857143,2.232142857142857,50.89285714285714,1.8,make carry carry
Jemi,Abu,0.0,0.0,46.666666666666664,INF,stop rape take
Jemi,Jolie,0.0,0.0,46.666666666666664,INF,stop rape take
Jemi,Abu,0.0,0.0,46.666666666666664,INF,stop rape take
Abu,Jolie,0.0,0.0,46.666666666666664,INF,stop rape take
Jolie,Abu,0.0,0.0,46.666666666666664,INF,stop rape take
Jemi,Abu,3.6764705882352944,2.2058823529411766,35.294117647058826,1.6666666666666667,be need
Jemi,Jolie,3.6764705882352944,2.2058823529411766,35.294117647058826,1.6666666666666667,be need
Jemi,Abu,3.6764705882352944,2.2058823529411766,35.294117647058826,1.6666666666666667,be need
Abu,Jolie,3.6764705882352944,2.2058823529411766,35.294117647058826,1.6666666666666667,be need
Jolie,Abu,3.6764705882352944,2.2058823529411766,35.294117647058826,1.6666666666666667,be need
Jolie,Abu,5.833333333333333,0.8333333333333334,40.0,7.0,think save know be
Jolie,Maskita,5.833333333333333,0.8333333333333334,40.0,7.0,think save know be
Abu,Jolie,5.833333333333333,0.8333333333333334,40.0,7.0,think save know be
Abu,Maskita,5.833333333333333,0.8333333333333334,40.0,7.0,think save know be
Jolie,Maskita,5.833333333333333,0.8333333333333334,40.0,7.0,think save know be
Jemi,Jolie,0.0,6.944444444444445,37.5,0.0,goin
Mohamed,Allah,0.8333333333333334,0.0,52.5,INF,say
Mohamed,Trust Taxi Co.,0.8333333333333334,0.0,52.5,INF,say
Allah,Trust Taxi Co.,0.8333333333333334,0.0,52.5,INF,say
Hussein,Mr. John,1.25,0.0,68.75,INF,say be
Mr. John,Mohamed,7.291666666666667,5.208333333333334,37.5,1.4,be choose drive
Mr. John,Mohamed,1.9230769230769231,10.576923076923077,41.34615384615385,0.18181818181818182,be follow
Mariama,Momodu,3.75,1.875,49.375,2.0,have hear name name
Maria,Nadia,1.3888888888888888,0.0,54.166666666666664,INF,catch have go
Bonnie,Christian,4.375,1.25,49.375,3.5,wonder think lay
Bo,Buedu,0.6944444444444444,0.0,38.19444444444444,INF,
Mariama,Nadia,3.4722222222222223,1.3888888888888888,56.25,2.5,write be do describe get
Mohamed,Sierra Leone,0.0,4.166666666666666,56.94444444444444,0.0,be lose
Mariama,Madonna,1.7857142857142856,0.0,12.5,INF,say
Killerboy,bush,9.659090909090908,3.977272727272727,45.45454545454545,2.4285714285714284,know find say
Abu,Bo,2.083333333333333,0.0,42.36111111111111,INF,get send
bush,Madonna,0.0,0.0,55.55555555555556,INF,notice
Madonna,Kamajor,0.0,3.8461538461538463,57.692307692307686,0.0,start
Madonna,Kamajor,1.4705882352941175,0.0,57.35294117647059,INF,move be stand
Madonna,Killerboy,0.0,3.6764705882352944,61.029411764705884,0.0,do tell have see be shoot
Mohamed,Kuranko,3.571428571428571,1.7857142857142856,37.5,2.0,be
Momodu,Kuranko,0.0,0.0,33.33333333333333,INF,remind
Momodu,Ibrahim Camara,0.0,0.0,30.0,INF,be
Ibrahim Camara,Kuranko,1.0416666666666665,0.0,44.79166666666667,INF,be
Ibrahim Camara,Kamajor,1.0416666666666665,0.0,44.79166666666667,INF,be
Kuranko,Kamajor,1.0416666666666665,0.0,44.79166666666667,INF,be
RUF,Ibrahim Camara,0.0,6.944444444444445,37.5,0.0,dog murder
Ibrahim Camara,Momodu,0.0,0.0,50.0,INF,be sit be
Momodu,Ibrahim Camara,1.0416666666666665,7.291666666666667,41.66666666666667,0.14285714285714285,guess be
Sierra Leone,Momodu,0.78125,1.5625,53.90625,0.5,be say be
Mr. John,Momodu,3.4090909090909087,1.1363636363636365,40.909090909090914,3.0,be
Jesus,Mohamed,2.6785714285714284,2.6785714285714284,37.5,1.0,be breathe
Momodu,Sierra Leone,2.295918367346939,5.612244897959184,59.43877551020408,0.4090909090909091,have assume find have contemplate be murder butcher wear
Momodu,Sierra Leone,2.295918367346939,5.612244897959184,59.43877551020408,0.4090909090909091,have assume find have contemplate be murder butcher wear
Mohamed,Sierra Leone,2.142857142857143,2.5,49.642857142857146,0.8571428571428571,be follow say think be know have return
Mohamed,Sierra Leone,2.142857142857143,2.5,49.642857142857146,0.8571428571428571,be follow say think be know have return
Mohamed,Mariama,3.0660377358490565,0.7075471698113208,47.16981132075472,4.333333333333333,be go tell be begin think be connect do know be link remain
Nadia,Momodu,4.6875,3.125,50.520833333333336,1.5,imagine sit try comprehend have say
Nadia,Momodu,4.6875,3.125,50.520833333333336,1.5,imagine sit try comprehend have say
Nadia,Momodu,4.6875,3.125,50.520833333333336,1.5,imagine sit try comprehend have say
Madonna,Abu,3.75,5.0,51.24999999999999,0.75,
Maskita,Madonna,4.861111111111112,1.3888888888888888,49.30555555555556,3.5,hear
Maskita,Abu,4.861111111111112,1.3888888888888888,49.30555555555556,3.5,hear
Madonna,Abu,4.861111111111112,1.3888888888888888,49.30555555555556,3.5,hear
Jolie,Amy,8.333333333333332,1.0416666666666665,40.625,8.0,know say be
Abu,Mende,1.1904761904761905,6.547619047619048,58.92857142857143,0.18181818181818182,do speak have order speak be
Mende,Abu,1.1904761904761905,6.547619047619048,58.92857142857143,0.18181818181818182,do speak have order speak be
Mariama,Abu,2.8846153846153846,2.8846153846153846,40.38461538461539,1.0,say be
Amy,Abu,0.0,7.8125,48.4375,0.0,keep do catch
Dolly,Mohamed,1.7045454545454544,0.0,43.75,INF,chuckle sing have lose
Mariama,Abu,3.0,3.0,50.0,1.0,fade recount sit name defy
Mariama,Abu,3.0,3.0,50.0,1.0,fade recount sit name defy
Mohamed,Nissan,0.0,0.0,55.55555555555556,INF,seem think be follow
Mohamed,Kamajor,5.921052631578947,5.921052631578947,46.05263157894737,1.0,be be imagine
Mohamed,Kamajor,5.921052631578947,5.921052631578947,46.05263157894737,1.0,be be imagine
Bonnie,Nadia,0.0,0.0,66.66666666666666,INF,have meet
Nadia,Bonnie,6.578947368421052,1.3157894736842104,34.21052631578947,5.0,wonder initiate tell
Nadia,Bonnie,6.578947368421052,1.3157894736842104,34.21052631578947,5.0,wonder initiate tell
Nadia,Momodu,6.944444444444445,2.7777777777777777,34.72222222222222,2.5,tell
Bonnie,Lewis,4.464285714285714,0.0,52.67857142857143,INF,say have
Art McLeod,Mr. Neat,4.166666666666666,2.083333333333333,35.41666666666667,2.0,be ’n’
Lewis,Bonnie,3.125,4.6875,17.1875,0.6666666666666666,be lose
Bonnie,Nadia,1.875,3.125,40.0,0.6,say tell feel ask go
Bonnie,Nadia,1.875,3.125,40.0,0.6,say tell feel ask go
Bonnie,Nadia,1.875,3.125,40.0,0.6,say tell feel ask go
Mariama,Momodu,3.571428571428571,0.0,60.71428571428571,INF,admit have meet frighten
Momodu,Mariama,5.603448275862069,0.8620689655172413,52.1551724137931,6.5,think have make be wear guess
Dolly,Shania,2.717391304347826,1.0869565217391304,52.71739130434783,2.5,play begin loathe
Maskita,Buedu,0.0,0.0,57.14285714285714,INF,tell keep
Jemi,Abu,2.272727272727273,1.1363636363636365,42.04545454545455,2.0,be
Abu,SLA,0.0,1.1363636363636365,57.95454545454546,0.0,be camp come
Mariama,Mohamed,0.78125,1.5625,35.15625,0.5,go give
Mariama,Abu,0.78125,1.5625,35.15625,0.5,go give
Mohamed,Abu,0.78125,1.5625,35.15625,0.5,go give
Jemi,Madonna,2.8846153846153846,0.0,58.65384615384615,INF,see be
Abu,Maskita,0.8928571428571428,0.0,70.53571428571429,INF,say go see
Abu,Madonna,0.8928571428571428,6.25,64.28571428571429,0.14285714285714285,have
Momodu,Dr. John,10.625,3.75,50.625,2.8333333333333335,be know
Momodu,Dr. John,10.625,3.75,50.625,2.8333333333333335,be know
Momodu,Dr. John,10.625,3.75,50.625,2.8333333333333335,be know
Momodu,Sierra Leone,4.761904761904762,10.119047619047619,61.30952380952381,0.47058823529411764,be be be
Momodu,Sierra Leone,4.761904761904762,10.119047619047619,61.30952380952381,0.47058823529411764,be be be
Abbas,Salim,3.125,2.083333333333333,53.125,1.5,
Mohamed,Bo,1.1363636363636365,7.954545454545454,36.36363636363637,0.14285714285714285,have
Mohamed,Salim,2.6785714285714284,0.0,47.32142857142857,INF,
Mohamed,Bo,0.0,6.25,23.75,0.0,see
Mr. John,Sierra Leone,4.166666666666666,3.125,51.041666666666664,1.3333333333333333,be say
Mr. John,Mohamed,4.166666666666666,3.125,51.041666666666664,1.3333333333333333,be say
Sierra Leone,Mohamed,4.166666666666666,3.125,51.041666666666664,1.3333333333333333,be say
Mohamed,Salim,0.0,1.1363636363636365,57.95454545454546,0.0,carry boil
Mohamed,Aminata,0.0,1.1363636363636365,57.95454545454546,0.0,carry boil
Salim,Aminata,0.0,1.1363636363636365,57.95454545454546,0.0,carry boil
Aminata,Mohamed,3.8461538461538463,0.0,50.0,INF,smile offer steam
Mohamed,Aminata,3.260869565217391,0.5434782608695652,48.369565217391305,6.0,be buy colour say shift gaze
Mohamed,Aminata,3.260869565217391,0.5434782608695652,48.369565217391305,6.0,be buy colour say shift gaze
Mohamed,Salim,1.7361111111111112,0.3472222222222222,53.47222222222222,5.0,feel haggle offer throw
Salim,Mohamed,0.5208333333333333,1.5625,43.75,0.3333333333333333,be stare dust suspend
Salim,Aminata,0.5208333333333333,1.5625,43.75,0.3333333333333333,be stare dust suspend
Salim,Mohamed,0.5208333333333333,1.5625,43.75,0.3333333333333333,be stare dust suspend
Salim,Aminata,0.5208333333333333,1.5625,43.75,0.3333333333333333,be stare dust suspend
Mohamed,Aminata,0.5208333333333333,1.5625,43.75,0.3333333333333333,be stare dust suspend
Mr. John,Mohamed,0.9615384615384616,0.0,45.19230769230769,INF,be say
Mr. John,Sierra Leonean,1.7857142857142856,0.8928571428571428,54.46428571428571,2.0,seek take
Mr. John,RUF,1.7857142857142856,0.8928571428571428,54.46428571428571,2.0,seek take
Sierra Leonean,RUF,1.7857142857142856,0.8928571428571428,54.46428571428571,2.0,seek take
Salim,Aminata,3.125,0.0,59.375,INF,look smile
Nissan,Allah,1.6666666666666667,0.8333333333333334,64.16666666666667,2.0,pull
Abu,Mohamed,1.7857142857142856,0.8928571428571428,40.17857142857143,2.0,be have
Abu,Bo,1.7857142857142856,0.8928571428571428,40.17857142857143,2.0,be have
Mohamed,Bo,1.7857142857142856,0.8928571428571428,40.17857142857143,2.0,be have
Abu,Yeamah,1.5,2.0,36.5,0.75,have be take pose
Abu,Yeamah,1.5,2.0,36.5,0.75,have be take pose
Abu,Jameela,1.5,2.0,36.5,0.75,have be take pose
Yeamah,Jameela,1.5,2.0,36.5,0.75,have be take pose
Yeamah,Jameela,1.5,2.0,36.5,0.75,have be take pose
Salim,Mohamed,1.9230769230769231,0.0,51.92307692307693,INF,be send say
Yeamah,Jameela,4.3478260869565215,1.0869565217391304,51.08695652173913,4.0,be involve
Mariama,Sandei,2.5,2.0,51.5,1.25,be be tell
Yeamah,Jameela,5.357142857142857,3.571428571428571,48.214285714285715,1.5,be remain fix
Yeamah,Jameela,2.272727272727273,0.0,34.090909090909086,INF,suspect be
Yeamah,Sandei,2.272727272727273,0.0,34.090909090909086,INF,suspect be
Jameela,Sandei,2.272727272727273,0.0,34.090909090909086,INF,suspect be
Jameela,Mohamed,0.0,0.0,40.0,INF,look
Yeamah,Jameela,0.0,0.0,35.714285714285715,INF,shuffle
Nadia,Bonnie,1.4285714285714286,2.142857142857143,45.0,0.6666666666666666,talk wear
Nadia,Sierra Leone,1.4285714285714286,2.142857142857143,45.0,0.6666666666666666,talk wear
Bonnie,Sierra Leone,1.4285714285714286,2.142857142857143,45.0,0.6666666666666666,talk wear
Nadia,Sierra Leone,3.0,3.0,57.99999999999999,1.0,leave have talk
Madonna,bush,3.125,1.5625,57.8125,2.0,look want go
Maskita,Charles Taylor,4.5,3.0,24.5,1.5,say
Veronica,Fatmata,0.78125,0.0,42.96875,INF,say be
Veronica,Maskita,0.78125,0.0,42.96875,INF,say be
Veronica,bush,0.78125,0.0,42.96875,INF,say be
Fatmata,Maskita,0.78125,0.0,42.96875,INF,say be
Fatmata,bush,0.78125,0.0,42.96875,INF,say be
Maskita,bush,0.78125,0.0,42.96875,INF,say be
Charles Taylor,Fatmata,2.2058823529411766,0.0,38.970588235294116,INF,be say name
Maskita,Charles Taylor,2.840909090909091,2.272727272727273,49.43181818181818,1.25,call say
Maskita,Charles Taylor,1.5625,0.0,48.4375,INF,say take say
Maskita,Fatmata,1.5625,0.0,48.4375,INF,say take say
Charles Taylor,Fatmata,1.5625,0.0,48.4375,INF,say take say
Maskita,Charles Taylor,2.7439024390243905,3.9634146341463414,51.829268292682926,0.6923076923076923,do want hand look say say want dress feed
Fatmata,Charles Taylor,1.9230769230769231,0.0,28.846153846153843,INF,do do
Fatmata,Maskita,1.9230769230769231,0.0,28.846153846153843,INF,do do
Charles Taylor,Maskita,1.9230769230769231,0.0,28.846153846153843,INF,do do
Maskita,bush,1.0416666666666665,2.083333333333333,63.541666666666664,0.5,dress wear
bush,Aberdeen,0.5434782608695652,2.717391304347826,66.30434782608695,0.2,want go
Maskita,Jesus,8.333333333333332,2.5,55.833333333333336,3.3333333333333335,do steal
Fatmata,Jolie,3.4722222222222223,1.3888888888888888,34.02777777777778,2.5,do seem say do
Fatmata,Jolie,3.4722222222222223,1.3888888888888888,34.02777777777778,2.5,do seem say do
Fatmata,Jolie,7.142857142857142,3.571428571428571,53.57142857142857,2.0,say be scream do
Salim,Mohamed,4.411764705882353,0.7352941176470588,53.67647058823529,6.0,coach feel owe
Salim,Mohamed,4.411764705882353,0.7352941176470588,53.67647058823529,6.0,coach feel owe
Mohamed,Sandei,8.035714285714286,1.7857142857142856,25.892857142857146,4.5,do know
Mohamed,Bondo,8.035714285714286,1.7857142857142856,25.892857142857146,4.5,do know
Sandei,Bondo,8.035714285714286,1.7857142857142856,25.892857142857146,4.5,do know
Mr. John,Sandei,2.5,1.25,46.25,2.0,be
Jameela,Sandei,4.166666666666666,2.083333333333333,43.75,2.0,be
Jameela,Mr. John,0.6578947368421052,4.605263157894736,42.10526315789473,0.14285714285714285,be
Bo,Jameela,0.0,2.840909090909091,42.61363636363637,0.0,drive hire be seem
Jameela,Mohamed,3.273809523809524,1.1904761904761905,40.773809523809526,2.75,be agree select have explain be
Mohamed,Jameela,3.273809523809524,1.1904761904761905,40.773809523809526,2.75,be agree select have explain be
Mohamed,Jameela,3.273809523809524,1.1904761904761905,40.773809523809526,2.75,be agree select have explain be
Mohamed,Jameela,3.273809523809524,1.1904761904761905,40.773809523809526,2.75,be agree select have explain be
Jameela,Mohamed,1.9736842105263157,5.263157894736842,50.6578947368421,0.375,fib be have be hope have play bring
Jameela,Mohamed,1.9736842105263157,5.263157894736842,50.6578947368421,0.375,fib be have be hope have play bring
Jameela,Mohamed,1.9736842105263157,5.263157894736842,50.6578947368421,0.375,fib be have be hope have play bring
Mohamed,Jameela,1.9736842105263157,5.263157894736842,50.6578947368421,0.375,fib be have be hope have play bring
Mohamed,Jameela,0.0,0.0,30.0,INF,call speak
Mohamed,Jameela,0.0,0.0,30.0,INF,call speak
Sierra Leone,Mohamed,0.8928571428571428,1.7857142857142856,47.32142857142857,0.5,say
Jameela,Mohamed,0.0,0.0,40.909090909090914,INF,return be go
Jameela,Mohamed,2.272727272727273,2.272727272727273,40.909090909090914,1.0,want say say
Jolie,Catholic,0.0,0.0,54.166666666666664,INF,be take go sit
Mariama,Sierra Leonean,2.272727272727273,3.4090909090909087,39.77272727272727,0.6666666666666666,be
Mohamed,Jameela,0.0,0.0,42.857142857142854,INF,hand speak
Mohamed,Jameela,0.0,0.0,42.857142857142854,INF,hand speak
Mohamed,bush,0.9259259259259258,0.4629629629629629,57.870370370370374,2.0,stop point
Sierra Leone,Mohamed,0.6578947368421052,2.631578947368421,65.13157894736842,0.25,span have
Bonnie,Nadia,0.625,1.25,48.125,0.5,think call do want scare say
Bonnie,bush,9.090909090909092,0.0,27.27272727272727,INF,be head do know be think know
Mohamed,Bo,0.0,0.7352941176470588,46.32352941176471,0.0,have hear chase
Mohamed,bush,2.9605263157894735,2.9605263157894735,57.23684210526315,1.0,take snake
Najwa,Mohamed,3.125,1.0416666666666665,29.166666666666668,3.0,be say
Najwa,Mohamed,3.125,1.0416666666666665,29.166666666666668,3.0,be say
Mende,Mariama,7.236842105263158,0.0,34.868421052631575,INF,say
Mariama,Momodu,0.5952380952380952,0.0,56.547619047619044,INF,be surprise see arrive accompany
Dr. John,Najwa,0.8928571428571428,2.6785714285714284,46.42857142857143,0.3333333333333333,be go whisper
Dr. John,Najwa,3.125,1.5625,45.3125,2.0,say put
Dr. John,Najwa,3.125,1.5625,45.3125,2.0,say put
Mariama,Dr. John,2.2222222222222223,1.3888888888888888,56.388888888888886,1.6,do have see touch guide say think try get
Momodu,Mariama,4.032258064516129,1.6129032258064515,42.74193548387097,2.5,twinkle look say do expect join
Momodu,Mariama,4.032258064516129,1.6129032258064515,42.74193548387097,2.5,twinkle look say do expect join
Najwa,Mr. John,0.0,0.0,40.0,INF,take take
Mr. John,Najwa,0.0,0.0,40.0,INF,take take
Najwa,Mariama,0.0,0.0,40.0,INF,have come see
Najwa,Mende,1.0416666666666665,0.0,40.625,INF,smile speak
Najwa,Mende,1.0416666666666665,0.0,40.625,INF,smile speak
Mussa,Mende,1.7045454545454544,0.0,48.29545454545455,INF,smile greet take
Mussa,Mohamed,1.0416666666666665,0.0,40.625,INF,turn
Mussa,Mohamed,1.0416666666666665,0.0,40.625,INF,turn
Mohamed,Mussa,1.5625,0.5208333333333333,43.75,3.0,exchange look say ask be
Mussa,Mohamed,4.411764705882353,3.6764705882352944,38.970588235294116,1.2,hesitate feel fix
Mussa,Mohamed,8.333333333333332,0.0,41.66666666666667,INF,speak
Mussa,Mohamed,0.5,0.0,55.50000000000001,INF,move speak
Mussa,Mohamed,3.6458333333333335,5.208333333333334,32.8125,0.7,say be protect say
Mussa,Mariama,1.6666666666666667,12.5,32.5,0.13333333333333333,
Mariama,Mohamed,9.375,6.25,40.625,1.5,be think be
Poco,Kabande,0.0,0.0,36.36363636363637,INF,watch
Poco,Dr. John,0.0,0.0,36.36363636363637,INF,watch
Kabande,Dr. John,0.0,0.0,36.36363636363637,INF,watch
Mariama,Mohamed,5.769230769230769,1.9230769230769231,30.76923076923077,3.0,have forget
Mohamed,Sierra Leonean,5.88235294117647,2.941176470588235,50.0,2.0,be do need read understand
Mohamed,Sierra Leonean,5.88235294117647,2.941176470588235,50.0,2.0,be do need read understand
Mariama,Mohamed,2.2058823529411766,0.7352941176470588,26.47058823529412,3.0,be
Mariama,Mohamed,2.604166666666667,1.0416666666666665,42.1875,2.5,ask answer wave
Mariama,Mohamed,2.604166666666667,1.0416666666666665,42.1875,2.5,ask answer wave
Mariama,Mohamed,2.604166666666667,1.0416666666666665,42.1875,2.5,ask answer wave
Kabande,Dr. John,1.25,0.0,48.75,INF,be
Connaught Hospital,Dr. John,2.083333333333333,0.0,47.91666666666667,INF,remember
Jolie,Kabande,0.0,0.0,33.33333333333333,INF,be
Jolie,Mariama,1.4423076923076923,1.4423076923076923,50.96153846153846,1.0,pull carry be
Jolie,Sierra Leone,1.4423076923076923,1.4423076923076923,50.96153846153846,1.0,pull carry be
Mariama,Sierra Leone,1.4423076923076923,1.4423076923076923,50.96153846153846,1.0,pull carry be
Mariama,Kabande,2.631578947368421,1.3157894736842104,32.89473684210527,2.0,cover waft
Poco,Kabande,0.0,0.0,42.857142857142854,INF,lie stretch
Poco,Kabande,0.0,0.0,42.857142857142854,INF,lie stretch
Najwa,Sarah,0.43103448275862066,3.8793103448275863,54.310344827586206,0.1111111111111111,catch
Najwa,Mariama,0.43103448275862066,3.8793103448275863,54.310344827586206,0.1111111111111111,catch
Sarah,Mariama,0.43103448275862066,3.8793103448275863,54.310344827586206,0.1111111111111111,catch
Mariama,Buedu,4.861111111111112,0.0,28.47222222222222,INF,know stop
Sarah,Najwa,2.7777777777777777,2.083333333333333,39.58333333333333,1.3333333333333333,be say watch
Kabande,Sarah,1.6666666666666667,0.0,31.666666666666664,INF,go see say
Kabande,Najwa,1.6666666666666667,0.0,31.666666666666664,INF,go see say
Sarah,Najwa,1.6666666666666667,0.0,31.666666666666664,INF,go see say
Najwa,Poco,1.1363636363636365,3.977272727272727,49.43181818181818,0.2857142857142857,rinse
Mohamed,Mussa,0.0,0.0,55.00000000000001,INF,be walk engross
Kabande,Poco,0.0,0.0,52.63157894736842,INF,watch come walk
Kabande,Mussa,0.0,0.0,21.428571428571427,INF,take
Kabande,Mohamed,0.0,0.0,21.428571428571427,INF,take
Kabande,Sarah,0.0,0.0,21.428571428571427,INF,take
Kabande,Najwa,0.0,0.0,21.428571428571427,INF,take
Mussa,Mohamed,0.0,0.0,21.428571428571427,INF,take
Mussa,Sarah,0.0,0.0,21.428571428571427,INF,take
Mussa,Najwa,0.0,0.0,21.428571428571427,INF,take
Mohamed,Sarah,0.0,0.0,21.428571428571427,INF,take
Mohamed,Najwa,0.0,0.0,21.428571428571427,INF,take
Sarah,Najwa,0.0,0.0,21.428571428571427,INF,take
Mariama,Kabande,1.5625,0.78125,41.40625,2.0,sit eat be leave
Mohamed,Mariama,1.0416666666666665,0.0,61.458333333333336,INF,have place remain stand
Kamajor,CDF,0.0,0.0,56.25,INF,tell be
Mohamed,Dr. John,2.5,1.25,46.25,2.0,be
Mohamed,Dr. John,2.5,1.25,46.25,2.0,be
Mariama,Nadia,1.9230769230769231,0.9615384615384616,58.65384615384615,2.0,be
Kabande,Nadia,0.0,0.4629629629629629,55.092592592592595,0.0,have
Mariama,Kabande,1.9230769230769231,0.9615384615384616,43.269230769230774,2.0,be
Mariama,Kabande,8.59375,0.0,47.65625,INF,know feel get
Kabande,James,2.976190476190476,2.976190476190476,55.952380952380956,1.0,take
James,Mussa,0.7352941176470588,0.0,46.32352941176471,INF,recognize
Najwa,Sarah,0.0,0.0,50.0,INF,be
Sarah,Najwa,1.25,1.875,51.87500000000001,0.6666666666666666,squat speak support keep slide
Sarah,Najwa,1.25,1.875,51.87500000000001,0.6666666666666666,squat speak support keep slide
Dr. John,Najwa,0.5208333333333333,0.0,49.47916666666667,INF,show turn say maintain
Dr. John,Najwa,0.5208333333333333,0.0,49.47916666666667,INF,show turn say maintain
Mariama,Sierra Leone,3.7037037037037033,0.9259259259259258,58.333333333333336,4.0,be leave have have stay
Mariama,Najwa,3.125,3.90625,42.96875,0.8,stop smile see want
Mariama,Najwa,3.125,3.90625,42.96875,0.8,stop smile see want
Mariama,Lewis,6.25,0.0,43.75,INF,call
Nissan,Momodu,8.333333333333332,4.166666666666666,50.0,2.0,be make forget
Mariama,Kabande,5.3977272727272725,3.977272727272727,51.98863636363637,1.3571428571428572,be sit pepper be be fly
Mariama,Dr. John,3.125,0.0,46.875,INF,listen turn say come
Dr. John,Najwa,3.125,0.4464285714285714,53.57142857142857,7.0,be tell be say listen
Dr. John,Mariama,3.125,0.4464285714285714,53.57142857142857,7.0,be tell be say listen
Najwa,Mariama,3.125,0.4464285714285714,53.57142857142857,7.0,be tell be say listen
Mariama,Najwa,1.3157894736842104,1.9736842105263157,54.60526315789473,0.6666666666666666,wash sit
Mariama,Mende,4.166666666666666,1.0416666666666665,36.45833333333333,4.0,say reassure
Mariama,Najwa,4.166666666666666,1.0416666666666665,36.45833333333333,4.0,say reassure
Mende,Najwa,4.166666666666666,1.0416666666666665,36.45833333333333,4.0,say reassure
Dr. John,Najwa,0.0,0.0,53.84615384615385,INF,sit
Mariama,Mende,0.0,0.0,50.0,INF,
Mariama,Sarah,0.0,0.0,50.0,INF,
Mariama,Najwa,0.0,0.0,50.0,INF,
Mende,Sarah,0.0,0.0,50.0,INF,
Mende,Najwa,0.0,0.0,50.0,INF,
Sarah,Najwa,0.0,0.0,50.0,INF,
Sarah,Najwa,3.571428571428571,4.464285714285714,41.964285714285715,0.8,help move
Mohamed,Mussa,0.0,1.0,47.0,0.0,brighten reveal sit
Mariama,Sarah,2.34375,0.0,47.65625,INF,take wedge keep slide
Mariama,Najwa,2.34375,0.0,47.65625,INF,take wedge keep slide
Mariama,Najwa,2.34375,0.0,47.65625,INF,take wedge keep slide
Mariama,Najwa,2.34375,0.0,47.65625,INF,take wedge keep slide
Sarah,Najwa,2.34375,0.0,47.65625,INF,take wedge keep slide
Sarah,Najwa,2.34375,0.0,47.65625,INF,take wedge keep slide
Sarah,Najwa,2.34375,0.0,47.65625,INF,take wedge keep slide
Mariama,Najwa,5.147058823529411,2.2058823529411766,51.470588235294116,2.3333333333333335,be close be
Sarah,Najwa,0.0,0.0,44.44444444444444,INF,look wait
Mariama,Najwa,4.464285714285714,1.7857142857142856,50.89285714285714,2.5,lift open stare
Mariama,Najwa,4.464285714285714,1.7857142857142856,50.89285714285714,2.5,lift open stare
Najwa,Mariama,5.357142857142857,3.571428571428571,55.35714285714286,1.5,be look be stare
Mariama,Najwa,5.357142857142857,3.571428571428571,55.35714285714286,1.5,be look be stare
Najwa,Mariama,3.8461538461538463,0.9615384615384616,49.03846153846153,4.0,have give
Mariama,Najwa,3.8461538461538463,0.9615384615384616,49.03846153846153,4.0,have give
Mariama,Najwa,3.8461538461538463,0.9615384615384616,49.03846153846153,4.0,have give
Mariama,Sarah,1.0416666666666665,0.6944444444444444,45.48611111111111,1.5,stare plaster glisten rise fall freeze
Mariama,Najwa,1.0416666666666665,0.6944444444444444,45.48611111111111,1.5,stare plaster glisten rise fall freeze
Sarah,Najwa,1.0416666666666665,0.6944444444444444,45.48611111111111,1.5,stare plaster glisten rise fall freeze
Kabande,Najwa,4.761904761904762,2.380952380952381,50.0,2.0,be do meet smack
Sarah,Najwa,1.1363636363636365,0.0,44.31818181818182,INF,watch say
Sarah,Mariama,1.1363636363636365,0.0,44.31818181818182,INF,watch say
Najwa,Mariama,1.1363636363636365,0.0,44.31818181818182,INF,watch say
Mariama,Najwa,1.9736842105263157,0.6578947368421052,50.0,3.0,sway
Mariama,Nadia,3.4722222222222223,2.7777777777777777,38.19444444444444,1.25,dance be draw
Mariama,Nadia,1.1363636363636365,3.4090909090909087,59.09090909090909,0.3333333333333333,ask hear
Kabande,Nadia,0.0,2.083333333333333,52.083333333333336,0.0,turn have cease
Mariama,Nadia,3.125,3.125,43.75,1.0,wait watch
Mariama,Nadia,0.0,0.0,40.0,INF,nod
Kabande,Nadia,0.0,0.0,44.44444444444444,INF,turn face
James,Nadia,2.380952380952381,1.7857142857142856,52.976190476190474,1.3333333333333333,join squeeze
James,Mariama,2.380952380952381,1.7857142857142856,52.976190476190474,1.3333333333333333,join squeeze
Nadia,Mariama,2.380952380952381,1.7857142857142856,52.976190476190474,1.3333333333333333,join squeeze
Mohamed,Ibrahim Camara,1.0416666666666665,0.3472222222222222,40.27777777777778,3.0,be say use initiate
Mohamed,Momodu,1.0416666666666665,0.3472222222222222,40.27777777777778,3.0,be say use initiate
Ibrahim Camara,Momodu,1.0416666666666665,0.3472222222222222,40.27777777777778,3.0,be say use initiate
Mariama,Mohamed,3.5000000000000004,1.5,43.0,2.3333333333333335,rest
Kabande,Mariama,0.625,3.125,41.25,0.2,watch
Mr. John,Mohamed,0.7352941176470588,0.0,58.08823529411765,INF,tell put say
Mr. John,Mohamed,0.7352941176470588,0.0,58.08823529411765,INF,tell put say
Mariama,Kabande,0.0,0.0,22.22222222222222,INF,turn
Mohamed,Mr. John,1.488095238095238,0.2976190476190476,60.11904761904761,5.0,be have say hang be think publish caricature
Mohamed,Mr. John,1.488095238095238,0.2976190476190476,60.11904761904761,5.0,be have say hang be think publish caricature
Mr. John,Mohamed,0.8333333333333334,4.166666666666666,35.0,0.2,say
Momodu,bush,2.717391304347826,1.0869565217391304,48.369565217391305,2.5,give know want come belong
Momodu,bush,2.717391304347826,1.0869565217391304,48.369565217391305,2.5,give know want come belong
Jolie,Kabande,1.4705882352941175,0.0,48.529411764705884,INF,put move make do be
Kabande,Jolie,1.4705882352941175,0.0,48.529411764705884,INF,put move make do be
Kabande,Jolie,1.893939393939394,3.787878787878788,51.89393939393939,0.5,remember tell sit say be curse know say
Dr. John,Jolie,0.0,7.6923076923076925,53.84615384615385,0.0,do abandon
Dr. John,Kabande,0.0,7.6923076923076925,53.84615384615385,0.0,do abandon
Jolie,Kabande,0.0,7.6923076923076925,53.84615384615385,0.0,do abandon
Dr. John,Momodu,0.0,2.5,57.49999999999999,0.0,see leave
Kabande,Dr. John,0.7352941176470588,0.7352941176470588,51.470588235294116,1.0,look ask be
Momodu,Kabande,2.5,12.5,25.0,0.2,be
Momodu,bush,5.625,1.25,58.12500000000001,4.5,be know be be
bush,Momodu,5.625,1.25,58.12500000000001,4.5,be know be be
bush,Momodu,5.625,1.25,58.12500000000001,4.5,be know be be
Momodu,Kabande,3.571428571428571,0.0,39.285714285714285,INF,be save
Momodu,Mohamed,0.6944444444444444,0.0,43.75,INF,die say
Momodu,Mohamed,0.6944444444444444,0.0,43.75,INF,die say
Momodu,Mohamed,0.6944444444444444,0.0,43.75,INF,die say
Mariama,Kabande,9.166666666666666,5.0,39.166666666666664,1.8333333333333333,sit weigh be say
Najwa,Momodu,0.9615384615384616,0.0,45.19230769230769,INF,take
Najwa,Momodu,0.9615384615384616,0.0,45.19230769230769,INF,take
Mariama,Mohamed,4.166666666666666,0.0,29.166666666666668,INF,give
Sierra Leone,Mohamed,1.6666666666666667,3.3333333333333335,48.333333333333336,0.5,ask say
Momodu,bush,4.807692307692308,0.0,49.03846153846153,INF,know be hunt
Momodu,bush,4.807692307692308,0.0,49.03846153846153,INF,know be hunt
Momodu,bush,4.807692307692308,0.0,49.03846153846153,INF,know be hunt
Mohamed,Mariama,0.0,0.0,16.666666666666664,INF,
Mariama,bush,1.5625,2.34375,33.59375,0.6666666666666666,be leave
Mariama,Ibrahim Camara,1.5625,2.34375,33.59375,0.6666666666666666,be leave
bush,Ibrahim Camara,1.5625,2.34375,33.59375,0.6666666666666666,be leave
Mariama,Kabande,9.375,0.0,28.125,INF,take
Kabande,Mariama,0.0,0.0,40.0,INF,walk turn
Mariama,Kabande,1.25,3.75,50.0,0.3333333333333333,lie speak
Abu,Madonna,0.0,0.0,31.57894736842105,INF,see
Madonna,bush,1.6304347826086956,0.5434782608695652,63.04347826086957,3.0,fall look be stand
Madonna,bush,1.6304347826086956,0.5434782608695652,63.04347826086957,3.0,fall look be stand
Jolie,Madonna,6.25,0.6944444444444444,70.83333333333334,9.0,cry think go shoot shut
Jolie,Madonna,6.25,0.6944444444444444,70.83333333333334,9.0,cry think go shoot shut
Mariama,Madonna,5.208333333333334,0.0,36.45833333333333,INF,wish be say
Sarah,Dr. John,0.7352941176470588,0.0,52.20588235294118,INF,look say get
Nadia,Mariama,1.6025641025641024,3.5256410256410255,41.02564102564102,0.45454545454545453,tell be go hop be be come
Nadia,Momodu,1.6025641025641024,3.5256410256410255,41.02564102564102,0.45454545454545453,tell be go hop be be come
Mariama,Momodu,1.6025641025641024,3.5256410256410255,41.02564102564102,0.45454545454545453,tell be go hop be be come
Mariama,Sarah,0.0,0.0,53.84615384615385,INF,sit
Mariama,Najwa,0.0,0.0,53.84615384615385,INF,sit
Sarah,Najwa,0.0,0.0,53.84615384615385,INF,sit
Kabande,Najwa,7.738095238095238,4.761904761904762,39.88095238095239,1.625,know be fix
Najwa,Mariama,1.893939393939394,1.893939393939394,47.72727272727273,1.0,feel be turn ask be go
Mariama,Najwa,1.893939393939394,1.893939393939394,47.72727272727273,1.0,feel be turn ask be go
Mariama,Kabande,0.0,2.717391304347826,32.065217391304344,0.0,be hear squirm run
Kabande,Mariama,0.0,2.717391304347826,32.065217391304344,0.0,be hear squirm run
Mariama,Najwa,0.0,0.0,61.53846153846154,INF,nod come
Nadia,Mariama,2.717391304347826,3.260869565217391,41.84782608695652,0.8333333333333334,be keep see
Nadia,Bonnie,2.717391304347826,3.260869565217391,41.84782608695652,0.8333333333333334,be keep see
Mariama,Bonnie,2.717391304347826,3.260869565217391,41.84782608695652,0.8333333333333334,be keep see
Mariama,Kabande,3.4722222222222223,1.3888888888888888,45.13888888888889,2.5,be be stand
Poco,Mariama,2.083333333333333,3.3333333333333335,41.25,0.625,see stop be hang
Poco,Kabande,2.083333333333333,3.3333333333333335,41.25,0.625,see stop be hang
Mariama,Kabande,2.083333333333333,3.3333333333333335,41.25,0.625,see stop be hang
Mariama,Kabande,3.571428571428571,0.0,44.047619047619044,INF,rub gaze
Kabande,Mariama,3.571428571428571,0.0,44.047619047619044,INF,rub gaze
Kabande,Mariama,3.571428571428571,0.0,44.047619047619044,INF,rub gaze
Mariama,Momodu,1.5625,4.6875,43.75,0.3333333333333333,assume mean be show
Mariama,Momodu,1.5625,4.6875,43.75,0.3333333333333333,assume mean be show
Mariama,Kabande,0.0,1.7857142857142856,41.07142857142857,0.0,continue hold let sob
Mariama,Kabande,0.0,5.208333333333334,44.79166666666667,0.0,follow weep
Poco,Mariama,3.90625,0.78125,51.5625,5.0,realize dig be
Mohamed,Mende,2.5,1.25,61.25000000000001,2.0,have say be depend
Kabande,Mariama,4.6875,0.0,32.8125,INF,shake say do please
Najwa,Sarah,0.641025641025641,0.9615384615384616,59.93589743589743,0.6666666666666666,wait bring be take stuff
Najwa,Mariama,0.641025641025641,0.9615384615384616,59.93589743589743,0.6666666666666666,wait bring be take stuff
Sarah,Mariama,0.641025641025641,0.9615384615384616,59.93589743589743,0.6666666666666666,wait bring be take stuff
Sarah,Najwa,0.641025641025641,0.9615384615384616,59.93589743589743,0.6666666666666666,wait bring be take stuff
Mariama,Najwa,0.641025641025641,0.9615384615384616,59.93589743589743,0.6666666666666666,wait bring be take stuff
Mohamed,Sarah,1.293103448275862,3.4482758620689653,46.98275862068966,0.375,place embrace speak touch
Mohamed,Mariama,1.293103448275862,3.4482758620689653,46.98275862068966,0.375,place embrace speak touch
Sarah,Mariama,1.293103448275862,3.4482758620689653,46.98275862068966,0.375,place embrace speak touch
Mariama,Kabande,1.3157894736842104,3.289473684210526,37.5,0.4,stand pile
Mariama,Najwa,1.3157894736842104,3.289473684210526,37.5,0.4,stand pile
Kabande,Najwa,1.3157894736842104,3.289473684210526,37.5,0.4,stand pile
Mohamed,Mr. John,0.7352941176470588,0.0,46.32352941176471,INF,open say go
Mohamed,Mariama,0.5,1.0,54.50000000000001,0.5,drive stand lift face nod
Kabande,Mariama,0.0,7.236842105263158,50.6578947368421,0.0,gawk seem
Kabande,Mohamed,0.0,7.236842105263158,50.6578947368421,0.0,gawk seem
Mariama,Mohamed,0.0,7.236842105263158,50.6578947368421,0.0,gawk seem
Catholic,Sandei,0.0,0.0,63.63636363636363,INF,strengthen
Mariama,Mohamed,1.6304347826086956,0.5434782608695652,45.65217391304348,3.0,start beat happen join
Mariama,Dolly,1.6304347826086956,0.5434782608695652,45.65217391304348,3.0,start beat happen join
Mohamed,Dolly,1.6304347826086956,0.5434782608695652,45.65217391304348,3.0,start beat happen join
Najwa,Mariama,0.0,0.0,70.58823529411765,INF,perch have fashion
Mohamed,Najwa,0.5952380952380952,5.952380952380952,45.83333333333333,0.1,seem do
Najwa,Mohamed,0.5952380952380952,5.952380952380952,45.83333333333333,0.1,seem do
Mohamed,Sierra Leonean,1.4705882352941175,2.941176470588235,48.529411764705884,0.5,be have
Mohamed,Mariama,2.4193548387096775,0.8064516129032258,54.83870967741935,3.0,get be hold smile
Mohamed,Najwa,2.4193548387096775,0.8064516129032258,54.83870967741935,3.0,get be hold smile
Mohamed,Najwa,2.4193548387096775,0.8064516129032258,54.83870967741935,3.0,get be hold smile
Mohamed,Kabande,2.4193548387096775,0.8064516129032258,54.83870967741935,3.0,get be hold smile
Mariama,Najwa,2.4193548387096775,0.8064516129032258,54.83870967741935,3.0,get be hold smile
Mariama,Najwa,2.4193548387096775,0.8064516129032258,54.83870967741935,3.0,get be hold smile
Mariama,Kabande,2.4193548387096775,0.8064516129032258,54.83870967741935,3.0,get be hold smile
Najwa,Kabande,2.4193548387096775,0.8064516129032258,54.83870967741935,3.0,get be hold smile
Najwa,Kabande,2.4193548387096775,0.8064516129032258,54.83870967741935,3.0,get be hold smile
Mohamed,Bo,0.0,7.5,32.5,0.0,drive retrace
Mariama,Kabande,1.7045454545454544,0.0,43.75,INF,mingle compliment
Mariama,Najwa,1.7045454545454544,0.0,43.75,INF,mingle compliment
Kabande,Najwa,1.7045454545454544,0.0,43.75,INF,mingle compliment
Kabande,James,1.5909090909090908,1.3636363636363635,58.86363636363636,1.1666666666666667,read mesmerize be transport carry end
Mariama,Kabande,0.625,0.0,49.375,INF,follow
Nadia,Mariama,5.357142857142857,1.7857142857142856,42.857142857142854,3.0,be be
Nadia,Kabande,5.357142857142857,1.7857142857142856,42.857142857142854,3.0,be be
Mariama,Kabande,5.357142857142857,1.7857142857142856,42.857142857142854,3.0,be be
Nadia,Mariama,5.555555555555555,2.083333333333333,42.36111111111111,2.6666666666666665,say like have know be see
Nadia,Mariama,5.555555555555555,2.083333333333333,42.36111111111111,2.6666666666666665,say like have know be see
Mariama,Nadia,3.6764705882352944,2.5735294117647056,55.51470588235294,1.4285714285714286,ask take be
Nadia,Sierra Leone,0.0,1.0416666666666665,57.291666666666664,0.0,be have take be start see
Nadia,Momodu,5.555555555555555,4.861111111111112,34.02777777777778,1.1428571428571428,seem think be know do
bush,Momodu,1.3888888888888888,6.25,42.36111111111111,0.2222222222222222,be have choose be take
Mohamed,Kuranko,3.787878787878788,2.272727272727273,33.33333333333333,1.6666666666666667,have describe be be be alter
Mariama,Poco,1.8382352941176472,3.6764705882352944,41.544117647058826,0.5,want find cut tell be put scare
Mariama,Mohamed,1.8382352941176472,3.6764705882352944,41.544117647058826,0.5,want find cut tell be put scare
Mariama,Mohamed,1.8382352941176472,3.6764705882352944,41.544117647058826,0.5,want find cut tell be put scare
Mariama,Mohamed,1.8382352941176472,3.6764705882352944,41.544117647058826,0.5,want find cut tell be put scare
Poco,Mohamed,1.8382352941176472,3.6764705882352944,41.544117647058826,0.5,want find cut tell be put scare
Poco,Mohamed,1.8382352941176472,3.6764705882352944,41.544117647058826,0.5,want find cut tell be put scare
Poco,Mohamed,1.8382352941176472,3.6764705882352944,41.544117647058826,0.5,want find cut tell be put scare
Abu,Mohamed,0.0,0.5,59.5,0.0,sit drink cook
Mariama,Yeamah,1.25,5.0,43.75,0.25,squat assume
Mariama,Jameela,1.25,5.0,43.75,0.25,squat assume
Yeamah,Jameela,1.25,5.0,43.75,0.25,squat assume
Jameela,Yeamah,3.8793103448275863,1.7241379310344827,35.775862068965516,2.25,arrive stand be be
Jameela,Mariama,3.8793103448275863,1.7241379310344827,35.775862068965516,2.25,arrive stand be be
Jameela,Kabande,3.8793103448275863,1.7241379310344827,35.775862068965516,2.25,arrive stand be be
Jameela,Yeamah,3.8793103448275863,1.7241379310344827,35.775862068965516,2.25,arrive stand be be
Jameela,Mariama,3.8793103448275863,1.7241379310344827,35.775862068965516,2.25,arrive stand be be
Jameela,Kabande,3.8793103448275863,1.7241379310344827,35.775862068965516,2.25,arrive stand be be
Yeamah,Jameela,3.8793103448275863,1.7241379310344827,35.775862068965516,2.25,arrive stand be be
Yeamah,Mariama,3.8793103448275863,1.7241379310344827,35.775862068965516,2.25,arrive stand be be
Yeamah,Kabande,3.8793103448275863,1.7241379310344827,35.775862068965516,2.25,arrive stand be be
Jameela,Mariama,3.8793103448275863,1.7241379310344827,35.775862068965516,2.25,arrive stand be be
Jameela,Kabande,3.8793103448275863,1.7241379310344827,35.775862068965516,2.25,arrive stand be be
Mariama,Kabande,3.8793103448275863,1.7241379310344827,35.775862068965516,2.25,arrive stand be be
Mariama,Jameela,2.5,5.5,44.0,0.45454545454545453,seem speak want be overhear
Mariama,Jameela,2.5,5.5,44.0,0.45454545454545453,seem speak want be overhear
Mariama,Jameela,2.5,5.5,44.0,0.45454545454545453,seem speak want be overhear
Jameela,Mariama,0.0,1.0416666666666665,40.625,0.0,be capture say
Dr. John,Jameela,4.807692307692308,0.0,41.34615384615385,INF,be have accept
Dr. John,Jameela,1.25,0.0,58.75,INF,think be
Mariama,Jameela,2.314814814814815,1.3888888888888888,55.55555555555556,1.6666666666666667,sit stretch cross pose enjoy
Momodu,CDF,1.875,0.0,48.125,INF,leave be go fight
Momodu,CDF,1.875,0.0,48.125,INF,leave be go fight
Momodu,CDF,0.7352941176470588,0.7352941176470588,39.705882352941174,1.0,say hide
Momodu,CDF,0.7352941176470588,0.7352941176470588,39.705882352941174,1.0,say hide
Momodu,Kuranko,0.0,0.0,57.89473684210527,INF,make meet form
Momodu,CDF,0.0,0.0,57.89473684210527,INF,make meet form
Kuranko,CDF,0.0,0.0,57.89473684210527,INF,make meet form
Dr. John,Mohamed,2.083333333333333,2.083333333333333,51.388888888888886,1.0,know be think die
Dr. John,Momodu,2.083333333333333,2.083333333333333,51.388888888888886,1.0,know be think die
Mohamed,Momodu,2.083333333333333,2.083333333333333,51.388888888888886,1.0,know be think die
Mariama,Momodu,5.0,0.0,48.333333333333336,INF,do believe have
Dr. John,Momodu,6.944444444444445,1.3888888888888888,52.77777777777778,5.0,know seem be
Mariama,Kamajor,0.0,0.0,41.66666666666667,INF,retell be lead be
Mariama,Buedu,0.0,0.0,41.66666666666667,INF,retell be lead be
Mariama,Momodu,0.0,0.0,41.66666666666667,INF,retell be lead be
Kamajor,Buedu,0.0,0.0,41.66666666666667,INF,retell be lead be
Kamajor,Momodu,0.0,0.0,41.66666666666667,INF,retell be lead be
Buedu,Momodu,0.0,0.0,41.66666666666667,INF,retell be lead be
Jameela,Mariama,2.083333333333333,1.0416666666666665,38.54166666666667,2.0,be
Mariama,Jameela,2.083333333333333,1.0416666666666665,38.54166666666667,2.0,be
Mariama,Momodu,3.7037037037037033,0.0,40.74074074074074,INF,read rescue do read
Dr. John,Momodu,0.9615384615384616,2.8846153846153846,50.0,0.3333333333333333,spend
Dr. John,Kamajor,2.717391304347826,0.0,40.76086956521739,INF,have follow say
Dr. John,Mariama,2.717391304347826,0.0,40.76086956521739,INF,have follow say
Kamajor,Mariama,2.717391304347826,0.0,40.76086956521739,INF,have follow say
Momodu,CDF,1.5625,1.5625,59.375,1.0,have be
Momodu,CDF,1.5625,1.5625,59.375,1.0,have be
Mariama,Momodu,0.0,0.0,36.36363636363637,INF,go continue go
Jameela,Mariama,0.7352941176470588,0.0,28.676470588235293,INF,say come sit
Mariama,Jameela,0.5952380952380952,0.0,56.547619047619044,INF,move sit feel
Mariama,Jameela,0.5952380952380952,0.0,56.547619047619044,INF,move sit feel
Jameela,Mariama,0.0,0.0,18.181818181818183,INF,meet
Jemi,Jameela,1.25,0.0,38.75,INF,say
Dr. John,Jameela,0.9615384615384616,1.9230769230769231,50.96153846153846,0.5,have say
Poco,Kabande,0.6944444444444444,6.25,54.166666666666664,0.1111111111111111,kill know be
Dr. John,Mussa,2.5,0.8333333333333334,43.333333333333336,3.0,be be
Dr. John,Mussa,2.5,0.8333333333333334,43.333333333333336,3.0,be be
Dr. John,Kabande,2.5,0.8333333333333334,43.333333333333336,3.0,be be
Mussa,Kabande,2.5,0.8333333333333334,43.333333333333336,3.0,be be
Mussa,Kabande,2.5,0.8333333333333334,43.333333333333336,3.0,be be
Nadia,Bonnie,0.0,0.0,64.28571428571429,INF,try call get call
Lewis,Nadia,6.25,1.25,42.5,5.0,be talk
Bonnie,Sierra Leoneans,4.166666666666666,2.6515151515151514,44.696969696969695,1.5714285714285714,say be be have be mean
Mohamed,Mariama,3.571428571428571,0.0,58.333333333333336,INF,ask buy walk
Mohamed,Mariama,4.545454545454546,0.0,40.909090909090914,INF,seem have surrender
Dr. John,Mariama,1.7857142857142856,0.0,41.07142857142857,INF,be say smile
Momodu,Ibrahim Camara,1.6666666666666667,0.8333333333333334,30.833333333333336,2.0,be
Mariama,Kabande,0.0,0.0,27.27272727272727,INF,stay
Lewis,Momodu,5.833333333333333,0.8333333333333334,46.666666666666664,7.0,be say
Kabande,Jolie,1.5,2.25,52.25,0.6666666666666666,lie come plead rot stare
Kabande,Jolie,1.5,2.25,52.25,0.6666666666666666,lie come plead rot stare
Momodu,Mariama,2.380952380952381,2.976190476190476,51.78571428571429,0.8,think have become say wring
Mariama,Kabande,2.314814814814815,3.2407407407407405,42.592592592592595,0.7142857142857143,look realize be drum wail
Mariama,Kabande,5.263157894736842,4.605263157894736,37.5,1.1428571428571428,remain
Mohamed,Kabande,2.2058823529411766,2.941176470588235,36.029411764705884,0.75,go say be go
Kabande,Mariama,0.0,0.0,28.57142857142857,INF,look
Mariama,Kabande,0.0,4.375,40.625,0.0,be
Mariama,Momodu,0.0,4.375,40.625,0.0,be
Mariama,Theresa,0.0,4.375,40.625,0.0,be
Kabande,Momodu,0.0,4.375,40.625,0.0,be
Kabande,Theresa,0.0,4.375,40.625,0.0,be
Momodu,Theresa,0.0,4.375,40.625,0.0,be
Momodu,Hussein,0.8928571428571428,0.4464285714285714,62.94642857142857,2.0,arrive help recommend name
Hussein,Nissan,0.0,0.0,71.42857142857143,INF,drive
Nissan,Mohamed,4.166666666666666,0.0,35.833333333333336,INF,say wave
Nissan,Mohamed,4.166666666666666,0.0,35.833333333333336,INF,say wave
Lewis,Mariama,0.6944444444444444,0.0,43.75,INF,make look
Kabande,Momodu,0.0,0.0,61.53846153846154,INF,place put heft drip
Lewis,Sierra Leone,3.9473684210526314,2.631578947368421,51.31578947368421,1.5,unite say
Lewis,Momodu,3.9473684210526314,2.631578947368421,51.31578947368421,1.5,unite say
Sierra Leone,Momodu,3.9473684210526314,2.631578947368421,51.31578947368421,1.5,unite say
Momodu,Mariama,5.208333333333334,2.083333333333333,34.375,2.5,pause dart
Momodu,Mariama,5.208333333333334,2.083333333333333,34.375,2.5,pause dart
Mariama,Momodu,5.208333333333334,2.083333333333333,34.375,2.5,pause dart
Nadia,Mariama,3.977272727272727,0.0,36.93181818181818,INF,want know arrive
Nadia,Kabande,3.977272727272727,0.0,36.93181818181818,INF,want know arrive
Mariama,Kabande,3.977272727272727,0.0,36.93181818181818,INF,want know arrive
Nadia,Mohamed,6.25,6.25,43.75,1.0,ask be
Nadia,Nissan,6.25,6.25,43.75,1.0,ask be
Mohamed,Nissan,6.25,6.25,43.75,1.0,ask be
Nadia,Najwa,6.25,2.083333333333333,33.33333333333333,3.0,want hear turn
Nadia,Najwa,2.976190476190476,0.5952380952380952,58.333333333333336,5.0,have describe be feel
Najwa,Bonnie,0.9615384615384616,0.0,45.19230769230769,INF,smile become describe
Najwa,Bonnie,0.9615384615384616,0.0,45.19230769230769,INF,smile become describe
Nadia,Najwa,3.125,1.0416666666666665,45.83333333333333,3.0,be say
Bonnie,Sierra Leone,1.1904761904761905,4.761904761904762,55.952380952380956,0.25,tell be become be recover
Bonnie,Sierra Leone,1.1904761904761905,4.761904761904762,55.952380952380956,0.25,tell be become be recover
Nadia,Kabande,1.7857142857142856,0.0,55.35714285714286,INF,seem
Nadia,Mariama,2.0161290322580645,2.0161290322580645,44.354838709677416,1.0,ask intrigue shrug say tell be
Nadia,Mariama,2.0161290322580645,2.0161290322580645,44.354838709677416,1.0,ask intrigue shrug say tell be
Nadia,Mariama,2.0161290322580645,2.0161290322580645,44.354838709677416,1.0,ask intrigue shrug say tell be
Nadia,Bonnie,0.0,6.666666666666667,26.666666666666668,0.0,say sacrifice sacrifice
Nadia,Bonnie,0.0,6.666666666666667,26.666666666666668,0.0,say sacrifice sacrifice
Nadia,Bonnie,0.0,6.666666666666667,26.666666666666668,0.0,say sacrifice sacrifice
Nadia,Bonnie,0.0,6.666666666666667,26.666666666666668,0.0,say sacrifice sacrifice
Bonnie,Momodu,3.3333333333333335,1.6666666666666667,41.66666666666667,2.0,be leave tell return
Bonnie,Momodu,3.3333333333333335,1.6666666666666667,41.66666666666667,2.0,be leave tell return
Bonnie,Lewis,4.411764705882353,2.2058823529411766,46.32352941176471,2.0,lean say be
Bonnie,Lewis,4.411764705882353,2.2058823529411766,46.32352941176471,2.0,lean say be
Sierra Leone,Bonnie,5.208333333333334,2.083333333333333,51.041666666666664,2.5,go find
Mariama,Jolie,4.619565217391304,0.8152173913043478,44.565217391304344,5.666666666666667,find see be have be speak be remember take make
Dr. John,Najwa,3.3333333333333335,1.6666666666666667,55.00000000000001,2.0,turn see
Najwa,Dr. John,3.3333333333333335,1.6666666666666667,55.00000000000001,2.0,turn see
Jesus,Dr. John,8.653846153846153,0.0,52.88461538461539,INF,pray find lose
Jesus,Dr. John,8.653846153846153,0.0,52.88461538461539,INF,pray find lose
