NAME 1,NAME 2,% POS,% NEG,% NEUTRAL,POS:NEG,VERBS
Manny,Ricky,0.6756756756756757,2.027027027027027,51.35135135135135,0.3333333333333333,have agree meet cover grow dump take
Manny,Patch,0.6756756756756757,2.027027027027027,51.35135135135135,0.3333333333333333,have agree meet cover grow dump take
Ricky,Patch,0.6756756756756757,2.027027027027027,51.35135135135135,0.3333333333333333,have agree meet cover grow dump take
Ricky,Manny,5.208333333333334,3.125,50.0,1.6666666666666667,begin be heighten
Manny,Ricky,2.6785714285714284,0.0,33.035714285714285,INF,do understand do
Agnes,Georgina,0.24509803921568626,4.6568627450980395,50.0,0.05263157894736842,hate be spell know hate do want mix hunch pick
Agnes,Georgina,0.24509803921568626,4.6568627450980395,50.0,0.05263157894736842,hate be spell know hate do want mix hunch pick
Agnes,Georgina,0.24509803921568626,4.6568627450980395,50.0,0.05263157894736842,hate be spell know hate do want mix hunch pick
Agnes,Georgina,0.24509803921568626,4.6568627450980395,50.0,0.05263157894736842,hate be spell know hate do want mix hunch pick
Agnes,Georgina,0.24509803921568626,4.6568627450980395,50.0,0.05263157894736842,hate be spell know hate do want mix hunch pick
Maria,Jesus,0.6578947368421052,0.9868421052631579,50.98684210526315,0.6666666666666666,have receive be clear be come live
Mary,Emanuel,1.875,0.625,62.5,3.0,have go get update help form search
Mary,Emanuel,1.875,0.625,62.5,3.0,have go get update help form search
Ricky,Manny,3.8461538461538463,6.730769230769231,35.57692307692308,0.5714285714285714,be be suppose be
Edite,Toronto Star,3.0172413793103448,2.1551724137931036,53.44827586206896,1.4,work say have take find be
Edite,Johnny,3.0172413793103448,2.1551724137931036,53.44827586206896,1.4,work say have take find be
Toronto Star,Edite,3.0172413793103448,2.1551724137931036,53.44827586206896,1.4,work say have take find be
Toronto Star,Edite,3.0172413793103448,2.1551724137931036,53.44827586206896,1.4,work say have take find be
Toronto Star,Johnny,3.0172413793103448,2.1551724137931036,53.44827586206896,1.4,work say have take find be
Edite,Johnny,3.0172413793103448,2.1551724137931036,53.44827586206896,1.4,work say have take find be
Edite,Johnny,3.0172413793103448,2.1551724137931036,53.44827586206896,1.4,work say have take find be
Edite,Johnny,2.272727272727273,1.1363636363636365,51.13636363636363,2.0,have see
Johnny,Edite,1.5957446808510638,2.925531914893617,63.56382978723404,0.5454545454545454,return be convince be hide eat sleep spruce bide be go
Edite,Johnny,1.5957446808510638,2.925531914893617,63.56382978723404,0.5454545454545454,return be convince be hide eat sleep spruce bide be go
Edite,Johnny,1.5957446808510638,2.925531914893617,63.56382978723404,0.5454545454545454,return be convince be hide eat sleep spruce bide be go
Manny,Ricky,2.717391304347826,3.804347826086957,45.65217391304348,0.7142857142857143,be be appear
Ricky,Manny,2.0,2.5,47.5,0.8,be tease
Ricky,Wilbur,2.0,2.5,47.5,0.8,be tease
Manny,Wilbur,2.0,2.5,47.5,0.8,be tease
Wilbur,Ricky,6.25,5.208333333333334,55.208333333333336,1.2,do have
Ricky,Manny,1.5625,0.0,60.9375,INF,see pick have hit
Ricky,Manny,1.5625,0.0,60.9375,INF,see pick have hit
Manny,Ricky,0.0,0.0,45.45454545454545,INF,be go let break
Manny,Ricky,0.0,0.0,45.45454545454545,INF,be go let break
Manny,Ricky,5.921052631578947,1.3157894736842104,55.92105263157895,4.5,tremble force
Manny,Ricky,5.921052631578947,1.3157894736842104,55.92105263157895,4.5,tremble force
Manny,Ricky,0.0,0.0,42.857142857142854,INF,reach
Manny,Ricky,0.0,2.083333333333333,31.25,0.0,say come
Manny,Emanuel,0.8620689655172413,1.293103448275862,53.01724137931034,0.6666666666666666,look say bring have give go miss
Manny,Emanuel,0.8620689655172413,1.293103448275862,53.01724137931034,0.6666666666666666,look say bring have give go miss
Manny,Emanuel,0.8620689655172413,1.293103448275862,53.01724137931034,0.6666666666666666,look say bring have give go miss
Manny,Emanuel,0.8620689655172413,1.293103448275862,53.01724137931034,0.6666666666666666,look say bring have give go miss
Emanuel,Ricky,4.807692307692308,8.653846153846153,48.07692307692308,0.5555555555555556,be mean understand
Ricky,Manny,6.25,0.8928571428571428,57.14285714285714,7.0,give poke be hitch-hike
Ricky,Manny,6.25,0.8928571428571428,57.14285714285714,7.0,give poke be hitch-hike
Ricky,Manny,5.147058823529411,1.4705882352941175,34.55882352941176,3.5,squeeze prick
Ricky,Manny,5.147058823529411,1.4705882352941175,34.55882352941176,3.5,squeeze prick
Ricky,Manny,5.147058823529411,1.4705882352941175,34.55882352941176,3.5,squeeze prick
Ricky,Manny,5.147058823529411,1.4705882352941175,34.55882352941176,3.5,squeeze prick
Antonio,Ricky,0.0,0.0,18.181818181818183,INF,be urge
Antonio,Ricky,0.0,0.0,30.0,INF,go say
Emanuel,Ricky,4.605263157894736,0.0,58.55263157894737,INF,think be shine buy say
Emanuel,Ricky,4.605263157894736,0.0,58.55263157894737,INF,think be shine buy say
Emanuel,Ricky,0.0,0.0,55.55555555555556,INF,help add shove
Emanuel,Ricky,0.0,0.0,55.55555555555556,INF,help add shove
Emanuel,Ricky,0.0,0.0,55.55555555555556,INF,help add shove
Emanuel,God,4.761904761904762,0.0,33.33333333333333,INF,say mean be
Emanuel,God,4.761904761904762,0.0,33.33333333333333,INF,say mean be
Ricky,Manny,2.5,0.0,37.5,INF,see
Manny,Patch,0.0,0.0,40.0,INF,make
Manny,Manuel,0.8333333333333334,0.0,62.5,INF,press let go paint
Manny,Son Ltd.,0.8333333333333334,0.0,62.5,INF,press let go paint
Manuel,Son Ltd.,0.8333333333333334,0.0,62.5,INF,press let go paint
Senhor Batista,Senhora Gloria,0.0,0.0,41.66666666666667,INF,be
Senhor Batista,Agnes,0.0,0.0,41.66666666666667,INF,be
Senhora Gloria,Agnes,0.0,0.0,41.66666666666667,INF,be
Senhor Batista,Adam,3.804347826086957,0.5434782608695652,65.21739130434783,7.0,have
Senhor Batista,Adam,3.804347826086957,0.5434782608695652,65.21739130434783,7.0,have
Manny,Ricky,2.083333333333333,3.4722222222222223,61.111111111111114,0.6,be look see have see
David,Clemente,0.0,0.4166666666666667,62.916666666666664,0.0,draw slosh stain place drum
Edite,James,2.5,0.625,51.87500000000001,4.0,be walk call be
Edite,James,10.416666666666668,0.0,39.58333333333333,INF,do know
Ricky,Manny,6.25,1.3888888888888888,47.91666666666667,4.5,do know do steal
Manny,Ricky,0.0,2.5,57.49999999999999,0.0,stand rob
Mr. Serjeant,Ricky,1.9230769230769231,0.0,59.61538461538461,INF,make stand hold get
Manny,Charlie,3.75,2.5,43.75,1.5,whisper be
Charlie,Terri,0.0,0.0,38.46153846153847,INF,have stick sell say
Emanuel,Terri,1.4423076923076923,0.4807692307692308,55.769230769230774,3.0,suggest be approach nibble
Emanuel,Terri,1.4423076923076923,0.4807692307692308,55.769230769230774,3.0,suggest be approach nibble
Emanuel,Terri,1.4423076923076923,0.4807692307692308,55.769230769230774,3.0,suggest be approach nibble
Emanuel,Terri,1.4423076923076923,0.4807692307692308,55.769230769230774,3.0,suggest be approach nibble
Manny,Ricky,2.272727272727273,6.8181818181818175,27.27272727272727,0.3333333333333333,have be
Antonio,Edite,0.0,0.0,22.22222222222222,INF,meet
Edite,Markham,0.0,0.0,50.0,INF,settle live
Edite,Ricky,0.0,0.0,50.0,INF,settle live
Edite,Ricky,0.0,0.0,50.0,INF,settle live
Edite,Markham,0.0,0.0,50.0,INF,settle live
Edite,Ricky,0.0,0.0,50.0,INF,settle live
Edite,Ricky,0.0,0.0,50.0,INF,settle live
Markham,Ricky,0.0,0.0,50.0,INF,settle live
Markham,Ricky,0.0,0.0,50.0,INF,settle live
Edite,Toronto Star,1.7857142857142856,0.0,69.64285714285714,INF,have work start
Edite,Emanuel,3.0555555555555554,0.2777777777777778,45.55555555555556,11.0,sit begin read find
Edite,Ricky,3.5000000000000004,6.0,38.5,0.5833333333333334,tell be be protect
Edite,Manny,3.5000000000000004,6.0,38.5,0.5833333333333334,tell be be protect
Ricky,Manny,3.5000000000000004,6.0,38.5,0.5833333333333334,tell be be protect
Mr. Serjeant,James,4.166666666666666,2.083333333333333,43.75,2.0,be
Mr. Serjeant,Johnny,0.0,0.0,50.0,INF,remind
Terri,Benedict,5.263157894736842,0.0,52.63157894736842,INF,tell be
Manny,Ricky,5.0,1.25,43.75,4.0,have be hang
Mr. Serjeant,Ricky,2.7777777777777777,1.8518518518518516,54.629629629629626,1.5,face do have
James,Ricky,5.0,0.0,45.0,INF,see
Manny,Ricky,3.571428571428571,2.6785714285714284,47.32142857142857,1.3333333333333333,look check call see come
Manny,Agnes,3.571428571428571,2.6785714285714284,47.32142857142857,1.3333333333333333,look check call see come
Ricky,Agnes,3.571428571428571,2.6785714285714284,47.32142857142857,1.3333333333333333,look check call see come
Agnes,Ricky,2.6785714285714284,0.8928571428571428,46.42857142857143,3.0,be
Agnes,Ricky,2.6785714285714284,0.8928571428571428,46.42857142857143,3.0,be
Ricky,Agnes,2.6785714285714284,0.8928571428571428,46.42857142857143,3.0,be
Agnes,Ricky,2.6785714285714284,0.8928571428571428,46.42857142857143,3.0,be
Agnes,Ricky,0.0,6.25,56.25,0.0,imagine tickle
Ricky,Agnes,1.7361111111111112,1.0416666666666665,47.22222222222222,1.6666666666666667,be say resume taper swing
Ricky,Agnes,1.7361111111111112,1.0416666666666665,47.22222222222222,1.6666666666666667,be say resume taper swing
Ricky,Agnes,1.7361111111111112,1.0416666666666665,47.22222222222222,1.6666666666666667,be say resume taper swing
Amilcar,Ricky,0.0,0.0,55.55555555555556,INF,be come
Ricky,bush,2.5,0.7142857142857143,59.64285714285714,3.5,change like gyrate twirl
Ricky,bush,2.5,0.7142857142857143,59.64285714285714,3.5,change like gyrate twirl
Ricky,bush,2.5,0.7142857142857143,59.64285714285714,3.5,change like gyrate twirl
Ricky,bush,2.5,0.7142857142857143,59.64285714285714,3.5,change like gyrate twirl
Manny,Amilcar,2.840909090909091,0.0,47.159090909090914,INF,stand take push come
Amilcar,Manny,2.840909090909091,0.0,47.159090909090914,INF,stand take push come
Amilcar,John,1.0,3.0,64.0,0.3333333333333333,make steal sell live
Manny,John,5.092592592592593,1.8518518518518516,59.72222222222222,2.75,know have flaunt get
John,Manny,5.092592592592593,1.8518518518518516,59.72222222222222,2.75,know have flaunt get
John,Manny,5.092592592592593,1.8518518518518516,59.72222222222222,2.75,know have flaunt get
John,Manny,5.092592592592593,1.8518518518518516,59.72222222222222,2.75,know have flaunt get
John,Manny,5.092592592592593,1.8518518518518516,59.72222222222222,2.75,know have flaunt get
Manny,Amilcar,0.0,0.78125,42.96875,0.0,agree be compare
Manny,Amilcar,0.0,0.78125,42.96875,0.0,agree be compare
Manny,Amilcar,2.604166666666667,0.0,51.5625,INF,step cross turn climb
Manny,Amilcar,2.604166666666667,0.0,51.5625,INF,step cross turn climb
Amilcar,Manny,2.604166666666667,0.0,51.5625,INF,step cross turn climb
Manny,Amilcar,2.604166666666667,0.0,51.5625,INF,step cross turn climb
Amilcar,Manny,2.7777777777777777,0.0,52.77777777777778,INF,stare stand
Amilcar,Manny,2.7777777777777777,0.0,52.77777777777778,INF,stare stand
Manny,Terri,8.088235294117647,5.147058823529411,45.588235294117645,1.5714285714285714,have deny steal offer find
Manny,Terri,0.5952380952380952,1.1904761904761905,60.11904761904761,0.5,say be kid do give
Manny,Terri,0.5952380952380952,1.1904761904761905,60.11904761904761,0.5,say be kid do give
Manny,Terri,0.5952380952380952,1.1904761904761905,60.11904761904761,0.5,say be kid do give
Manny,Terri,0.5952380952380952,1.1904761904761905,60.11904761904761,0.5,say be kid do give
Terri,Amilcar,2.840909090909091,0.0,51.70454545454546,INF,get cup make suck
Terri,Manny,2.840909090909091,0.0,51.70454545454546,INF,get cup make suck
Terri,Manny,2.840909090909091,0.0,51.70454545454546,INF,get cup make suck
Amilcar,Manny,2.840909090909091,0.0,51.70454545454546,INF,get cup make suck
Amilcar,Manny,2.840909090909091,0.0,51.70454545454546,INF,get cup make suck
Terri,Amilcar,5.208333333333334,0.0,53.125,INF,speed dart
Manny,Terri,3.8461538461538463,0.0,57.692307692307686,INF,grab get
Manny,Terri,3.8461538461538463,0.0,57.692307692307686,INF,grab get
Amilcar,Manny,5.803571428571429,0.8928571428571428,43.30357142857143,6.5,expect reach do strike grab
Terri,Amilcar,2.142857142857143,2.142857142857143,41.42857142857143,1.0,turn have pin push bang
Terri,Manny,2.142857142857143,2.142857142857143,41.42857142857143,1.0,turn have pin push bang
Terri,Manny,2.142857142857143,2.142857142857143,41.42857142857143,1.0,turn have pin push bang
Amilcar,Terri,2.142857142857143,2.142857142857143,41.42857142857143,1.0,turn have pin push bang
Amilcar,Manny,2.142857142857143,2.142857142857143,41.42857142857143,1.0,turn have pin push bang
Amilcar,Terri,2.142857142857143,2.142857142857143,41.42857142857143,1.0,turn have pin push bang
Amilcar,Manny,2.142857142857143,2.142857142857143,41.42857142857143,1.0,turn have pin push bang
Terri,Manny,2.142857142857143,2.142857142857143,41.42857142857143,1.0,turn have pin push bang
Terri,Manny,2.142857142857143,2.142857142857143,41.42857142857143,1.0,turn have pin push bang
Manny,Terri,2.142857142857143,2.142857142857143,41.42857142857143,1.0,turn have pin push bang
Terri,Manny,2.142857142857143,2.142857142857143,41.42857142857143,1.0,turn have pin push bang
James,Terri,0.8333333333333334,5.833333333333333,53.333333333333336,0.14285714285714285,appear pop
James,Amilcar,0.8333333333333334,5.833333333333333,53.333333333333336,0.14285714285714285,appear pop
Terri,Amilcar,0.8333333333333334,5.833333333333333,53.333333333333336,0.14285714285714285,appear pop
Amilcar,James,0.0,0.0,33.33333333333333,INF,hold
Manny,Ricky,0.0,0.0,14.285714285714285,INF,stand
Manny,Terri,0.0,2.430555555555556,55.90277777777778,0.0,drop see form
Manny,Terri,0.0,2.430555555555556,55.90277777777778,0.0,drop see form
Manny,Terri,0.0,2.430555555555556,55.90277777777778,0.0,drop see form
Terri,Manny,0.0,2.430555555555556,55.90277777777778,0.0,drop see form
James,Amilcar,0.0,0.0,50.0,INF,touch
James,Amilcar,11.11111111111111,0.0,44.44444444444444,INF,offer help
James,Amilcar,11.11111111111111,0.0,44.44444444444444,INF,offer help
Amilcar,James,0.0,5.0,55.00000000000001,0.0,be grab pinch
Amilcar,James,0.0,5.0,55.00000000000001,0.0,be grab pinch
Amilcar,James,0.0,5.0,55.00000000000001,0.0,be grab pinch
Amilcar,James,2.8846153846153846,7.6923076923076925,50.96153846153846,0.375,give amble
James,Adam,1.7857142857142856,0.0,64.88095238095238,INF,have stick
James,Adam,1.7857142857142856,0.0,64.88095238095238,INF,have stick
James,Adam,1.7857142857142856,0.0,64.88095238095238,INF,have stick
Ricky,Terri,3.4722222222222223,0.0,46.52777777777778,INF,offer wrap
Ricky,Terri,3.4722222222222223,0.0,46.52777777777778,INF,offer wrap
Ricky,Terri,3.4722222222222223,0.0,46.52777777777778,INF,offer wrap
Ricky,Terri,3.4722222222222223,0.0,46.52777777777778,INF,offer wrap
Ricky,Terri,3.4722222222222223,0.0,46.52777777777778,INF,offer wrap
Ricky,Terri,3.4722222222222223,0.0,46.52777777777778,INF,offer wrap
Terri,Amilcar,2.272727272727273,4.545454545454546,29.545454545454547,0.5,look have disappear
Terri,James,8.333333333333332,14.583333333333334,27.083333333333332,0.5714285714285714,leave
Manny,Ricky,1.7857142857142856,0.8928571428571428,40.17857142857143,2.0,be see
Manny,Ricky,1.7857142857142856,0.8928571428571428,40.17857142857143,2.0,be see
Ricky,James,3.125,1.0416666666666665,62.5,3.0,have be draw spiral
Manny,Ricky,0.0,0.0,50.0,INF,appear
James,Ricky,0.0,0.0,55.55555555555556,INF,
James,Ricky,0.0,0.0,47.82608695652174,INF,begin work hum
James,Ricky,0.0,0.0,47.82608695652174,INF,begin work hum
James,Ricky,1.4423076923076923,3.3653846153846154,52.88461538461539,0.42857142857142855,dry finish wipe
James,Ricky,1.4423076923076923,3.3653846153846154,52.88461538461539,0.42857142857142855,dry finish wipe
James,Ricky,1.4423076923076923,3.3653846153846154,52.88461538461539,0.42857142857142855,dry finish wipe
James,Ricky,1.9230769230769231,0.0,44.230769230769226,INF,comb flick
James,Ricky,0.0,0.0,58.333333333333336,INF,flip place
James,Ricky,1.7857142857142856,0.0,45.83333333333333,INF,make trim
James,Ricky,1.7857142857142856,0.0,45.83333333333333,INF,make trim
James,Ricky,0.0,2.5,47.5,0.0,laugh lower
James,Ricky,0.0,0.0,53.333333333333336,INF,say nudge hold
James,Ricky,2.083333333333333,2.083333333333333,54.166666666666664,1.0,lift hold hand
James,Ricky,2.083333333333333,2.083333333333333,54.166666666666664,1.0,lift hold hand
Manny,Ricky,2.604166666666667,0.0,55.729166666666664,INF,do close bury be
Manny,Ricky,2.604166666666667,0.0,55.729166666666664,INF,do close bury be
Manny,Ricky,2.604166666666667,0.0,55.729166666666664,INF,do close bury be
Red,Mr. Serjeant,3.6764705882352944,2.941176470588235,46.32352941176471,1.25,be handle
Antonio,Ricky,2.403846153846154,0.0,51.442307692307686,INF,do say hit come
Georgina,Senhora Machado,0.0,0.0,18.181818181818183,INF,say
Terri,Emanuel,2.6785714285714284,1.3392857142857142,45.982142857142854,2.0,do talk have happen do try hide
Saul Betesh,Emanuel,1.8518518518518516,2.314814814814815,58.79629629629629,0.8,call have lure come
Emanuel,Saul Betesh,0.5319148936170213,3.1914893617021276,53.72340425531915,0.16666666666666666,say keep pay give believe have know be do agree go
Emanuel,Saul Betesh,0.5319148936170213,3.1914893617021276,53.72340425531915,0.16666666666666666,say keep pay give believe have know be do agree go
Emanuel,Saul Betesh,0.5319148936170213,3.1914893617021276,53.72340425531915,0.16666666666666666,say keep pay give believe have know be do agree go
Senhora Gloria,Senhor Batista,0.0,0.0,16.666666666666664,INF,stand
Edite,Senhora Gloria,0.5208333333333333,0.5208333333333333,48.95833333333333,1.0,pass count honk appear squeeze
Edite,Senhor Batista,0.5208333333333333,0.5208333333333333,48.95833333333333,1.0,pass count honk appear squeeze
Senhora Gloria,Senhor Batista,0.5208333333333333,0.5208333333333333,48.95833333333333,1.0,pass count honk appear squeeze
Senhora Gloria,Terri,1.9230769230769231,0.0,51.92307692307693,INF,tighten have suck
Edite,God,2.34375,1.3020833333333335,54.6875,1.8,repeat be go enter be let cast
Senhor João,Edite,0.0,0.0,35.714285714285715,INF,duck say
Manny,Ricky,1.3888888888888888,0.0,54.166666666666664,INF,look see have climb
Ricky,James,3.75,1.25,55.00000000000001,3.0,stare have give
Ricky,James,3.75,1.25,55.00000000000001,3.0,stare have give
Billy,Senhor Matos,0.0,0.0,55.55555555555556,INF,see punch
Senhor Matos,Billy,0.0,0.0,55.55555555555556,INF,see punch
Senhor Matos,Billy,0.5,3.0,56.49999999999999,0.16666666666666666,be go keep run beat
Senhor Matos,Billy,0.5,3.0,56.49999999999999,0.16666666666666666,be go keep run beat
José Rafael,Emanuel,1.7045454545454544,1.1363636363636365,33.52272727272727,1.5,blame have happen
Edite,Emanuel,0.0,0.0,52.63157894736842,INF,shove drain
Edite,Emanuel,0.0,0.0,50.0,INF,lean tickle
Mr. Wilenski,Mr. Robins,0.0,0.0,62.5,INF,live
Mr. Robins,Mr. Wilenski,3.8461538461538463,0.9615384615384616,56.730769230769226,4.0,explain be
Mother Mary,Jesus,0.0,0.0,52.38095238095239,INF,strap lead
Manny,Ricky,0.78125,0.78125,42.1875,1.0,keep dodge look
Antonio,James,1.3157894736842104,1.3157894736842104,39.473684210526315,1.0,be whisper take
James,Edite,1.5625,0.0,60.9375,INF,whistle crack
Edite,James,1.3157894736842104,0.6578947368421052,55.92105263157895,2.0,need go say look
James,Edite,0.0,0.0,63.63636363636363,INF,hear urge come
Ricky,James,0.0,0.0,50.0,INF,be see crouch
James,Ricky,0.6944444444444444,0.0,60.416666666666664,INF,like wake tell
Manny,Ricky,1.1363636363636365,1.7045454545454544,51.70454545454546,0.6666666666666666,be spend do want miss
Ricky,Manny,1.1363636363636365,1.7045454545454544,51.70454545454546,0.6666666666666666,be spend do want miss
Edite,James,1.8382352941176472,1.1029411764705883,52.94117647058824,1.6666666666666667,tell think have speak ask keep be expect
Edite,James,1.8382352941176472,1.1029411764705883,52.94117647058824,1.6666666666666667,tell think have speak ask keep be expect
Edite,James,1.8382352941176472,1.1029411764705883,52.94117647058824,1.6666666666666667,tell think have speak ask keep be expect
Edite,James,1.8382352941176472,1.1029411764705883,52.94117647058824,1.6666666666666667,tell think have speak ask keep be expect
Manny,James,3.125,1.25,65.625,2.5,have be sneak wrap tuck
Manny,James,3.125,1.25,65.625,2.5,have be sneak wrap tuck
James,Manny,2.734375,1.171875,49.21875,2.3333333333333335,be say sit glue have flatten
James,Manny,2.734375,1.171875,49.21875,2.3333333333333335,be say sit glue have flatten
James,Manny,2.734375,1.171875,49.21875,2.3333333333333335,be say sit glue have flatten
Emanuel,James,1.0714285714285714,0.0,50.357142857142854,INF,go have create play build
James,Manny,1.25,0.4166666666666667,65.0,3.0,see do let spend like say
Manny,Eugene,0.0,2.083333333333333,57.91666666666667,0.0,be cruise rise
Manny,Trans Am,0.0,2.083333333333333,57.91666666666667,0.0,be cruise rise
Eugene,Manny,0.0,2.083333333333333,57.91666666666667,0.0,be cruise rise
Eugene,Trans Am,0.0,2.083333333333333,57.91666666666667,0.0,be cruise rise
Manny,Trans Am,0.0,2.083333333333333,57.91666666666667,0.0,be cruise rise
Eugene,Manny,3.125,0.0,34.375,INF,call
Manny,Eugene,1.9230769230769231,6.730769230769231,60.57692307692307,0.2857142857142857,say have find get
Eugene,James,2.717391304347826,0.5434782608695652,70.65217391304348,5.0,be have be work drop
James,Eugene,2.717391304347826,0.5434782608695652,70.65217391304348,5.0,be have be work drop
Eugene,Trans Am,0.0,0.4807692307692308,45.67307692307692,0.0,afford accord be
Eugene,Manny,0.0,0.4807692307692308,45.67307692307692,0.0,afford accord be
Eugene,Amilcar,0.0,0.4807692307692308,45.67307692307692,0.0,afford accord be
Eugene,Lygia,0.0,0.4807692307692308,45.67307692307692,0.0,afford accord be
Trans Am,Manny,0.0,0.4807692307692308,45.67307692307692,0.0,afford accord be
Trans Am,Amilcar,0.0,0.4807692307692308,45.67307692307692,0.0,afford accord be
Trans Am,Lygia,0.0,0.4807692307692308,45.67307692307692,0.0,afford accord be
Manny,Amilcar,0.0,0.4807692307692308,45.67307692307692,0.0,afford accord be
Manny,Lygia,0.0,0.4807692307692308,45.67307692307692,0.0,afford accord be
Amilcar,Lygia,0.0,0.4807692307692308,45.67307692307692,0.0,afford accord be
Trans Am,James,0.0,0.0,52.63157894736842,INF,do notice walk
James,bush,3.804347826086957,1.0869565217391304,64.67391304347827,3.5,have witness
James,bush,3.804347826086957,1.0869565217391304,64.67391304347827,3.5,have witness
Manny,Ricky,4.166666666666666,1.6666666666666667,40.833333333333336,2.5,get make
Mr. Wilenski,James,1.6304347826086956,3.260869565217391,51.63043478260869,0.5,look force think
Manny,Ricky,3.125,1.0416666666666665,45.83333333333333,3.0,be stand wait
Manny,James,3.125,1.0416666666666665,45.83333333333333,3.0,be stand wait
Ricky,James,3.125,1.0416666666666665,45.83333333333333,3.0,be stand wait
Manny,James,0.0,0.0,50.0,INF,approach raise
Manny,James,0.0,0.0,50.0,INF,approach raise
Edite,Senhora Gloria,0.4807692307692308,0.0,49.519230769230774,INF,run be point find stand pound
Edite,Agnes,0.4807692307692308,0.0,49.519230769230774,INF,run be point find stand pound
Edite,Senhora Gloria,0.4807692307692308,0.0,49.519230769230774,INF,run be point find stand pound
Senhora Gloria,Agnes,0.4807692307692308,0.0,49.519230769230774,INF,run be point find stand pound
Agnes,Senhora Gloria,0.4807692307692308,0.0,49.519230769230774,INF,run be point find stand pound
Senhora Gloria,Agnes,3.8461538461538463,4.807692307692308,37.5,0.8,whip
Edite,Senhora Gloria,0.7352941176470588,3.6764705882352944,42.64705882352941,0.2,channel throw
James,Senhora Gloria,8.035714285714286,2.6785714285714284,46.42857142857143,3.0,grab be lower
James,Senhora Gloria,8.035714285714286,2.6785714285714284,46.42857142857143,3.0,grab be lower
James,Senhora Gloria,1.0416666666666665,0.0,48.95833333333333,INF,squeeze drop
James,Ricky,0.0,4.464285714285714,45.535714285714285,0.0,kick pick take
Senhora Gloria,Agnes,0.0,5.769230769230769,48.07692307692308,0.0,spit miss turn stagger
Ricky,James,2.631578947368421,0.0,50.0,INF,see sit
James,Agnes,2.5,0.0,47.5,INF,have take live
Agnes,James,2.5,0.0,47.5,INF,have take live
James,Agnes,6.25,2.5,51.24999999999999,2.5,say need give
James,Agnes,0.6944444444444444,3.4722222222222223,56.94444444444444,0.2,be sneak
Manny,James,3.3333333333333335,2.5,47.5,1.3333333333333333,say be need do
Manny,James,3.3333333333333335,2.5,47.5,1.3333333333333333,say be need do
Manny,Ricky,3.3333333333333335,2.5,47.5,1.3333333333333333,say be need do
James,Ricky,3.3333333333333335,2.5,47.5,1.3333333333333333,say be need do
James,Ricky,3.3333333333333335,2.5,47.5,1.3333333333333333,say be need do
James,Agnes,0.8928571428571428,0.8928571428571428,55.35714285714286,1.0,have support get be
James,Agnes,0.8928571428571428,0.8928571428571428,55.35714285714286,1.0,have support get be
Ricky,James,5.113636363636364,2.272727272727273,47.159090909090914,2.25,say need steal need
Ricky,Woolworth,5.113636363636364,2.272727272727273,47.159090909090914,2.25,say need steal need
Ricky,Senhora Rosa,5.113636363636364,2.272727272727273,47.159090909090914,2.25,say need steal need
Ricky,James,5.113636363636364,2.272727272727273,47.159090909090914,2.25,say need steal need
Ricky,Woolworth,5.113636363636364,2.272727272727273,47.159090909090914,2.25,say need steal need
Ricky,Senhora Rosa,5.113636363636364,2.272727272727273,47.159090909090914,2.25,say need steal need
James,Woolworth,5.113636363636364,2.272727272727273,47.159090909090914,2.25,say need steal need
James,Senhora Rosa,5.113636363636364,2.272727272727273,47.159090909090914,2.25,say need steal need
Woolworth,Senhora Rosa,5.113636363636364,2.272727272727273,47.159090909090914,2.25,say need steal need
Edite,James,2.083333333333333,0.6944444444444444,58.333333333333336,3.0,say come work
Edite,Manny,0.0,0.0,66.66666666666666,INF,tell say be
Edite,James,0.0,0.0,66.66666666666666,INF,tell say be
Manny,James,0.0,0.0,66.66666666666666,INF,tell say be
Manny,James,0.0,1.6129032258064515,59.67741935483871,0.0,leave say take throw do
Manny,James,0.0,1.6129032258064515,59.67741935483871,0.0,leave say take throw do
James,Edite,1.7857142857142856,3.571428571428571,44.642857142857146,0.5,be meet say
James,Agnes,5.0,4.166666666666666,57.49999999999999,1.2,be take be
James,Ricky,1.6666666666666667,5.0,60.0,0.3333333333333333,say sneak twirl
James,Ricky,1.6666666666666667,5.0,60.0,0.3333333333333333,say sneak twirl
Ricky,James,1.6666666666666667,5.0,60.0,0.3333333333333333,say sneak twirl
Antonio,James,0.6944444444444444,0.0,49.30555555555556,INF,be say stretch
Antonio,James,0.6944444444444444,0.0,49.30555555555556,INF,be say stretch
Manny,James,0.0,0.0,53.333333333333336,INF,turn look
Agnes,Senhor Batista,0.0,0.0,33.33333333333333,INF,be
Agnes,Senhor Batista,1.6666666666666667,5.0,40.0,0.3333333333333333,be open say
Agnes,James,1.6666666666666667,5.0,40.0,0.3333333333333333,be open say
Agnes,Senhor Batista,1.6666666666666667,5.0,40.0,0.3333333333333333,be open say
Agnes,James,1.6666666666666667,5.0,40.0,0.3333333333333333,be open say
Senhor Batista,James,1.6666666666666667,5.0,40.0,0.3333333333333333,be open say
James,Manny,4.6875,1.5625,50.0,3.0,get lift
Manny,James,4.6875,1.5625,50.0,3.0,get lift
Ricky,Manny,0.0,0.0,41.17647058823529,INF,wedge try push
Ricky,James,0.0,0.0,41.17647058823529,INF,wedge try push
Ricky,Manny,0.0,0.0,41.17647058823529,INF,wedge try push
Ricky,Manny,0.0,0.0,41.17647058823529,INF,wedge try push
Manny,James,0.0,0.0,41.17647058823529,INF,wedge try push
James,Manny,0.0,0.0,41.17647058823529,INF,wedge try push
James,Manny,0.0,0.0,41.17647058823529,INF,wedge try push
Manny,Ricky,1.0416666666666665,0.0,32.29166666666667,INF,drop take
Ricky,Manny,1.0416666666666665,0.0,32.29166666666667,INF,drop take
James,Manny,1.25,0.0,58.75,INF,yell
Senhor Batista,Agnes,3.6764705882352944,5.147058823529411,44.11764705882353,0.7142857142857143,be brag do
James,Manny,2.1739130434782608,1.0869565217391304,44.565217391304344,2.0,cock be backhand spring run
James,Ricky,2.1739130434782608,1.0869565217391304,44.565217391304344,2.0,cock be backhand spring run
James,Manny,2.1739130434782608,1.0869565217391304,44.565217391304344,2.0,cock be backhand spring run
James,Ricky,2.1739130434782608,1.0869565217391304,44.565217391304344,2.0,cock be backhand spring run
Manny,Ricky,2.1739130434782608,1.0869565217391304,44.565217391304344,2.0,cock be backhand spring run
James,Manny,5.46875,1.5625,61.71875,3.5,be hear pant bound
James,Manny,3.125,1.5625,45.3125,2.0,be
Ricky,James,2.0,0.0,57.99999999999999,INF,take shoot spread stop
Ricky,James,2.0,0.0,57.99999999999999,INF,take shoot spread stop
Manny,Ricky,4.0,2.5,37.5,1.6,get forget leave
Manny,James,4.0,2.5,37.5,1.6,get forget leave
Manny,Emanuel,4.0,2.5,37.5,1.6,get forget leave
Ricky,James,4.0,2.5,37.5,1.6,get forget leave
Ricky,Emanuel,4.0,2.5,37.5,1.6,get forget leave
James,Emanuel,4.0,2.5,37.5,1.6,get forget leave
Georgina,Edite,0.0,1.3888888888888888,20.833333333333336,0.0,relax say
Edite,Agnes,4.166666666666666,1.3888888888888888,38.88888888888889,3.0,have go ask
Edite,Senhor Batista,4.166666666666666,1.3888888888888888,38.88888888888889,3.0,have go ask
Edite,Agnes,4.166666666666666,1.3888888888888888,38.88888888888889,3.0,have go ask
Edite,Senhor Batista,4.166666666666666,1.3888888888888888,38.88888888888889,3.0,have go ask
Agnes,Senhor Batista,4.166666666666666,1.3888888888888888,38.88888888888889,3.0,have go ask
Edite,Senhor Batista,2.2058823529411766,5.88235294117647,38.970588235294116,0.375,do manage say wish cut
Edite,Senhor Batista,2.2058823529411766,5.88235294117647,38.970588235294116,0.375,do manage say wish cut
Edite,Senhor Batista,2.2058823529411766,5.88235294117647,38.970588235294116,0.375,do manage say wish cut
Edite,Agnes,0.0,0.0,36.36363636363637,INF,ask live
Edite,Agnes,0.0,0.0,36.36363636363637,INF,ask live
Edite,James,1.9230769230769231,0.0,55.769230769230774,INF,say have offer get say be take
Edite,James,1.9230769230769231,0.0,55.769230769230774,INF,say have offer get say be take
Edite,James,1.9230769230769231,0.0,55.769230769230774,INF,say have offer get say be take
Edite,Agnes,1.9230769230769231,0.0,55.769230769230774,INF,say have offer get say be take
Edite,James,1.9230769230769231,0.0,55.769230769230774,INF,say have offer get say be take
Edite,James,1.9230769230769231,0.0,55.769230769230774,INF,say have offer get say be take
Edite,James,1.9230769230769231,0.0,55.769230769230774,INF,say have offer get say be take
Edite,Agnes,1.9230769230769231,0.0,55.769230769230774,INF,say have offer get say be take
James,Agnes,1.9230769230769231,0.0,55.769230769230774,INF,say have offer get say be take
James,Agnes,1.9230769230769231,0.0,55.769230769230774,INF,say have offer get say be take
James,Agnes,1.9230769230769231,0.0,55.769230769230774,INF,say have offer get say be take
Terri,Edite,4.166666666666666,4.166666666666666,45.0,1.0,smile know be feed
Terri,Edite,4.166666666666666,4.166666666666666,45.0,1.0,smile know be feed
Senhora Gloria,Senhor Batista,0.0,0.0,50.0,INF,hear be go say
Senhora Rosa,Agnes,0.8928571428571428,0.0,41.964285714285715,INF,say have go live
Senhora Rosa,Agnes,0.8928571428571428,0.0,41.964285714285715,INF,say have go live
Agnes,Senhora Gloria,1.3157894736842104,5.921052631578947,45.39473684210527,0.2222222222222222,have beat sleep
Agnes,Senhora Gloria,1.3157894736842104,5.921052631578947,45.39473684210527,0.2222222222222222,have beat sleep
Agnes,Senhora Gloria,1.3157894736842104,5.921052631578947,45.39473684210527,0.2222222222222222,have beat sleep
James,Agnes,0.0,2.5,57.49999999999999,0.0,marry tell
James,Agnes,0.0,0.0,50.0,INF,do have marry be
Agnes,James,0.0,0.0,50.0,INF,do have marry be
Eugene,Edite,1.4705882352941175,0.7352941176470588,44.85294117647059,2.0,be go marry say
Edite,Nair,1.5,2.5,40.0,0.6,nod open begin rub
Antonio,Edite,4.464285714285714,0.0,45.535714285714285,INF,make hear say
ANTOINE,Jesus,0.6944444444444444,1.3888888888888888,53.47222222222222,0.5,morn see close call
Senhora Rosa,Jesus,4.583333333333333,2.083333333333333,43.333333333333336,2.2,give hold close whisper do understand
Senhora Rosa,Jesus,4.583333333333333,2.083333333333333,43.333333333333336,2.2,give hold close whisper do understand
Antonio,Manelinho,0.0,0.0,44.44444444444444,INF,be exhale hand
Manny,James,0.0,0.0,45.16129032258064,INF,make climb hand-drop loop
Manny,James,0.0,0.0,45.16129032258064,INF,make climb hand-drop loop
Manny,Senhora Rosa,7.142857142857142,3.571428571428571,46.42857142857143,2.0,tell
Senhora Rosa,James,2.586206896551724,3.8793103448275863,62.5,0.6666666666666666,get be upset be take
Senhora Rosa,Agnes,2.586206896551724,3.8793103448275863,62.5,0.6666666666666666,get be upset be take
Senhora Rosa,James,2.586206896551724,3.8793103448275863,62.5,0.6666666666666666,get be upset be take
Senhora Rosa,Agnes,2.586206896551724,3.8793103448275863,62.5,0.6666666666666666,get be upset be take
James,Senhora Rosa,2.586206896551724,3.8793103448275863,62.5,0.6666666666666666,get be upset be take
James,Agnes,2.586206896551724,3.8793103448275863,62.5,0.6666666666666666,get be upset be take
Senhora Rosa,Agnes,2.586206896551724,3.8793103448275863,62.5,0.6666666666666666,get be upset be take
Manny,Ricky,2.840909090909091,4.545454545454546,51.70454545454546,0.625,be bust want know have finish whisper tingle think borrow
Ricky,Manny,2.840909090909091,4.545454545454546,51.70454545454546,0.625,be bust want know have finish whisper tingle think borrow
James,Manny,3.571428571428571,1.1904761904761905,42.857142857142854,3.0,do play say direct
James,Manny,3.571428571428571,1.1904761904761905,42.857142857142854,3.0,do play say direct
Manuel,God,4.891304347826087,0.0,47.28260869565217,INF,show be say
Manny,Senhora Rosa,4.487179487179487,0.9615384615384616,56.08974358974359,4.666666666666667,come mimic place tie
Senhora Rosa,Manny,4.487179487179487,0.9615384615384616,56.08974358974359,4.666666666666667,come mimic place tie
Senhora Rosa,Manny,4.487179487179487,0.9615384615384616,56.08974358974359,4.666666666666667,come mimic place tie
Ricky,Manny,2.631578947368421,0.6578947368421052,59.86842105263158,4.0,have be pull place
Antonio,Mr. Sowerby,6.61764705882353,1.4705882352941175,27.205882352941174,4.5,do know say
Jesus,Mr. Jay,5.555555555555555,4.861111111111112,50.69444444444444,1.1428571428571428,roar
Jesus,Mr. Jay,5.555555555555555,4.861111111111112,50.69444444444444,1.1428571428571428,roar
Terri,Pepsi,5.952380952380952,1.7857142857142856,49.404761904761905,3.3333333333333335,drop swipe take
Edite,Agnes,0.0,0.0,42.857142857142854,INF,know be stay
Agnes,Terri,0.0,4.807692307692308,49.03846153846153,0.0,piss snitch
James,Agnes,6.25,0.6944444444444444,65.27777777777779,9.0,figure be think take
James,Terri,2.7777777777777777,4.166666666666666,54.166666666666664,0.6666666666666666,need go deliver warn have figure
James,Agnes,6.950000000000001,5.55,50.0,1.2522522522522523,seem think be
Ricky,James,1.4705882352941175,4.411764705882353,70.58823529411765,0.3333333333333333,have give go
Manny,Patch,2.380952380952381,0.5952380952380952,77.97619047619048,4.0,tell have find fold
Manny,Patch,2.380952380952381,0.5952380952380952,77.97619047619048,4.0,tell have find fold
Ricky,James,0.0,1.9736842105263157,55.92105263157895,0.0,be deliver
Ricky,Red,0.0,1.9736842105263157,55.92105263157895,0.0,be deliver
James,Red,0.0,1.9736842105263157,55.92105263157895,0.0,be deliver
Ricky,Agnes,4.901960784313726,1.2254901960784315,58.57843137254902,4.0,do make bother catch use have scar rock have salvage
Ricky,James,4.901960784313726,1.2254901960784315,58.57843137254902,4.0,do make bother catch use have scar rock have salvage
Ricky,Manny,4.901960784313726,1.2254901960784315,58.57843137254902,4.0,do make bother catch use have scar rock have salvage
Agnes,Ricky,4.901960784313726,1.2254901960784315,58.57843137254902,4.0,do make bother catch use have scar rock have salvage
Agnes,James,4.901960784313726,1.2254901960784315,58.57843137254902,4.0,do make bother catch use have scar rock have salvage
Agnes,Manny,4.901960784313726,1.2254901960784315,58.57843137254902,4.0,do make bother catch use have scar rock have salvage
Ricky,James,4.901960784313726,1.2254901960784315,58.57843137254902,4.0,do make bother catch use have scar rock have salvage
Ricky,Manny,4.901960784313726,1.2254901960784315,58.57843137254902,4.0,do make bother catch use have scar rock have salvage
James,Manny,4.901960784313726,1.2254901960784315,58.57843137254902,4.0,do make bother catch use have scar rock have salvage
Manny,Ricky,2.976190476190476,0.5952380952380952,53.57142857142857,5.0,think be look drop keep
Manny,James,2.976190476190476,0.5952380952380952,53.57142857142857,5.0,think be look drop keep
Ricky,James,2.976190476190476,0.5952380952380952,53.57142857142857,5.0,think be look drop keep
Manny,James,2.380952380952381,4.166666666666666,55.35714285714286,0.5714285714285714,keep add steal sell
James,Manny,2.5,0.0,57.49999999999999,INF,have show
James,Manny,2.857142857142857,0.35714285714285715,39.64285714285714,8.0,tell spray-paint get have stop fume be
James,Agnes,2.857142857142857,0.35714285714285715,39.64285714285714,8.0,tell spray-paint get have stop fume be
Manny,Agnes,2.857142857142857,0.35714285714285715,39.64285714285714,8.0,tell spray-paint get have stop fume be
Manny,Ricky,1.9021739130434785,1.358695652173913,59.78260869565217,1.4,make see do be be teach come tell be show be give
James,Agnes,0.0,0.0,60.0,INF,tell be do bring
James,Agnes,0.0,0.0,60.0,INF,tell be do bring
James,Patch,2.5,1.0,68.5,2.5,be catch lift
James,Patch,2.5,1.0,68.5,2.5,be catch lift
God,James,1.0416666666666665,0.0,48.95833333333333,INF,get chuckle
Manny,Ricky,0.0,0.0,37.5,INF,duck
Manny,Ricky,0.0,0.0,41.66666666666667,INF,lower
Antonio,Agnes,1.1363636363636365,1.1363636363636365,25.0,1.0,be say
Agnes,Manny,1.9736842105263157,4.605263157894736,46.05263157894737,0.42857142857142855,agne look make do need protect
Agnes,James,1.9736842105263157,4.605263157894736,46.05263157894737,0.42857142857142855,agne look make do need protect
Manny,Agnes,1.9736842105263157,4.605263157894736,46.05263157894737,0.42857142857142855,agne look make do need protect
Manny,James,1.9736842105263157,4.605263157894736,46.05263157894737,0.42857142857142855,agne look make do need protect
Manny,Agnes,1.9736842105263157,4.605263157894736,46.05263157894737,0.42857142857142855,agne look make do need protect
Agnes,James,1.9736842105263157,4.605263157894736,46.05263157894737,0.42857142857142855,agne look make do need protect
James,Agnes,1.9736842105263157,4.605263157894736,46.05263157894737,0.42857142857142855,agne look make do need protect
Senhor Batista,Agnes,4.166666666666666,2.083333333333333,65.97222222222221,2.0,know be be be mix
Senhor Batista,Agnes,2.389705882352941,4.044117647058823,52.38970588235294,0.5909090909090909,think mount wheeze mist help think tell have be warn kill give be
Senhor Batista,Agnes,2.389705882352941,4.044117647058823,52.38970588235294,0.5909090909090909,think mount wheeze mist help think tell have be warn kill give be
Agnes,Senhor Batista,2.389705882352941,4.044117647058823,52.38970588235294,0.5909090909090909,think mount wheeze mist help think tell have be warn kill give be
Agnes,Senhor Batista,2.389705882352941,4.044117647058823,52.38970588235294,0.5909090909090909,think mount wheeze mist help think tell have be warn kill give be
Senhor Batista,Agnes,2.389705882352941,4.044117647058823,52.38970588235294,0.5909090909090909,think mount wheeze mist help think tell have be warn kill give be
Senhor Batista,Agnes,2.389705882352941,4.044117647058823,52.38970588235294,0.5909090909090909,think mount wheeze mist help think tell have be warn kill give be
Manny,Agnes,2.631578947368421,0.6578947368421052,59.86842105263158,4.0,place run
Manny,Agnes,2.631578947368421,0.6578947368421052,59.86842105263158,4.0,place run
Manny,Agnes,0.0,3.3333333333333335,30.0,0.0,do rock
James,Manny,2.941176470588235,0.0,55.88235294117647,INF,yank light crumple
James,Manny,2.941176470588235,0.0,55.88235294117647,INF,yank light crumple
Ricky,James,0.8333333333333334,1.6666666666666667,37.5,0.5,have get whisper
James,Ricky,0.5434782608695652,0.0,47.28260869565217,INF,let go motion get come
James,Ricky,0.5434782608695652,0.0,47.28260869565217,INF,let go motion get come
James,Ricky,0.5434782608695652,0.0,47.28260869565217,INF,let go motion get come
Ricky,James,1.7857142857142856,1.1904761904761905,68.45238095238095,1.5,be be wait dunk
James,Ricky,6.25,0.625,43.125,10.0,turn have be wait cup
James,Ricky,6.25,0.625,43.125,10.0,turn have be wait cup
Ricky,James,6.25,0.625,43.125,10.0,turn have be wait cup
James,Ricky,6.25,0.625,43.125,10.0,turn have be wait cup
Antonio,James,3.515625,0.78125,36.328125,4.5,know stash do want steal say
James,Antonio,7.8125,0.0,17.1875,INF,know
James,Son Ltd.,3.6764705882352944,0.7352941176470588,54.41176470588235,5.0,be go be
Son Ltd.,James,3.6764705882352944,0.7352941176470588,54.41176470588235,5.0,be go be
Edite,Red,2.083333333333333,6.25,58.333333333333336,0.3333333333333333,have grow
Manny,Ricky,1.8518518518518516,4.62962962962963,60.18518518518518,0.4,have be smoke be know smoke ask deny
Manny,Ricky,1.8518518518518516,4.62962962962963,60.18518518518518,0.4,have be smoke be know smoke ask deny
Werner Gruener,Emanuel,6.25,4.6875,39.0625,1.3333333333333333,do help
Werner Gruener,Saul Betesh,1.8518518518518516,0.0,46.2962962962963,INF,hear open
Werner Gruener,Emanuel,1.8518518518518516,0.0,46.2962962962963,INF,hear open
Werner Gruener,Saul Betesh,1.8518518518518516,0.0,46.2962962962963,INF,hear open
Werner Gruener,Emanuel,1.8518518518518516,0.0,46.2962962962963,INF,hear open
Saul Betesh,Emanuel,1.8518518518518516,0.0,46.2962962962963,INF,hear open
James,Agnes,0.0,0.0,40.0,INF,be determine take
Agnes,James,2.5,0.0,37.5,INF,say want stay
Agnes,James,2.5,0.0,37.5,INF,say want stay
Agnes,James,0.0,1.3157894736842104,56.57894736842105,0.0,do choose stay do want take
James,Agnes,0.0,1.3157894736842104,56.57894736842105,0.0,do choose stay do want take
Agnes,James,2.272727272727273,0.0,52.27272727272727,INF,be have have
James,Agnes,1.6666666666666667,0.0,51.66666666666667,INF,say be be get
Agnes,James,1.6666666666666667,0.0,51.66666666666667,INF,say be be get
James,Edite,0.5434782608695652,5.434782608695652,37.5,0.1,hurt whisper kiss plink
James,Edite,0.5434782608695652,5.434782608695652,37.5,0.1,hurt whisper kiss plink
Johnny,Edite,0.0,0.0,25.0,INF,say
Senhora Rodrigues,Edite,3.125,2.6785714285714284,47.767857142857146,1.1666666666666667,be slam deliver
Ricky,James,0.8928571428571428,0.0,63.39285714285714,INF,get catch say
Ricky,James,0.8928571428571428,0.0,63.39285714285714,INF,get catch say
Ricky,Amilcar,0.78125,1.953125,44.140625,0.4,come cry peek
Ricky,Poom Pooms,0.78125,1.953125,44.140625,0.4,come cry peek
Amilcar,Poom Pooms,0.78125,1.953125,44.140625,0.4,come cry peek
Manny,Jesus,0.0,0.6944444444444444,54.861111111111114,0.0,say glare
James,Emanuel,1.5,1.0,49.5,1.5,be make think
Emanuel,James,3.273809523809524,7.440476190476191,51.19047619047619,0.44,be explain seem be be have be have be murder have drop
Ricky,James,1.9230769230769231,4.807692307692308,54.807692307692314,0.4,go call
Ricky,James,1.9230769230769231,4.807692307692308,54.807692307692314,0.4,go call
Amilcar,Manny,6.25,0.0,43.75,INF,have leave
Amilcar,Manny,1.6304347826086956,0.0,46.19565217391305,INF,see lean drop
Amilcar,Manny,1.6304347826086956,0.0,46.19565217391305,INF,see lean drop
Manny,Amilcar,1.5625,0.0,73.4375,INF,be go have see be
Amilcar,Manny,1.0416666666666665,0.0,32.29166666666667,INF,flick lower
Agnes,James,5.681818181818182,0.0,57.95454545454546,INF,tell find
Agnes,James,0.5952380952380952,0.0,47.023809523809526,INF,sound go do like
Agnes,James,0.5952380952380952,0.0,47.023809523809526,INF,sound go do like
Agnes,James,0.5952380952380952,0.0,47.023809523809526,INF,sound go do like
Agnes,James,0.5952380952380952,0.0,47.023809523809526,INF,sound go do like
Agnes,James,0.5952380952380952,0.0,47.023809523809526,INF,sound go do like
Agnes,James,0.5952380952380952,0.0,47.023809523809526,INF,sound go do like
Agnes,James,5.092592592592593,1.8518518518518516,52.31481481481482,2.75,wonder know be do do be tell
James,Agnes,5.092592592592593,1.8518518518518516,52.31481481481482,2.75,wonder know be do do be tell
James,Agnes,5.092592592592593,1.8518518518518516,52.31481481481482,2.75,wonder know be do do be tell
Manny,Eugene,4.0,1.0,47.0,4.0,have be spread have be involve
Manny,Amilcar,4.0,1.0,47.0,4.0,have be spread have be involve
Eugene,Amilcar,4.0,1.0,47.0,4.0,have be spread have be involve
James,Manny,0.0,0.0,33.33333333333333,INF,be
Manny,James,2.5,1.25,56.25,2.0,have be sell give pocket
Manny,Amilcar,1.5,0.0,58.5,INF,press manage get have mention be
Manny,Adam,1.5,0.0,58.5,INF,press manage get have mention be
Amilcar,Adam,1.5,0.0,58.5,INF,press manage get have mention be
Adam,James,0.0,1.7857142857142856,62.5,0.0,try walk avoid shadow
Adam,James,0.0,1.7857142857142856,62.5,0.0,try walk avoid shadow
Adam,James,0.0,1.7857142857142856,62.5,0.0,try walk avoid shadow
Adam,James,0.0,4.6875,45.3125,0.0,turn block
Adam,James,0.0,4.6875,45.3125,0.0,turn block
Adam,James,0.0,0.0,54.54545454545454,INF,try sidestep pursue
Adam,James,0.0,0.0,54.54545454545454,INF,try sidestep pursue
James,Adam,0.7352941176470588,0.0,52.20588235294118,INF,flick snap
James,Adam,0.7352941176470588,0.0,52.20588235294118,INF,flick snap
James,Adam,0.7352941176470588,0.0,52.20588235294118,INF,flick snap
Adam,James,0.7352941176470588,0.0,52.20588235294118,INF,flick snap
James,Adam,0.78125,2.34375,71.875,0.3333333333333333,grab
James,Manny,0.0,0.0,50.0,INF,yell
James,Adam,3.4722222222222223,0.6944444444444444,56.94444444444444,5.0,get allow collect have be
James,Adam,3.4722222222222223,0.6944444444444444,56.94444444444444,5.0,get allow collect have be
Adam,James,1.6666666666666667,0.4166666666666667,54.58333333333333,4.0,be do reach step crush
Adam,James,1.6666666666666667,0.4166666666666667,54.58333333333333,4.0,be do reach step crush
Adam,James,1.6666666666666667,0.4166666666666667,54.58333333333333,4.0,be do reach step crush
Adam,James,1.6666666666666667,0.4166666666666667,54.58333333333333,4.0,be do reach step crush
James,Adam,4.166666666666666,5.208333333333334,57.291666666666664,0.8,be get
Adam,Dickie Dee,0.0,4.464285714285714,59.82142857142857,0.0,be whistle look
Dickie Dee,Adam,0.0,4.464285714285714,59.82142857142857,0.0,be whistle look
Agnes,James,2.5,0.0,57.49999999999999,INF,watch eat
Antonio,Agnes,3.260869565217391,1.0869565217391304,34.78260869565217,3.0,be begin raise shut
Antonio,James,3.260869565217391,1.0869565217391304,34.78260869565217,3.0,be begin raise shut
Antonio,James,3.260869565217391,1.0869565217391304,34.78260869565217,3.0,be begin raise shut
Antonio,Agnes,3.260869565217391,1.0869565217391304,34.78260869565217,3.0,be begin raise shut
Agnes,James,3.260869565217391,1.0869565217391304,34.78260869565217,3.0,be begin raise shut
Agnes,James,3.260869565217391,1.0869565217391304,34.78260869565217,3.0,be begin raise shut
James,Agnes,3.260869565217391,1.0869565217391304,34.78260869565217,3.0,be begin raise shut
James,Agnes,3.260869565217391,1.0869565217391304,34.78260869565217,3.0,be begin raise shut
James,Agnes,0.8928571428571428,4.910714285714286,44.19642857142857,0.18181818181818182,be catch ask come
James,Ricky,0.8928571428571428,4.910714285714286,44.19642857142857,0.18181818181818182,be catch ask come
James,Manny,0.8928571428571428,4.910714285714286,44.19642857142857,0.18181818181818182,be catch ask come
Agnes,Ricky,0.8928571428571428,4.910714285714286,44.19642857142857,0.18181818181818182,be catch ask come
Agnes,Manny,0.8928571428571428,4.910714285714286,44.19642857142857,0.18181818181818182,be catch ask come
Agnes,James,0.8928571428571428,4.910714285714286,44.19642857142857,0.18181818181818182,be catch ask come
Agnes,James,0.8928571428571428,4.910714285714286,44.19642857142857,0.18181818181818182,be catch ask come
Agnes,James,0.8928571428571428,4.910714285714286,44.19642857142857,0.18181818181818182,be catch ask come
Ricky,Manny,0.8928571428571428,4.910714285714286,44.19642857142857,0.18181818181818182,be catch ask come
Ricky,James,0.8928571428571428,4.910714285714286,44.19642857142857,0.18181818181818182,be catch ask come
Ricky,James,0.8928571428571428,4.910714285714286,44.19642857142857,0.18181818181818182,be catch ask come
Ricky,James,0.8928571428571428,4.910714285714286,44.19642857142857,0.18181818181818182,be catch ask come
Manny,James,0.8928571428571428,4.910714285714286,44.19642857142857,0.18181818181818182,be catch ask come
Manny,James,0.8928571428571428,4.910714285714286,44.19642857142857,0.18181818181818182,be catch ask come
Manny,James,0.8928571428571428,4.910714285714286,44.19642857142857,0.18181818181818182,be catch ask come
James,Adam,3.125,0.4464285714285714,53.57142857142857,7.0,come visit be have do let
James,Adam,3.125,0.4464285714285714,53.57142857142857,7.0,come visit be have do let
James,Adam,3.125,0.4464285714285714,53.57142857142857,7.0,come visit be have do let
James,Adam,3.125,0.4464285714285714,53.57142857142857,7.0,come visit be have do let
James,Agnes,0.0,0.0,41.66666666666667,INF,step whip
James,Agnes,0.0,0.0,41.66666666666667,INF,step whip
James,Agnes,2.7777777777777777,0.6944444444444444,46.52777777777778,4.0,tease try help dance
James,Agnes,2.7777777777777777,0.6944444444444444,46.52777777777778,4.0,tease try help dance
James,Agnes,2.7777777777777777,0.6944444444444444,46.52777777777778,4.0,tease try help dance
James,Agnes,0.0,2.6785714285714284,47.32142857142857,0.0,take try
James,Agnes,0.0,0.0,45.45454545454545,INF,go say
Ricky,James,1.4705882352941175,6.61764705882353,50.73529411764706,0.2222222222222222,have go be belong
Ricky,Agnes,1.4705882352941175,6.61764705882353,50.73529411764706,0.2222222222222222,have go be belong
James,Agnes,1.4705882352941175,6.61764705882353,50.73529411764706,0.2222222222222222,have go be belong
Agnes,James,1.5625,0.78125,41.40625,2.0,be touch brush
Poom Pooms,Amilcar,2.272727272727273,0.5681818181818182,47.159090909090914,4.0,have overhear tell have lose
Amilcar,Poom Pooms,2.272727272727273,0.5681818181818182,47.159090909090914,4.0,have overhear tell have lose
Ricky,James,4.464285714285714,2.6785714285714284,57.14285714285714,1.6666666666666667,say have be impress
Manny,Ricky,1.6666666666666667,0.0,38.333333333333336,INF,have stand
Markham,Mr. Serjeant,2.8846153846153846,0.0,50.96153846153846,INF,beeline
James,Edite,0.0,3.8461538461538463,50.0,0.0,do want think keep
Edite,James,4.464285714285714,0.0,45.535714285714285,INF,be make tick say
Edite,Emanuel,2.7777777777777777,3.2407407407407405,49.53703703703704,0.8571428571428571,be have affect have be make look
Edite,James,5.88235294117647,0.0,64.70588235294117,INF,have make be have save
Lygia,Eugene,3.9473684210526314,2.631578947368421,40.78947368421053,1.5,be go meet talk get marry
Agnes,James,0.625,0.0,54.37499999999999,INF,turn unzip reach clean
Agnes,James,0.625,0.0,54.37499999999999,INF,turn unzip reach clean
Agnes,James,0.625,0.0,54.37499999999999,INF,turn unzip reach clean
Agnes,James,3.125,0.625,46.25,5.0,reach look rest
Agnes,James,3.125,0.625,46.25,5.0,reach look rest
Agnes,James,3.125,0.625,46.25,5.0,reach look rest
Agnes,James,3.125,0.625,46.25,5.0,reach look rest
James,Agnes,3.125,0.625,46.25,5.0,reach look rest
James,Agnes,3.125,0.625,46.25,5.0,reach look rest
Agnes,James,3.125,0.625,46.25,5.0,reach look rest
Agnes,James,3.125,0.625,46.25,5.0,reach look rest
Ricky,Red,0.0,5.357142857142857,23.214285714285715,0.0,follow
Ricky,James,0.0,0.0,45.45454545454545,INF,do let see add
Red,Markham,5.092592592592593,2.7777777777777777,62.5,1.8333333333333333,live
Red,Ricky,5.092592592592593,2.7777777777777777,62.5,1.8333333333333333,live
Red,Edite,5.092592592592593,2.7777777777777777,62.5,1.8333333333333333,live
Markham,Ricky,5.092592592592593,2.7777777777777777,62.5,1.8333333333333333,live
Markham,Edite,5.092592592592593,2.7777777777777777,62.5,1.8333333333333333,live
Ricky,Edite,5.092592592592593,2.7777777777777777,62.5,1.8333333333333333,live
Red,Ricky,1.9736842105263157,2.631578947368421,63.81578947368421,0.75,see elongate shrink turn come
Ricky,Red,0.5681818181818182,1.7045454545454544,61.36363636363637,0.3333333333333333,carry look place
Red,Ricky,2.083333333333333,4.166666666666666,68.75,0.5,plunk
Red,Ricky,2.083333333333333,4.166666666666666,68.75,0.5,plunk
Ricky,Red,0.0,7.291666666666667,59.375,0.0,position
Red,Ricky,6.666666666666667,4.166666666666666,49.166666666666664,1.6,reach draw
Red,Ricky,6.666666666666667,4.166666666666666,49.166666666666664,1.6,reach draw
Ricky,bush,0.0,4.166666666666666,62.5,0.0,be hide
Ricky,bush,0.0,4.166666666666666,62.5,0.0,be hide
Ricky,Red,5.769230769230769,3.8461538461538463,55.769230769230774,1.5,be place come slap
Ricky,bush,5.769230769230769,3.8461538461538463,55.769230769230774,1.5,be place come slap
Ricky,Red,5.769230769230769,3.8461538461538463,55.769230769230774,1.5,be place come slap
Ricky,Red,5.769230769230769,3.8461538461538463,55.769230769230774,1.5,be place come slap
Ricky,bush,5.769230769230769,3.8461538461538463,55.769230769230774,1.5,be place come slap
Ricky,Red,5.769230769230769,3.8461538461538463,55.769230769230774,1.5,be place come slap
Red,bush,5.769230769230769,3.8461538461538463,55.769230769230774,1.5,be place come slap
Red,Ricky,5.769230769230769,3.8461538461538463,55.769230769230774,1.5,be place come slap
bush,Red,5.769230769230769,3.8461538461538463,55.769230769230774,1.5,be place come slap
bush,Ricky,5.769230769230769,3.8461538461538463,55.769230769230774,1.5,be place come slap
Red,Ricky,5.769230769230769,3.8461538461538463,55.769230769230774,1.5,be place come slap
Red,Ricky,3.125,1.5625,45.3125,2.0,know do do know do
Red,Ricky,6.25,4.6875,57.8125,1.3333333333333333,fall close spread
Red,Ricky,6.25,4.6875,57.8125,1.3333333333333333,fall close spread
Red,Ricky,6.25,4.6875,57.8125,1.3333333333333333,fall close spread
James,Ricky,0.0,3.75,56.25,0.0,be send do
Ricky,Red,0.0,2.083333333333333,47.91666666666667,0.0,turn walk
Ricky,Markham,0.0,2.083333333333333,47.91666666666667,0.0,turn walk
Red,Markham,0.0,2.083333333333333,47.91666666666667,0.0,turn walk
James,Manny,4.807692307692308,0.0,49.03846153846153,INF,look know do say
James,Ricky,6.25,3.3333333333333335,53.75,1.875,do touch know do do be
James,Ricky,6.25,3.3333333333333335,53.75,1.875,do touch know do do be
Ricky,Amilcar,0.0,0.0,44.44444444444444,INF,take
Amilcar,Manny,0.0,7.03125,49.21875,0.0,be stick
Manny,Ricky,0.8333333333333334,0.0,45.83333333333333,INF,say point run meet
Manny,Ricky,0.0,0.0,33.33333333333333,INF,see say
Ricky,Manny,0.0,0.0,52.94117647058824,INF,reach take take
Manny,Ricky,0.0,13.750000000000002,36.25,0.0,grin try cough
Edite,Johnny,2.6785714285714284,0.0,61.60714285714286,INF,have tell be look
Edite,Johnny,2.6785714285714284,0.0,61.60714285714286,INF,have tell be look
Manny,Edite,0.8333333333333334,0.8333333333333334,38.333333333333336,1.0,think raid take
Manny,James,0.8333333333333334,0.8333333333333334,38.333333333333336,1.0,think raid take
Edite,James,0.8333333333333334,0.8333333333333334,38.333333333333336,1.0,think raid take
Manny,Edite,0.0,0.0,45.0,INF,open tackle fall laugh
James,Edite,5.555555555555555,1.3888888888888888,59.72222222222222,4.0,say have be help
Manny,Edite,1.5625,0.0,60.9375,INF,be lurk
Ricky,Red,0.0,3.125,30.208333333333332,0.0,send
Amilcar,Ricky,1.6666666666666667,7.5,37.5,0.2222222222222222,take call
Agnes,James,0.6578947368421052,1.3157894736842104,45.39473684210527,0.5,take think dish
William,Antonio,3.571428571428571,7.142857142857142,17.857142857142858,0.5,be
Edite,Johnny,2.941176470588235,2.941176470588235,52.94117647058824,1.0,have be tell be
Antonio,Adam,4.464285714285714,1.7857142857142856,40.17857142857143,2.5,do close say poke raise touch
Antonio,Adam,4.464285714285714,1.7857142857142856,40.17857142857143,2.5,do close say poke raise touch
Antonio,Adam,4.464285714285714,1.7857142857142856,40.17857142857143,2.5,do close say poke raise touch
Antonio,Adam,4.464285714285714,1.7857142857142856,40.17857142857143,2.5,do close say poke raise touch
Amilcar,Adam,0.5952380952380952,2.6785714285714284,44.345238095238095,0.2222222222222222,erase perch flicker appear turn
James,Edite,1.7857142857142856,0.25510204081632654,55.10204081632652,7.0,snap suck quicken pass have make be leave
James,Adam,1.7857142857142856,0.25510204081632654,55.10204081632652,7.0,snap suck quicken pass have make be leave
Edite,Adam,1.7857142857142856,0.25510204081632654,55.10204081632652,7.0,snap suck quicken pass have make be leave
Ricky,Agnes,0.0,0.0,44.44444444444444,INF,kneel urge hold
Ricky,Agnes,0.0,0.0,44.44444444444444,INF,kneel urge hold
Agnes,Ricky,0.0,0.0,44.44444444444444,INF,kneel urge hold
Ricky,Agnes,0.0,0.0,44.44444444444444,INF,kneel urge hold
Ricky,Agnes,0.0,0.0,50.0,INF,be keep rub urge hold
Ricky,Agnes,0.0,0.0,50.0,INF,be keep rub urge hold
Ricky,Agnes,0.0,0.0,50.0,INF,be keep rub urge hold
Ricky,Agnes,0.0,0.0,50.0,INF,be keep rub urge hold
Ricky,Agnes,5.0,8.75,36.25,0.5714285714285714,say let leave
Ricky,Agnes,5.0,8.75,36.25,0.5714285714285714,say let leave
Ricky,Agnes,0.0,5.208333333333334,36.45833333333333,0.0,stand cradle
Mary,Ricky,0.0,1.3157894736842104,40.78947368421053,0.0,hold whisper take
Ricky,James,0.0,0.0,55.55555555555556,INF,hold
James,Agnes,0.0,4.166666666666666,49.166666666666664,0.0,walk take cover
James,Agnes,0.0,4.166666666666666,49.166666666666664,0.0,walk take cover
James,Agnes,0.0,4.166666666666666,49.166666666666664,0.0,walk take cover
James,Agnes,4.3478260869565215,0.0,43.47826086956522,INF,plunge match rock
James,Agnes,4.3478260869565215,0.0,43.47826086956522,INF,plunge match rock
James,Agnes,4.3478260869565215,0.0,43.47826086956522,INF,plunge match rock
James,Agnes,4.3478260869565215,0.0,43.47826086956522,INF,plunge match rock
James,Agnes,4.3478260869565215,0.0,43.47826086956522,INF,plunge match rock
James,Agnes,4.3478260869565215,0.0,43.47826086956522,INF,plunge match rock
James,Agnes,2.272727272727273,0.0,61.36363636363637,INF,have place
James,Agnes,2.5,1.0,48.5,2.5,touch stare hum rock
James,Agnes,2.5,1.0,48.5,2.5,touch stare hum rock
James,Agnes,2.5,1.0,48.5,2.5,touch stare hum rock
Mary,Ricky,1.9230769230769231,0.9615384615384616,43.269230769230774,2.0,be have say
Manuel,Ricky,0.0,6.944444444444445,43.05555555555556,0.0,say pull
Manuel,Ricky,0.0,6.944444444444445,43.05555555555556,0.0,say pull
Manuel,Ricky,0.0,6.944444444444445,43.05555555555556,0.0,say pull
Baby Mary,Ricky,0.8333333333333334,0.4166666666666667,58.75,2.0,have give feel be do roll
Baby Mary,Ricky,0.8333333333333334,0.4166666666666667,58.75,2.0,have give feel be do roll
James,Agnes,0.0,0.0,50.0,INF,carry
James,Agnes,0.0,0.0,50.0,INF,carry
James,Agnes,0.0,0.0,50.0,INF,do leave
Agnes,James,0.0,0.7352941176470588,52.20588235294118,0.0,sleep lay
James,Agnes,0.0,0.7352941176470588,52.20588235294118,0.0,sleep lay
Baby Mary,Agnes,2.7777777777777777,0.0,63.888888888888886,INF,have pass be want see
Agnes,James,1.1363636363636365,0.0,44.31818181818182,INF,get say think snap
James,Agnes,1.1363636363636365,0.0,44.31818181818182,INF,get say think snap
Agnes,James,2.5,1.25,36.25,2.0,be say
Manny,Agnes,0.625,0.0,54.37499999999999,INF,take rock set
Ricky,Agnes,0.0,0.0,41.17647058823529,INF,send see get eat
Ricky,Agnes,0.0,0.0,41.17647058823529,INF,send see get eat
James,Adam,1.3888888888888888,1.3888888888888888,63.888888888888886,1.0,
James,Agnes,5.208333333333334,3.125,41.66666666666667,1.6666666666666667,close say like touch know
James,Agnes,5.208333333333334,3.125,41.66666666666667,1.6666666666666667,close say like touch know
Ricky,Manny,2.272727272727273,0.5681818181818182,47.159090909090914,4.0,have have assemble
Agnes,Adam,5.88235294117647,2.2058823529411766,50.73529411764706,2.6666666666666665,have find
Woolworth,Terri,2.631578947368421,0.0,44.73684210526316,INF,have score have help
Woolworth,Terri,2.631578947368421,0.0,44.73684210526316,INF,have score have help
Ricky,Red,0.0,3.4090909090909087,51.13636363636363,0.0,see trail
James,Ricky,3.4722222222222223,4.166666666666666,53.47222222222222,0.8333333333333334,look
James,Ricky,3.4722222222222223,4.166666666666666,53.47222222222222,0.8333333333333334,look
Ricky,Red,0.0,2.6785714285714284,47.32142857142857,0.0,be say sidestep
Red,Ricky,0.0,2.6785714285714284,47.32142857142857,0.0,be say sidestep
James,Ricky,3.571428571428571,0.0,60.71428571428571,INF,go shoot touch
Ricky,James,1.2096774193548387,0.4032258064516129,50.0,3.0,whip let lay carry have set
Ricky,Agnes,1.2096774193548387,0.4032258064516129,50.0,3.0,whip let lay carry have set
Ricky,James,1.2096774193548387,0.4032258064516129,50.0,3.0,whip let lay carry have set
Ricky,Agnes,1.2096774193548387,0.4032258064516129,50.0,3.0,whip let lay carry have set
Ricky,James,1.2096774193548387,0.4032258064516129,50.0,3.0,whip let lay carry have set
Ricky,Agnes,1.2096774193548387,0.4032258064516129,50.0,3.0,whip let lay carry have set
Ricky,James,1.2096774193548387,0.4032258064516129,50.0,3.0,whip let lay carry have set
Ricky,Agnes,1.2096774193548387,0.4032258064516129,50.0,3.0,whip let lay carry have set
Ricky,James,1.2096774193548387,0.4032258064516129,50.0,3.0,whip let lay carry have set
Ricky,Agnes,1.2096774193548387,0.4032258064516129,50.0,3.0,whip let lay carry have set
James,Agnes,1.2096774193548387,0.4032258064516129,50.0,3.0,whip let lay carry have set
James,Agnes,5.0,0.625,54.37499999999999,8.0,have position have be
Ricky,James,4.166666666666666,4.761904761904762,52.976190476190474,0.875,realize have take
Campbell,Ricky,1.1363636363636365,0.0,67.04545454545455,INF,warm continue sleep
James,Ricky,0.0,0.8928571428571428,56.25,0.0,sit place
Edite,Terri,0.6944444444444444,0.0,52.083333333333336,INF,be be speak follow lock step
Ricky,Agnes,2.0,1.0,61.0,2.0,do care be light
Ricky,Baby Mary,2.0,1.0,61.0,2.0,do care be light
Agnes,Baby Mary,2.0,1.0,61.0,2.0,do care be light
Ricky,Agnes,2.0,2.0,40.0,1.0,let happen be have do
Ricky,Manny,2.586206896551724,1.7241379310344827,37.06896551724138,1.5,be have
Ricky,Agnes,2.586206896551724,1.7241379310344827,37.06896551724138,1.5,be have
Ricky,Baby Mary,2.586206896551724,1.7241379310344827,37.06896551724138,1.5,be have
Ricky,Adam,2.586206896551724,1.7241379310344827,37.06896551724138,1.5,be have
Ricky,Adam,2.586206896551724,1.7241379310344827,37.06896551724138,1.5,be have
Ricky,Adam,2.586206896551724,1.7241379310344827,37.06896551724138,1.5,be have
Manny,Agnes,2.586206896551724,1.7241379310344827,37.06896551724138,1.5,be have
Manny,Baby Mary,2.586206896551724,1.7241379310344827,37.06896551724138,1.5,be have
Manny,Adam,2.586206896551724,1.7241379310344827,37.06896551724138,1.5,be have
Manny,Adam,2.586206896551724,1.7241379310344827,37.06896551724138,1.5,be have
Manny,Adam,2.586206896551724,1.7241379310344827,37.06896551724138,1.5,be have
Agnes,Baby Mary,2.586206896551724,1.7241379310344827,37.06896551724138,1.5,be have
Agnes,Adam,2.586206896551724,1.7241379310344827,37.06896551724138,1.5,be have
Agnes,Adam,2.586206896551724,1.7241379310344827,37.06896551724138,1.5,be have
Agnes,Adam,2.586206896551724,1.7241379310344827,37.06896551724138,1.5,be have
Baby Mary,Adam,2.586206896551724,1.7241379310344827,37.06896551724138,1.5,be have
Baby Mary,Adam,2.586206896551724,1.7241379310344827,37.06896551724138,1.5,be have
Baby Mary,Adam,2.586206896551724,1.7241379310344827,37.06896551724138,1.5,be have
Ricky,Edite,6.25,3.125,34.375,2.0,be go be whisper
James,Edite,2.5,0.0,37.5,INF,go ask think
James,Ricky,2.5,0.0,37.5,INF,go ask think
James,Ricky,2.5,0.0,37.5,INF,go ask think
Edite,Ricky,2.5,0.0,37.5,INF,go ask think
Edite,Ricky,2.5,0.0,37.5,INF,go ask think
Edite,James,2.7777777777777777,0.0,30.555555555555557,INF,forgive
Edite,James,5.357142857142857,3.571428571428571,62.5,1.5,doubt know have be pimp
Edite,Ricky,5.357142857142857,3.571428571428571,62.5,1.5,doubt know have be pimp
Edite,Red,5.357142857142857,3.571428571428571,62.5,1.5,doubt know have be pimp
James,Ricky,5.357142857142857,3.571428571428571,62.5,1.5,doubt know have be pimp
James,Red,5.357142857142857,3.571428571428571,62.5,1.5,doubt know have be pimp
Ricky,Red,5.357142857142857,3.571428571428571,62.5,1.5,doubt know have be pimp
Mary,Ricky,0.0,0.78125,42.96875,0.0,be bear die
Ricky,James,0.9615384615384616,0.0,56.730769230769226,INF,see bloom sit kneel beg
Ricky,James,0.9615384615384616,0.0,56.730769230769226,INF,see bloom sit kneel beg
Edite,Jesus,2.4193548387096775,0.4032258064516129,64.91935483870968,6.0,know have be influence have tell be have do
Edite,Jesus,2.4193548387096775,0.4032258064516129,64.91935483870968,6.0,know have be influence have tell be have do
James,Agnes,2.314814814814815,1.3888888888888888,55.55555555555556,1.6666666666666667,wonder be spend be sit pat
James,Ricky,2.314814814814815,1.3888888888888888,55.55555555555556,1.6666666666666667,wonder be spend be sit pat
Agnes,James,2.314814814814815,1.3888888888888888,55.55555555555556,1.6666666666666667,wonder be spend be sit pat
Agnes,Ricky,2.314814814814815,1.3888888888888888,55.55555555555556,1.6666666666666667,wonder be spend be sit pat
Agnes,James,2.314814814814815,1.3888888888888888,55.55555555555556,1.6666666666666667,wonder be spend be sit pat
James,Ricky,2.314814814814815,1.3888888888888888,55.55555555555556,1.6666666666666667,wonder be spend be sit pat
Ricky,James,2.314814814814815,1.3888888888888888,55.55555555555556,1.6666666666666667,wonder be spend be sit pat
Edite,Agnes,0.0,0.0,40.0,INF,lean bite
Georgina,Dr. Patterson,0.0,0.0,33.33333333333333,INF,do open
Terri,Edite,4.166666666666666,1.0416666666666665,44.79166666666667,4.0,make open
Terri,Edite,4.166666666666666,1.0416666666666665,44.79166666666667,4.0,make open
Antonio,Edite,0.0,3.260869565217391,40.21739130434783,0.0,come be say try
Manuel,Edite,2.272727272727273,2.272727272727273,31.818181818181817,1.0,leave say
Antonio,Edite,0.0,0.0,25.0,INF,say
James,Ricky,6.8181818181818175,6.8181818181818175,50.0,1.0,have see have be hurt
James,Jesus,0.0,0.0,64.28571428571429,INF,lean smoke
Agnes,Mary,0.0,3.4090909090909087,42.04545454545455,0.0,baptize say
Agnes,Ricky,0.0,3.4090909090909087,42.04545454545455,0.0,baptize say
Mary,Ricky,0.0,3.4090909090909087,42.04545454545455,0.0,baptize say
God,Agnes,0.0,0.0,37.5,INF,take
Agnes,Baby Mary,2.272727272727273,0.0,61.36363636363637,INF,have see be bear
Ricky,Baby Mary,0.625,0.0,54.37499999999999,INF,know drop spend be tell
Baby Mary,Ricky,0.625,0.0,54.37499999999999,INF,know drop spend be tell
Terri,Agnes,0.0,2.272727272727273,52.27272727272727,0.0,continue keep hide
Edite,Terri,4.411764705882353,1.4705882352941175,41.17647058823529,3.0,have tell have say
Edite,Terri,4.411764705882353,1.4705882352941175,41.17647058823529,3.0,have tell have say
James,Ricky,5.803571428571429,4.910714285714286,50.0,1.1818181818181819,tell take make be make feel hurt
James,Ricky,5.803571428571429,4.910714285714286,50.0,1.1818181818181819,tell take make be make feel hurt
Ricky,James,5.803571428571429,4.910714285714286,50.0,1.1818181818181819,tell take make be make feel hurt
Ricky,James,5.803571428571429,4.910714285714286,50.0,1.1818181818181819,tell take make be make feel hurt
Ricky,James,5.803571428571429,4.910714285714286,50.0,1.1818181818181819,tell take make be make feel hurt
Ricky,James,5.803571428571429,4.910714285714286,50.0,1.1818181818181819,tell take make be make feel hurt
James,Manny,1.7241379310344827,0.0,50.0,INF,promise be gon fuck learn fuck
Manny,Lygia,1.25,0.0,53.75,INF,hook use say
Manny,Eugene,1.25,0.0,53.75,INF,hook use say
Lygia,Eugene,1.25,0.0,53.75,INF,hook use say
Lygia,Manny,1.25,0.0,53.75,INF,hook use say
Eugene,Manny,1.25,0.0,53.75,INF,hook use say
Agnes,James,5.833333333333333,1.6666666666666667,45.83333333333333,3.5,think have come save
Agnes,James,5.833333333333333,1.6666666666666667,45.83333333333333,3.5,think have come save
James,Agnes,5.833333333333333,1.6666666666666667,45.83333333333333,3.5,think have come save
Agnes,James,3.8461538461538463,4.807692307692308,45.19230769230769,0.8,tell feel touch
Agnes,James,3.8461538461538463,4.807692307692308,45.19230769230769,0.8,tell feel touch
James,Agnes,3.8461538461538463,4.807692307692308,45.19230769230769,0.8,tell feel touch
Ricky,Agnes,3.75,2.5,48.75,1.5,be have tell do
Ricky,Agnes,0.0,0.0,50.0,INF,know handle
Ricky,Agnes,3.90625,1.953125,44.140625,2.0,make be need know baptize lean look
Markham,Edite,1.0869565217391304,0.0,55.434782608695656,INF,have gather block live
Markham,Ricky,1.0869565217391304,0.0,55.434782608695656,INF,have gather block live
Edite,Ricky,1.0869565217391304,0.0,55.434782608695656,INF,have gather block live
Edite,Ricky,0.0,0.0,50.0,INF,look do notice come
Manny,Ricky,0.0,0.0,33.33333333333333,INF,rub
Manny,Ricky,0.0,0.0,41.66666666666667,INF,spring push
Manny,Ricky,0.0,1.3636363636363635,49.54545454545455,0.0,look say wrap take pull snap drape tuck
Manny,Ricky,0.0,1.3636363636363635,49.54545454545455,0.0,look say wrap take pull snap drape tuck
Manny,Ricky,0.0,1.3636363636363635,49.54545454545455,0.0,look say wrap take pull snap drape tuck
Manny,Ricky,0.0,1.3636363636363635,49.54545454545455,0.0,look say wrap take pull snap drape tuck
Manny,Ricky,0.0,1.3636363636363635,49.54545454545455,0.0,look say wrap take pull snap drape tuck
Manny,Ricky,0.0,1.3636363636363635,49.54545454545455,0.0,look say wrap take pull snap drape tuck
Manny,Ricky,0.0,1.3636363636363635,49.54545454545455,0.0,look say wrap take pull snap drape tuck
Manny,Ricky,0.0,1.3636363636363635,49.54545454545455,0.0,look say wrap take pull snap drape tuck
Ricky,Manny,3.571428571428571,0.8928571428571428,56.25,4.0,get look drop meet be go
Ricky,Manny,3.571428571428571,0.8928571428571428,56.25,4.0,get look drop meet be go
Ricky,Manny,3.571428571428571,0.8928571428571428,56.25,4.0,get look drop meet be go
Ricky,Manny,3.571428571428571,0.8928571428571428,56.25,4.0,get look drop meet be go
Ricky,Manny,3.571428571428571,0.8928571428571428,56.25,4.0,get look drop meet be go
Ricky,Manny,3.571428571428571,0.8928571428571428,56.25,4.0,get look drop meet be go
Ricky,Manny,3.571428571428571,0.8928571428571428,56.25,4.0,get look drop meet be go
Ricky,Manny,3.571428571428571,0.8928571428571428,56.25,4.0,get look drop meet be go
ANTOINE,Terri,1.3888888888888888,0.6944444444444444,47.91666666666667,2.0,pour drink have say straddle
ANTOINE,Terri,1.3888888888888888,0.6944444444444444,47.91666666666667,2.0,pour drink have say straddle
Ricky,Manny,2.272727272727273,5.681818181818182,28.40909090909091,0.4,be like
Agnes,Terri,1.0416666666666665,2.083333333333333,38.54166666666667,0.5,look say
Agnes,Johnny,5.833333333333333,3.3333333333333335,44.166666666666664,1.75,find be
Agnes,Johnny,5.833333333333333,3.3333333333333335,44.166666666666664,1.75,find be
Edite,Johnny,4.545454545454546,3.4090909090909087,46.590909090909086,1.3333333333333333,hear talk
Edite,Ricky,3.5000000000000004,3.0,41.5,1.1666666666666667,snoop call be be go charge
Edite,Ricky,3.5000000000000004,3.0,41.5,1.1666666666666667,snoop call be be go charge
Manny,James,0.0,0.0,50.0,INF,be
Manny,James,0.0,0.0,62.5,INF,know be do walk
Senhora Gloria,Agnes,0.0,0.0,50.0,INF,find crouch
Agnes,Ricky,3.9473684210526314,1.3157894736842104,47.368421052631575,3.0,go want be tell
Agnes,James,0.0,0.7352941176470588,52.20588235294118,0.0,see
James,Agnes,0.0,0.0,50.0,INF,be dance
James,Agnes,0.0,0.0,60.0,INF,kiss
Edite,Agnes,4.861111111111112,1.3888888888888888,54.861111111111114,3.5,think go see have lie
Edite,Johnny,4.861111111111112,1.3888888888888888,54.861111111111114,3.5,think go see have lie
Agnes,Johnny,4.861111111111112,1.3888888888888888,54.861111111111114,3.5,think go see have lie
Emanuel,Saul Betesh,3.4482758620689653,4.310344827586207,54.310344827586206,0.8,go describe wear
James,Manny,0.0,0.0,45.45454545454545,INF,meet say
Manny,James,1.6666666666666667,1.6666666666666667,56.666666666666664,1.0,listen hear be be
Manny,James,1.6666666666666667,1.6666666666666667,56.666666666666664,1.0,listen hear be be
Ricky,Manny,5.0,1.5,45.5,3.3333333333333335,guess do realize use do keep say
Manny,Mr. Jay,0.0,3.0172413793103448,59.05172413793104,0.0,find fill swipe
Manny,James,1.7241379310344827,0.43103448275862066,49.56896551724138,4.0,want hear do respond shout need speak
Manny,James,1.7241379310344827,0.43103448275862066,49.56896551724138,4.0,want hear do respond shout need speak
Agnes,Manny,3.125,1.5625,32.8125,2.0,be go say
Eugene,Trans Am,0.0,0.9615384615384616,52.88461538461539,0.0,recognize
Lygia,Eugene,2.34375,0.0,53.90625,INF,come run
Eugene,Lygia,0.0,0.0,56.25,INF,skid clip
Lygia,Eugene,0.0,0.0,56.25,INF,skid clip
Lygia,Eugene,0.0,0.0,56.25,INF,skid clip
Agnes,James,0.0,0.0,42.857142857142854,INF,have leave
James,Agnes,3.571428571428571,0.0,39.285714285714285,INF,ask
James,Agnes,0.625,3.125,71.25,0.2,set try get
Antonio,James,0.0,3.571428571428571,25.0,0.0,whisper
Edite,James,1.0416666666666665,0.0,57.291666666666664,INF,ask look
Agnes,James,2.7777777777777777,1.3888888888888888,40.27777777777778,2.0,be
Manny,Edite,1.3888888888888888,0.0,65.27777777777779,INF,do say be go
James,Edite,0.0,1.1363636363636365,44.31818181818182,0.0,be go say
Agnes,James,3.125,1.5625,20.3125,2.0,be go
James,Agnes,3.6458333333333335,0.0,54.6875,INF,decide be be leave be take
James,Agnes,3.6458333333333335,0.0,54.6875,INF,decide be be leave be take
Agnes,James,3.6458333333333335,0.0,54.6875,INF,decide be be leave be take
James,Red,0.7352941176470588,5.88235294117647,28.676470588235293,0.125,send be get hurt
James,Ricky,0.7352941176470588,5.88235294117647,28.676470588235293,0.125,send be get hurt
James,Red,0.7352941176470588,5.88235294117647,28.676470588235293,0.125,send be get hurt
James,Ricky,0.7352941176470588,5.88235294117647,28.676470588235293,0.125,send be get hurt
Red,Ricky,0.7352941176470588,5.88235294117647,28.676470588235293,0.125,send be get hurt
Red,Ricky,0.0,9.375,40.625,0.0,rape
James,Adam,4.464285714285714,1.7857142857142856,43.75,2.5,get bob swallow
James,Adam,4.464285714285714,1.7857142857142856,43.75,2.5,get bob swallow
Adam,James,4.464285714285714,1.7857142857142856,43.75,2.5,get bob swallow
James,Agnes,0.0,0.0,53.333333333333336,INF,turn catch
Agnes,James,0.0,0.0,42.857142857142854,INF,sleep say smile
Agnes,James,0.0,1.9230769230769231,51.92307692307693,0.0,lie write whisper
Senhor Daniel,Manny,2.2058823529411766,0.0,56.61764705882353,INF,be cut part comb
Antonio,Manelinho,3.571428571428571,1.7857142857142856,8.928571428571429,2.0,be
Eugene,Lygia,2.083333333333333,7.291666666666667,48.95833333333333,0.2857142857142857,have take be miss
Eugene,Manny,2.083333333333333,7.291666666666667,48.95833333333333,0.2857142857142857,have take be miss
Lygia,Manny,2.083333333333333,7.291666666666667,48.95833333333333,0.2857142857142857,have take be miss
Manny,Patch,0.0,1.1627906976744187,66.27906976744185,0.0,walk give see stick top
Patch,Manny,0.0,1.1627906976744187,66.27906976744185,0.0,walk give see stick top
Manny,Patch,0.0,0.0,53.333333333333336,INF,crawl burst
Manny,Patch,0.0,0.0,57.14285714285714,INF,follow kick
Ricky,Manny,0.0,2.941176470588235,44.11764705882353,0.0,want want say
Antonio,Manelinho,1.7857142857142856,0.0,41.07142857142857,INF,have say
Manuel,Edite,0.0,0.0,23.52941176470588,INF,say
Manuel,Edite,0.0,10.416666666666668,6.25,0.0,apologize
Terezinha,Antonio,0.0,0.0,18.181818181818183,INF,go
Antonio,Terezinha,0.0,0.0,23.52941176470588,INF,go
Antonio,Terezinha,0.0,0.0,23.52941176470588,INF,go
Antonio,Terezinha,0.0,0.0,23.52941176470588,INF,go
Edite,Terri,3.977272727272727,1.1363636363636365,44.88636363636363,3.5,want rush stop tell think know
Edite,Terri,3.977272727272727,1.1363636363636365,44.88636363636363,3.5,want rush stop tell think know
Edite,Terri,3.977272727272727,1.1363636363636365,44.88636363636363,3.5,want rush stop tell think know
Edite,Jesus,0.9259259259259258,1.8518518518518516,56.481481481481474,0.5,walk walk
Saul Betesh,Emanuel,1.4534883720930232,0.5813953488372093,46.80232558139535,2.5,report have dismiss rape strangle drown shrug be
Saul Betesh,Emanuel,1.4534883720930232,0.5813953488372093,46.80232558139535,2.5,report have dismiss rape strangle drown shrug be
Edite,James,2.564102564102564,0.9615384615384616,45.19230769230769,2.6666666666666665,let float know have tell be have wiggle
Edite,Agnes,2.564102564102564,0.9615384615384616,45.19230769230769,2.6666666666666665,let float know have tell be have wiggle
Edite,Ricky,2.564102564102564,0.9615384615384616,45.19230769230769,2.6666666666666665,let float know have tell be have wiggle
Edite,James,2.564102564102564,0.9615384615384616,45.19230769230769,2.6666666666666665,let float know have tell be have wiggle
Edite,James,2.564102564102564,0.9615384615384616,45.19230769230769,2.6666666666666665,let float know have tell be have wiggle
Edite,James,2.564102564102564,0.9615384615384616,45.19230769230769,2.6666666666666665,let float know have tell be have wiggle
Edite,Agnes,2.564102564102564,0.9615384615384616,45.19230769230769,2.6666666666666665,let float know have tell be have wiggle
Edite,Ricky,2.564102564102564,0.9615384615384616,45.19230769230769,2.6666666666666665,let float know have tell be have wiggle
Edite,James,2.564102564102564,0.9615384615384616,45.19230769230769,2.6666666666666665,let float know have tell be have wiggle
Edite,James,2.564102564102564,0.9615384615384616,45.19230769230769,2.6666666666666665,let float know have tell be have wiggle
James,Agnes,2.564102564102564,0.9615384615384616,45.19230769230769,2.6666666666666665,let float know have tell be have wiggle
James,Ricky,2.564102564102564,0.9615384615384616,45.19230769230769,2.6666666666666665,let float know have tell be have wiggle
Agnes,Ricky,2.564102564102564,0.9615384615384616,45.19230769230769,2.6666666666666665,let float know have tell be have wiggle
Agnes,James,2.564102564102564,0.9615384615384616,45.19230769230769,2.6666666666666665,let float know have tell be have wiggle
Agnes,James,2.564102564102564,0.9615384615384616,45.19230769230769,2.6666666666666665,let float know have tell be have wiggle
Ricky,James,2.564102564102564,0.9615384615384616,45.19230769230769,2.6666666666666665,let float know have tell be have wiggle
Ricky,James,2.564102564102564,0.9615384615384616,45.19230769230769,2.6666666666666665,let float know have tell be have wiggle
James,Agnes,3.3333333333333335,6.666666666666667,56.666666666666664,0.5,assume have pack have take
James,Agnes,3.3333333333333335,6.666666666666667,56.666666666666664,0.5,assume have pack have take
Edite,Adam,0.0,0.7352941176470588,40.44117647058824,0.0,turn burn
James,Edite,4.72972972972973,2.364864864864865,60.47297297297297,2.0,be be drive have leave get tune leave
James,Edite,4.72972972972973,2.364864864864865,60.47297297297297,2.0,be be drive have leave get tune leave
James,Edite,4.72972972972973,2.364864864864865,60.47297297297297,2.0,be be drive have leave get tune leave
James,Edite,4.72972972972973,2.364864864864865,60.47297297297297,2.0,be be drive have leave get tune leave
James,Edite,4.72972972972973,2.364864864864865,60.47297297297297,2.0,be be drive have leave get tune leave
James,Edite,4.72972972972973,2.364864864864865,60.47297297297297,2.0,be be drive have leave get tune leave
James,Edite,4.72972972972973,2.364864864864865,60.47297297297297,2.0,be be drive have leave get tune leave
James,Edite,4.72972972972973,2.364864864864865,60.47297297297297,2.0,be be drive have leave get tune leave
James,Edite,4.72972972972973,2.364864864864865,60.47297297297297,2.0,be be drive have leave get tune leave
Agnes,James,5.113636363636364,4.545454545454546,35.79545454545455,1.125,make go say wonder fit
Adam,James,3.6764705882352944,10.294117647058822,56.61764705882353,0.35714285714285715,think say let get
Werner Gruener,Emanuel,1.7857142857142856,5.357142857142857,28.57142857142857,0.3333333333333333,be acquit
Emanuel,Saul Betesh,2.82258064516129,6.451612903225806,58.46774193548387,0.4375,describe be find be find
Emanuel,Saul Betesh,2.82258064516129,6.451612903225806,58.46774193548387,0.4375,describe be find be find
Werner Gruener,God,1.0416666666666665,0.0,53.125,INF,be be lead read murmur bless
Werner Gruener,God,1.0416666666666665,0.0,53.125,INF,be be lead read murmur bless
Edite,Terri,1.8518518518518516,0.0,50.0,INF,return continue be know be
Edite,Terri,1.8518518518518516,0.0,50.0,INF,return continue be know be
Clemente,David,0.0,0.0,45.45454545454545,INF,coil hand
