NAME 1,NAME 2,% POS,% NEG,% NEUTRAL,POS:NEG,VERBS
Joyland,Mrs. Shoplaw,2.5,0.35714285714285715,48.57142857142857,7.0,have walk
Wendy,Renee,1.5151515151515151,1.1363636363636365,42.803030303030305,1.3333333333333333,assume be announce have get work
Wendy,Filene,1.5151515151515151,1.1363636363636365,42.803030303030305,1.3333333333333333,assume be announce have get work
Wendy,Renee,1.5151515151515151,1.1363636363636365,42.803030303030305,1.3333333333333333,assume be announce have get work
Wendy,Filene,1.5151515151515151,1.1363636363636365,42.803030303030305,1.3333333333333333,assume be announce have get work
Renee,Filene,1.5151515151515151,1.1363636363636365,42.803030303030305,1.3333333333333333,assume be announce have get work
Fred,Joyland,0.0,3.125,46.875,0.0,be be
Howie,Joyland,7.291666666666667,0.0,17.708333333333336,INF,be
Bradley Easterbrook,Joyland,0.0,0.0,38.46153846153847,INF,build be
Bradley Easterbrook,Howie,0.0,0.0,38.46153846153847,INF,build be
Bradley Easterbrook,Howie,0.0,0.0,38.46153846153847,INF,build be
Joyland,Howie,0.0,0.0,38.46153846153847,INF,build be
Joyland,Howie,0.0,0.0,38.46153846153847,INF,build be
Joyland,Disney World,1.694915254237288,3.389830508474576,62.71186440677966,0.5,be be be look
Disney World,Joyland,1.694915254237288,3.389830508474576,62.71186440677966,0.5,be be be look
Brenda Rafferty,Hollywood Girls,1.8518518518518516,0.9259259259259258,56.481481481481474,2.0,have ask be be
Madame Fortuna,Wendy,2.5906976744186045,3.2232558139534886,63.95348837209303,0.8037518037518036,get find do seem have interview be hit
Madame Fortuna,Joyland,2.5906976744186045,3.2232558139534886,63.95348837209303,0.8037518037518036,get find do seem have interview be hit
Madame Fortuna,Wendy,2.5906976744186045,3.2232558139534886,63.95348837209303,0.8037518037518036,get find do seem have interview be hit
Wendy,Joyland,2.5906976744186045,3.2232558139534886,63.95348837209303,0.8037518037518036,get find do seem have interview be hit
Joyland,Wendy,2.5906976744186045,3.2232558139534886,63.95348837209303,0.8037518037518036,get find do seem have interview be hit
Mr. Dean,Red Cross,3.4090909090909087,1.7045454545454544,63.06818181818182,2.0,be please obtain turn
Mr. Dean,YMCA,3.4090909090909087,1.7045454545454544,63.06818181818182,2.0,be please obtain turn
Red Cross,YMCA,3.4090909090909087,1.7045454545454544,63.06818181818182,2.0,be please obtain turn
Mr. Dean,Joyland,0.43103448275862066,0.8620689655172413,57.327586206896555,0.5,tell end promise be
Mr. Dean,Joyland,0.43103448275862066,0.8620689655172413,57.327586206896555,0.5,tell end promise be
Lane,Nemo,1.9444444444444444,0.2777777777777778,46.666666666666664,7.0,wave rise
Rozzie,Freddy Dean,5.357142857142857,2.6785714285714284,41.964285714285715,2.0,do give
Rozzie,Madame Fortuna,5.357142857142857,2.6785714285714284,41.964285714285715,2.0,do give
Freddy Dean,Madame Fortuna,5.357142857142857,2.6785714285714284,41.964285714285715,2.0,do give
Joyland,Emmalina Shoplaw,4.464285714285714,0.0,38.392857142857146,INF,come know do
Joyland,Horror House,4.861111111111112,2.083333333333333,48.61111111111111,2.3333333333333335,tell call be haunt
Mrs. Shoplaw,Joyland,4.166666666666666,3.3333333333333335,32.5,1.25,come have
Joyland,Mrs. Shoplaw,4.166666666666666,3.3333333333333335,32.5,1.25,come have
Hollywood Girls,Mrs. Shoplaw,0.0,0.0,40.0,INF,say
Joyland,Bradley Easterbrook,2.1551724137931036,3.4482758620689653,53.01724137931034,0.625,be be do spend roll
Linda Gray,Annie,0.0,0.7575757575757576,38.63636363636363,0.0,take approach give
Wendy,Renee,2.2058823529411766,0.0,44.85294117647059,INF,turn
Joyland,Horror House,7.5,3.125,54.37499999999999,2.4,be be
Lane,Alice,1.25,13.750000000000002,35.0,0.09090909090909091,say see
Wendy,Renee,1.1904761904761905,0.0,41.66666666666667,INF,try reach say be
Wendy,Renee,1.1904761904761905,0.0,41.66666666666667,INF,try reach say be
Wendy,Renee,1.1904761904761905,0.0,41.66666666666667,INF,try reach say be
Wendy,Renee,0.6944444444444444,0.0,54.861111111111114,INF,get try be
Wendy,Nadine,1.7857142857142856,3.571428571428571,51.78571428571429,0.5,get be
Renee,Nadine,3.125,1.5625,39.0625,2.0,be take
Nadine,Renee,3.9215686274509802,0.7352941176470588,58.08823529411765,5.333333333333333,think have get gossip be do seem say
Horror House,Linda Gray,5.208333333333334,2.604166666666667,54.6875,2.0,think go wear
University of New Hampshire,Nako,1.25,0.4166666666666667,55.00000000000001,3.0,return discover
University of New Hampshire,Hamilton Smith Hall,1.25,0.4166666666666667,55.00000000000001,3.0,return discover
Nako,Hamilton Smith Hall,1.25,0.4166666666666667,55.00000000000001,3.0,return discover
Wendy,Nako,0.5952380952380952,0.0,54.166666666666664,INF,begin build have agree meet open begin pour
Nako,Wendy,3.125,0.0,30.208333333333332,INF,say
UNH,Nako,1.1363636363636365,1.1363636363636365,64.39393939393939,1.0,believe go believe be teach
Wendy,Renee,2.314814814814815,0.4629629629629629,63.888888888888886,5.0,get say have change be leave
Wendy,Nako,0.7352941176470588,5.514705882352941,49.63235294117647,0.13333333333333333,be keep have break see
Wendy,Nako,0.7352941176470588,5.514705882352941,49.63235294117647,0.13333333333333333,be keep have break see
Wendy,Nako,0.7352941176470588,5.514705882352941,49.63235294117647,0.13333333333333333,be keep have break see
Google,Wendy,3.048780487804878,0.6097560975609756,47.5609756097561,5.0,suppose use chase find realize own
Google,Wendy,3.048780487804878,0.6097560975609756,47.5609756097561,5.0,suppose use chase find realize own
Google,Wendy,3.048780487804878,0.6097560975609756,47.5609756097561,5.0,suppose use chase find realize own
Mike,Annie Ross,2.083333333333333,0.0,47.91666666666667,INF,have do
Devin,Wendy,4.094827586206897,2.1551724137931036,55.81896551724138,1.9,end eat be try hide know be
Devin,Wendy,4.094827586206897,2.1551724137931036,55.81896551724138,1.9,end eat be try hide know be
Devin,Renee,4.094827586206897,2.1551724137931036,55.81896551724138,1.9,end eat be try hide know be
Wendy,Renee,4.094827586206897,2.1551724137931036,55.81896551724138,1.9,end eat be try hide know be
Wendy,Renee,4.094827586206897,2.1551724137931036,55.81896551724138,1.9,end eat be try hide know be
Mrs. Shoplaw,Erin,4.741379310344827,0.43103448275862066,56.896551724137936,11.0,have rent name name
Mrs. Shoplaw,Rutgers,4.741379310344827,0.43103448275862066,56.896551724137936,11.0,have rent name name
Mrs. Shoplaw,Tom,4.741379310344827,0.43103448275862066,56.896551724137936,11.0,have rent name name
Erin,Rutgers,4.741379310344827,0.43103448275862066,56.896551724137936,11.0,have rent name name
Erin,Tom,4.741379310344827,0.43103448275862066,56.896551724137936,11.0,have rent name name
Rutgers,Tom,4.741379310344827,0.43103448275862066,56.896551724137936,11.0,have rent name name
Tom,Erin,2.5,3.3333333333333335,74.16666666666667,0.75,be make
Tom,Erin,7.291666666666667,2.083333333333333,23.958333333333336,3.5,say tell
Joyland,Team Beagle,1.5625,0.0,60.9375,INF,have be
Erin,Tom,2.5,0.8333333333333334,30.0,3.0,be say
Erin,Devin,2.5,0.8333333333333334,30.0,3.0,be say
Erin,Mrs. Shoplaw,2.5,0.8333333333333334,30.0,3.0,be say
Tom,Devin,2.5,0.8333333333333334,30.0,3.0,be say
Tom,Mrs. Shoplaw,2.5,0.8333333333333334,30.0,3.0,be say
Devin,Mrs. Shoplaw,2.5,0.8333333333333334,30.0,3.0,be say
Mrs. Shoplaw,Miss Ackerley,0.0,5.208333333333334,53.125,0.0,look smile
Erin,Tom,3.6764705882352944,0.0,46.32352941176471,INF,see dangle look be charm fascinate
Annie,Mike,0.0,0.0,57.14285714285714,INF,come
Tom,Erin,3.0555555555555554,0.8333333333333334,65.0,3.6666666666666665,stop shade look be go play have go
Tom,Erin,3.0555555555555554,0.8333333333333334,65.0,3.6666666666666665,stop shade look be go play have go
Erin,Tom,3.0555555555555554,0.8333333333333334,65.0,3.6666666666666665,stop shade look be go play have go
Tom,Erin,2.631578947368421,0.6578947368421052,54.60526315789473,4.0,be work
Rozzie,Erin,0.7352941176470588,0.0,58.08823529411765,INF,see dress
Lane,Mike,3.6458333333333335,0.0,67.1875,INF,be place check thud
Lane,Rozzie,2.1739130434782608,3.260869565217391,46.73913043478261,0.6666666666666666,finish nod jump take have be save
Lane,Rozzie,2.1739130434782608,3.260869565217391,46.73913043478261,0.6666666666666666,finish nod jump take have be save
Rozzie,Lane,2.1739130434782608,3.260869565217391,46.73913043478261,0.6666666666666666,finish nod jump take have be save
Bradley Easterbrook,Joyland,1.7857142857142856,0.0,26.785714285714285,INF,say
Bradley Easterbrook,Mike,0.6944444444444444,0.0,49.30555555555556,INF,take adjust produce amplify
Bradley Easterbrook,Mike,0.0,0.0,72.22222222222221,INF,survey give articulate do
Mike,Bradley Easterbrook,0.0,0.0,72.22222222222221,INF,survey give articulate do
Erin,Bradley Easterbrook,1.5625,0.0,60.9375,INF,be stare
Allen,Annie,1.0869565217391304,1.0869565217391304,58.69565217391305,1.0,be name run
Team Beagle,Allen,0.0,0.0,68.18181818181817,INF,meet be set
Team Beagle,Allen,0.0,0.0,68.18181818181817,INF,meet be set
Team Beagle,Allen,0.0,0.0,68.18181818181817,INF,meet be set
Joyland,Erin,0.43103448275862066,2.1551724137931036,52.58620689655172,0.2,be put
Joyland,Tom,0.43103448275862066,2.1551724137931036,52.58620689655172,0.2,be put
Erin,Tom,0.43103448275862066,2.1551724137931036,52.58620689655172,0.2,be put
Joyland,Howie,6.730769230769231,0.0,47.11538461538461,INF,get
Ronnie,Howie,0.4807692307692308,2.403846153846154,58.65384615384615,0.2,believe replace know
Tom,Ronnie,3.8793103448275863,0.43103448275862066,57.758620689655174,9.0,see be take backpedal say soak achieve
Tom,Ronnie,3.8793103448275863,0.43103448275862066,57.758620689655174,9.0,see be take backpedal say soak achieve
Ronnie,Tom,3.8793103448275863,0.43103448275862066,57.758620689655174,9.0,see be take backpedal say soak achieve
Ronnie,Tom,3.8793103448275863,0.43103448275862066,57.758620689655174,9.0,see be take backpedal say soak achieve
Erin,Tom,1.7857142857142856,1.3392857142857142,50.44642857142857,1.3333333333333333,say join throw bellow
Erin,Tom,1.7857142857142856,1.3392857142857142,50.44642857142857,1.3333333333333333,say join throw bellow
Erin,Tom,1.7857142857142856,1.3392857142857142,50.44642857142857,1.3333333333333333,say join throw bellow
Pop Allen,Allen,0.0,0.0,71.42857142857143,INF,look
George Preston,Team Beagle,0.0,0.0,50.0,INF,speak
Lane,Mike,0.9615384615384616,0.0,60.57692307692307,INF,grab put begin work
Lane,Mike,0.0,1.25,68.75,0.0,lower give
Pop Allen,Allen,0.0,4.807692307692308,72.11538461538461,0.0,stop move talk
Jonesy,Tom,0.0,0.0,45.45454545454545,INF,be
Allen,Pop Allen,1.0869565217391304,1.6304347826086956,71.19565217391305,0.6666666666666666,bare make look
Allen,Pop Allen,1.0869565217391304,1.6304347826086956,71.19565217391305,0.6666666666666666,bare make look
Pop Allen,Allen,1.0869565217391304,1.6304347826086956,71.19565217391305,0.6666666666666666,bare make look
Dottie Lassen,Sam,1.8068493150684932,2.473972602739726,53.25342465753424,0.7303433001107419,hook drag lean find be condemn wear
Dottie Lassen,Sam,1.8068493150684932,2.473972602739726,53.25342465753424,0.7303433001107419,hook drag lean find be condemn wear
Dottie Lassen,Howie,2.5,4.166666666666666,40.0,0.6,snatch slam
Mr. Easterbrook,Howie,1.0416666666666665,1.8229166666666667,47.13541666666667,0.5714285714285714,tell be eat eat be run be be
Mr. Easterbrook,Howie,1.0416666666666665,1.8229166666666667,47.13541666666667,0.5714285714285714,tell be eat eat be run be be
Mr. Easterbrook,Howie,1.0416666666666665,1.8229166666666667,47.13541666666667,0.5714285714285714,tell be eat eat be run be be
Mr. Easterbrook,Howie,1.0416666666666665,1.8229166666666667,47.13541666666667,0.5714285714285714,tell be eat eat be run be be
Mr. Easterbrook,Howie,1.0416666666666665,1.8229166666666667,47.13541666666667,0.5714285714285714,tell be eat eat be run be be
Mr. Easterbrook,Howie,1.0416666666666665,1.8229166666666667,47.13541666666667,0.5714285714285714,tell be eat eat be run be be
Howie,Howdy House,4.807692307692308,2.8846153846153846,61.53846153846154,1.6666666666666667,be call
Mr. Easterbrook,Joyland,0.0,0.0,66.66666666666666,INF,be sit dress eat
Joyland,Mr. Easterbrook,0.0,0.0,66.66666666666666,INF,be sit dress eat
Joyland,Mr. Easterbrook,0.0,0.0,66.66666666666666,INF,be sit dress eat
Mr. Easterbrook,Howdy House,0.43103448275862066,0.43103448275862066,71.55172413793103,1.0,do see be look be lead
Mr. Easterbrook,Howdy House,0.43103448275862066,0.43103448275862066,71.55172413793103,1.0,do see be look be lead
Howie,Mr. Easterbrook,1.6025641025641024,1.6025641025641024,53.205128205128204,1.0,wear be talk be go be say
Hokey Pokey,Howie,3.4375000000000004,1.25,40.3125,2.75,remember cry be abandon remember do appear
Mr. Easterbrook,Howie,0.0,5.681818181818182,48.86363636363637,0.0,reach
Joyland,Howie,4.545454545454546,0.0,40.909090909090914,INF,be be
Tom,Erin,2.1875,0.0,55.3125,INF,stay be be email get
Tom,Erin,2.1875,0.0,55.3125,INF,stay be be email get
Joyland,Pop Allen,2.941176470588235,2.2058823529411766,59.55882352941176,1.3333333333333333,hear talk burn
Joyland,Sherwood Forest,3.4574468085106385,3.723404255319149,69.41489361702128,0.9285714285714286,make be run tote brace say
Tom,Dev,4.464285714285714,0.0,45.535714285714285,INF,squeeze say
Dev,Tom,4.464285714285714,0.0,45.535714285714285,INF,squeeze say
Mrs. Shoplaw,Wendy,2.5,1.607142857142857,58.75,1.5555555555555556,write be run come feel drop call
Mrs. Shoplaw,Joyland,2.5,1.607142857142857,58.75,1.5555555555555556,write be run come feel drop call
Wendy,Joyland,2.5,1.607142857142857,58.75,1.5555555555555556,write be run come feel drop call
Ren,Wendy,1.9230769230769231,0.0,59.61538461538461,INF,do worry hold write
Renee,Wendy,1.4204545454545454,0.2840909090909091,52.84090909090909,5.0,judge have be write do have sound stone
Tom,Erin,1.0869565217391304,0.0,59.78260869565217,INF,join watch roll
Tom,Joyland,1.0869565217391304,0.0,59.78260869565217,INF,join watch roll
Erin,Joyland,1.0869565217391304,0.0,59.78260869565217,INF,join watch roll
Tom,Dev,1.3157894736842104,0.0,40.78947368421053,INF,say be
Erin,Tom,0.0,6.8181818181818175,47.72727272727273,0.0,tell
Joyland,Pop Allen,1.7045454545454544,0.8522727272727272,49.715909090909086,2.0,be get find be wear
Pop Allen,Joyland,1.7045454545454544,0.8522727272727272,49.715909090909086,2.0,be get find be wear
Joyland,Wendy,4.464285714285714,0.8928571428571428,66.07142857142857,5.0,make follow think be have dump
Wendy,Dartmouth,3.75,0.0,56.25,INF,go play
Tom,George Preston,2.75,0.5,52.75,5.5,make break stay lube call
Tom,Ronnie,2.75,0.5,52.75,5.5,make break stay lube call
George Preston,Ronnie,2.75,0.5,52.75,5.5,make break stay lube call
Howie,Howdy House,2.083333333333333,4.398148148148148,56.481481481481474,0.47368421052631576,see shave feel lighthead overheate be be have tell
Howie,Mr. Easterbrook,2.083333333333333,4.398148148148148,56.481481481481474,0.47368421052631576,see shave feel lighthead overheate be be have tell
Howdy House,Mr. Easterbrook,2.083333333333333,4.398148148148148,56.481481481481474,0.47368421052631576,see shave feel lighthead overheate be be have tell
Team Beagle,Pop Allen,0.0,0.4032258064516129,60.88709677419355,0.0,report give lay
Team Beagle,Pop Allen,0.0,0.4032258064516129,60.88709677419355,0.0,report give lay
Team Beagle,Pop Allen,0.0,0.4032258064516129,60.88709677419355,0.0,report give lay
Rozzie,Madame Fortuna,2.6785714285714284,0.0,54.46428571428571,INF,turn see stand kit
Fred,Brenda Rafferty,0.0,0.0,28.57142857142857,INF,be
Jonesy,Lane,0.528169014084507,2.640845070422535,54.5774647887324,0.2,walk say start be desert sweep have be do
Horror House,Mysterio,4.411764705882353,1.4705882352941175,47.05882352941176,3.0,be
Lane,Rozzie,0.0,5.208333333333334,61.458333333333336,0.0,take
Erin,Rozzie,2.631578947368421,3.9473684210526314,46.05263157894737,0.6666666666666666,have have be talk say
Howie,Rozzie,0.0,0.0,50.0,INF,revert
Rozzie,Lane,0.0,1.5625,35.9375,0.0,give stare
Howie,Lane,0.0,0.0,57.14285714285714,INF,turn gaze
Howie,Lane,0.0,0.0,57.14285714285714,INF,turn gaze
Howie,Madame Fortuna,10.714285714285714,0.0,60.71428571428571,INF,be sound
Lane,Rozzie,0.0,0.0,60.0,INF,be go look
Rozzie,Madame Fortuna,7.236842105263158,0.6578947368421052,60.526315789473685,11.0,be see
Rozzie,Mrs. Shoplaw,3.4574468085106385,3.1914893617021276,59.308510638297875,1.0833333333333333,do find see have be have know
Rozzie,Madame Fortuna,3.4574468085106385,3.1914893617021276,59.308510638297875,1.0833333333333333,do find see have be have know
Mrs. Shoplaw,Madame Fortuna,3.4574468085106385,3.1914893617021276,59.308510638297875,1.0833333333333333,do find see have be have know
Lane,Rozzie,4.6875,3.125,54.6875,1.5,give admit
Fred,Mr. Easterbrook,2.840909090909091,0.0,51.70454545454546,INF,come give hand
Brad,Jonesy,1.7857142857142856,0.0,26.785714285714285,INF,like
Dottie Lassen,Howie,3.571428571428571,3.571428571428571,45.23809523809524,1.0,have repair swap
Rozzie,Madame Fortuna,8.695652173913043,1.6304347826086956,46.19565217391305,5.333333333333333,have stick act
Rozzie,Madame Fortuna,7.8125,0.0,42.1875,INF,
Erin,Campbell,2.403846153846154,0.0,66.82692307692307,INF,dress step make
Fred,Lane,0.8333333333333334,1.6666666666666667,47.5,0.5,be do be have penalize
Fred,Mr. Easterbrook,0.8333333333333334,1.6666666666666667,47.5,0.5,be do be have penalize
Lane,Mr. Easterbrook,0.8333333333333334,1.6666666666666667,47.5,0.5,be do be have penalize
Hallie Stansfield,Joyland,0.0,0.0,56.52173913043478,INF,dress meet
Hallie Stansfield,Joyland,0.0,0.0,56.52173913043478,INF,dress meet
Tom,Erin,1.1363636363636365,0.0,62.5,INF,be manage get
Erin,Pete,1.7857142857142856,0.0,58.92857142857143,INF,have be cook use borrow
Erin,Pete,1.7857142857142856,0.0,58.92857142857143,INF,have be cook use borrow
Lane,Roz,6.0,3.5000000000000004,46.5,1.7142857142857142,say think be haunt go find
Lane,Horror House,6.0,3.5000000000000004,46.5,1.7142857142857142,say think be haunt go find
Lane,Roz,6.0,3.5000000000000004,46.5,1.7142857142857142,say think be haunt go find
Roz,Horror House,6.0,3.5000000000000004,46.5,1.7142857142857142,say think be haunt go find
Horror House,Roz,6.0,3.5000000000000004,46.5,1.7142857142857142,say think be haunt go find
Erin,Tom,2.6515151515151514,1.893939393939394,56.060606060606055,1.4,make scoot think put
Erin,Tom,2.6515151515151514,1.893939393939394,56.060606060606055,1.4,make scoot think put
Erin,Tom,2.6515151515151514,1.893939393939394,56.060606060606055,1.4,make scoot think put
Erin,Tom,2.6515151515151514,1.893939393939394,56.060606060606055,1.4,make scoot think put
Tom,Erin,2.6515151515151514,1.893939393939394,56.060606060606055,1.4,make scoot think put
Tom,Erin,2.6515151515151514,1.893939393939394,56.060606060606055,1.4,make scoot think put
Lane,Mrs. Shoplaw,0.0,0.78125,49.21875,0.0,say ask give
Lane,Mrs. Shoplaw,0.0,0.78125,49.21875,0.0,say ask give
Mrs. Shoplaw,Linda Gray,1.1363636363636365,1.1363636363636365,43.18181818181818,1.0,do claim have see
Tom,Thomas,1.7857142857142856,0.0,55.35714285714286,INF,
Erin,Tom,1.5625,1.5625,71.875,1.0,throw
Tom,Erin,0.0,1.5625,48.4375,0.0,give poke
Erin,Tom,0.0,1.5625,48.4375,0.0,give poke
Tom,Erin,0.6578947368421052,0.6578947368421052,61.8421052631579,1.0,put look
Tom,Erin,0.6578947368421052,0.6578947368421052,61.8421052631579,1.0,put look
Tom,Erin,0.6578947368421052,0.6578947368421052,61.8421052631579,1.0,put look
Tom,Erin,0.6578947368421052,0.6578947368421052,61.8421052631579,1.0,put look
Thomas,Tom,4.761904761904762,1.7857142857142856,45.83333333333333,2.6666666666666665,be see have take say raise
Thomas,Brenda Rafferty,4.761904761904762,1.7857142857142856,45.83333333333333,2.6666666666666665,be see have take say raise
Thomas,Madame Fortuna,4.761904761904762,1.7857142857142856,45.83333333333333,2.6666666666666665,be see have take say raise
Thomas,Tom,4.761904761904762,1.7857142857142856,45.83333333333333,2.6666666666666665,be see have take say raise
Thomas,Tom,4.761904761904762,1.7857142857142856,45.83333333333333,2.6666666666666665,be see have take say raise
Tom,Brenda Rafferty,4.761904761904762,1.7857142857142856,45.83333333333333,2.6666666666666665,be see have take say raise
Tom,Madame Fortuna,4.761904761904762,1.7857142857142856,45.83333333333333,2.6666666666666665,be see have take say raise
Brenda Rafferty,Madame Fortuna,4.761904761904762,1.7857142857142856,45.83333333333333,2.6666666666666665,be see have take say raise
Brenda Rafferty,Tom,4.761904761904762,1.7857142857142856,45.83333333333333,2.6666666666666665,be see have take say raise
Brenda Rafferty,Tom,4.761904761904762,1.7857142857142856,45.83333333333333,2.6666666666666665,be see have take say raise
Madame Fortuna,Tom,4.761904761904762,1.7857142857142856,45.83333333333333,2.6666666666666665,be see have take say raise
Madame Fortuna,Tom,4.761904761904762,1.7857142857142856,45.83333333333333,2.6666666666666665,be see have take say raise
Tom,Erin,4.583333333333333,0.8333333333333334,51.24999999999999,5.5,want take borrow be say pay use
Erin,Tom,4.583333333333333,0.8333333333333334,51.24999999999999,5.5,want take borrow be say pay use
Erin,Tom,4.583333333333333,0.8333333333333334,51.24999999999999,5.5,want take borrow be say pay use
Erin,Joyland,0.7142857142857143,0.35714285714285715,58.92857142857143,2.0,be go work be go land
Erin,Tom,0.0,0.0,37.5,INF,give say pounce
Erin,Tom,0.9615384615384616,7.211538461538461,45.67307692307692,0.13333333333333333,go roll tickle yell get
Tom,Erin,0.9615384615384616,7.211538461538461,45.67307692307692,0.13333333333333333,go roll tickle yell get
Joyland,Tom,8.680555555555555,2.430555555555556,44.44444444444444,3.5714285714285716,have see say be feel
Joyland,Brad,8.680555555555555,2.430555555555556,44.44444444444444,3.5714285714285716,have see say be feel
Joyland,Horror House,8.680555555555555,2.430555555555556,44.44444444444444,3.5714285714285716,have see say be feel
Tom,Brad,8.680555555555555,2.430555555555556,44.44444444444444,3.5714285714285716,have see say be feel
Tom,Horror House,8.680555555555555,2.430555555555556,44.44444444444444,3.5714285714285716,have see say be feel
Brad,Horror House,8.680555555555555,2.430555555555556,44.44444444444444,3.5714285714285716,have see say be feel
Erin,Tom,0.0,0.0,30.0,INF,have tell
Erin,Brad,4.166666666666666,2.083333333333333,47.91666666666667,2.0,lean whisper be
Tom,Elvis,0.8928571428571428,0.0,63.39285714285714,INF,smile flank
Erin,Elvis,3.90625,7.8125,63.28125,0.5,ignore give
Erin,Elvis,5.416666666666667,1.25,43.333333333333336,4.333333333333333,begin recoil jerk begin sing help fall
Tom,Erin,5.0,1.25,53.75,4.0,say give
Eddie,Horror House,2.083333333333333,1.3888888888888888,52.083333333333336,1.5,walk
Erin,Eddie,1.5625,1.5625,46.875,1.0,give
Erin,Eddie,1.5625,1.5625,46.875,1.0,give
Erin,Tom,0.7352941176470588,0.7352941176470588,63.23529411764706,1.0,hook draw
Eddie,Lane,7.5,3.75,58.75,2.0,be yell be
Tom,Dev,0.0,0.0,25.0,INF,be wear
Erin,Tom,0.0,0.0,60.0,INF,touch
Tom,Erin,3.8461538461538463,0.0,57.692307692307686,INF,put do look
Tom,Erin,3.8461538461538463,0.0,57.692307692307686,INF,put do look
Alice,Erin,0.0,1.3888888888888888,43.05555555555556,0.0,say
Tom,Emmalina Shoplaw,1.0416666666666665,0.0,61.458333333333336,INF,hold have hold tell
Tom,Erin,1.0416666666666665,0.0,61.458333333333336,INF,hold have hold tell
Tom,Emmalina Shoplaw,1.0416666666666665,0.0,61.458333333333336,INF,hold have hold tell
Tom,Erin,1.0416666666666665,0.0,61.458333333333336,INF,hold have hold tell
Emmalina Shoplaw,Erin,1.0416666666666665,0.0,61.458333333333336,INF,hold have hold tell
Tom,Erin,3.125,5.555555555555555,60.763888888888886,0.5625,answer say do want talk hear use
Tom,Erin,3.125,5.555555555555555,60.763888888888886,0.5625,answer say do want talk hear use
Erin,Tom,3.125,5.555555555555555,60.763888888888886,0.5625,answer say do want talk hear use
Erin,Tom,3.125,5.555555555555555,60.763888888888886,0.5625,answer say do want talk hear use
Tom,Erin,3.125,5.555555555555555,60.763888888888886,0.5625,answer say do want talk hear use
Tom,Erin,3.125,5.555555555555555,60.763888888888886,0.5625,answer say do want talk hear use
Erin,Dev,1.3888888888888888,0.0,31.944444444444443,INF,hold
Dev,Erin,1.3888888888888888,0.0,31.944444444444443,INF,hold
Dev,Erin,1.3888888888888888,0.0,31.944444444444443,INF,hold
Joyland,Madame Fortuna,2.734375,0.78125,52.734375,3.5,have jink juke stand
Lane,Madame Fortuna,6.5,1.0,60.5,6.5,be be talk
Lane,Madame Fortuna,6.5,1.0,60.5,6.5,be be talk
Tom,Horror House,5.416666666666667,5.833333333333333,55.41666666666667,0.9285714285714286,think have see stand
Madame Fortuna,Wendy,3.75,3.4375000000000004,57.8125,1.0909090909090908,be position face happen know be operate
Madame Fortuna,Wendy,6.944444444444445,0.0,48.61111111111111,INF,gather skirt seat
Joyland,Wendy,4.166666666666666,0.0,34.72222222222222,INF,do come ask say
Madame Fortuna,Rozzie,4.310344827586207,1.7241379310344827,42.241379310344826,2.5,be have be argue
Devin,Brenda Rafferty,0.0,0.0,22.22222222222222,INF,say
Brenda Rafferty,Joyland,1.3392857142857142,5.357142857142857,46.875,0.25,try see search hunt require
Brenda Rafferty,Joyland,1.3392857142857142,5.357142857142857,46.875,0.25,try see search hunt require
Brenda Rafferty,Joyland,1.3392857142857142,5.357142857142857,46.875,0.25,try see search hunt require
UNH,Joyland,1.7045454545454544,2.840909090909091,59.09090909090909,0.6,tell be go need plan spend be
Wendy,Dad,0.9259259259259258,2.7777777777777777,59.25925925925925,0.3333333333333333,tell be take see
Dad,Wendy,3.4722222222222223,0.0,63.19444444444444,INF,have speak
Dad,Thomas,4.62962962962963,0.9259259259259258,64.81481481481481,5.0,say try ask think be go
Dad,Thomas,4.62962962962963,0.9259259259259258,64.81481481481481,5.0,say try ask think be go
Thomas,Linda Gray,4.081632653061225,1.7857142857142856,53.316326530612244,2.2857142857142856,be have examine reexamine make be seem be be have be see
Pop Allen,Dottie Lassen,0.0,0.0,44.11764705882353,INF,tell pray
Pop Allen,Team Beagle,1.8181818181818181,3.6363636363636362,61.81818181818181,0.5,have guess be dress display crawl bump
Team Beagle,Pop Allen,1.8181818181818181,3.6363636363636362,61.81818181818181,0.5,have guess be dress display crawl bump
Team Beagle,Pop Allen,1.8181818181818181,3.6363636363636362,61.81818181818181,0.5,have guess be dress display crawl bump
Erin,Pop Allen,0.0,0.0,36.36363636363637,INF,be say
Tom,Erin,1.9230769230769231,0.9615384615384616,35.57692307692308,2.0,be
Erin,Rutgers,0.0,0.0,36.36363636363637,INF,come be transfer
Tom,Dottie Lassen,1.25,0.0,48.75,INF,turn hold
Dottie Lassen,Tom,1.25,0.0,48.75,INF,turn hold
Tom,Dottie Lassen,2.083333333333333,0.0,64.58333333333334,INF,head pause give
Dottie Lassen,Tom,1.7241379310344827,0.0,46.55172413793103,INF,cuss be shoo
Dottie Lassen,Tom,1.7241379310344827,0.0,46.55172413793103,INF,cuss be shoo
Tom,Dottie Lassen,1.7241379310344827,0.0,46.55172413793103,INF,cuss be shoo
Tom,Dottie Lassen,1.7241379310344827,0.0,46.55172413793103,INF,cuss be shoo
Tom,Dottie Lassen,1.7241379310344827,0.0,46.55172413793103,INF,cuss be shoo
Dottie Lassen,Tom,1.7241379310344827,0.0,46.55172413793103,INF,cuss be shoo
Dottie Lassen,Tom,1.7241379310344827,0.0,46.55172413793103,INF,cuss be shoo
Tom,Dottie Lassen,1.7241379310344827,0.0,46.55172413793103,INF,cuss be shoo
Tom,Horror House,1.6304347826086956,1.0869565217391304,53.80434782608695,1.5,finish know mean
Tom,Horror House,1.6304347826086956,1.0869565217391304,53.80434782608695,1.5,finish know mean
Tom,Erin,4.924242424242424,1.1363636363636365,48.484848484848484,4.333333333333333,be go think hope buy
Tom,Erin,4.924242424242424,1.1363636363636365,48.484848484848484,4.333333333333333,be go think hope buy
Tom,Erin,4.924242424242424,1.1363636363636365,48.484848484848484,4.333333333333333,be go think hope buy
Tom,Erin,4.924242424242424,1.1363636363636365,48.484848484848484,4.333333333333333,be go think hope buy
Tom,Erin,4.924242424242424,1.1363636363636365,48.484848484848484,4.333333333333333,be go think hope buy
Tom,Erin,4.924242424242424,1.1363636363636365,48.484848484848484,4.333333333333333,be go think hope buy
Erin,Tom,4.924242424242424,1.1363636363636365,48.484848484848484,4.333333333333333,be go think hope buy
Tom,Erin,4.924242424242424,1.1363636363636365,48.484848484848484,4.333333333333333,be go think hope buy
Tom,Erin,4.924242424242424,1.1363636363636365,48.484848484848484,4.333333333333333,be go think hope buy
Howie,Pop Allen,0.0,0.0,60.86956521739131,INF,tell bring
Howie,Allen,0.0,0.0,60.86956521739131,INF,tell bring
Pop Allen,Allen,0.0,0.0,60.86956521739131,INF,tell bring
Erin,Joyland,1.5625,0.0,60.9375,INF,have begin make
Tom,Joyland,2.272727272727273,5.113636363636364,47.159090909090914,0.4444444444444444,feel do do
Mrs. Shoplaw,Joyland,2.272727272727273,3.4090909090909087,36.74242424242424,0.6666666666666666,drive
Annie,Mike,1.171875,0.390625,57.8125,3.0,be sit head
Annie,Mike,5.263157894736842,0.6578947368421052,51.973684210526315,8.0,be become
Milo,Jack Russell,0.6578947368421052,1.3157894736842104,61.18421052631579,0.5,think come recognize
Howie,Joyland,3.723404255319149,0.0,51.59574468085106,INF,get reprise sing be
Mrs. Shoplaw,Tina,1.4423076923076923,0.4807692307692308,46.15384615384615,3.0,go spend re-read write
Mrs. Shoplaw,Erin,1.4423076923076923,0.4807692307692308,46.15384615384615,3.0,go spend re-read write
Mrs. Shoplaw,Tom,1.4423076923076923,0.4807692307692308,46.15384615384615,3.0,go spend re-read write
Tina,Erin,1.4423076923076923,0.4807692307692308,46.15384615384615,3.0,go spend re-read write
Tina,Tom,1.4423076923076923,0.4807692307692308,46.15384615384615,3.0,go spend re-read write
Erin,Tom,1.4423076923076923,0.4807692307692308,46.15384615384615,3.0,go spend re-read write
Lane,Eddie,1.0135135135135136,0.6756756756756757,49.66216216216216,1.5,head pick start winterize run
Lane,Horror House,1.0135135135135136,0.6756756756756757,49.66216216216216,1.5,head pick start winterize run
Eddie,Horror House,1.0135135135135136,0.6756756756756757,49.66216216216216,1.5,head pick start winterize run
Joyland,Nemo,2.127659574468085,1.3297872340425532,51.86170212765957,1.6,drain have move dress travel come
Joyland,Bradley Easterbrook,2.127659574468085,1.3297872340425532,51.86170212765957,1.6,drain have move dress travel come
Joyland,Bradley Easterbrook,2.127659574468085,1.3297872340425532,51.86170212765957,1.6,drain have move dress travel come
Nemo,Bradley Easterbrook,2.127659574468085,1.3297872340425532,51.86170212765957,1.6,drain have move dress travel come
Nemo,Bradley Easterbrook,2.127659574468085,1.3297872340425532,51.86170212765957,1.6,drain have move dress travel come
Mr. Easterbrook,Lane,0.0,0.0,46.15384615384615,INF,have say
Eddie,Bradley Easterbrook,1.7857142857142856,1.3392857142857142,39.732142857142854,1.3333333333333333,say watch walk be wait receive help
Eddie,Mr. Easterbrook,1.7857142857142856,1.3392857142857142,39.732142857142854,1.3333333333333333,say watch walk be wait receive help
Eddie,Brenda Rafferty,1.7857142857142856,1.3392857142857142,39.732142857142854,1.3333333333333333,say watch walk be wait receive help
Eddie,Mr. Easterbrook,1.7857142857142856,1.3392857142857142,39.732142857142854,1.3333333333333333,say watch walk be wait receive help
Eddie,Mr. Easterbrook,1.7857142857142856,1.3392857142857142,39.732142857142854,1.3333333333333333,say watch walk be wait receive help
Bradley Easterbrook,Mr. Easterbrook,1.7857142857142856,1.3392857142857142,39.732142857142854,1.3333333333333333,say watch walk be wait receive help
Bradley Easterbrook,Brenda Rafferty,1.7857142857142856,1.3392857142857142,39.732142857142854,1.3333333333333333,say watch walk be wait receive help
Bradley Easterbrook,Mr. Easterbrook,1.7857142857142856,1.3392857142857142,39.732142857142854,1.3333333333333333,say watch walk be wait receive help
Bradley Easterbrook,Mr. Easterbrook,1.7857142857142856,1.3392857142857142,39.732142857142854,1.3333333333333333,say watch walk be wait receive help
Mr. Easterbrook,Brenda Rafferty,1.7857142857142856,1.3392857142857142,39.732142857142854,1.3333333333333333,say watch walk be wait receive help
Brenda Rafferty,Mr. Easterbrook,1.7857142857142856,1.3392857142857142,39.732142857142854,1.3333333333333333,say watch walk be wait receive help
Brenda Rafferty,Mr. Easterbrook,1.7857142857142856,1.3392857142857142,39.732142857142854,1.3333333333333333,say watch walk be wait receive help
Lane,Eddie,3.9473684210526314,2.631578947368421,46.05263157894737,1.5,give say shut
Lane,Eddie,3.9473684210526314,2.631578947368421,46.05263157894737,1.5,give say shut
Joyland,Jack Russell,1.0,0.5,54.50000000000001,2.0,walk joyland trot investigate
Allen,Joyland,2.272727272727273,1.1363636363636365,54.77272727272727,2.0,leave bind have wait arrive find sit
Allen,Eddie,2.272727272727273,1.1363636363636365,54.77272727272727,2.0,leave bind have wait arrive find sit
Allen,Horror House,2.272727272727273,1.1363636363636365,54.77272727272727,2.0,leave bind have wait arrive find sit
Allen,Joyland,2.272727272727273,1.1363636363636365,54.77272727272727,2.0,leave bind have wait arrive find sit
Allen,Eddie,2.272727272727273,1.1363636363636365,54.77272727272727,2.0,leave bind have wait arrive find sit
Allen,Horror House,2.272727272727273,1.1363636363636365,54.77272727272727,2.0,leave bind have wait arrive find sit
Joyland,Eddie,2.272727272727273,1.1363636363636365,54.77272727272727,2.0,leave bind have wait arrive find sit
Joyland,Horror House,2.272727272727273,1.1363636363636365,54.77272727272727,2.0,leave bind have wait arrive find sit
Eddie,Horror House,2.272727272727273,1.1363636363636365,54.77272727272727,2.0,leave bind have wait arrive find sit
Mr. Easterbrook,Fred,3.3333333333333335,2.083333333333333,51.24999999999999,1.6,be verboten go seem feel flout
Mr. Easterbrook,Eddie,3.3333333333333335,2.083333333333333,51.24999999999999,1.6,be verboten go seem feel flout
Fred,Eddie,3.3333333333333335,2.083333333333333,51.24999999999999,1.6,be verboten go seem feel flout
Dev,Jonesy,3.977272727272727,0.0,41.47727272727273,INF,call be be
Dev,Eddie,3.977272727272727,0.0,41.47727272727273,INF,call be be
Jonesy,Eddie,3.977272727272727,0.0,41.47727272727273,INF,call be be
Lane,Eddie,1.25,5.0,58.75,0.25,go get
Tom,Eddie,2.0,0.0,62.0,INF,have tell stay do run do
Tom,Eddie,2.0,0.0,62.0,INF,have tell stay do run do
Jonesy,Eddie,1.0416666666666665,0.5208333333333333,35.9375,2.0,listen be do change be
Jonesy,Eddie,1.0416666666666665,0.5208333333333333,35.9375,2.0,listen be do change be
Milo,Mike,2.7777777777777777,2.314814814814815,54.166666666666664,1.2,let go get be sit watch
Milo,Madame Fortuna,3.90625,1.953125,66.015625,2.0,watch come remember meet be
Mike,Milo,1.1904761904761905,1.1904761904761905,69.04761904761905,1.0,start do give start
Annie Ross,Mike,0.6578947368421052,3.289473684210526,53.94736842105263,0.2,get
Mike,Milo,2.232142857142857,1.3392857142857142,39.285714285714285,1.6666666666666667,do worry say try kiddie-fiddle tell
Mike,Milo,2.232142857142857,1.3392857142857142,39.285714285714285,1.6666666666666667,do worry say try kiddie-fiddle tell
Michael,Mike,0.0,0.0,33.33333333333333,INF,
Mike,Jesus,1.3392857142857142,2.232142857142857,46.42857142857143,0.6,do have salute
Mike,NRA,1.3392857142857142,2.232142857142857,46.42857142857143,0.6,do have salute
Jesus,NRA,1.3392857142857142,2.232142857142857,46.42857142857143,0.6,do have salute
Mike,Grampa,2.7777777777777777,5.555555555555555,47.22222222222222,0.5,have hear doubt have tell
Grampa,Mike,2.7777777777777777,5.555555555555555,47.22222222222222,0.5,have hear doubt have tell
Grampa,Mike,2.7777777777777777,5.555555555555555,47.22222222222222,0.5,have hear doubt have tell
Milo,Mike,2.34375,3.125,63.28125,0.75,bark put waste
Milo,Mike,2.34375,3.125,63.28125,0.75,bark put waste
Mike,Annie,0.5681818181818182,0.0,63.06818181818182,INF,shoot see be turn
Mike,Annie,0.5681818181818182,0.0,63.06818181818182,INF,shoot see be turn
Annie,Mike,3.289473684210526,1.3157894736842104,42.76315789473684,2.5,be eye do mention
Annie,Mike,1.5625,0.0,67.1875,INF,ask want wink
Annie,Mike,7.142857142857142,1.7857142857142856,55.35714285714286,4.0,pour feed heap
Annie,Milo,7.142857142857142,1.7857142857142856,55.35714285714286,4.0,pour feed heap
Mike,Milo,7.142857142857142,1.7857142857142856,55.35714285714286,4.0,pour feed heap
Mr. Jones,Devin,5.357142857142857,3.571428571428571,26.785714285714285,1.5,be talk
Mike,Devin,2.4193548387096775,0.0,49.193548387096776,INF,welcome say have look swallow burst
Janice,Mike,1.8382352941176472,0.7352941176470588,41.544117647058826,2.5,be come arrange come want speak
Janice,Mike,1.8382352941176472,0.7352941176470588,41.544117647058826,2.5,be come arrange come want speak
Mike,Janice,1.8382352941176472,0.7352941176470588,41.544117647058826,2.5,be come arrange come want speak
Mike,Joyland,2.8846153846153846,0.0,66.34615384615384,INF,take have seem
Fred,Mysterio,1.875,2.5,55.625,0.75,be mind tour
Fred,Mike,6.6000000000000005,3.5562499999999995,46.09375,1.8558875219683657,be intend keep
Fred,Mike,6.6000000000000005,3.5562499999999995,46.09375,1.8558875219683657,be intend keep
Mike,Wendy,5.0,5.0,50.0,1.0,watch think
Mike,Wendy,5.0,5.0,50.0,1.0,watch think
Frodo,Sam,0.9259259259259258,0.23148148148148145,48.842592592592595,4.0,be sit move knock ask like come play
Frodo,Mrs. Shoplaw,0.9259259259259258,0.23148148148148145,48.842592592592595,4.0,be sit move knock ask like come play
Frodo,Mrs. Shoplaw,0.9259259259259258,0.23148148148148145,48.842592592592595,4.0,be sit move knock ask like come play
Frodo,Tina,0.9259259259259258,0.23148148148148145,48.842592592592595,4.0,be sit move knock ask like come play
Sam,Mrs. Shoplaw,0.9259259259259258,0.23148148148148145,48.842592592592595,4.0,be sit move knock ask like come play
Sam,Mrs. Shoplaw,0.9259259259259258,0.23148148148148145,48.842592592592595,4.0,be sit move knock ask like come play
Sam,Tina,0.9259259259259258,0.23148148148148145,48.842592592592595,4.0,be sit move knock ask like come play
Mrs. Shoplaw,Tina,0.9259259259259258,0.23148148148148145,48.842592592592595,4.0,be sit move knock ask like come play
Mrs. Shoplaw,Tina,0.9259259259259258,0.23148148148148145,48.842592592592595,4.0,be sit move knock ask like come play
Mrs. Shoplaw,Tina,0.0,0.78125,42.96875,0.0,confide be help
Miss Ackerley,Emmalina Shoplaw,2.2435897435897436,1.9230769230769231,52.243589743589745,1.1666666666666667,lay seem have think practice mirror be
Annie,Mike,5.625,1.25,38.125,4.5,do suppose know do
Howie,Dottie Lassen,3.75,1.25,48.333333333333336,3.0,have ask have find
Howie,Jesus,3.75,1.25,48.333333333333336,3.0,have ask have find
Dottie Lassen,Jesus,3.75,1.25,48.333333333333336,3.0,have ask have find
Dottie Lassen,Jesus,5.113636363636364,0.5681818181818182,62.5,9.0,have be tell do know be lose restrain
Annie,Mike,2.6515151515151514,1.893939393939394,56.060606060606055,1.4,think come be live have be answer
Mrs. Shoplaw,Tina,0.0,0.9615384615384616,60.57692307692307,0.0,give do notice
Frodo,Sam,0.0,2.6785714285714284,50.89285714285714,0.0,return sit try rejoin
Wendy,Annie Ross,3.125,0.0,55.208333333333336,INF,find realize develop
Annie Ross,Wendy,3.125,0.0,55.208333333333336,INF,find realize develop
Mrs. S.,Annie,4.166666666666666,3.7037037037037033,51.388888888888886,1.125,have suggest be let be think have
Annie,Mrs. S.,4.166666666666666,3.7037037037037033,51.388888888888886,1.125,have suggest be let be think have
Mike,Madame Fortuna,5.625,0.0,59.375,INF,be hear have call
Mike,Madame Fortuna,5.625,0.0,59.375,INF,be hear have call
Buddy Ross,Annie,3.532608695652174,5.978260869565218,53.53260869565217,0.5909090909090909,speculate go be think be be let be
Buddy Ross,Annie,3.532608695652174,5.978260869565218,53.53260869565217,0.5909090909090909,speculate go be think be be let be
Tina,Mrs. S.,3.3333333333333335,1.6666666666666667,48.333333333333336,2.0,hear chatter
Erin,Tom,2.8846153846153846,2.2435897435897436,61.53846153846154,1.2857142857142858,call expect get be watch
Erin,Rutgers,2.8846153846153846,2.2435897435897436,61.53846153846154,1.2857142857142858,call expect get be watch
Erin,Tom,2.8846153846153846,2.2435897435897436,61.53846153846154,1.2857142857142858,call expect get be watch
Erin,Rutgers,2.8846153846153846,2.2435897435897436,61.53846153846154,1.2857142857142858,call expect get be watch
Erin,Tom,2.8846153846153846,2.2435897435897436,61.53846153846154,1.2857142857142858,call expect get be watch
Erin,Rutgers,2.8846153846153846,2.2435897435897436,61.53846153846154,1.2857142857142858,call expect get be watch
Tom,Rutgers,2.8846153846153846,2.2435897435897436,61.53846153846154,1.2857142857142858,call expect get be watch
Tom,Linda Gray,5.208333333333334,2.083333333333333,59.375,2.5,have be see
Hallie Stansfield,Eddie,2.5,4.375,43.125,0.5714285714285714,take
Lane,Wendy,2.25,1.7500000000000002,48.0,1.2857142857142858,neglect belong have break have be fall
Lane,Wendy,2.25,1.7500000000000002,48.0,1.2857142857142858,neglect belong have break have be fall
Lane,Joyland,2.25,1.7500000000000002,48.0,1.2857142857142858,neglect belong have break have be fall
Wendy,Joyland,2.25,1.7500000000000002,48.0,1.2857142857142858,neglect belong have break have be fall
Wendy,Joyland,2.25,1.7500000000000002,48.0,1.2857142857142858,neglect belong have break have be fall
Rozzie,Mike,4.62962962962963,3.7037037037037033,58.333333333333336,1.25,have be be
Erin,Tom,1.8518518518518516,0.9259259259259258,60.18518518518518,2.0,be think upcome arrive
Eddie,Horror House,2.5,1.25,56.25,2.0,be seat smoke
Eddie,Horror House,2.5,1.25,56.25,2.0,be seat smoke
Horror House,Eddie,2.5,1.25,56.25,2.0,be seat smoke
Lane,Eddie,0.8333333333333334,0.0,63.61111111111111,INF,arrive be kneel do rock rock listen see draw
Lane,Eddie,0.8333333333333334,0.0,63.61111111111111,INF,arrive be kneel do rock rock listen see draw
Pop Allen,Annie,0.0,1.6304347826086956,50.54347826086957,0.0,be
Annie,Pop Allen,0.0,1.6304347826086956,50.54347826086957,0.0,be
Joyland,Eddie,5.555555555555555,12.5,26.38888888888889,0.4444444444444444,
Eddie,Lane,1.25,0.0,73.75,INF,stare come sprint shout be
Lane,Horror House,2.380952380952381,1.1904761904761905,58.333333333333336,2.0,be go find look snarl decorate
Linda Gray,Mrs. Shoplaw,2.727272727272727,4.545454545454546,60.0,0.6,be have be have accompany be see wave make
Linda Gray,Lane,2.727272727272727,4.545454545454546,60.0,0.6,be have be have accompany be see wave make
Mrs. Shoplaw,Lane,2.727272727272727,4.545454545454546,60.0,0.6,be have be have accompany be see wave make
Jesus,Jonesy,1.3888888888888888,2.7777777777777777,45.83333333333333,0.5,start call be
Eddie,Linda Gray,1.1363636363636365,2.272727272727273,51.13636363636363,0.5,believe entertain be
Eddie,Joyland,1.7857142857142856,3.571428571428571,66.07142857142857,0.5,have know give like
Rozzie,Pop Allen,2.6785714285714284,1.7857142857142856,66.96428571428571,1.5,give berth
Rozzie,Pop Allen,2.6785714285714284,1.7857142857142856,66.96428571428571,1.5,give berth
Eddie,Fred,1.6666666666666667,3.3333333333333335,51.66666666666667,0.5,need have be be fall
Eddie,Fred,1.6666666666666667,3.3333333333333335,51.66666666666667,0.5,need have be be fall
Fred,Linda Gray,3.8194444444444446,2.7777777777777777,54.513888888888886,1.375,shut shine have be be
Fred,Linda Gray,3.8194444444444446,2.7777777777777777,54.513888888888886,1.375,shut shine have be be
Fred,Linda Gray,3.8194444444444446,2.7777777777777777,54.513888888888886,1.375,shut shine have be be
Annie,Mike,1.7857142857142856,0.0,26.785714285714285,INF,turn surprise
Mr. Jones,Mike,3.4090909090909087,2.840909090909091,48.29545454545455,1.2,be be visit
Mr. Jones,Mike,3.4090909090909087,2.840909090909091,48.29545454545455,1.2,be be visit
Mike,Joyland,4.464285714285714,4.464285714285714,12.5,1.0,know be
Mike,Annie,0.0,3.125,41.875,0.0,be go die tell turn
Eddie,Annie,0.0,0.0,33.33333333333333,INF,
Mike,Annie,1.0416666666666665,1.0416666666666665,60.416666666666664,1.0,say grab handle spin drive
Annie,Mike,1.0416666666666665,1.0416666666666665,60.416666666666664,1.0,say grab handle spin drive
Annie,Mike,1.9736842105263157,1.9736842105263157,59.210526315789465,1.0,have get be refuse get
Annie,Mike,0.0,0.0,40.0,INF,shout
Mike,Annie,1.25,6.25,52.5,0.2,shake look
Mike,Annie,1.25,6.25,52.5,0.2,shake look
Annie,Mike,0.0,0.0,33.33333333333333,INF,grab yank
Mike,Annie,10.0,0.0,50.0,INF,take
Michael,Mike,0.8620689655172413,0.43103448275862066,43.53448275862069,2.0,say go speak be listen
Mrs. S.,Dev,0.4629629629629629,0.4629629629629629,50.92592592592593,1.0,be doze knock say have get
Fred,Lane,1.6304347826086956,1.9021739130434785,57.33695652173913,0.8571428571428571,see shake make say be be take
Fred,Lane,1.6304347826086956,1.9021739130434785,57.33695652173913,0.8571428571428571,see shake make say be be take
Fred,Lane,1.6304347826086956,1.9021739130434785,57.33695652173913,0.8571428571428571,see shake make say be be take
Lane,Mike,6.048387096774194,2.82258064516129,45.96774193548387,2.142857142857143,tell have convince let come give
Lane,Mike,6.048387096774194,2.82258064516129,45.96774193548387,2.142857142857143,tell have convince let come give
Lane,Mike,6.048387096774194,2.82258064516129,45.96774193548387,2.142857142857143,tell have convince let come give
Erin,Tom,1.1363636363636365,5.681818181818182,65.9090909090909,0.2,show
Lane,Freddy Dean,3.4482758620689653,2.586206896551724,56.03448275862068,1.3333333333333333,be say have say fuck risk know
Fred,Lane,3.3333333333333335,1.6666666666666667,58.333333333333336,2.0,hem haw okay promise stick be
Tom,Erin,0.5681818181818182,2.840909090909091,55.68181818181818,0.2,leave drive be wait step
Erin,Tom,4.6875,0.78125,50.78125,6.0,let go allow pull
Tom,Joyland,0.8928571428571428,12.5,50.89285714285714,0.07142857142857142,have stay
Mrs. Shoplaw,Mrs. S.,3.9215686274509802,0.24509803921568626,46.81372549019608,16.0,stay be have be see have roar provide
Mrs. Shoplaw,Tina,3.9215686274509802,0.24509803921568626,46.81372549019608,16.0,stay be have be see have roar provide
Mrs. S.,Tina,3.9215686274509802,0.24509803921568626,46.81372549019608,16.0,stay be have be see have roar provide
Erin,Tom,1.6891891891891893,3.3783783783783785,57.0945945945946,0.5,come share declare send
Erin,Tom,1.6891891891891893,3.3783783783783785,57.0945945945946,0.5,come share declare send
Erin,Tina,1.6891891891891893,3.3783783783783785,57.0945945945946,0.5,come share declare send
Erin,Mrs. S.,1.6891891891891893,3.3783783783783785,57.0945945945946,0.5,come share declare send
Erin,Tom,1.6891891891891893,3.3783783783783785,57.0945945945946,0.5,come share declare send
Erin,Tom,1.6891891891891893,3.3783783783783785,57.0945945945946,0.5,come share declare send
Erin,Tina,1.6891891891891893,3.3783783783783785,57.0945945945946,0.5,come share declare send
Erin,Mrs. S.,1.6891891891891893,3.3783783783783785,57.0945945945946,0.5,come share declare send
Tom,Tina,1.6891891891891893,3.3783783783783785,57.0945945945946,0.5,come share declare send
Tom,Mrs. S.,1.6891891891891893,3.3783783783783785,57.0945945945946,0.5,come share declare send
Tom,Tina,1.6891891891891893,3.3783783783783785,57.0945945945946,0.5,come share declare send
Tom,Mrs. S.,1.6891891891891893,3.3783783783783785,57.0945945945946,0.5,come share declare send
Tina,Mrs. S.,1.6891891891891893,3.3783783783783785,57.0945945945946,0.5,come share declare send
Annie,Mike,1.7045454545454544,0.5681818181818182,43.18181818181818,3.0,think be introduce
Annie,Erin,1.7045454545454544,0.5681818181818182,43.18181818181818,3.0,think be introduce
Mike,Erin,1.7045454545454544,0.5681818181818182,43.18181818181818,3.0,think be introduce
Fred,Lane,0.0,0.0,55.55555555555556,INF,carry get be leave have
Joyland,Horror House,2.34375,3.90625,50.0,0.6,see read come dare
Eddie,Erin,4.807692307692308,0.0,56.730769230769226,INF,see say
Erin,Joyland,2.5,3.0,56.49999999999999,0.8333333333333334,do look flush have run smile coax let take
Erin,Joyland,2.5,3.0,56.49999999999999,0.8333333333333334,do look flush have run smile coax let take
Joyland,Erin,2.5,3.0,56.49999999999999,0.8333333333333334,do look flush have run smile coax let take
Joyland,Erin,2.5,3.0,56.49999999999999,0.8333333333333334,do look flush have run smile coax let take
Joyland,Erin,2.5,3.0,56.49999999999999,0.8333333333333334,do look flush have run smile coax let take
Joyland,Erin,2.5,3.0,56.49999999999999,0.8333333333333334,do look flush have run smile coax let take
Erin,Sherlock Holmes,1.171875,1.171875,47.65625,1.0,do think be go listen say spit
Sherlock Holmes,Eddie,3.7037037037037033,5.555555555555555,50.0,0.6666666666666666,need be have be be
Erin,Tom,0.9868421052631579,1.9736842105263157,65.46052631578947,0.5,think tell be put be catch have sound factor
Erin,Horror House,5.555555555555555,2.7777777777777777,58.333333333333336,2.0,point
Erin,Xerox,0.0,0.0,50.0,INF,hand
Claudine,Dev,0.0,6.25,33.75,0.0,be
Erin,Xerox,0.0,0.0,37.5,INF,take
Erin,Xerox,0.0,0.0,37.5,INF,take
Jesus,Erin,4.605263157894736,0.0,53.289473684210535,INF,forget find
DeeDee,Claudine,1.0869565217391304,2.717391304347826,39.67391304347826,0.4,kill have be have meet
DeeDee,Darlene Stamnacher,1.0869565217391304,2.717391304347826,39.67391304347826,0.4,kill have be have meet
Claudine,Darlene Stamnacher,1.0869565217391304,2.717391304347826,39.67391304347826,0.4,kill have be have meet
Erin,Linda Gray,1.1904761904761905,3.571428571428571,52.38095238095239,0.3333333333333333,be publish be kill
Linda Gray,Erin,3.125,2.734375,47.265625,1.1428571428571428,shuffle feel realize be show have kill
Jesus,Erin,0.0,0.0,50.0,INF,be
Brenda Rafferty,Hollywood Girls,5.859375,1.171875,55.46875,5.0,have tell have be come
Brenda Rafferty,Hollywood Girls,5.859375,1.171875,55.46875,5.0,have tell have be come
Brenda Rafferty,Hollywood Girls,5.859375,1.171875,55.46875,5.0,have tell have be come
Hollywood Girls,Brenda Rafferty,5.859375,1.171875,55.46875,5.0,have tell have be come
Alice,Mrs. Shoplaw,5.0,1.25,53.75,4.0,have call
Linda Gray,Alice,2.840909090909091,2.556818181818182,51.42045454545454,1.1111111111111112,know trouble be be pass
Linda Gray,Alice,2.840909090909091,2.556818181818182,51.42045454545454,1.1111111111111112,know trouble be be pass
Linda Gray,Alice,2.840909090909091,2.556818181818182,51.42045454545454,1.1111111111111112,know trouble be be pass
Linda Gray,Alice,3.3333333333333335,4.166666666666666,45.83333333333333,0.8,be
Erin,Xerox,0.0,0.0,60.0,INF,take show
Linda Gray,Erin,0.9615384615384616,0.9615384615384616,59.61538461538461,1.0,be stand encircle
Erin,Annie,4.6875,1.0416666666666665,44.27083333333333,4.5,hand be pass
Claudine,Linda Gray,4.017857142857143,4.910714285714286,48.214285714285715,0.8181818181818182,kill kill
Phil,Dev,6.25,0.0,31.25,INF,look
Jesus,Erin,0.0,0.0,37.5,INF,be
Eva Longbottom,Linda Gray,1.5,2.5,44.0,0.6,have be leave
Mr. Dean,Erin,0.9615384615384616,0.0,52.88461538461539,INF,say stand
Fred,Erin,3.90625,2.34375,62.5,1.6666666666666667,seem complicate tell be
Fred,Tom,3.90625,2.34375,62.5,1.6666666666666667,seem complicate tell be
Erin,Tom,3.90625,2.34375,62.5,1.6666666666666667,seem complicate tell be
Fred,Tom,2.380952380952381,2.976190476190476,56.547619047619044,0.8,remember have see
Tom,Fred,2.380952380952381,2.976190476190476,56.547619047619044,0.8,remember have see
Fred,Erin,0.0,4.464285714285714,45.535714285714285,0.0,tip start
Fred,Erin,0.0,4.464285714285714,45.535714285714285,0.0,tip start
Erin,Fred,0.9615384615384616,0.9615384615384616,67.3076923076923,1.0,wait be burst
Lane,Fred,1.3157894736842104,0.0,46.05263157894737,INF,accord hold bale
Lane,Joyland,1.3157894736842104,0.0,46.05263157894737,INF,accord hold bale
Fred,Joyland,1.3157894736842104,0.0,46.05263157894737,INF,accord hold bale
Tom,Erin,1.7241379310344827,0.0,46.55172413793103,INF,go have spend
Dev,Tom,4.166666666666666,0.0,29.166666666666668,INF,do understand say
Linda Gray,Erin,0.0,3.8461538461538463,50.0,0.0,wait
Linda Gray,Erin,0.0,4.545454545454546,31.818181818181817,0.0,
Linda Gray,Annie,0.0,4.545454545454546,31.818181818181817,0.0,
Erin,Annie,0.0,4.545454545454546,31.818181818181817,0.0,
Tom,Erin,5.357142857142857,0.0,58.92857142857143,INF,read come go
Annie,Mike,0.0,1.0416666666666665,57.291666666666664,0.0,dream be
Annie,Mike,2.604166666666667,4.6875,51.041666666666664,0.5555555555555556,be stand watch fly
Annie,Mike,2.604166666666667,4.6875,51.041666666666664,0.5555555555555556,be stand watch fly
Tom,Erin,4.72972972972973,2.364864864864865,55.067567567567565,2.0,have allow travel come train be
Erin,Tom,4.62962962962963,0.0,62.03703703703704,INF,leave be whisk
Erin,Tom,4.62962962962963,0.0,62.03703703703704,INF,leave be whisk
Erin,Tom,4.166666666666666,0.0,62.5,INF,spend
Tom,Erin,0.0,0.7352941176470588,55.14705882352941,0.0,tell do want let go announce do
Erin,Tom,0.0,0.7352941176470588,55.14705882352941,0.0,tell do want let go announce do
Erin,Tom,1.6304347826086956,0.5434782608695652,63.04347826086957,3.0,be go stroll have
Tom,Dev,0.0,0.0,50.0,INF,be contemplate clear say listen
Tom,Dev,0.0,0.0,50.0,INF,be contemplate clear say listen
Tom,Joyland,3.8461538461538463,0.0,50.0,INF,want have happen understand
Tom,Joyland,3.8461538461538463,0.0,50.0,INF,want have happen understand
Joyland,Tom,3.8461538461538463,0.0,50.0,INF,want have happen understand
Joyland,Tom,3.8461538461538463,0.0,50.0,INF,want have happen understand
Fred,Joyland,4.6875,2.1875,60.62499999999999,2.142857142857143,be surprise find dress fade fade roll show
Fred,Joyland,4.6875,2.1875,60.62499999999999,2.142857142857143,be surprise find dress fade fade roll show
Fred,Joyland,4.6875,2.1875,60.62499999999999,2.142857142857143,be surprise find dress fade fade roll show
Annie,Mike,2.9166666666666665,0.8333333333333334,46.25,3.5,be be have walk
Annie,Mike,2.083333333333333,4.166666666666666,43.75,0.5,pay
Fred,Mike,8.035714285714286,0.0,49.107142857142854,INF,have make be
Fred,Mike,1.0416666666666665,0.0,57.291666666666664,INF,do sleep half-convince have mention arrive wash dawn
Annie,Mike,1.8292682926829267,1.2195121951219512,53.04878048780488,1.5,have make turn be go
Joyland,Milo,0.0,0.5434782608695652,55.97826086956522,0.0,be allow say go be
Annie,Mike,0.5952380952380952,3.571428571428571,48.214285714285715,0.16666666666666666,lower hear be do
Dev,Annie,0.0,0.0,16.666666666666664,INF,thank say
Joyland,Mr. Easterbrook,0.7352941176470588,0.0,55.14705882352941,INF,drive pull have sit
Joyland,Howie,0.7352941176470588,0.0,55.14705882352941,INF,drive pull have sit
Mr. Easterbrook,Howie,0.7352941176470588,0.0,55.14705882352941,INF,drive pull have sit
Mike,Annie,0.0,3.125,51.041666666666664,0.0,stand catch lose hoist
Mike,Annie,0.0,3.125,51.041666666666664,0.0,stand catch lose hoist
Mike,Annie,0.0,3.125,51.041666666666664,0.0,stand catch lose hoist
Annie,Fred,0.0,0.0,53.333333333333336,INF,roll approach
Fred,Annie,5.46875,5.46875,51.5625,1.0,take bow hold
Fred,Annie,5.46875,5.46875,51.5625,1.0,take bow hold
Annie,Fred,6.071428571428571,2.142857142857143,46.07142857142857,2.8333333333333335,do know be fluster be dress be
Annie,Fred,6.071428571428571,2.142857142857143,46.07142857142857,2.8333333333333335,do know be fluster be dress be
Fred,Annie,6.071428571428571,2.142857142857143,46.07142857142857,2.8333333333333335,do know be fluster be dress be
Fred,Annie,6.071428571428571,2.142857142857143,46.07142857142857,2.8333333333333335,do know be fluster be dress be
Annie,Fred,6.071428571428571,2.142857142857143,46.07142857142857,2.8333333333333335,do know be fluster be dress be
Fred,Annie,6.071428571428571,2.142857142857143,46.07142857142857,2.8333333333333335,do know be fluster be dress be
Annie,Fred,7.142857142857142,0.0,35.714285714285715,INF,shake
Fred,Mike,1.3888888888888888,0.0,54.166666666666664,INF,examine
Mike,Fred,1.3888888888888888,0.0,54.166666666666664,INF,examine
Fred,Milo,3.571428571428571,0.8928571428571428,52.67857142857143,4.0,hold wait raise
Fred,Milo,3.571428571428571,0.8928571428571428,52.67857142857143,4.0,hold wait raise
Fred,Milo,3.571428571428571,0.8928571428571428,52.67857142857143,4.0,hold wait raise
Fred,Milo,3.571428571428571,0.8928571428571428,52.67857142857143,4.0,hold wait raise
Milo,Fred,0.0,0.0,50.0,INF,do shake
Fred,Annie,2.6785714285714284,0.0,54.46428571428571,INF,show put
Annie,Fred,2.6785714285714284,0.0,54.46428571428571,INF,show put
Annie,Fred,2.6785714285714284,0.0,54.46428571428571,INF,show put
Annie,Mike,0.0,2.5,37.5,0.0,gasp
Joyland,Mike,3.0,1.0,40.0,3.0,be be belong
Joyland,Mike,3.0,1.0,40.0,3.0,be be belong
Mike,Fred,3.6764705882352944,0.0,31.61764705882353,INF,say do know sell
Mike,Annie,2.5390625,0.78125,56.0546875,3.25,remember happen take be tell feel explain have end hold
Mike,Wendy,2.5390625,0.78125,56.0546875,3.25,remember happen take be tell feel explain have end hold
Annie,Wendy,2.5390625,0.78125,56.0546875,3.25,remember happen take be tell feel explain have end hold
Fred,Lane,0.625,4.375,65.0,0.14285714285714285,have pull do
Lane,Mike,2.6785714285714284,0.0,61.60714285714286,INF,point
Annie,Mike,0.0,0.0,20.0,INF,start
Mike,Lane,2.5,0.0,54.166666666666664,INF,get clank be stand allow boost
Mike,Lane,2.5,0.0,54.166666666666664,INF,get clank be stand allow boost
Mike,Lane,2.5,0.0,54.166666666666664,INF,get clank be stand allow boost
Mike,Lane,2.5,0.0,54.166666666666664,INF,get clank be stand allow boost
Mike,Lane,2.5,0.0,54.166666666666664,INF,get clank be stand allow boost
Mike,Lane,2.5,0.0,54.166666666666664,INF,get clank be stand allow boost
Fred,Lane,0.4934210526315789,0.3289473684210526,54.44078947368421,1.5,be depopulate play have reactivate shoot lurk spring pass
Mike,Lane,0.0,0.0,60.0,INF,turn
Annie,Mike,0.6578947368421052,7.894736842105263,33.55263157894737,0.08333333333333333,veto allow ride
Annie,Mike,4.285714285714286,2.142857142857143,50.71428571428571,2.0,grip have rise begin tilt loosen hear laugh
Annie,Mike,4.285714285714286,2.142857142857143,50.71428571428571,2.0,grip have rise begin tilt loosen hear laugh
Annie,Mike,4.285714285714286,2.142857142857143,50.71428571428571,2.0,grip have rise begin tilt loosen hear laugh
Annie,Mike,4.285714285714286,2.142857142857143,50.71428571428571,2.0,grip have rise begin tilt loosen hear laugh
Mike,Annie,4.285714285714286,2.142857142857143,50.71428571428571,2.0,grip have rise begin tilt loosen hear laugh
Annie,Mike,4.285714285714286,2.142857142857143,50.71428571428571,2.0,grip have rise begin tilt loosen hear laugh
Fred,Mike,1.7045454545454544,1.1363636363636365,56.25,1.5,be run know keep bring have have hold
Fred,Mike,0.0,4.166666666666666,45.83333333333333,0.0,tote
Mike,Milo,4.166666666666666,2.083333333333333,54.861111111111114,2.0,ride paint love
Joyland,Mike,2.295918367346939,3.316326530612245,61.73469387755102,0.6923076923076923,have be work be yell see rush
Joyland,Milo,2.295918367346939,3.316326530612245,61.73469387755102,0.6923076923076923,have be work be yell see rush
Mike,Milo,2.295918367346939,3.316326530612245,61.73469387755102,0.6923076923076923,have be work be yell see rush
Annie,Mike,0.0,0.9615384615384616,52.88461538461539,0.0,crowd cross
Annie,Milo,0.0,0.9615384615384616,52.88461538461539,0.0,crowd cross
Mike,Milo,0.0,0.9615384615384616,52.88461538461539,0.0,crowd cross
Fred,Mike,0.0,0.0,59.09090909090909,INF,ride tuck
Mike,Fred,1.4705882352941175,0.0,51.470588235294116,INF,mount drop regard
Mike,Fred,1.4705882352941175,0.0,51.470588235294116,INF,mount drop regard
Joyland,Fred,0.0,1.5625,42.1875,0.0,ride say
Fred,Joyland,2.34375,0.0,66.40625,INF,bring put
Fred,Mike,2.34375,0.0,66.40625,INF,bring put
Joyland,Mike,2.34375,0.0,66.40625,INF,bring put
Lane,Annie,0.0,0.0,42.857142857142854,INF,do lower speak
Lane,Annie,0.0,0.0,42.857142857142854,INF,do lower speak
Lane,Fred,0.0,0.0,42.857142857142854,INF,do lower speak
Annie,Fred,0.0,0.0,42.857142857142854,INF,do lower speak
Annie,Fred,0.0,0.0,42.857142857142854,INF,do lower speak
Annie,Mike,0.0,0.0,46.15384615384615,INF,mount snarl
Lane,Annie,2.083333333333333,1.0416666666666665,46.875,2.0,be come
Lane,Mike,2.083333333333333,1.0416666666666665,46.875,2.0,be come
Annie,Mike,2.083333333333333,1.0416666666666665,46.875,2.0,be come
Lane,Mike,0.0,0.0,71.42857142857143,INF,be push
Mike,Milo,2.5,5.0,60.5,0.5,hop skip be do
Mike,Hallie Stansfield,1.6129032258064515,4.838709677419355,51.61290322580645,0.3333333333333333,wish turn squeeze have expel be aspirate
Mike,Hallie Stansfield,1.6129032258064515,4.838709677419355,51.61290322580645,0.3333333333333333,wish turn squeeze have expel be aspirate
Hallie Stansfield,Mike,1.6129032258064515,4.838709677419355,51.61290322580645,0.3333333333333333,wish turn squeeze have expel be aspirate
Mike,Howie,8.125,0.625,41.25,13.0,bury say make
Mike,Dev,8.125,0.625,41.25,13.0,bury say make
Howie,Dev,8.125,0.625,41.25,13.0,bury say make
Mike,Howie,5.0,2.5,52.5,2.0,look
Lane,Mike,2.5,0.0,64.16666666666667,INF,pick stick
Lane,Mike,2.5,0.0,64.16666666666667,INF,pick stick
Joyland,Howie,6.896551724137931,2.586206896551724,38.793103448275865,2.6666666666666665,have be be
Joyland,Howie,6.896551724137931,2.586206896551724,38.793103448275865,2.6666666666666665,have be be
Joyland,Annie,0.0,0.8333333333333334,52.5,0.0,duck leave rejoin lead
Joyland,Mike,0.0,0.8333333333333334,52.5,0.0,duck leave rejoin lead
Annie,Mike,0.0,0.8333333333333334,52.5,0.0,duck leave rejoin lead
Annie,Mike,2.5,3.75,38.75,0.6666666666666666,look say be want do
Lane,Milo,2.7777777777777777,1.3888888888888888,51.388888888888886,2.0,scruff
Annie,Mike,1.3888888888888888,0.0,48.61111111111111,INF,sit be
Lane,Mike,2.380952380952381,2.976190476190476,56.547619047619044,0.8,drop go reset
Mike,Annie,5.172413793103448,2.1551724137931036,44.396551724137936,2.4,remember be seem burn
Annie,Mike,1.3157894736842104,0.0,51.31578947368421,INF,do tell have do object
Lane,Mike,2.941176470588235,0.0,61.76470588235294,INF,help hold
Lane,Mike,2.941176470588235,0.0,61.76470588235294,INF,help hold
Lane,Mike,2.941176470588235,0.0,61.76470588235294,INF,help hold
Pop Allen,Fred,3.804347826086957,2.1739130434782608,63.58695652173913,1.75,stand have stand be
Pop Allen,Fred,3.804347826086957,2.1739130434782608,63.58695652173913,1.75,stand have stand be
Mike,Annie,0.0,0.0,66.66666666666666,INF,look
Fred,Howie,1.6129032258064515,2.0161290322580645,54.43548387096774,0.8,hand earn
Mike,Lane,3.75,0.0,76.25,INF,look
Annie,Fred,0.0,0.0,25.0,INF,ask
Annie,Lane,0.0,0.43103448275862066,54.741379310344826,0.0,put use wipe
Annie,Lane,0.0,0.43103448275862066,54.741379310344826,0.0,put use wipe
Annie,Lane,0.0,0.43103448275862066,54.741379310344826,0.0,put use wipe
Annie,Lane,3.125,0.0,51.87500000000001,INF,be say stuff
Annie,Lane,3.125,0.0,51.87500000000001,INF,be say stuff
Annie,Mike,0.0,0.0,44.44444444444444,INF,kiss
Mike,Joyland,2.0,1.0,56.99999999999999,2.0,look see sit curl
Mike,Horror House,2.0,1.0,56.99999999999999,2.0,look see sit curl
Joyland,Horror House,2.0,1.0,56.99999999999999,2.0,look see sit curl
Joyland,Mike,2.0,1.0,56.99999999999999,2.0,look see sit curl
Joyland,Mike,2.0,1.0,56.99999999999999,2.0,look see sit curl
Horror House,Mike,2.0,1.0,56.99999999999999,2.0,look see sit curl
Horror House,Mike,2.0,1.0,56.99999999999999,2.0,look see sit curl
Mike,Annie,4.166666666666666,2.380952380952381,50.595238095238095,1.75,do turn stare
Mike,Joyland,4.166666666666666,2.380952380952381,50.595238095238095,1.75,do turn stare
Annie,Joyland,4.166666666666666,2.380952380952381,50.595238095238095,1.75,do turn stare
Annie,Milo,0.8928571428571428,0.8928571428571428,76.78571428571429,1.0,be look steal
Annie,Mike,0.8928571428571428,0.8928571428571428,76.78571428571429,1.0,be look steal
Milo,Mike,0.8928571428571428,0.8928571428571428,76.78571428571429,1.0,be look steal
Mike,Jack Russell,4.0,2.0,66.0,2.0,know be think have work do think
Mike,Jack Russell,4.0,2.0,66.0,2.0,know be think have work do think
Mike,Annie,0.0,0.0,44.44444444444444,INF,be say
Mike,Annie,2.5,0.0,37.5,INF,say
Fred,Lane,0.625,0.625,53.75,1.0,say use come
Fred,Milo,0.625,0.625,53.75,1.0,say use come
Lane,Milo,0.625,0.625,53.75,1.0,say use come
Annie,Milo,0.0,1.5625,60.9375,0.0,have bring hang do budge
Dev,Mike,0.0,0.0,44.44444444444444,INF,come say
Mike,Joyland,0.78125,0.0,49.21875,INF,grab handle roll
Fred,Lane,3.4090909090909087,1.1363636363636365,45.45454545454545,3.0,stay be lean
Fred,Lane,3.4090909090909087,1.1363636363636365,45.45454545454545,3.0,stay be lean
Annie,Lane,2.083333333333333,2.083333333333333,29.166666666666668,1.0,get regard
Milo,Annie,0.0,0.6578947368421052,51.973684210526315,0.0,thump do look
Milo,Annie,0.0,0.6578947368421052,51.973684210526315,0.0,thump do look
Milo,Annie,0.0,0.6578947368421052,51.973684210526315,0.0,thump do look
Milo,Annie,0.0,0.6578947368421052,51.973684210526315,0.0,thump do look
Fred,Horror House,1.8382352941176472,3.308823529411765,53.67647058823529,0.5555555555555556,beg do try answer switch have get roll
Lane,Fred,2.8125,0.3125,59.375,9.0,be make have be have turn
Lane,Mike,2.8125,0.3125,59.375,9.0,be make have be have turn
Fred,Mike,2.8125,0.3125,59.375,9.0,be make have be have turn
Fred,Annie,1.0869565217391304,4.891304347826087,50.54347826086957,0.2222222222222222,spot have give
Milo,Mike,4.166666666666666,0.8333333333333334,61.66666666666667,5.0,pad
Mike,Fred,0.5208333333333333,1.5625,39.58333333333333,0.3333333333333333,hate be check advise
Gilda,Lane,0.0,0.0,36.36363636363637,INF,be call say
Devin,Annie,2.631578947368421,0.0,44.73684210526316,INF,do sneak call
Devin,Annie,2.631578947368421,0.0,44.73684210526316,INF,do sneak call
Alice,Lane,4.0,1.5,54.50000000000001,2.6666666666666665,remember think wonder see put
Alice,Lane,4.0,1.5,54.50000000000001,2.6666666666666665,remember think wonder see put
Milo,Mike,2.5,1.25,51.24999999999999,2.0,be curl be stroke
Milo,Mike,2.5,1.25,51.24999999999999,2.0,be curl be stroke
Milo,Mike,2.5,1.25,51.24999999999999,2.0,be curl be stroke
Milo,Mike,2.5,1.25,51.24999999999999,2.0,be curl be stroke
Tom,Mike,5.208333333333334,6.25,46.875,0.8333333333333334,have be
Mike,Dev,5.555555555555555,0.0,50.0,INF,put say be
Mike,Dad,3.571428571428571,4.464285714285714,49.107142857142854,0.8,wait be wait believe be
Mike,Joyland,4.779411764705882,8.455882352941178,48.529411764705884,0.5652173913043478,be let go have be hold insist
Mike,Annie,0.0,0.0,40.0,INF,say
Annie,Wendy,2.5,4.5,56.99999999999999,0.5555555555555556,couple move make seem
Mike,Howie,7.894736842105263,3.289473684210526,51.973684210526315,2.4,do catch
Wendy,Coke,0.7352941176470588,1.4705882352941175,59.55882352941176,0.5,come slip stand be want
Wendy,Coke,0.7352941176470588,1.4705882352941175,59.55882352941176,0.5,come slip stand be want
Wendy,Coke,0.7352941176470588,1.4705882352941175,59.55882352941176,0.5,come slip stand be want
Mike,Joyland,0.0,0.0,33.33333333333333,INF,do take die
Joyland,Mike,0.0,0.0,33.33333333333333,INF,do take die
Mike,Annie,4.0,0.0,60.0,INF,remember have say do have be
Mike,Erin,3.0,0.0,45.0,INF,die hold try soothe
Mike,Coke,3.0,0.0,45.0,INF,die hold try soothe
Mike,Erin,3.0,0.0,45.0,INF,die hold try soothe
Erin,Coke,3.0,0.0,45.0,INF,die hold try soothe
Coke,Erin,3.0,0.0,45.0,INF,die hold try soothe
Alice,Tom,5.0,0.0,41.66666666666667,INF,know see see
Mike,Rozzie,2.604166666666667,1.0416666666666665,54.6875,2.5,need do have share be
Mrs. Shoplaw,Wendy,9.166666666666666,0.4166666666666667,47.083333333333336,22.0,do love love come love
Wendy,Mrs. Shoplaw,9.166666666666666,0.4166666666666667,47.083333333333336,22.0,do love love come love
Gilda,Annie,3.0172413793103448,4.310344827586207,47.8448275862069,0.7,wonder have underestimate feel
Gilda,Mike,3.0172413793103448,4.310344827586207,47.8448275862069,0.7,wonder have underestimate feel
Annie,Mike,3.0172413793103448,4.310344827586207,47.8448275862069,0.7,wonder have underestimate feel
Rozzie,Joyland,7.352941176470589,2.2058823529411766,43.38235294117647,3.3333333333333335,wonder have work have work
Joyland,Rozzie,7.352941176470589,2.2058823529411766,43.38235294117647,3.3333333333333335,wonder have work have work
Mike,Linda Gray,4.166666666666666,2.083333333333333,60.416666666666664,2.0,have see
Mike,Rozzie,3.125,0.0,46.875,INF,have say show
Rozzie,Mike,0.0,0.0,37.5,INF,have thank
Fred,Annie,2.272727272727273,2.272727272727273,45.45454545454545,1.0,close see
Annie,Fred,2.272727272727273,2.272727272727273,45.45454545454545,1.0,close see
Lane,Annie,2.083333333333333,0.0,39.58333333333333,INF,let see
Lane,Annie,2.083333333333333,0.0,39.58333333333333,INF,let see
Linda Gray,Horror House,5.172413793103448,2.586206896551724,54.310344827586206,2.0,see have stay be
Mrs. S.,Annie,2.717391304347826,1.0869565217391304,48.369565217391305,2.5,keep expect open see stand
Mrs. S.,Annie,2.717391304347826,1.0869565217391304,48.369565217391305,2.5,keep expect open see stand
Joyland,Linda Gray,3.90625,1.953125,50.390625,2.0,know go find come be kill
Manly Wellman,Southern Star Amusements,2.380952380952381,2.380952380952381,42.857142857142854,1.0,put go
Ford,Jonesy,8.928571428571429,0.0,33.92857142857143,INF,know
Linda Gray,DeeDee,0.0,1.3513513513513513,31.08108108108108,0.0,walk tap
Linda Gray,Claudine,0.0,1.3513513513513513,31.08108108108108,0.0,walk tap
Linda Gray,Darlene Stamnacher,0.0,1.3513513513513513,31.08108108108108,0.0,walk tap
DeeDee,Claudine,0.0,1.3513513513513513,31.08108108108108,0.0,walk tap
DeeDee,Darlene Stamnacher,0.0,1.3513513513513513,31.08108108108108,0.0,walk tap
Claudine,Darlene Stamnacher,0.0,1.3513513513513513,31.08108108108108,0.0,walk tap
Mike,Lane,4.166666666666666,0.0,62.5,INF,have see have
Mike,Milo,4.375,6.25,59.375,0.7,know think be offer go
Milo,Horror House,8.75,2.5,68.75,3.5,have want
Fred,Lane,2.717391304347826,3.260869565217391,54.891304347826086,0.8333333333333334,say be play do put
Manly Wellman,Southern Star Amusements,0.5952380952380952,1.1904761904761905,60.11904761904761,0.5,know be put
Lane,Jonesy,2.631578947368421,4.605263157894736,55.92105263157895,0.5714285714285714,shout be
Lane,Fred,1.0638297872340425,1.8617021276595744,52.3936170212766,0.5714285714285714,be tell be do blow do go be go get
Linda Gray,Annie,1.6666666666666667,3.888888888888889,50.0,0.42857142857142855,be wear be be be
Linda Gray,Lane,1.3297872340425532,3.4574468085106385,48.40425531914894,0.38461538461538464,let think be take show see
Linda Gray,Joyland,2.586206896551724,1.7241379310344827,54.310344827586206,1.5,be work meet know do
Joyland,Hollywood Girls,3.5256410256410255,2.2435897435897436,50.641025641025635,1.5714285714285714,bring stay kill have know run
Mike,Lane,5.147058823529411,3.6764705882352944,61.76470588235294,1.4,have be have focus
Rozzie,Mike,3.225806451612903,4.032258064516129,57.25806451612904,0.8,have know be find focus
Rozzie,Mike,3.225806451612903,4.032258064516129,57.25806451612904,0.8,have know be find focus
Rozzie,Lane,3.225806451612903,4.032258064516129,57.25806451612904,0.8,have know be find focus
Mike,Lane,3.225806451612903,4.032258064516129,57.25806451612904,0.8,have know be find focus
Mike,Lane,3.225806451612903,4.032258064516129,57.25806451612904,0.8,have know be find focus
Annie,Lane,1.3888888888888888,0.0,48.61111111111111,INF,have prop have use end
Annie,Lane,1.3888888888888888,0.0,48.61111111111111,INF,have prop have use end
Mysterio,Annie,0.0,0.0,52.17391304347826,INF,be start point grab
Mysterio,Annie,0.0,0.0,42.10526315789473,INF,lead help sit
Mysterio,Annie,0.0,0.0,42.10526315789473,INF,lead help sit
Mysterio,Annie,0.0,0.0,42.10526315789473,INF,lead help sit
Annie,Mike,7.187499999999999,5.0,52.81249999999999,1.4375,say save know save have bring
Annie,Joyland,7.187499999999999,5.0,52.81249999999999,1.4375,say save know save have bring
Mike,Annie,7.187499999999999,5.0,52.81249999999999,1.4375,say save know save have bring
Mike,Joyland,7.187499999999999,5.0,52.81249999999999,1.4375,say save know save have bring
Annie,Joyland,7.187499999999999,5.0,52.81249999999999,1.4375,say save know save have bring
Annie,Mike,2.604166666666667,2.864583333333333,52.864583333333336,0.9090909090909091,sit buy be go get kill think go call do have
Mike,Annie,2.604166666666667,2.864583333333333,52.864583333333336,0.9090909090909091,sit buy be go get kill think go call do have
Mike,Annie,2.604166666666667,2.864583333333333,52.864583333333336,0.9090909090909091,sit buy be go get kill think go call do have
Annie,Lane,3.571428571428571,1.7857142857142856,55.35714285714286,2.0,have take know have go
Annie,Perry,1.3157894736842104,0.0,72.36842105263158,INF,have unearth take
NRA,Annie,2.7777777777777777,1.0416666666666665,65.625,2.6666666666666665,clothe be stand break hold
NRA,Annie,2.7777777777777777,1.0416666666666665,65.625,2.6666666666666665,clothe be stand break hold
Milo,Jesus,2.083333333333333,1.7361111111111112,54.513888888888886,1.2,be be hope be prop
Milo,Mike,2.083333333333333,1.7361111111111112,54.513888888888886,1.2,be be hope be prop
Jesus,Mike,2.083333333333333,1.7361111111111112,54.513888888888886,1.2,be be hope be prop
Linda Gray,Joyland,2.272727272727273,2.272727272727273,40.909090909090914,1.0,have get haunt
Linda Gray,Erin,0.8333333333333334,1.6666666666666667,50.83333333333333,0.5,have remind be drop
Linda Gray,Mike,0.8333333333333334,1.6666666666666667,50.83333333333333,0.5,have remind be drop
Linda Gray,Joyland,0.8333333333333334,1.6666666666666667,50.83333333333333,0.5,have remind be drop
Erin,Mike,0.8333333333333334,1.6666666666666667,50.83333333333333,0.5,have remind be drop
Erin,Joyland,0.8333333333333334,1.6666666666666667,50.83333333333333,0.5,have remind be drop
Mike,Joyland,0.8333333333333334,1.6666666666666667,50.83333333333333,0.5,have remind be drop
Lane,Annie,1.6666666666666667,0.4166666666666667,54.58333333333333,4.0,call have call threaten kill do come
Lane,Mike,1.6666666666666667,0.4166666666666667,54.58333333333333,4.0,call have call threaten kill do come
Lane,Joyland,1.6666666666666667,0.4166666666666667,54.58333333333333,4.0,call have call threaten kill do come
Annie,Mike,1.6666666666666667,0.4166666666666667,54.58333333333333,4.0,call have call threaten kill do come
Annie,Joyland,1.6666666666666667,0.4166666666666667,54.58333333333333,4.0,call have call threaten kill do come
Mike,Joyland,1.6666666666666667,0.4166666666666667,54.58333333333333,4.0,call have call threaten kill do come
Annie,Mike,3.125,2.34375,53.90625,1.3333333333333333,have call change
Annie,Mike,3.125,2.34375,53.90625,1.3333333333333333,have call change
Annie,Mrs. Shoplaw,0.8620689655172413,0.8620689655172413,46.55172413793103,1.0,say call leave tell lock call stay put
Annie,Joyland,0.8620689655172413,0.8620689655172413,46.55172413793103,1.0,say call leave tell lock call stay put
Annie,Mrs. Shoplaw,0.8620689655172413,0.8620689655172413,46.55172413793103,1.0,say call leave tell lock call stay put
Annie,Mrs. Shoplaw,0.8620689655172413,0.8620689655172413,46.55172413793103,1.0,say call leave tell lock call stay put
Mrs. Shoplaw,Joyland,0.8620689655172413,0.8620689655172413,46.55172413793103,1.0,say call leave tell lock call stay put
Joyland,Mrs. Shoplaw,0.8620689655172413,0.8620689655172413,46.55172413793103,1.0,say call leave tell lock call stay put
Joyland,Mrs. Shoplaw,0.8620689655172413,0.8620689655172413,46.55172413793103,1.0,say call leave tell lock call stay put
Mrs. Shoplaw,Lane,1.5625,0.0,60.9375,INF,be terrify see flash kill
Mrs. Shoplaw,Lane,1.5625,0.0,60.9375,INF,be terrify see flash kill
Mrs. Shoplaw,Lane,4.6875,4.166666666666666,36.97916666666667,1.125,take follow hope surprise
Mrs. Shoplaw,Lane,4.6875,4.166666666666666,36.97916666666667,1.125,take follow hope surprise
Lane,Mrs. Shoplaw,4.6875,4.166666666666666,36.97916666666667,1.125,take follow hope surprise
Mrs. Shoplaw,Lane,4.6875,4.166666666666666,36.97916666666667,1.125,take follow hope surprise
Lane,Mike,2.5,2.5,68.33333333333333,1.0,think call cripple
Annie,Mike,1.3513513513513513,1.6891891891891893,56.41891891891891,0.8,put say hide tell be wear
Mike,Joyland,3.125,0.0,46.875,INF,have take
Annie,Lane,2.5,4.0,65.5,0.625,have shoot end save
Annie,Lane,2.5,4.0,65.5,0.625,have shoot end save
Fred,Lane,4.166666666666666,0.9259259259259258,54.166666666666664,4.5,have come see have do
Fred,Lane,4.166666666666666,0.9259259259259258,54.166666666666664,4.5,have come see have do
Eddie,Mike,2.0,0.5,65.5,4.0,have do be tour be be move
Eddie,Joyland,2.0,0.5,65.5,4.0,have do be tour be be move
Mike,Joyland,2.0,0.5,65.5,4.0,have do be tour be be move
Mike,Eddie,2.0,0.5,65.5,4.0,have do be tour be be move
Joyland,Eddie,2.0,0.5,65.5,4.0,have do be tour be be move
Lane,Mrs. Shoplaw,1.25,0.625,63.125,2.0,have warn come be
Annie,Mike,1.1363636363636365,2.272727272727273,42.04545454545455,0.5,answer start scream
Annie,Mike,1.1363636363636365,2.272727272727273,42.04545454545455,0.5,answer start scream
Eddie,Mike,3.3333333333333335,0.0,50.0,INF,do appear save
Mike,Fred,1.0416666666666665,0.0,57.291666666666664,INF,have come visit be do
Mike,Dev,2.314814814814815,0.9259259259259258,41.2037037037037,2.5,drive lean say want know
Mike,Dev,0.0,0.0,50.0,INF,die
Joyland,Fred,0.847457627118644,2.9661016949152543,55.50847457627118,0.2857142857142857,let end lie close drive save
Joyland,Brenda Rafferty,0.847457627118644,2.9661016949152543,55.50847457627118,0.2857142857142857,let end lie close drive save
Fred,Brenda Rafferty,0.847457627118644,2.9661016949152543,55.50847457627118,0.2857142857142857,let end lie close drive save
Eddie,Mike,0.0,0.0,33.33333333333333,INF,have do
Milo,Mike,4.310344827586207,0.8620689655172413,67.24137931034483,5.0,do know understand be know be go know
Milo,Mike,4.310344827586207,0.8620689655172413,67.24137931034483,5.0,do know understand be know be go know
Milo,Mike,4.310344827586207,0.8620689655172413,67.24137931034483,5.0,do know understand be know be go know
Milo,Mike,4.310344827586207,0.8620689655172413,67.24137931034483,5.0,do know understand be know be go know
Jesus,Annie,0.0,1.0416666666666665,48.95833333333333,0.0,hold
Annie,Joyland,0.0,0.625,44.375,0.0,give turn dominate
