NAME 1,NAME 2,% POS,% NEG,% NEUTRAL,POS:NEG,VERBS
Corrinne,Benson,2.82258064516129,1.6129032258064515,58.46774193548387,1.75,set kiss be be
Corrinne,Le Cirque,2.82258064516129,1.6129032258064515,58.46774193548387,1.75,set kiss be be
Corrinne,Benson,2.82258064516129,1.6129032258064515,58.46774193548387,1.75,set kiss be be
Benson,Le Cirque,2.82258064516129,1.6129032258064515,58.46774193548387,1.75,set kiss be be
Le Cirque,Benson,2.82258064516129,1.6129032258064515,58.46774193548387,1.75,set kiss be be
Cornell,Ivy League,1.0416666666666665,1.0416666666666665,56.25,1.0,be thrill be think be fulfil
Nellie,Cornell,2.5,1.25,56.25,2.0,be go be
Benson,Pepperdine,1.3157894736842104,0.6578947368421052,55.92105263157895,2.0,be go be
Corrinne,Cornell,0.0,3.125,40.625,0.0,be regret follow
Kate,Corrinne,0.0,2.1739130434782608,54.347826086956516,0.0,get follow uni call
Waverly,Kent,3.4090909090909087,0.0,51.13636363636363,INF,live say refer
Vladlena,Benson,1.0416666666666665,0.0,15.625,INF,speak be
Vladlena,Benson,0.0,0.0,50.0,INF,point be come
Vladlena,Waverly,11.11111111111111,8.333333333333332,25.0,1.3333333333333333,
Waverly,Vladlena,11.11111111111111,8.333333333333332,25.0,1.3333333333333333,
Benson,Pepperdine,4.464285714285714,1.7857142857142856,58.03571428571429,2.5,be live be
Pepperdine,Benson,4.464285714285714,1.7857142857142856,58.03571428571429,2.5,be live be
Vladlena,Benson,2.604166666666667,5.208333333333334,50.520833333333336,0.5,tell be feel try highjack pick
Vladlena,Waverly,9.25925925925926,0.9259259259259258,41.66666666666667,10.0,be know be
George,Benson,5.681818181818182,2.272727272727273,37.5,2.5,think say
Kitsy,Broken Spoke,3.977272727272727,1.7045454545454544,53.40909090909091,2.3333333333333335,read see flash
Corrinne,Waverly,0.6944444444444444,4.166666666666666,34.02777777777778,0.16666666666666666,be say
Broken Spoke,Kitsy,4.166666666666666,0.6944444444444444,45.13888888888889,6.0,be use be
Vladlena,Benson,3.7037037037037033,0.9259259259259258,50.92592592592593,4.0,pause look be laugh drink be
Vladlena,Waverly,3.7037037037037033,0.9259259259259258,50.92592592592593,4.0,pause look be laugh drink be
Benson,Waverly,3.7037037037037033,0.9259259259259258,50.92592592592593,4.0,pause look be laugh drink be
Benson,Waverly,1.6666666666666667,0.8333333333333334,30.833333333333336,2.0,be try change act
Benson,Pepperdine,5.833333333333333,0.0,60.83333333333333,INF,suggest cancel hang
Kitsy,Benson,0.0,2.0161290322580645,39.91935483870967,0.0,meet visit agree be mean be
Kitsy,Benson,0.0,2.0161290322580645,39.91935483870967,0.0,meet visit agree be mean be
Kitsy,Benson,0.0,2.0161290322580645,39.91935483870967,0.0,meet visit agree be mean be
Corrinne,Broken Spoke,2.1739130434782608,1.6304347826086956,61.41304347826087,1.3333333333333333,be make
Corrinne,Broken Spoke,2.1739130434782608,1.6304347826086956,61.41304347826087,1.3333333333333333,be make
Corrinne,Broken Spoke,2.1739130434782608,1.6304347826086956,61.41304347826087,1.3333333333333333,be make
Vladlena,Benson,7.291666666666667,0.0,34.375,INF,be imitate say
Benson,Le Cirque,6.730769230769231,8.173076923076923,50.480769230769226,0.8235294117647058,mention be wear require
Starbucks,Bubby,1.2096774193548387,2.4193548387096775,47.983870967741936,0.5,be stand see be
Starbucks,Broken Spoke,1.2096774193548387,2.4193548387096775,47.983870967741936,0.5,be stand see be
Bubby,Broken Spoke,1.2096774193548387,2.4193548387096775,47.983870967741936,0.5,be stand see be
Bubby,New York Times,0.0,0.0,44.44444444444444,INF,laugh shake
Bubby,New York Times,0.0,0.0,50.0,INF,run
Bubby,New York Times,0.0,0.0,50.0,INF,run
Broken Spoke,New York Times,1.7857142857142856,1.7857142857142856,67.85714285714286,1.0,see
Kitsy,Bubby,4.0,0.0,56.00000000000001,INF,know have ask decide be admit care
Kitsy,Bubby,10.15625,5.46875,53.125,1.8571428571428572,be wish have tell live
Corrinne,Benson,1.1363636363636365,0.0,26.136363636363637,INF,be say
Kitsy,Bubby,3.6458333333333335,1.0416666666666665,53.645833333333336,3.5,be do come want
Kitsy,Broken Spoke,3.6458333333333335,1.0416666666666665,53.645833333333336,3.5,be do come want
Bubby,Broken Spoke,3.6458333333333335,1.0416666666666665,53.645833333333336,3.5,be do come want
Bubby,Benson,1.25,0.0,53.75,INF,be challenge call
Le Cirque,Benson,2.1739130434782608,2.1739130434782608,60.86956521739131,1.0,rouse tell be be
Kitsy,Waverly,3.6764705882352944,2.5735294117647056,49.63235294117647,1.4285714285714286,have utter know start date happen
Kitsy,Benson,3.6764705882352944,2.5735294117647056,49.63235294117647,1.4285714285714286,have utter know start date happen
Kitsy,Broken Spoke,3.6764705882352944,2.5735294117647056,49.63235294117647,1.4285714285714286,have utter know start date happen
Waverly,Benson,3.6764705882352944,2.5735294117647056,49.63235294117647,1.4285714285714286,have utter know start date happen
Waverly,Broken Spoke,3.6764705882352944,2.5735294117647056,49.63235294117647,1.4285714285714286,have utter know start date happen
Benson,Broken Spoke,3.6764705882352944,2.5735294117647056,49.63235294117647,1.4285714285714286,have utter know start date happen
Waverly,Vladlena,6.25,1.25,42.5,5.0,show
Vladlena,Waverly,1.3888888888888888,0.0,54.166666666666664,INF,be stand
Waverly,Vladlena,0.0,3.8461538461538463,26.923076923076923,0.0,be
Waverly,Bubby,0.0,3.8461538461538463,26.923076923076923,0.0,be
Vladlena,Bubby,0.0,3.8461538461538463,26.923076923076923,0.0,be
Waverly,Bubby,6.25,0.0,31.25,INF,stick
Waverly,Bubby,6.25,0.0,31.25,INF,stick
Bubby,Broken Spoke,3.125,1.0416666666666665,45.83333333333333,3.0,say refer visit
Bubby,Broken Spoke,3.125,1.0416666666666665,45.83333333333333,3.0,say refer visit
Waverly,Bubby,2.272727272727273,0.0,34.090909090909086,INF,be say
Bubby,Vladlena,0.0,0.0,14.285714285714285,INF,meet
Vladlena,Broken Spoke,5.0,0.8333333333333334,74.16666666666667,6.0,have show
Vladlena,Bubby,0.0,0.0,28.57142857142857,INF,turn
Bubby,Waverly,2.941176470588235,0.0,32.35294117647059,INF,be go get declare grab
Waverly,Vladlena,0.0,0.0,50.0,INF,call drag
Waverly,Bubby,0.0,0.0,50.0,INF,call drag
Vladlena,Bubby,0.0,0.0,50.0,INF,call drag
Bubby,Vladlena,0.6944444444444444,0.0,38.19444444444444,INF,get say gesture
Bubby,Waverly,0.6944444444444444,0.0,38.19444444444444,INF,get say gesture
Vladlena,Waverly,0.6944444444444444,0.0,38.19444444444444,INF,get say gesture
Benson,Waverly,1.7857142857142856,5.357142857142857,45.23809523809524,0.3333333333333333,be go meet answer ignore
Waverly,Vladlena,3.125,0.0,31.874999999999996,INF,look make
Waverly,Vladlena,4.807692307692308,4.807692307692308,21.153846153846153,1.0,have be turn
Waverly,Vladlena,0.0,0.0,44.44444444444444,INF,put
Bubby,Benson,0.7142857142857143,6.428571428571428,58.57142857142858,0.1111111111111111,dance feel do wrap
Kitsy,Bubby,1.0416666666666665,0.0,32.29166666666667,INF,go say
Bubby,Cornell,6.8181818181818175,0.0,56.81818181818182,INF,reach pull
Bubby,Broken Spoke,2.272727272727273,1.1363636363636365,60.22727272727273,2.0,be leave
Vladlena,New York Times,0.0,0.0,47.61904761904761,INF,have tell be do
Vladlena,New York Times,0.0,0.0,47.61904761904761,INF,have tell be do
Bubby,New York Times,1.3888888888888888,6.944444444444445,36.11111111111111,0.2,be have show say
Waverly,Benson,0.0,3.90625,52.34375,0.0,point be get
George,Courtland,1.25,0.0,43.75,INF,plop pull
George,Vladlena,1.25,0.0,43.75,INF,plop pull
Courtland,Vladlena,1.25,0.0,43.75,INF,plop pull
Courtland,George,1.25,0.0,43.75,INF,plop pull
Vladlena,George,1.25,0.0,43.75,INF,plop pull
Vladlena,George,0.0,0.0,36.36363636363637,INF,scoot
George,Courtland,0.7352941176470588,1.4705882352941175,38.970588235294116,0.5,hold
George,Vladlena,0.7352941176470588,1.4705882352941175,38.970588235294116,0.5,hold
George,Waverly,0.7352941176470588,1.4705882352941175,38.970588235294116,0.5,hold
Courtland,Vladlena,0.7352941176470588,1.4705882352941175,38.970588235294116,0.5,hold
Courtland,Waverly,0.7352941176470588,1.4705882352941175,38.970588235294116,0.5,hold
Vladlena,Waverly,0.7352941176470588,1.4705882352941175,38.970588235294116,0.5,hold
George,Corrinne,2.1551724137931036,2.586206896551724,50.43103448275862,0.8333333333333334,have say forget be
George,Courtland,2.6785714285714284,0.8928571428571428,46.42857142857143,3.0,be think be
Vladlena,Waverly,10.15625,0.78125,45.3125,13.0,be make be
Davidson College,Courtland,0.6578947368421052,0.0,41.44736842105263,INF,visit say
Davidson College,Vladlena,0.6578947368421052,0.0,41.44736842105263,INF,visit say
Courtland,Vladlena,0.6578947368421052,0.0,41.44736842105263,INF,visit say
Waverly,George,3.977272727272727,2.272727272727273,34.659090909090914,1.75,think need work be say scold
Vladlena,Waverly,0.0,0.0,40.0,INF,glare
Bubby,Corrinne,10.416666666666668,0.0,6.25,INF,please
Vladlena,Benson,3.804347826086957,0.0,44.02173913043478,INF,point look have
Waverly,Courtland,0.0,0.0,35.0,INF,be do debate get
Waverly,George,0.0,0.0,35.0,INF,be do debate get
Waverly,Vladlena,0.0,0.0,35.0,INF,be do debate get
Courtland,George,0.0,0.0,35.0,INF,be do debate get
Courtland,Vladlena,0.0,0.0,35.0,INF,be do debate get
George,Vladlena,0.0,0.0,35.0,INF,be do debate get
George,Courtland,0.6944444444444444,0.0,43.75,INF,be meet say turn
Vladlena,Waverly,4.545454545454546,0.0,50.0,INF,
Courtland,George,0.0,3.125,41.875,0.0,shout skip
Kitsy,Corrinne,0.78125,0.0,24.21875,INF,sleep think
Corrinne,Benson,3.4722222222222223,0.0,46.52777777777778,INF,text make say
Corrinne,Benson,3.4722222222222223,0.0,46.52777777777778,INF,text make say
Corrinne,Facebook,2.604166666666667,0.0,64.0625,INF,tell see have try let go
Bubby,Benson,0.0,0.0,40.0,INF,raise
Bubby,Benson,0.8928571428571428,0.0,63.39285714285714,INF,go pull
Corrinne,Bubby,1.293103448275862,0.0,57.327586206896555,INF,belong read meet belong have hear
Kent,Waverly,2.0161290322580645,0.0,52.82258064516129,INF,have finalize have tell be permit be
Kent,Ivies,0.625,1.875,62.5,0.3333333333333333,be go need want get
Rudy,Barneys,3.5000000000000004,0.0,40.5,INF,please hold say extend
Corrinne,Kent,2.82258064516129,4.032258064516129,38.306451612903224,0.7,be be go trail
Kent,Facebook,0.6578947368421052,0.0,65.13157894736842,INF,have request tell be see ride
GWENDOLYN HEASLEY,Davidson College,4.166666666666666,2.272727272727273,48.10606060606061,1.8333333333333333,be earn
GWENDOLYN HEASLEY,Columbia,4.166666666666666,2.272727272727273,48.10606060606061,1.8333333333333333,be earn
Davidson College,Columbia,4.166666666666666,2.272727272727273,48.10606060606061,1.8333333333333333,be earn
