NAME 1,NAME 2,% POS,% NEG,% NEUTRAL,POS:NEG,VERBS
Allie,Sarren,1.7045454545454544,3.4090909090909087,49.43181818181818,0.5,embrace end murder
Allie,Zeke,1.7045454545454544,3.4090909090909087,49.43181818181818,0.5,embrace end murder
Allie,Sarren,1.7045454545454544,3.4090909090909087,49.43181818181818,0.5,embrace end murder
Allie,Zeke,1.7045454545454544,3.4090909090909087,49.43181818181818,0.5,embrace end murder
Sarren,Zeke,1.7045454545454544,3.4090909090909087,49.43181818181818,0.5,embrace end murder
Sarren,Allie,3.125,2.34375,38.28125,1.3333333333333333,be have leave
Sarren,Allie,3.125,2.34375,38.28125,1.3333333333333333,be have leave
Sarren,Allie,3.125,2.34375,38.28125,1.3333333333333333,be have leave
Sarren,Kanin,3.125,2.34375,38.28125,1.3333333333333333,be have leave
Sarren,Allie,3.125,2.34375,38.28125,1.3333333333333333,be have leave
Sarren,Jackal,3.125,2.34375,38.28125,1.3333333333333333,be have leave
Allie,Kanin,3.125,2.34375,38.28125,1.3333333333333333,be have leave
Allie,Jackal,3.125,2.34375,38.28125,1.3333333333333333,be have leave
Allie,Kanin,3.125,2.34375,38.28125,1.3333333333333333,be have leave
Allie,Jackal,3.125,2.34375,38.28125,1.3333333333333333,be have leave
Allie,Kanin,3.125,2.34375,38.28125,1.3333333333333333,be have leave
Allie,Jackal,3.125,2.34375,38.28125,1.3333333333333333,be have leave
Kanin,Allie,3.125,2.34375,38.28125,1.3333333333333333,be have leave
Kanin,Jackal,3.125,2.34375,38.28125,1.3333333333333333,be have leave
Allie,Jackal,3.125,2.34375,38.28125,1.3333333333333333,be have leave
Sarren,Allie,0.0,5.769230769230769,40.38461538461539,0.0,have
Julie Kagawa,Eden,1.5086206896551724,0.3232758620689655,50.754310344827594,4.666666666666667,read read contain
Julie Kagawa,Nick,1.5086206896551724,0.3232758620689655,50.754310344827594,4.666666666666667,read read contain
Eden,Nick,1.5086206896551724,0.3232758620689655,50.754310344827594,4.666666666666667,read read contain
James,Jackal,0.6578947368421052,3.618421052631579,45.723684210526315,0.18181818181818182,do tell feel walk taunt goad be keep
Sarren,Jackal,0.0,0.0,37.5,INF,say
Kanin,Jackal,0.0,0.0,43.75,INF,let keep move say join
Kanin,Jackal,0.0,0.0,43.75,INF,let keep move say join
Jackal,New Covington,2.2058823529411766,0.0,56.61764705882353,INF,be recover
Jackal,New Covington,2.2058823529411766,0.0,56.61764705882353,INF,be recover
Kanin,Jackal,4.166666666666666,2.7777777777777777,54.166666666666664,1.5,be see be talk
Jackal,Kanin,6.785714285714286,2.857142857142857,36.07142857142857,2.375,have be expose be have see plague
Jackal,Sarren,6.785714285714286,2.857142857142857,36.07142857142857,2.375,have be expose be have see plague
Jackal,New Covington,6.785714285714286,2.857142857142857,36.07142857142857,2.375,have be expose be have see plague
Kanin,Sarren,6.785714285714286,2.857142857142857,36.07142857142857,2.375,have be expose be have see plague
Kanin,New Covington,6.785714285714286,2.857142857142857,36.07142857142857,2.375,have be expose be have see plague
Sarren,New Covington,6.785714285714286,2.857142857142857,36.07142857142857,2.375,have be expose be have see plague
Sarren,New Covington,2.6515151515151514,3.0303030303030303,51.89393939393939,0.875,learn be use be
Jackal,Kanin,0.0,4.464285714285714,38.392857142857146,0.0,
Jackal,Kanin,0.390625,1.5625,57.421875,0.25,slow drop trail follow stretch
Jackal,Kanin,0.0,0.0,58.333333333333336,INF,jerk
Jackal,Kanin,0.0,0.0,58.333333333333336,INF,jerk
Kanin,Jackal,0.0,1.1363636363636365,71.5909090909091,0.0,suspect hear do turn give be listen
Kanin,Jackal,0.0,1.1363636363636365,71.5909090909091,0.0,suspect hear do turn give be listen
Sarren,Jackal,1.1904761904761905,0.0,51.19047619047619,INF,go forget flee be
Kanin,Jackal,0.0,0.0,50.0,INF,walk lead trail
Kanin,Jackal,0.8333333333333334,0.0,59.166666666666664,INF,be look gaze approach
Kanin,Jackal,1.9230769230769231,0.4807692307692308,55.28846153846154,4.0,raise run see stand
Kanin,Jackal,3.125,3.4722222222222223,60.06944444444444,0.9,be observe moan sob be stare amuse
Kanin,Jackal,3.125,3.4722222222222223,60.06944444444444,0.9,be observe moan sob be stare amuse
Kanin,Jackal,6.578947368421052,2.631578947368421,48.68421052631579,2.5,be be hoard
Kanin,Jackal,0.4629629629629629,0.4629629629629629,43.51851851851852,1.0,glance see slump
Kanin,Jackal,6.25,1.3888888888888888,59.02777777777778,4.5,wonder have be get die
Kanin,Jackal,6.25,1.3888888888888888,59.02777777777778,4.5,wonder have be get die
Allison,Jackal,2.6785714285714284,4.910714285714286,49.55357142857143,0.5454545454545454,be take die hear
Allison,Jackal,2.6785714285714284,4.910714285714286,49.55357142857143,0.5454545454545454,be take die hear
Kanin,Jackal,0.7142857142857143,1.4285714285714286,63.57142857142857,0.5,feel gaze hear come peer
Kanin,Jackal,0.8333333333333334,5.833333333333333,40.0,0.14285714285714285,know say
Eden,Sarren,4.891304347826087,3.804347826086957,39.130434782608695,1.2857142857142858,reach beat stop use
Caleb,Bethany,0.0,3.125,9.375,0.0,
Caleb,Silas,0.0,3.125,9.375,0.0,
Caleb,Theresa,0.0,3.125,9.375,0.0,
Bethany,Silas,0.0,3.125,9.375,0.0,
Bethany,Theresa,0.0,3.125,9.375,0.0,
Silas,Theresa,0.0,3.125,9.375,0.0,
Sarren,Silas,0.9615384615384616,0.0,45.19230769230769,INF,get unleash
Caleb,Bethany,6.25,3.125,40.625,2.0,think
Caleb,Theresa,6.25,3.125,40.625,2.0,think
Bethany,Theresa,6.25,3.125,40.625,2.0,think
Sarren,Eden,5.769230769230769,1.9230769230769231,53.84615384615385,3.0,reach be
Jackal,Kanin,1.4705882352941175,7.352941176470589,55.88235294117647,0.2,fight
Kanin,Jackal,2.7777777777777777,3.2407407407407405,64.35185185185185,0.8571428571428571,be move flail slit sever
Kanin,Jackal,0.43103448275862066,3.0172413793103448,55.172413793103445,0.14285714285714285,stray land lash
Jackal,Kanin,4.513888888888888,1.3888888888888888,52.43055555555556,3.25,be face stand cross smirk be stare
Eden,Sarren,2.5,0.625,41.875,4.0,take point
Jackal,Kanin,0.0,6.8181818181818175,47.72727272727273,0.0,be go
Kanin,Jackal,2.403846153846154,1.4423076923076923,57.692307692307686,1.6666666666666667,do think try kill have try end
Kanin,Jackal,4.411764705882353,0.7352941176470588,59.55882352941176,6.0,have fall think be
Jackal,Eden,2.734375,1.953125,45.3125,1.4,say get start work have be talk
Sarren,Kanin,2.6515151515151514,0.3787878787878788,54.54545454545454,7.0,be beat be start have flee be separate
Sarren,New Covington,2.6515151515151514,0.3787878787878788,54.54545454545454,7.0,be beat be start have flee be separate
Kanin,New Covington,2.6515151515151514,0.3787878787878788,54.54545454545454,7.0,be beat be start have flee be separate
Jackal,Kanin,0.43103448275862066,0.0,51.293103448275865,INF,think say stop gaze
Kanin,Jackal,0.43103448275862066,0.0,51.293103448275865,INF,think say stop gaze
Jackal,Kanin,4.910714285714286,2.6785714285714284,45.982142857142854,1.8333333333333333,growl cross gaze follow
Jebbadiah Crosse,Archer,1.1363636363636365,0.3787878787878788,62.121212121212125,3.0,have travel stumble isolate surround keep
Jackal,Sarren,0.0,0.3676470588235294,58.45588235294118,0.0,say have take betray switch
Jackal,Sarren,0.0,0.3676470588235294,58.45588235294118,0.0,say have take betray switch
Jackal,Kanin,3.75,7.5,58.75,0.5,snicker shoot
Kanin,Jackal,3.125,0.0,65.625,INF,stare turn
Kanin,Jackal,2.083333333333333,5.555555555555555,50.69444444444444,0.375,call gaze sell enter leave
Kanin,Jackal,0.8928571428571428,0.0,49.107142857142854,INF,stop assess
Zeke,Eden,1.25,5.416666666666667,46.666666666666664,0.23076923076923078,be have lose have fear
Zeke,Eden,1.25,5.416666666666667,46.666666666666664,0.23076923076923078,be have lose have fear
Zeke,Eden,1.25,5.416666666666667,46.666666666666664,0.23076923076923078,be have lose have fear
Sarren,Zeke,3.787878787878788,3.4090909090909087,38.25757575757576,1.1111111111111112,torture cry shine whisper love
Sarren,Eden,3.787878787878788,3.4090909090909087,38.25757575757576,1.1111111111111112,torture cry shine whisper love
Sarren,Zeke,3.787878787878788,3.4090909090909087,38.25757575757576,1.1111111111111112,torture cry shine whisper love
Sarren,Zeke,3.787878787878788,3.4090909090909087,38.25757575757576,1.1111111111111112,torture cry shine whisper love
Sarren,Zeke,3.787878787878788,3.4090909090909087,38.25757575757576,1.1111111111111112,torture cry shine whisper love
Zeke,Eden,3.787878787878788,3.4090909090909087,38.25757575757576,1.1111111111111112,torture cry shine whisper love
Eden,Zeke,3.787878787878788,3.4090909090909087,38.25757575757576,1.1111111111111112,torture cry shine whisper love
Eden,Zeke,3.787878787878788,3.4090909090909087,38.25757575757576,1.1111111111111112,torture cry shine whisper love
Eden,Zeke,3.787878787878788,3.4090909090909087,38.25757575757576,1.1111111111111112,torture cry shine whisper love
Sarren,Zeke,3.571428571428571,7.142857142857142,46.42857142857143,0.5,have kill
Kanin,Jackal,4.166666666666666,4.166666666666666,43.18181818181818,1.0,have be be hide let do want face
Allison,Kanin,1.0869565217391304,0.0,46.73913043478261,INF,have take say read
Kanin,Eden,2.6785714285714284,2.6785714285714284,41.07142857142857,1.0,do stop say turn be go find
Jackal,Kanin,1.25,1.25,52.5,1.0,stop gaze make stop
Jackal,Kanin,0.7352941176470588,2.941176470588235,49.26470588235294,0.25,recognize mutter watch
Kanin,Jackal,10.9375,7.8125,31.25,1.4,narrow look trouble
Jackal,Jebbadiah Crosse,1.0416666666666665,0.0,48.95833333333333,INF,have attack bring
Jackal,Zeke,1.0416666666666665,0.0,48.95833333333333,INF,have attack bring
Jebbadiah Crosse,Zeke,1.0416666666666665,0.0,48.95833333333333,INF,have attack bring
Zeke,Jeb,3.0303030303030303,1.893939393939394,55.68181818181818,1.6,poke gaze fall see
Jackal,Kanin,0.0,1.25,55.41666666666667,0.0,hear cross halt disdain step
Kanin,Jackal,0.0,0.0,58.333333333333336,INF,look grin separate
Zeke,Jeb,2.272727272727273,2.840909090909091,44.88636363636363,0.8,have brace have whip remember
Zeke,Jeb,2.272727272727273,2.840909090909091,44.88636363636363,0.8,have brace have whip remember
Zeke,Eden,0.8620689655172413,0.8620689655172413,46.55172413793103,1.0,pass continue look burn blacken
Zeke,Jeb,1.9736842105263157,2.631578947368421,42.76315789473684,0.75,recall have happen see
Zeke,Jeb,2.5,2.5,45.0,1.0,watch bow say
Jackal,Kanin,2.840909090909091,3.4090909090909087,57.38636363636363,0.8333333333333334,shake join remain
Jackal,Kanin,2.840909090909091,3.4090909090909087,57.38636363636363,0.8333333333333334,shake join remain
Jackal,Kanin,0.7352941176470588,0.0,58.08823529411765,INF,do add face
Kanin,Jackal,4.605263157894736,2.631578947368421,40.131578947368425,1.75,do know admit gaze move
Kanin,Jackal,0.4629629629629629,0.0,55.092592592592595,INF,shake pause concentrate search
Kanin,Jackal,0.7352941176470588,0.0,46.32352941176471,INF,continue glance
Kanin,Jackal,9.722222222222223,6.25,50.69444444444444,1.5555555555555556,guess have be
Kanin,Jackal,0.0,0.0,58.333333333333336,INF,hurry join
Jackal,Kanin,0.0,2.142857142857143,66.42857142857143,0.0,hear be reach concentrate move
Kanin,Jackal,0.0,2.142857142857143,66.42857142857143,0.0,hear be reach concentrate move
Jackal,Kanin,1.9230769230769231,0.0,55.769230769230774,INF,back run emerge gaze
Sarren,Kanin,0.0,1.3888888888888888,31.944444444444443,0.0,be mutter look
Sarren,Jackal,0.0,1.3888888888888888,31.944444444444443,0.0,be mutter look
Kanin,Jackal,0.0,1.3888888888888888,31.944444444444443,0.0,be mutter look
Kanin,Jackal,0.0,0.0,50.0,INF,snarl surge
Kanin,Jackal,0.0,2.9166666666666665,53.75,0.0,go stand face clamber swarm
Kanin,Jackal,6.25,0.0,47.32142857142857,INF,see do know be be
Kanin,Jackal,1.5,1.5,63.0,1.0,catch surround decapitate lunge collapse have be cut bounce roll
Kanin,Jackal,5.88235294117647,2.941176470588235,44.11764705882353,2.0,stride vanish
Kanin,Jackal,5.88235294117647,2.941176470588235,44.11764705882353,2.0,stride vanish
Kanin,Jackal,0.5434782608695652,4.3478260869565215,55.97826086956522,0.125,do reply stare vanish frown
Jackal,Eden,2.083333333333333,3.4722222222222223,66.66666666666666,0.6,grab be bash keep go
Allison,Kanin,0.8928571428571428,5.357142857142857,29.464285714285715,0.16666666666666666,be disagree say
Sarren,Eden,2.34375,4.6875,46.09375,0.5,have get be destroy be
Jackal,Kanin,2.6785714285714284,6.25,55.35714285714286,0.42857142857142855,shrug back sneer
Allison,Kanin,3.125,0.0,40.625,INF,say put
Kanin,Jackal,0.9259259259259258,4.62962962962963,50.0,0.2,wince join gaze go
Jackal,Kanin,0.9259259259259258,4.62962962962963,46.2962962962963,0.2,think be tell nod ruin
Kanin,Jackal,1.4423076923076923,1.9230769230769231,54.32692307692307,0.75,catch watch
Kanin,Allison,0.0,0.0,0.0,INF,
Kanin,Jackal,1.5,1.5,65.0,1.0,remember tell have get be
Kanin,Jackal,1.4423076923076923,1.4423076923076923,58.65384615384615,1.0,leap realize be happen reply take
Kanin,Jackal,0.0,4.166666666666666,62.5,0.0,ignore shoot
Sarren,Jackal,0.0,0.0,40.0,INF,pay do
Sarren,Jackal,2.7777777777777777,1.3888888888888888,40.27777777777778,2.0,agree be
Sarren,Jackal,2.7777777777777777,1.3888888888888888,40.27777777777778,2.0,agree be
Sarren,Jackal,0.0,6.25,52.083333333333336,0.0,have murmur
Jackal,Kanin,0.0,6.25,43.75,0.0,ignore glance
Kanin,Jackal,2.3255813953488373,3.77906976744186,52.03488372093024,0.6153846153846154,have assure become have laugh have draw slash come
Kanin,Jackal,2.717391304347826,2.717391304347826,51.08695652173913,1.0,be be desert muse look swear
Kanin,Jackal,5.88235294117647,3.6764705882352944,37.5,1.6,do know murmur sound
Kanin,Jackal,7.142857142857142,3.571428571428571,17.857142857142858,2.0,echo
Sarren,New Covington,2.941176470588235,0.0,55.88235294117647,INF,use be
Jackal,Jebbadiah Crosse,1.6666666666666667,0.8333333333333334,50.83333333333333,2.0,look see end slam hurl
Jebbadiah Crosse,Jackal,1.6666666666666667,0.8333333333333334,50.83333333333333,2.0,look see end slam hurl
Jackal,Kanin,0.0,0.0,58.82352941176471,INF,start bring
Kanin,Jackal,5.555555555555555,4.166666666666666,38.425925925925924,1.3333333333333333,be be beat
Kanin,Jackal,0.9615384615384616,3.8461538461538463,25.961538461538463,0.25,muse gaze
Kanin,Jackal,0.0,0.0,66.66666666666666,INF,do see charge bare
Kanin,Jackal,2.380952380952381,1.7857142857142856,57.738095238095234,1.3333333333333333,appear step make
Kanin,Jackal,2.380952380952381,1.7857142857142856,57.738095238095234,1.3333333333333333,appear step make
Jackal,Kanin,1.4705882352941175,0.0,45.588235294117645,INF,swear call
Kanin,Jackal,1.4705882352941175,0.0,45.588235294117645,INF,swear call
Kanin,Jackal,0.0,0.0,66.66666666666666,INF,hear start
Allison,Kanin,3.571428571428571,2.976190476190476,36.30952380952381,1.2,be call make
Allison,Jackal,3.571428571428571,2.976190476190476,36.30952380952381,1.2,be call make
Kanin,Jackal,3.571428571428571,2.976190476190476,36.30952380952381,1.2,be call make
Kanin,Jackal,3.4090909090909087,0.0,51.13636363636363,INF,have move
Jackal,Kanin,1.6666666666666667,0.0,45.0,INF,have flee take
Jackal,Zeke,0.0,0.4807692307692308,41.82692307692308,0.0,have do be separate
Zeke,Kanin,1.3888888888888888,0.0,54.166666666666664,INF,be
Zeke,Jackal,1.3888888888888888,0.0,54.166666666666664,INF,be
Kanin,Jackal,1.3888888888888888,0.0,54.166666666666664,INF,be
Jackal,Kanin,2.314814814814815,1.3888888888888888,51.85185185185185,1.6666666666666667,meet be deal
Sarren,Zeke,0.0,0.0,61.111111111111114,INF,be play fall
Sarren,Zeke,3.6764705882352944,2.2058823529411766,47.05882352941176,1.6666666666666667,let saunter walk
Kanin,Jackal,0.0,0.0,25.0,INF,be
Eden,Zeke,2.314814814814815,2.314814814814815,54.629629629629626,1.0,think have go part slump fall
Zeke,New Covington,2.7777777777777777,0.0,47.22222222222222,INF,see hold be
Zeke,New Covington,2.7777777777777777,0.0,47.22222222222222,INF,see hold be
Zeke,Eden,0.9615384615384616,0.4807692307692308,40.86538461538461,2.0,kiss promise go
Eden,Zeke,0.9615384615384616,0.4807692307692308,40.86538461538461,2.0,kiss promise go
Sarren,Zeke,2.7777777777777777,5.555555555555555,47.22222222222222,0.5,have return steal
Zeke,Sarren,5.263157894736842,1.9736842105263157,40.131578947368425,2.6666666666666665,kill be grant
Sarren,Zeke,5.263157894736842,1.9736842105263157,40.131578947368425,2.6666666666666665,kill be grant
Sarren,Zeke,5.263157894736842,1.9736842105263157,40.131578947368425,2.6666666666666665,kill be grant
Kanin,Jackal,2.34375,0.0,41.40625,INF,fight try stop
Kanin,Sarren,2.34375,0.0,41.40625,INF,fight try stop
Kanin,Jackal,2.34375,0.0,41.40625,INF,fight try stop
Jackal,Sarren,2.34375,0.0,41.40625,INF,fight try stop
Sarren,Jackal,2.34375,0.0,41.40625,INF,fight try stop
Sarren,Zeke,0.0,2.2058823529411766,44.85294117647059,0.0,sing whisper go
Sarren,Zeke,5.46875,6.25,63.28125,0.875,lance see gaze
Allie,Zeke,0.625,1.25,53.125,0.5,sing croon be
Caleb,Bethany,4.545454545454546,2.272727272727273,2.272727272727273,2.0,
Caleb,Jeb,4.545454545454546,2.272727272727273,2.272727272727273,2.0,
Bethany,Jeb,4.545454545454546,2.272727272727273,2.272727272727273,2.0,
Allison,Zeke,0.6944444444444444,2.7777777777777777,52.083333333333336,0.25,be whisper
Allie,Allison,1.1904761904761905,0.0,41.66666666666667,INF,be go destroy want be
Zeke,Sarren,7.638888888888889,1.3888888888888888,40.97222222222222,5.5,pause cross go
Sarren,Zeke,7.638888888888889,1.3888888888888888,40.97222222222222,5.5,pause cross go
Sarren,Zeke,7.638888888888889,1.3888888888888888,40.97222222222222,5.5,pause cross go
Allison,Zeke,1.3157894736842104,1.3157894736842104,44.73684210526316,1.0,look whisper inch
Sarren,Zeke,2.34375,0.390625,47.265625,6.0,realize be have plan bring be
Sarren,Zeke,2.34375,0.390625,47.265625,6.0,realize be have plan bring be
Zeke,Allison,0.0,0.0,23.076923076923077,INF,get
Kanin,Jackal,15.625,0.0,34.375,INF,find go
Jackal,Zeke,4.910714285714286,2.232142857142857,57.14285714285714,2.2,force stay watch cross gleam lock
Jackal,Zeke,4.910714285714286,2.232142857142857,57.14285714285714,2.2,force stay watch cross gleam lock
Zeke,Kanin,0.0,0.0,47.05882352941176,INF,sweep
Jackal,Zeke,2.1551724137931036,1.7241379310344827,58.189655172413794,1.25,look be remark smile advance step face
Jackal,Zeke,2.1551724137931036,1.7241379310344827,58.189655172413794,1.25,look be remark smile advance step face
Jackal,Zeke,2.1551724137931036,1.7241379310344827,58.189655172413794,1.25,look be remark smile advance step face
Jackal,Zeke,2.1551724137931036,1.7241379310344827,58.189655172413794,1.25,look be remark smile advance step face
Jackal,Zeke,0.78125,3.90625,51.5625,0.2,see face
Kanin,Zeke,3.260869565217391,3.804347826086957,45.108695652173914,0.8571428571428571,whisper have be hear do answer
Kanin,Zeke,0.0,8.653846153846153,45.19230769230769,0.0,flinch hold protect
Kanin,Jackal,0.0,3.125,41.875,0.0,feel turn cut
Kanin,Zeke,0.0,3.125,41.875,0.0,feel turn cut
Jackal,Zeke,0.0,3.125,41.875,0.0,feel turn cut
Jackal,Kanin,0.0,2.2058823529411766,38.970588235294116,0.0,do remember say
Jackal,Kanin,0.0,0.0,50.0,INF,be separate
Sarren,Zeke,0.0,0.0,25.0,INF,turn
Allison,Turn Ezekiel,3.125,2.083333333333333,44.79166666666667,1.5,do expect turn
Sarren,Turn Ezekiel,0.0,5.208333333333334,61.458333333333336,0.0,do turn do
Sarren,Ezekiel,2.1551724137931036,0.43103448275862066,42.241379310344826,5.0,be shatter drive remake see
Sarren,Ezekiel,2.1551724137931036,0.43103448275862066,42.241379310344826,5.0,be shatter drive remake see
Sarren,Ezekiel,2.1551724137931036,0.43103448275862066,42.241379310344826,5.0,be shatter drive remake see
Ezekiel,Allison,0.0,0.0,28.57142857142857,INF,destroy
Sarren,Zeke,1.3888888888888888,1.3888888888888888,47.22222222222222,1.0,be tell have do make do
Sarren,Zeke,1.3888888888888888,1.3888888888888888,47.22222222222222,1.0,be tell have do make do
Sarren,Zeke,1.3888888888888888,1.3888888888888888,47.22222222222222,1.0,be tell have do make do
Sarren,Zeke,3.0303030303030303,3.0303030303030303,48.484848484848484,1.0,have twist know be go replace see
Sarren,Zeke,3.0303030303030303,3.0303030303030303,48.484848484848484,1.0,have twist know be go replace see
Kanin,Zeke,0.0,1.7857142857142856,55.35714285714286,0.0,whisper spin rise slump
Kanin,Zeke,0.0,1.7857142857142856,55.35714285714286,0.0,whisper spin rise slump
Kanin,Jackal,0.35714285714285715,0.35714285714285715,62.142857142857146,1.0,remember black be surround strike advance
Kanin,Zeke,0.35714285714285715,0.35714285714285715,62.142857142857146,1.0,remember black be surround strike advance
Kanin,Zeke,0.35714285714285715,0.35714285714285715,62.142857142857146,1.0,remember black be surround strike advance
Jackal,Zeke,0.35714285714285715,0.35714285714285715,62.142857142857146,1.0,remember black be surround strike advance
Jackal,Zeke,0.35714285714285715,0.35714285714285715,62.142857142857146,1.0,remember black be surround strike advance
Jackal,Kanin,1.893939393939394,0.0,58.71212121212122,INF,be sell be have leave
Jackal,Kanin,1.893939393939394,0.0,58.71212121212122,INF,be sell be have leave
Kanin,Zeke,0.0,0.0,55.55555555555556,INF,cock appraise
Allison,Kanin,0.5434782608695652,1.0869565217391304,37.5,0.5,do answer continue
Jackal,Ezekiel,2.0161290322580645,0.8064516129032258,42.33870967741936,2.5,return reach be plan unleash destroy
Jackal,Sarren,2.0161290322580645,0.8064516129032258,42.33870967741936,2.5,return reach be plan unleash destroy
Jackal,Eden,2.0161290322580645,0.8064516129032258,42.33870967741936,2.5,return reach be plan unleash destroy
Ezekiel,Sarren,2.0161290322580645,0.8064516129032258,42.33870967741936,2.5,return reach be plan unleash destroy
Ezekiel,Eden,2.0161290322580645,0.8064516129032258,42.33870967741936,2.5,return reach be plan unleash destroy
Sarren,Eden,2.0161290322580645,0.8064516129032258,42.33870967741936,2.5,return reach be plan unleash destroy
Sarren,Zeke,1.5625,5.46875,55.46875,0.2857142857142857,take say
James,Allison,0.8333333333333334,4.166666666666666,48.333333333333336,0.2,be go
Kanin,Zeke,0.78125,3.125,71.09375,0.25,pause draw gaze ruin
Kanin,Zeke,1.3157894736842104,1.3157894736842104,39.473684210526315,1.0,look whisper
Jackal,Zeke,1.3392857142857142,7.142857142857142,48.660714285714285,0.1875,turn gaze feel await
Kanin,Allison,0.0,0.0,26.666666666666668,INF,take
Kanin,Zeke,5.147058823529411,0.0,53.67647058823529,INF,pull leave grip
Sarren,Allison,1.7857142857142856,0.0,41.07142857142857,INF,have do want plan
Ezekiel,Eden,3.804347826086957,1.0869565217391304,64.67391304347827,3.5,be put stop be kill keep reach
Ezekiel,Eden,3.804347826086957,1.0869565217391304,64.67391304347827,3.5,be put stop be kill keep reach
Sarren,Ezekiel,3.4090909090909087,0.0,32.95454545454545,INF,leave
Sarren,Allison,3.4090909090909087,0.0,32.95454545454545,INF,leave
Ezekiel,Allison,3.4090909090909087,0.0,32.95454545454545,INF,leave
Sarren,Ezekiel,7.8125,3.125,51.5625,2.5,leave be
Ezekiel,Allison,1.3888888888888888,0.0,43.05555555555556,INF,try kill
Jackal,Zeke,3.8461538461538463,0.0,50.0,INF,have be find have face
Zeke,Sarren,2.083333333333333,2.083333333333333,45.83333333333333,1.0,die kill have stop
Sarren,Eden,3.7037037037037033,2.7777777777777777,49.074074074074076,1.3333333333333333,be slip have get destroy leave
Kanin,Zeke,0.0,0.0,40.0,INF,shake
Sarren,Ezekiel,4.605263157894736,0.0,37.5,INF,know be wait come
Sarren,Ezekiel,4.605263157894736,0.0,37.5,INF,know be wait come
Eden,Kanin,1.7361111111111112,0.3472222222222222,59.02777777777778,5.0,be be sweep
Eden,Jackal,1.7361111111111112,0.3472222222222222,59.02777777777778,5.0,be be sweep
Kanin,Jackal,1.7361111111111112,0.3472222222222222,59.02777777777778,5.0,be be sweep
Zeke,Kanin,6.25,0.0,50.89285714285714,INF,be have say
Kanin,Jackal,0.0,0.0,46.666666666666664,INF,be search
Zeke,Jackal,0.8928571428571428,0.0,56.25,INF,loom have see
New Covington,Eden,3.4090909090909087,3.977272727272727,28.97727272727273,0.8571428571428571,be happen be
Eden,Sarren,2.34375,1.5625,46.09375,1.5,be go die let get
Kanin,Zeke,0.5813953488372093,0.29069767441860467,47.96511627906977,2.0,lunge duck grab stab plunge
Kanin,Zeke,0.5813953488372093,0.29069767441860467,47.96511627906977,2.0,lunge duck grab stab plunge
Kanin,Zeke,0.5813953488372093,0.29069767441860467,47.96511627906977,2.0,lunge duck grab stab plunge
Kanin,Zeke,1.893939393939394,3.4090909090909087,55.3030303030303,0.5555555555555556,shake raise aim run be make see
Allie,Zeke,3.125,4.166666666666666,34.375,0.75,rack
Kanin,Zeke,0.5681818181818182,0.0,49.43181818181818,INF,feel look meet
Allie,Zeke,0.0,5.769230769230769,32.69230769230769,0.0,whisper strain
Allie,Zeke,0.0,5.769230769230769,32.69230769230769,0.0,whisper strain
Allison,Zeke,1.6666666666666667,2.5,49.166666666666664,0.6666666666666666,whisper do have
Allison,Zeke,1.6666666666666667,2.5,49.166666666666664,0.6666666666666666,whisper do have
Allie,Zeke,1.1904761904761905,4.761904761904762,32.142857142857146,0.25,groan sense slip change have create
Allie,Zeke,1.1904761904761905,4.761904761904762,32.142857142857146,0.25,groan sense slip change have create
Allie,Sarren,1.1904761904761905,4.761904761904762,32.142857142857146,0.25,groan sense slip change have create
Zeke,Sarren,1.1904761904761905,4.761904761904762,32.142857142857146,0.25,groan sense slip change have create
Zeke,Sarren,1.1904761904761905,4.761904761904762,32.142857142857146,0.25,groan sense slip change have create
Sarren,Zeke,1.4285714285714286,6.428571428571428,43.57142857142857,0.2222222222222222,cut open demand betray love give torture
Sarren,Zeke,1.4285714285714286,6.428571428571428,43.57142857142857,0.2222222222222222,cut open demand betray love give torture
Sarren,Zeke,1.4285714285714286,6.428571428571428,43.57142857142857,0.2222222222222222,cut open demand betray love give torture
Sarren,Zeke,1.4285714285714286,6.428571428571428,43.57142857142857,0.2222222222222222,cut open demand betray love give torture
Sarren,Zeke,1.4285714285714286,6.428571428571428,43.57142857142857,0.2222222222222222,cut open demand betray love give torture
Sarren,Zeke,1.4285714285714286,6.428571428571428,43.57142857142857,0.2222222222222222,cut open demand betray love give torture
Zeke,Jebbadiah Crosse,0.4629629629629629,8.796296296296296,53.70370370370371,0.05263157894736842,endure know live
Jebbadiah Crosse,Zeke,0.4629629629629629,8.796296296296296,53.70370370370371,0.05263157894736842,endure know live
New Covington,Zeke,2.380952380952381,1.488095238095238,55.654761904761905,1.6,swirl realize sacrifice go be
New Covington,Zeke,2.380952380952381,1.488095238095238,55.654761904761905,1.6,swirl realize sacrifice go be
Zeke,Kanin,0.9615384615384616,6.730769230769231,50.0,0.14285714285714285,lunge feel remember have bite
Allison,Zeke,2.34375,1.5625,46.09375,1.5,go whisper
Allison,Zeke,2.34375,1.5625,46.09375,1.5,go whisper
Sarren,Zeke,2.1739130434782608,2.717391304347826,47.28260869565217,0.8,have be go want rip
Sarren,Zeke,3.0,4.0,41.0,0.75,torture mind have do be
Sarren,Zeke,3.0,4.0,41.0,0.75,torture mind have do be
Zeke,Eden,1.875,2.8125,50.31250000000001,0.6666666666666666,invade rise overshadow go face continue destroy
Allie,Fringer,0.0,0.0,40.0,INF,have do keep
Kanin,Jackal,9.375,0.0,53.125,INF,wonder find
Kanin,Jackal,3.571428571428571,0.5952380952380952,38.69047619047619,6.0,feel have be
Jackal,Kanin,0.0,0.0,25.0,INF,be
Kanin,Jackal,0.0,0.0,33.33333333333333,INF,go look
Jackal,Zeke,1.3392857142857142,1.7857142857142856,50.44642857142857,0.75,do manage kill mutter tell be
Jackal,Zeke,1.3392857142857142,1.7857142857142856,50.44642857142857,0.75,do manage kill mutter tell be
Kanin,Zeke,2.272727272727273,0.0,52.27272727272727,INF,have shove
Sarren,Jackal,0.0,3.4722222222222223,63.19444444444444,0.0,put leave be
Sarren,Jackal,0.0,2.631578947368421,50.0,0.0,beat have
Zeke,Sarren,1.5,3.0,51.5,0.5,fall snap
Sarren,Zeke,1.5,3.0,51.5,0.5,fall snap
Sarren,Zeke,5.921052631578947,1.3157894736842104,45.39473684210527,4.5,know have stop continue
Sarren,Zeke,5.921052631578947,1.3157894736842104,45.39473684210527,4.5,know have stop continue
Eden,Sarren,4.166666666666666,1.0416666666666665,44.79166666666667,4.0,go do intend stop fight know be
Sarren,Zeke,7.065217391304348,3.804347826086957,41.30434782608695,1.8571428571428572,be be be go pause
Sarren,Kanin,4.411764705882353,0.0,36.76470588235294,INF,help be
Jackal,Zeke,2.272727272727273,6.8181818181818175,50.0,0.3333333333333333,remark gaze fix
Jackal,Zeke,2.7777777777777777,3.7037037037037033,41.66666666666667,0.75,know do hate say grab try pry
Jackal,Zeke,2.7777777777777777,3.7037037037037033,41.66666666666667,0.75,know do hate say grab try pry
Jackal,Zeke,2.7777777777777777,3.7037037037037033,41.66666666666667,0.75,know do hate say grab try pry
Zeke,Jackal,1.0869565217391304,1.0869565217391304,54.347826086956516,1.0,bare drive
Zeke,Jackal,1.0869565217391304,1.0869565217391304,54.347826086956516,1.0,bare drive
Jackal,Zeke,0.0,0.0,47.05882352941176,INF,slump hold grab
Jackal,Zeke,5.208333333333334,2.083333333333333,59.375,2.5,glow stare appraise
Jackal,Zeke,5.208333333333334,2.083333333333333,59.375,2.5,glow stare appraise
Zeke,Sarren,3.8461538461538463,5.769230769230769,44.230769230769226,0.6666666666666666,have be have create shove
Jackal,Zeke,0.0,0.0,55.55555555555556,INF,jerk
Jackal,Zeke,0.0,0.0,55.55555555555556,INF,jerk
Ezekiel,Sarren,3.125,1.0416666666666665,54.166666666666664,3.0,bet stare see look
Zeke,Jackal,0.8928571428571428,0.0,38.392857142857146,INF,do have convince be like
Jackal,Zeke,0.8928571428571428,0.0,38.392857142857146,INF,do have convince be like
Jackal,Zeke,0.8928571428571428,0.0,38.392857142857146,INF,do have convince be like
Zeke,Jackal,3.3333333333333335,6.25,50.416666666666664,0.5333333333333333,be cast
Jackal,Zeke,0.0,2.364864864864865,51.689189189189186,0.0,mean add saunter drape be ignore be fly
Zeke,Jackal,0.0,2.364864864864865,51.689189189189186,0.0,mean add saunter drape be ignore be fly
Jackal,Zeke,1.0416666666666665,2.7777777777777777,40.625,0.375,refuse gesture rip send
Sarren,Jackal,1.7500000000000002,2.0,48.25,0.875,believe keep rip do shoot be keep
Kanin,Jackal,3.125,0.0,34.375,INF,watch
Sarren,Ezekiel,1.25,7.5,21.25,0.16666666666666666,protect
Zeke,Jackal,2.631578947368421,2.302631578947368,58.223684210526315,1.1428571428571428,feel say seem be handle be have be
Jackal,Zeke,2.717391304347826,0.5434782608695652,40.21739130434783,5.0,state look be rule
Zeke,Jackal,2.840909090909091,0.0,51.70454545454546,INF,do answer step place keep raise
Zeke,Jackal,2.840909090909091,0.0,51.70454545454546,INF,do answer step place keep raise
Jackal,Zeke,2.1739130434782608,0.5434782608695652,53.80434782608695,4.0,think be go wait say gaze
Allison,Zeke,3.125,0.0,40.625,INF,be return say
Kanin,Jackal,3.5000000000000004,2.0,42.5,1.75,say interrupt think be waste
Ezekiel,Jackal,1.25,0.0,48.75,INF,say turn ask
Ezekiel,Zeke,1.25,0.0,48.75,INF,say turn ask
Jackal,Zeke,1.25,0.0,48.75,INF,say turn ask
Allison,Sarren,3.8461538461538463,0.0,42.30769230769231,INF,promise help stop
Zeke,Jackal,1.0,2.5,48.5,0.4,step sit cross-leg open
Kanin,Jackal,0.0,0.0,42.10526315789473,INF,drive ride
Kanin,Jackal,0.0,0.0,42.10526315789473,INF,drive ride
Kanin,Jackal,0.0,0.0,42.10526315789473,INF,drive ride
Kanin,Jackal,0.0,0.0,42.10526315789473,INF,drive ride
Zeke,Jackal,2.840909090909091,0.0,47.159090909090914,INF,shift brush wait
Zeke,Jackal,2.840909090909091,0.0,47.159090909090914,INF,shift brush wait
Zeke,Sarren,3.125,2.6785714285714284,51.33928571428571,1.1666666666666667,be be be be share
Sarren,Zeke,3.125,2.6785714285714284,51.33928571428571,1.1666666666666667,be be be be share
Sarren,Zeke,2.941176470588235,0.0,38.23529411764706,INF,wonder track alert
Sarren,Zeke,2.941176470588235,0.0,38.23529411764706,INF,wonder track alert
Kanin,Zeke,0.0,0.0,50.0,INF,shake
Zeke,Sarren,6.481481481481481,4.166666666666666,44.907407407407405,1.5555555555555556,do need have feel linger
Sarren,Zeke,6.481481481481481,4.166666666666666,44.907407407407405,1.5555555555555556,do need have feel linger
Zeke,Jackal,6.4655172413793105,3.0172413793103448,42.241379310344826,2.142857142857143,guess get mutter wonder find be tie sarren
Zeke,Sarren,6.4655172413793105,3.0172413793103448,42.241379310344826,2.142857142857143,guess get mutter wonder find be tie sarren
Jackal,Sarren,6.4655172413793105,3.0172413793103448,42.241379310344826,2.142857142857143,guess get mutter wonder find be tie sarren
Ezekiel,New Covington,3.75,0.0,36.25,INF,work
Eden,Kanin,2.2058823529411766,2.941176470588235,36.029411764705884,0.75,like walk say take stop
Eden,Jackal,2.2058823529411766,2.941176470588235,36.029411764705884,0.75,like walk say take stop
Kanin,Jackal,2.2058823529411766,2.941176470588235,36.029411764705884,0.75,like walk say take stop
James,Sarren,0.4464285714285714,0.0,53.125,INF,come deal have say glance
James,Jackal,0.4464285714285714,0.0,53.125,INF,come deal have say glance
James,Jackal,0.4464285714285714,0.0,53.125,INF,come deal have say glance
Sarren,Jackal,0.4464285714285714,0.0,53.125,INF,come deal have say glance
Sarren,Jackal,0.4464285714285714,0.0,53.125,INF,come deal have say glance
Jackal,Kanin,0.8928571428571428,0.0,56.25,INF,eye stand
Kanin,Jackal,0.0,5.357142857142857,51.78571428571429,0.0,give stare
Jackal,Kanin,0.0,2.5,64.16666666666667,0.0,shrug stick go
Jackal,Kanin,0.0,2.5,64.16666666666667,0.0,shrug stick go
Zeke,Jackal,1.3157894736842104,0.6578947368421052,40.131578947368425,2.0,want talk
Zeke,Kanin,1.3157894736842104,0.6578947368421052,40.131578947368425,2.0,want talk
Jackal,Kanin,1.3157894736842104,0.6578947368421052,40.131578947368425,2.0,want talk
Zeke,Sarren,2.5510204081632653,1.0204081632653061,53.57142857142857,2.5,be turn have play have do have work come be
Sarren,Zeke,2.5510204081632653,1.0204081632653061,53.57142857142857,2.5,be turn have play have do have work come be
Sarren,Zeke,2.5510204081632653,1.0204081632653061,53.57142857142857,2.5,be turn have play have do have work come be
Sarren,Zeke,2.5510204081632653,1.0204081632653061,53.57142857142857,2.5,be turn have play have do have work come be
Sarren,Zeke,2.5510204081632653,1.0204081632653061,53.57142857142857,2.5,be turn have play have do have work come be
Ezekiel,Sarren,5.714285714285714,7.5,46.785714285714285,0.7619047619047619,be confirm have die walk be
Jackal,Zeke,1.25,1.25,37.5,1.0,take expect remark return
Kanin,Jackal,3.125,1.25,40.625,2.5,mean break explain need hurry
Kanin,Zeke,0.0,1.5625,56.770833333333336,0.0,desert lead trail prowl
Kanin,Jackal,0.0,1.5625,56.770833333333336,0.0,desert lead trail prowl
Kanin,Zeke,0.0,1.5625,56.770833333333336,0.0,desert lead trail prowl
Zeke,Jackal,0.0,1.5625,56.770833333333336,0.0,desert lead trail prowl
Jackal,Zeke,0.0,1.5625,56.770833333333336,0.0,desert lead trail prowl
Kanin,Zeke,2.314814814814815,3.2407407407407405,46.2962962962963,0.7142857142857143,walk continue hide talk show
Zeke,Eden,7.5892857142857135,3.571428571428571,42.410714285714285,2.125,start ask have make get talk
Zeke,Caleb,7.5892857142857135,3.571428571428571,42.410714285714285,2.125,start ask have make get talk
Zeke,Bethany,7.5892857142857135,3.571428571428571,42.410714285714285,2.125,start ask have make get talk
Zeke,Caleb,7.5892857142857135,3.571428571428571,42.410714285714285,2.125,start ask have make get talk
Eden,Caleb,7.5892857142857135,3.571428571428571,42.410714285714285,2.125,start ask have make get talk
Eden,Bethany,7.5892857142857135,3.571428571428571,42.410714285714285,2.125,start ask have make get talk
Eden,Caleb,7.5892857142857135,3.571428571428571,42.410714285714285,2.125,start ask have make get talk
Caleb,Bethany,7.5892857142857135,3.571428571428571,42.410714285714285,2.125,start ask have make get talk
Bethany,Caleb,7.5892857142857135,3.571428571428571,42.410714285714285,2.125,start ask have make get talk
Zeke,Sarren,1.875,0.3125,52.81249999999999,6.0,be have retreat reach have destroy be be leave
Zeke,Sarren,1.875,0.3125,52.81249999999999,6.0,be have retreat reach have destroy be be leave
Zeke,Sarren,1.875,0.3125,52.81249999999999,6.0,be have retreat reach have destroy be be leave
Jackal,Zeke,1.9230769230769231,0.0,51.92307692307693,INF,see be be have wake
Kanin,Zeke,4.924242424242424,3.0303030303030303,52.65151515151515,1.625,wonder be be shut preoccupy
Jackal,Zeke,2.556818181818182,1.9886363636363635,59.09090909090909,1.2857142857142858,have be leave barb challenge aim ignore reply have
Jackal,Zeke,2.556818181818182,1.9886363636363635,59.09090909090909,1.2857142857142858,have be leave barb challenge aim ignore reply have
Jackal,Zeke,4.6875,4.166666666666666,61.979166666666664,1.125,have sneer be stalk shake
Jackal,Zeke,4.6875,4.166666666666666,61.979166666666664,1.125,have sneer be stalk shake
Ezekiel,Kanin,3.90625,6.25,46.09375,0.625,hoot be be admit
Ezekiel,Eden,2.5,1.25,46.25,2.0,happen get
Ezekiel,Kanin,1.0,0.0,43.0,INF,reach murmur be look see
Kanin,Ezekiel,1.0,0.0,43.0,INF,reach murmur be look see
Kanin,Zeke,0.0,0.0,61.53846153846154,INF,do look be understand
Ezekiel,Jackal,3.75,2.5,50.416666666666664,1.5,be do manage accept be look
Ezekiel,Jackal,3.75,2.5,50.416666666666664,1.5,be do manage accept be look
Ezekiel,Jackal,3.75,2.5,50.416666666666664,1.5,be do manage accept be look
Jackal,Zeke,0.0,0.8928571428571428,56.25,0.0,do return sleep
Jackal,Zeke,0.0,0.8928571428571428,56.25,0.0,do return sleep
Zeke,Eden,3.787878787878788,1.5151515151515151,52.27272727272727,2.5,give be be set go arrive
Zeke,Sarren,3.787878787878788,1.5151515151515151,52.27272727272727,2.5,give be be set go arrive
Zeke,Eden,3.787878787878788,1.5151515151515151,52.27272727272727,2.5,give be be set go arrive
Zeke,Sarren,3.787878787878788,1.5151515151515151,52.27272727272727,2.5,give be be set go arrive
Eden,Sarren,3.787878787878788,1.5151515151515151,52.27272727272727,2.5,give be be set go arrive
Eden,Zeke,3.787878787878788,1.5151515151515151,52.27272727272727,2.5,give be be set go arrive
Sarren,Zeke,3.787878787878788,1.5151515151515151,52.27272727272727,2.5,give be be set go arrive
Sarren,Zeke,1.9736842105263157,0.6578947368421052,55.26315789473685,3.0,have be focus catch intercept reach
Sarren,Zeke,1.9736842105263157,0.6578947368421052,55.26315789473685,3.0,have be focus catch intercept reach
Sarren,Eden,1.3888888888888888,0.6944444444444444,42.36111111111111,2.0,be be
Sarren,Kanin,1.3888888888888888,0.6944444444444444,42.36111111111111,2.0,be be
Sarren,Eden,1.3888888888888888,0.6944444444444444,42.36111111111111,2.0,be be
Sarren,Kanin,1.3888888888888888,0.6944444444444444,42.36111111111111,2.0,be be
Eden,Kanin,1.3888888888888888,0.6944444444444444,42.36111111111111,2.0,be be
Sarren,Zeke,0.0,0.0,50.0,INF,know go
Zeke,Eden,3.289473684210526,0.6578947368421052,59.210526315789465,5.0,play be laugh
Zeke,Eden,3.289473684210526,0.6578947368421052,59.210526315789465,5.0,play be laugh
Caleb,Bethany,0.78125,1.171875,51.171875,0.6666666666666666,want think be say feel think
Sarren,Kanin,3.289473684210526,3.9473684210526314,50.6578947368421,0.8333333333333334,be go stare
Eden,Jackal,2.083333333333333,0.6944444444444444,52.77777777777778,3.0,have be drive say
Jackal,Zeke,1.1363636363636365,6.25,65.3409090909091,0.18181818181818182,leave blink give mock
Zeke,Jackal,1.1363636363636365,6.25,65.3409090909091,0.18181818181818182,leave blink give mock
Jackal,Eden,3.125,2.272727272727273,51.42045454545454,1.375,call mock forget say do stop be go turn go
Sarren,Zeke,1.5,3.0,39.5,0.5,be be answer make
Zeke,Jackal,0.390625,1.953125,57.03125,0.2,be bear see
Zeke,Jackal,0.390625,1.953125,57.03125,0.2,be bear see
Jackal,Kanin,1.9021739130434785,2.1739130434782608,52.44565217391305,0.875,hear connect crush knock catch part
Kanin,Jackal,1.9021739130434785,2.1739130434782608,52.44565217391305,0.875,hear connect crush knock catch part
Jackal,Kanin,2.631578947368421,2.631578947368421,47.368421052631575,1.0,lower stare look
Sarren,Jackal,12.035897435897436,3.98974358974359,55.769230769230774,3.016709511568123,be have leave be have kill maim prove
Jackal,Kanin,4.3478260869565215,4.3478260869565215,52.17391304347826,1.0,have be have be leave
Kanin,Zeke,2.232142857142857,5.357142857142857,56.69642857142857,0.4166666666666667,come warn give become
Eden,Zeke,0.5952380952380952,0.5952380952380952,36.904761904761905,1.0,get go control
Caleb,Bethany,0.0,0.0,35.714285714285715,INF,come run
Zeke,Sarren,0.0,9.722222222222223,45.83333333333333,0.0,lose
Sarren,Zeke,0.0,9.722222222222223,45.83333333333333,0.0,lose
Jackal,Zeke,2.272727272727273,1.1363636363636365,51.13636363636363,2.0,be get listen whine snarl
Sarren,Jackal,1.4423076923076923,2.8846153846153846,34.13461538461539,0.5,force turn be
Jackal,Zeke,5.921052631578947,2.631578947368421,54.60526315789473,2.25,have go stare
Kanin,Zeke,7.6923076923076925,0.0,46.15384615384615,INF,step
Dawn,Zeke,6.4655172413793105,4.310344827586207,47.8448275862069,1.5,be say give
Dawn,Zeke,6.4655172413793105,4.310344827586207,47.8448275862069,1.5,be say give
Dawn,Zeke,6.4655172413793105,4.310344827586207,47.8448275862069,1.5,be say give
Dawn,Zeke,6.4655172413793105,4.310344827586207,47.8448275862069,1.5,be say give
Kanin,Zeke,1.9230769230769231,5.769230769230769,38.46153846153847,0.3333333333333333,murmur disappear melt surround leave
Jackal,Zeke,0.4629629629629629,2.314814814814815,52.77777777777778,0.2,claw be make let go
Allie,Fringer,4.3478260869565215,1.0869565217391304,51.08695652173913,4.0,have die be
Allie,Ezekiel,4.3478260869565215,1.0869565217391304,51.08695652173913,4.0,have die be
Fringer,Ezekiel,4.3478260869565215,1.0869565217391304,51.08695652173913,4.0,have die be
Jackal,Zeke,5.0,1.25,43.75,4.0,know be start make whisper
Allie,Zeke,0.0,5.681818181818182,30.681818181818183,0.0,be murmur
Allie,Zeke,0.0,6.666666666666667,40.0,0.0,be say
Allison,Zeke,0.0,1.5625,54.6875,0.0,die say
Allie,Zeke,3.289473684210526,1.3157894736842104,26.973684210526315,2.5,love whisper freeze
Eden,Zeke,1.5151515151515151,2.272727272727273,50.75757575757576,0.6666666666666666,wait seem
Kanin,Jackal,0.0,2.840909090909091,51.70454545454546,0.0,reach find wait
Zeke,Kanin,2.2058823529411766,0.0,56.61764705882353,INF,run remember have say
Sarren,Eden,12.5,1.5625,48.4375,8.0,have beat
Caleb,Bethany,4.017857142857143,0.0,38.839285714285715,INF,be have explain be say smile
Caleb,Zeke,4.017857142857143,0.0,38.839285714285715,INF,be have explain be say smile
Bethany,Zeke,4.017857142857143,0.0,38.839285714285715,INF,be have explain be say smile
Caleb,Eden,6.4655172413793105,4.741379310344827,50.86206896551724,1.3636363636363635,have be see
Caleb,Eden,6.4655172413793105,4.741379310344827,50.86206896551724,1.3636363636363635,have be see
Eden,Jackal,5.263157894736842,1.3157894736842104,51.31578947368421,4.0,be
Eden,Kanin,5.263157894736842,1.3157894736842104,51.31578947368421,4.0,be
Jackal,Kanin,5.263157894736842,1.3157894736842104,51.31578947368421,4.0,be
Kanin,Jackal,0.0,0.0,20.0,INF,
Kanin,Jackal,0.6578947368421052,0.0,67.76315789473685,INF,follow find
Jackal,Kanin,2.6785714285714284,0.0,54.46428571428571,INF,watch turn come
Jackal,Zeke,0.0,4.166666666666666,55.833333333333336,0.0,dust rise shoot stare
Jackal,Zeke,0.0,4.166666666666666,55.833333333333336,0.0,dust rise shoot stare
Zeke,Jackal,3.4090909090909087,1.1363636363636365,40.909090909090914,3.0,like know answer kick
Jackal,Zeke,3.3333333333333335,0.8333333333333334,49.166666666666664,4.0,snicker lean regard
Zeke,Jackal,1.5625,5.208333333333334,64.0625,0.3,smile be glint face
Zeke,Jackal,1.5625,5.208333333333334,64.0625,0.3,smile be glint face
Jackal,Zeke,0.0,3.125,55.208333333333336,0.0,smile lean gleam
Kanin,Jackal,1.9230769230769231,3.8461538461538463,55.769230769230774,0.5,drive have happen have die pretend ignore
Kanin,Zeke,1.9230769230769231,3.8461538461538463,55.769230769230774,0.5,drive have happen have die pretend ignore
Jackal,Zeke,1.9230769230769231,3.8461538461538463,55.769230769230774,0.5,drive have happen have die pretend ignore
Zeke,Caleb,1.293103448275862,1.293103448275862,35.3448275862069,1.0,be leave
Zeke,Bethany,1.293103448275862,1.293103448275862,35.3448275862069,1.0,be leave
Zeke,Matthew,1.293103448275862,1.293103448275862,35.3448275862069,1.0,be leave
Zeke,Jake,1.293103448275862,1.293103448275862,35.3448275862069,1.0,be leave
Zeke,Silas,1.293103448275862,1.293103448275862,35.3448275862069,1.0,be leave
Zeke,Theresa,1.293103448275862,1.293103448275862,35.3448275862069,1.0,be leave
Zeke,Silas,1.293103448275862,1.293103448275862,35.3448275862069,1.0,be leave
Zeke,Caleb,1.293103448275862,1.293103448275862,35.3448275862069,1.0,be leave
Zeke,Bethany,1.293103448275862,1.293103448275862,35.3448275862069,1.0,be leave
Zeke,Matthew,1.293103448275862,1.293103448275862,35.3448275862069,1.0,be leave
Zeke,Jake,1.293103448275862,1.293103448275862,35.3448275862069,1.0,be leave
Zeke,Silas,1.293103448275862,1.293103448275862,35.3448275862069,1.0,be leave
Zeke,Theresa,1.293103448275862,1.293103448275862,35.3448275862069,1.0,be leave
Zeke,Silas,1.293103448275862,1.293103448275862,35.3448275862069,1.0,be leave
Caleb,Bethany,1.293103448275862,1.293103448275862,35.3448275862069,1.0,be leave
Caleb,Matthew,1.293103448275862,1.293103448275862,35.3448275862069,1.0,be leave
Caleb,Jake,1.293103448275862,1.293103448275862,35.3448275862069,1.0,be leave
Caleb,Silas,1.293103448275862,1.293103448275862,35.3448275862069,1.0,be leave
Caleb,Theresa,1.293103448275862,1.293103448275862,35.3448275862069,1.0,be leave
Caleb,Silas,1.293103448275862,1.293103448275862,35.3448275862069,1.0,be leave
Bethany,Matthew,1.293103448275862,1.293103448275862,35.3448275862069,1.0,be leave
Bethany,Jake,1.293103448275862,1.293103448275862,35.3448275862069,1.0,be leave
Bethany,Silas,1.293103448275862,1.293103448275862,35.3448275862069,1.0,be leave
Bethany,Theresa,1.293103448275862,1.293103448275862,35.3448275862069,1.0,be leave
Bethany,Silas,1.293103448275862,1.293103448275862,35.3448275862069,1.0,be leave
Matthew,Jake,1.293103448275862,1.293103448275862,35.3448275862069,1.0,be leave
Matthew,Silas,1.293103448275862,1.293103448275862,35.3448275862069,1.0,be leave
Matthew,Theresa,1.293103448275862,1.293103448275862,35.3448275862069,1.0,be leave
Matthew,Silas,1.293103448275862,1.293103448275862,35.3448275862069,1.0,be leave
Jake,Silas,1.293103448275862,1.293103448275862,35.3448275862069,1.0,be leave
Jake,Theresa,1.293103448275862,1.293103448275862,35.3448275862069,1.0,be leave
Jake,Silas,1.293103448275862,1.293103448275862,35.3448275862069,1.0,be leave
Silas,Theresa,1.293103448275862,1.293103448275862,35.3448275862069,1.0,be leave
Theresa,Silas,1.293103448275862,1.293103448275862,35.3448275862069,1.0,be leave
Zeke,Kanin,0.0,0.9615384615384616,52.88461538461539,0.0,tense glance
Zeke,Eden,1.25,1.25,47.5,1.0,relax try keep
Zeke,Sarren,1.25,1.25,47.5,1.0,relax try keep
Eden,Sarren,1.25,1.25,47.5,1.0,relax try keep
Kanin,Zeke,0.5434782608695652,0.0,34.23913043478261,INF,murmur free think be
Kanin,Zeke,0.0,0.0,55.00000000000001,INF,do answer tighten pick
Jackal,Zeke,1.5,1.5,56.99999999999999,1.0,guess find use be sigh glare
Jackal,Zeke,1.5,1.5,56.99999999999999,1.0,guess find use be sigh glare
Sarren,Zeke,1.7241379310344827,3.0172413793103448,60.775862068965516,0.5714285714285714,let hope be murmur glance slouch
Sarren,Jackal,1.7241379310344827,3.0172413793103448,60.775862068965516,0.5714285714285714,let hope be murmur glance slouch
Zeke,Jackal,1.7241379310344827,3.0172413793103448,60.775862068965516,0.5714285714285714,let hope be murmur glance slouch
Jackal,Kanin,2.403846153846154,3.8461538461538463,51.442307692307686,0.625,be lose slam steer send pierce wail
Kanin,Jackal,2.403846153846154,3.8461538461538463,51.442307692307686,0.625,be lose slam steer send pierce wail
Allison,Ezekiel,0.0,0.0,16.666666666666664,INF,
Zeke,Jackal,0.7352941176470588,4.411764705882353,53.67647058823529,0.16666666666666666,mutter grab
Jackal,Kanin,0.0,0.0,37.5,INF,follow
Kanin,Zeke,0.0,0.7352941176470588,58.08823529411765,0.0,jump pull let scramble
Zeke,Jackal,0.0,0.0,54.54545454545454,INF,duck
Jackal,Zeke,0.0,0.0,54.54545454545454,INF,duck
Kanin,Zeke,0.0,0.0,50.0,INF,slip join push shut
Jackal,Zeke,1.1363636363636365,6.8181818181818175,55.68181818181818,0.16666666666666666,shoot
Jackal,Zeke,1.1363636363636365,6.8181818181818175,55.68181818181818,0.16666666666666666,shoot
Jackal,Zeke,7.352941176470589,7.352941176470589,38.23529411764706,1.0,manage roll
Jackal,Zeke,7.352941176470589,7.352941176470589,38.23529411764706,1.0,manage roll
Jackal,Kanin,0.0,0.0,70.0,INF,shoot
Dr. Richardson,Zeke,0.0,0.0,50.0,INF,fetch go
Sarren,Eden,1.1363636363636365,6.8181818181818175,46.590909090909086,0.16666666666666666,
Kanin,Jackal,0.0,0.0,28.57142857142857,INF,
Sarren,Zeke,0.0,0.0,27.27272727272727,INF,have look
Eden,Sarren,4.411764705882353,0.7352941176470588,30.14705882352941,6.0,have find be happen be
Zeke,Sarren,9.5,1.5,45.0,6.333333333333333,do expect be buy find
Zeke,Eden,2.976190476190476,1.1904761904761905,67.26190476190477,2.5,have be allow leave be bring
Jackal,Zeke,0.5208333333333333,0.5208333333333333,48.95833333333333,1.0,take figure be happen
Jackal,Eden,0.5208333333333333,0.5208333333333333,48.95833333333333,1.0,take figure be happen
Zeke,Eden,0.5208333333333333,0.5208333333333333,48.95833333333333,1.0,take figure be happen
Zeke,Eden,4.166666666666666,1.9444444444444444,51.66666666666667,2.142857142857143,come have be hold test be allow
Zeke,Kanin,1.4423076923076923,5.769230769230769,42.78846153846153,0.25,hope be be wait return
Zeke,Jackal,1.4423076923076923,5.769230769230769,42.78846153846153,0.25,hope be be wait return
Kanin,Jackal,1.4423076923076923,5.769230769230769,42.78846153846153,0.25,hope be be wait return
Kanin,Zeke,6.25,0.6944444444444444,48.61111111111111,9.0,trust be keep sane have say do send
Zeke,Eden,4.761904761904762,1.1904761904761905,41.66666666666667,4.0,wonder be do have find
Zeke,Eden,2.604166666666667,2.083333333333333,61.979166666666664,1.25,have promise use be
Zeke,Eden,1.6891891891891893,2.364864864864865,47.2972972972973,0.7142857142857143,go have do have speak see be
Zeke,Eden,4.166666666666666,1.6666666666666667,54.166666666666664,2.5,have be
Allie,Zeke,2.314814814814815,8.796296296296296,37.03703703703704,0.2631578947368421,be murmur etch
Allie,Zeke,2.314814814814815,8.796296296296296,37.03703703703704,0.2631578947368421,be murmur etch
Kanin,Jackal,0.0,0.0,28.57142857142857,INF,be
Hendricks,Zeke,0.9615384615384616,0.0,45.19230769230769,INF,tell murmur
Kanin,Jackal,0.0,0.0,56.666666666666664,INF,glance spot blend slouch cross
Kanin,Jackal,0.0,0.0,56.666666666666664,INF,glance spot blend slouch cross
Allison,Eden,2.631578947368421,1.9736842105263157,42.76315789473684,1.3333333333333333,have guess be experience
Sarren,Eden,4.545454545454546,1.1363636363636365,39.77272727272727,4.0,have manage drive
Hendricks,Zeke,1.1904761904761905,1.7857142857142856,49.404761904761905,0.6666666666666666,go eye get fight get be
Jackal,Kanin,3.260869565217391,6.521739130434782,51.08695652173913,0.5,catch know do look
New Covington,Eden,2.604166666666667,0.5208333333333333,42.70833333333333,5.0,destroy think do do stop
Kanin,Zeke,0.0,1.25,48.75,0.0,glance become
Hendricks,Zeke,0.0,0.0,40.0,INF,look
Silas,Theresa,1.4423076923076923,4.807692307692308,51.442307692307686,0.3,die leave begin make
Silas,Zeke,1.4423076923076923,4.807692307692308,51.442307692307686,0.3,die leave begin make
Theresa,Zeke,1.4423076923076923,4.807692307692308,51.442307692307686,0.3,die leave begin make
Jake,Hendricks,1.5625,1.5625,42.70833333333333,1.0,manage escape break continue
Mrs. Brooks,Matthew,0.0,4.166666666666666,62.5,0.0,make be kill be
Mrs. Brooks,Matthew,0.0,4.166666666666666,62.5,0.0,make be kill be
Mrs. Brooks,Matthew,0.0,4.166666666666666,62.5,0.0,make be kill be
Mrs. Brooks,Caleb,0.0,6.730769230769231,39.42307692307692,0.0,remain
Mrs. Brooks,Bethany,0.0,6.730769230769231,39.42307692307692,0.0,remain
Caleb,Bethany,0.0,6.730769230769231,39.42307692307692,0.0,remain
Kanin,Zeke,0.0,0.0,55.55555555555556,INF,look nod
Sarren,Caleb,6.428571428571428,5.0,40.0,1.2857142857142858,do care be be
Sarren,Bethany,6.428571428571428,5.0,40.0,1.2857142857142858,do care be be
Caleb,Bethany,6.428571428571428,5.0,40.0,1.2857142857142858,do care be be
Kanin,Zeke,0.0,0.0,40.909090909090914,INF,stand impose fold
Kanin,Zeke,0.0,0.0,40.909090909090914,INF,stand impose fold
Zeke,Allie,1.3157894736842104,1.9736842105263157,44.07894736842105,0.6666666666666666,let go hesitate add thank
Zeke,Allie,1.3157894736842104,1.9736842105263157,44.07894736842105,0.6666666666666666,let go hesitate add thank
Ezekiel,Allison,2.8846153846153846,1.9230769230769231,49.03846153846153,1.5,be do
Kanin,Zeke,1.6025641025641024,0.3205128205128205,59.61538461538461,5.0,sit gaze writhe wonder be do be keep
Kanin,Zeke,2.976190476190476,5.952380952380952,52.976190476190474,0.5,be say bring
Kanin,Zeke,0.0,0.0,12.5,INF,be
Eden,Zeke,2.6785714285714284,1.7857142857142856,52.67857142857143,1.5,be go say make
Ezekiel,Zeke,2.631578947368421,0.0,50.0,INF,have have manage meet stare
Allison,Zeke,3.289473684210526,1.3157894736842104,42.76315789473684,2.5,love whisper make
Sarren,Zeke,4.0625,0.3125,48.125,13.0,have do fall be meet abandon determine
Sarren,Zeke,4.0625,0.3125,48.125,13.0,have do fall be meet abandon determine
Allison,Zeke,3.6458333333333335,1.5625,48.95833333333333,2.3333333333333335,say be glaze glint speak
Allison,Zeke,3.6458333333333335,1.5625,48.95833333333333,2.3333333333333335,say be glaze glint speak
Allison,Zeke,3.6458333333333335,1.5625,48.95833333333333,2.3333333333333335,say be glaze glint speak
Allison,Zeke,3.6458333333333335,1.5625,48.95833333333333,2.3333333333333335,say be glaze glint speak
Zeke,Sarren,3.75,6.875000000000001,44.375,0.5454545454545454,feel lose be leave deal have become
Zeke,Sarren,3.75,6.875000000000001,44.375,0.5454545454545454,feel lose be leave deal have become
Sarren,Zeke,3.75,6.875000000000001,44.375,0.5454545454545454,feel lose be leave deal have become
Sarren,Zeke,3.75,6.875000000000001,44.375,0.5454545454545454,feel lose be leave deal have become
Sarren,Zeke,3.75,6.875000000000001,44.375,0.5454545454545454,feel lose be leave deal have become
Kanin,Jackal,2.941176470588235,2.2058823529411766,47.794117647058826,1.3333333333333333,be wait set
Kanin,Eden,2.941176470588235,2.2058823529411766,47.794117647058826,1.3333333333333333,be wait set
Jackal,Eden,2.941176470588235,2.2058823529411766,47.794117647058826,1.3333333333333333,be wait set
Kanin,Jackal,5.357142857142857,0.0,37.5,INF,be wait know
Jackal,Zeke,0.0,1.3157894736842104,25.0,0.0,beat whisper
Zeke,Kanin,0.4807692307692308,1.9230769230769231,59.13461538461539,0.25,try ignore gaze squint be face search
Zeke,Eden,1.0,0.5,54.50000000000001,2.0,move slip lay gaze
Zeke,Eden,1.0,0.5,54.50000000000001,2.0,move slip lay gaze
Zeke,Eden,1.0,0.5,54.50000000000001,2.0,move slip lay gaze
Zeke,Eden,6.018518518518518,0.4629629629629629,52.77777777777778,13.0,do know squeeze watch get
Allison,Ezekiel,0.0,0.0,20.0,INF,
Jackal,Kanin,0.0,1.9230769230769231,51.92307692307693,0.0,snort push upright move follow
Zeke,Kanin,0.0,2.083333333333333,42.36111111111111,0.0,follow step
Zeke,Kanin,0.0,0.5208333333333333,57.8125,0.0,crunch walk join
Zeke,Jackal,0.0,0.5208333333333333,57.8125,0.0,crunch walk join
Kanin,Jackal,0.0,0.5208333333333333,57.8125,0.0,crunch walk join
Kanin,Zeke,4.6875,4.6875,28.125,1.0,bore draw
Kanin,New Covington,1.0416666666666665,3.4722222222222223,37.15277777777778,0.3,lead torture plague point wait
Kanin,Zeke,1.0416666666666665,3.4722222222222223,37.15277777777778,0.3,lead torture plague point wait
New Covington,Zeke,1.0416666666666665,3.4722222222222223,37.15277777777778,0.3,lead torture plague point wait
Zeke,Kanin,2.976190476190476,0.5952380952380952,39.285714285714285,5.0,look clench
Zeke,Jackal,2.976190476190476,0.5952380952380952,39.285714285714285,5.0,look clench
Kanin,Jackal,2.976190476190476,0.5952380952380952,39.285714285714285,5.0,look clench
Kanin,Zeke,0.0,0.0,33.33333333333333,INF,turn
Ezekiel,Zeke,2.083333333333333,1.0416666666666665,38.54166666666667,2.0,be say
Eden,Zeke,1.8518518518518516,3.7037037037037033,53.70370370370371,0.5,think be whisper be reply
Eden,Zeke,1.8518518518518516,3.7037037037037033,53.70370370370371,0.5,think be whisper be reply
Kanin,Jackal,2.232142857142857,4.910714285714286,64.28571428571429,0.45454545454545453,curl ignore give step continue
Kanin,Jackal,2.232142857142857,4.910714285714286,64.28571428571429,0.45454545454545453,curl ignore give step continue
Kanin,Jackal,0.0,5.0,25.0,0.0,ignore turn
Kanin,Jackal,0.0,5.0,25.0,0.0,ignore turn
Kanin,Zeke,0.0,5.0,25.0,0.0,ignore turn
Jackal,Zeke,0.0,5.0,25.0,0.0,ignore turn
Jackal,Zeke,0.0,5.0,25.0,0.0,ignore turn
Zeke,Jackal,0.7352941176470588,0.0,40.44117647058824,INF,draw press gaze
Zeke,Jackal,0.0,1.0416666666666665,61.458333333333336,0.0,lead work slice bash
Kanin,Zeke,4.166666666666666,0.0,54.166666666666664,INF,hang cover flash
Zeke,Jackal,2.083333333333333,3.3854166666666665,48.69791666666667,0.6153846153846154,be worry burst cross feel stay say look snort ram fling
Kanin,Jackal,0.0,2.2058823529411766,44.85294117647059,0.0,block turn open
Kanin,Zeke,0.0,2.2058823529411766,44.85294117647059,0.0,block turn open
Jackal,Zeke,0.0,2.2058823529411766,44.85294117647059,0.0,block turn open
Kanin,Zeke,1.5625,0.0,60.9375,INF,stab draw sheathe
Kanin,Zeke,3.571428571428571,2.232142857142857,47.767857142857146,1.6,hit add shatter be
Jackal,Zeke,4.032258064516129,1.6129032258064515,39.516129032258064,2.5,go back stand slam shut
Jackal,Kanin,4.032258064516129,1.6129032258064515,39.516129032258064,2.5,go back stand slam shut
Zeke,Kanin,4.032258064516129,1.6129032258064515,39.516129032258064,2.5,go back stand slam shut
Zeke,Kanin,1.25,0.0,38.75,INF,slam vibrate
Allie,Zeke,0.0,2.314814814814815,45.83333333333333,0.0,go urge go get run fling
Zeke,Jackal,1.25,0.0,48.75,INF,be prepare jump have move
Jackal,Zeke,1.0869565217391304,0.5434782608695652,50.54347826086957,2.0,smile kick shut saunter join be glare
Jackal,Zeke,1.0869565217391304,0.5434782608695652,50.54347826086957,2.0,smile kick shut saunter join be glare
Jackal,Zeke,0.0,0.0,45.45454545454545,INF,leap respond
Jackal,Zeke,0.0,5.514705882352941,56.25,0.0,push start follow pause cast cross
Jackal,Zeke,0.0,5.514705882352941,56.25,0.0,push start follow pause cast cross
Caleb,Bethany,0.625,0.0,39.375,INF,be get see
Kanin,Jackal,0.5208333333333333,4.6875,40.625,0.1111111111111111,come wait
Kanin,Eden,0.9615384615384616,1.9230769230769231,47.11538461538461,0.5,take move head billow
Kanin,Zeke,4.296875,1.953125,62.5,2.2,hope be wear be fall
Caleb,Bethany,0.0,0.0,46.15384615384615,INF,use sit tell do
Allie,Zeke,0.0,2.272727272727273,43.18181818181818,0.0,be say raise
Allie,Zeke,0.0,2.272727272727273,43.18181818181818,0.0,be say raise
Allie,Zeke,0.0,2.272727272727273,43.18181818181818,0.0,be say raise
Allie,Zeke,0.0,2.272727272727273,43.18181818181818,0.0,be say raise
Allie,Fringer,3.0172413793103448,3.8793103448275863,41.37931034482759,0.7777777777777778,go believe last survive be care
Allie,Fringer,0.0,0.0,42.857142857142854,INF,be
Sarren,Zeke,3.2407407407407405,1.3888888888888888,50.92592592592593,2.3333333333333335,be have stop destroy
Sarren,Zeke,0.9615384615384616,0.0,45.19230769230769,INF,come finish nod
Jackal,Zeke,3.9473684210526314,5.921052631578947,48.026315789473685,0.6666666666666666,glow cross
Jackal,Zeke,3.9473684210526314,5.921052631578947,48.026315789473685,0.6666666666666666,glow cross
Jackal,Zeke,3.9473684210526314,5.921052631578947,48.026315789473685,0.6666666666666666,glow cross
Zeke,Kanin,0.0,4.166666666666666,52.976190476190474,0.0,give move join
Zeke,Jackal,0.0,4.166666666666666,52.976190476190474,0.0,give move join
Kanin,Jackal,0.0,4.166666666666666,52.976190476190474,0.0,give move join
Kanin,Zeke,0.0,0.0,37.5,INF,turn
Zeke,Kanin,2.380952380952381,2.380952380952381,47.61904761904761,1.0,turn think have do nod
Kanin,Jackal,0.0,0.0,40.0,INF,shake
Zeke,Jackal,0.0,1.0416666666666665,48.95833333333333,0.0,shoot grin
Zeke,Jackal,0.0,1.0416666666666665,48.95833333333333,0.0,shoot grin
Kanin,Zeke,0.7575757575757576,1.1363636363636365,43.56060606060606,0.6666666666666666,come find work be go escape
Jackal,Zeke,0.0,0.0,50.0,INF,be turn
Zeke,Jackal,2.430555555555556,0.3472222222222222,63.888888888888886,7.0,look wonder have ring skitter vanish
Zeke,Kanin,3.0,0.5,48.5,6.0,move put slam fly
Kanin,Zeke,3.0,0.5,48.5,6.0,move put slam fly
Allie,Zeke,0.0,1.9230769230769231,36.53846153846153,0.0,remember whisper squeeze
Zeke,Kanin,2.314814814814815,0.9259259259259258,56.018518518518526,2.5,flare let go turn answer follow
Zeke,Jackal,2.314814814814815,0.9259259259259258,56.018518518518526,2.5,flare let go turn answer follow
Kanin,Jackal,2.314814814814815,0.9259259259259258,56.018518518518526,2.5,flare let go turn answer follow
Kanin,Jackal,0.0,0.0,45.45454545454545,INF,look wave follow
Sarren,Zeke,3.7037037037037033,4.62962962962963,50.92592592592593,0.8,stalk scan look have leave
Sarren,Zeke,3.7037037037037033,4.62962962962963,50.92592592592593,0.8,stalk scan look have leave
Dr. Richardson,Kanin,4.166666666666666,1.3888888888888888,42.592592592592595,3.0,say have be need know
Dr. Richardson,Zeke,4.166666666666666,1.3888888888888888,42.592592592592595,3.0,say have be need know
Kanin,Zeke,4.166666666666666,1.3888888888888888,42.592592592592595,3.0,say have be need know
Sarren,Zeke,3.125,1.25,50.625,2.5,see loom
Jackal,Zeke,0.0,5.555555555555555,50.0,0.0,demand jerk
Zeke,Dr. Richardson,1.9444444444444444,0.5555555555555556,57.49999999999999,3.5,pause drag loop sweep pluck toss
Zeke,Kanin,1.9444444444444444,0.5555555555555556,57.49999999999999,3.5,pause drag loop sweep pluck toss
Dr. Richardson,Zeke,1.9444444444444444,0.5555555555555556,57.49999999999999,3.5,pause drag loop sweep pluck toss
Dr. Richardson,Zeke,1.9444444444444444,0.5555555555555556,57.49999999999999,3.5,pause drag loop sweep pluck toss
Dr. Richardson,Kanin,1.9444444444444444,0.5555555555555556,57.49999999999999,3.5,pause drag loop sweep pluck toss
Dr. Richardson,Zeke,1.9444444444444444,0.5555555555555556,57.49999999999999,3.5,pause drag loop sweep pluck toss
Zeke,Kanin,1.9444444444444444,0.5555555555555556,57.49999999999999,3.5,pause drag loop sweep pluck toss
Zeke,Kanin,1.9444444444444444,0.5555555555555556,57.49999999999999,3.5,pause drag loop sweep pluck toss
Kanin,Zeke,1.9444444444444444,0.5555555555555556,57.49999999999999,3.5,pause drag loop sweep pluck toss
Jackal,Zeke,0.5208333333333333,0.0,45.3125,INF,flee follow take
Jackal,Zeke,2.0,0.0,46.0,INF,hit drive fly
Zeke,Jackal,0.0,0.0,64.70588235294117,INF,lay be struggle
Zeke,Jackal,0.0,0.0,64.70588235294117,INF,lay be struggle
Kanin,Jackal,0.5,0.0,55.50000000000001,INF,walk examine lie
Kanin,Dr. Richardson,0.5,0.0,55.50000000000001,INF,walk examine lie
Kanin,Dr. Richardson,0.5,0.0,55.50000000000001,INF,walk examine lie
Jackal,Dr. Richardson,0.5,0.0,55.50000000000001,INF,walk examine lie
Jackal,Dr. Richardson,0.5,0.0,55.50000000000001,INF,walk examine lie
Sarren,Zeke,2.34375,4.6875,42.96875,0.5,be go win say make
Dr. Richardson,Kanin,0.0,5.952380952380952,60.71428571428571,0.0,echo shift struggle sit loom
Kanin,Dr. Richardson,0.0,5.952380952380952,60.71428571428571,0.0,echo shift struggle sit loom
Dr. Richardson,Kanin,0.0,0.0,46.15384615384615,INF,look grimace
Zeke,Eden,1.8518518518518516,1.8518518518518516,44.44444444444444,1.0,be flee come follow
Eden,Sarren,1.25,1.25,50.83333333333333,1.0,lay abandon have load sail
Eden,Zeke,0.7352941176470588,0.7352941176470588,63.23529411764706,1.0,be state duck
Jackal,Kanin,1.9736842105263157,0.6578947368421052,60.526315789473685,3.0,hover be
Jackal,Zeke,1.3157894736842104,5.921052631578947,40.131578947368425,0.2222222222222222,be snarl shoot
Kanin,Zeke,1.3392857142857142,6.25,45.982142857142854,0.21428571428571427,catch fend surround be overwhelm
Jackal,Kanin,2.717391304347826,0.0,53.80434782608695,INF,smirk drop land pull
Jackal,Zeke,2.717391304347826,0.0,53.80434782608695,INF,smirk drop land pull
Kanin,Zeke,2.717391304347826,0.0,53.80434782608695,INF,smirk drop land pull
Zeke,Kanin,3.125,3.90625,36.71875,0.8,snap leap help kick
Kanin,Zeke,0.0,2.232142857142857,47.767857142857146,0.0,dart repel jerk pick
Kanin,Zeke,1.8518518518518516,0.9259259259259258,45.370370370370374,2.0,stop say narrow survey
Kanin,Zeke,1.8518518518518516,0.9259259259259258,45.370370370370374,2.0,stop say narrow survey
Caleb,Zeke,0.6578947368421052,3.9473684210526314,48.026315789473685,0.16666666666666666,come cry
Bethany,Eden,1.7857142857142856,0.5952380952380952,40.476190476190474,3.0,have survive
Zeke,Caleb,0.0,0.0,16.666666666666664,INF,catch
Zeke,Bethany,0.0,0.0,16.666666666666664,INF,catch
Zeke,Sarren,0.0,0.0,16.666666666666664,INF,catch
Caleb,Bethany,0.0,0.0,16.666666666666664,INF,catch
Caleb,Sarren,0.0,0.0,16.666666666666664,INF,catch
Bethany,Sarren,0.0,0.0,16.666666666666664,INF,catch
Zeke,Sarren,3.125,0.0,46.875,INF,know have stop
Caleb,Bethany,3.9473684210526314,3.289473684210526,24.342105263157894,1.2,die save forgive
Caleb,Zeke,3.9473684210526314,3.289473684210526,24.342105263157894,1.2,die save forgive
Bethany,Zeke,3.9473684210526314,3.289473684210526,24.342105263157894,1.2,die save forgive
Kanin,Jackal,1.3888888888888888,0.0,54.166666666666664,INF,get tell nod spin
Jackal,Kanin,1.2096774193548387,1.2096774193548387,58.87096774193549,1.0,give lunge intercept drive rip
Kanin,Jackal,1.0,1.0,57.99999999999999,1.0,wait say climb join
Sarren,Kanin,0.7352941176470588,4.411764705882353,50.73529411764706,0.16666666666666666,strike send reel whirl deflect
Kanin,Sarren,3.4722222222222223,0.0,40.97222222222222,INF,duck lunge slam knock
Sarren,Kanin,1.3888888888888888,3.2407407407407405,58.333333333333336,0.42857142857142855,give drop swing stagger
Allison,Kanin,1.0869565217391304,1.0869565217391304,41.30434782608695,1.0,be murmur give be
Sarren,Kanin,0.0,1.5625,52.604166666666664,0.0,block dodge lash
Kanin,Sarren,0.8928571428571428,3.125,45.982142857142854,0.2857142857142857,duck step plunge rip
Kanin,Sarren,0.0,5.729166666666666,56.770833333333336,0.0,start intend jump spare reel
Kanin,Sarren,0.4629629629629629,2.314814814814815,56.481481481481474,0.2,look see streak avenge drive
Kanin,Sarren,0.7352941176470588,0.0,46.32352941176471,INF,get plunge howl
Kanin,Sarren,1.9230769230769231,0.4807692307692308,51.442307692307686,4.0,pull grab sink slash
Sarren,Kanin,1.9230769230769231,0.4807692307692308,51.442307692307686,4.0,pull grab sink slash
Kanin,Sarren,0.0,0.0,44.44444444444444,INF,throw avoid leave embed stumble
Sarren,Kanin,1.1904761904761905,2.976190476190476,43.452380952380956,0.4,have do be shove fall
Sarren,Kanin,0.0,0.0,47.368421052631575,INF,reach snag throw
Kanin,Sarren,0.7575757575757576,0.3787878787878788,56.439393939393945,2.0,be move cut lunge avoid
Ezekiel,Eden,5.208333333333334,1.5625,47.39583333333333,3.3333333333333335,be go give have leave find
Ezekiel,Eden,5.208333333333334,1.5625,47.39583333333333,3.3333333333333335,be go give have leave find
New Covington,Sarren,2.9166666666666665,2.083333333333333,41.66666666666667,1.4,be die inject save
New Covington,Ezekiel,2.9166666666666665,2.083333333333333,41.66666666666667,1.4,be die inject save
Sarren,Ezekiel,2.9166666666666665,2.083333333333333,41.66666666666667,1.4,be die inject save
Sarren,Kanin,3.571428571428571,3.571428571428571,57.14285714285714,1.0,have fight destroy kill be find have be
Zeke,Eden,6.25,1.6666666666666667,45.416666666666664,3.75,combine have be give leave find
Zeke,Eden,6.25,1.6666666666666667,45.416666666666664,3.75,combine have be give leave find
Zeke,Sarren,0.9615384615384616,0.0,52.88461538461539,INF,have survive be produce create
Zeke,Kanin,0.9615384615384616,0.0,52.88461538461539,INF,have survive be produce create
Sarren,Kanin,0.9615384615384616,0.0,52.88461538461539,INF,have survive be produce create
Kanin,Zeke,3.3333333333333335,1.6666666666666667,35.0,2.0,be say
Sarren,Ezekiel,0.0,0.0,50.0,INF,know be be
Kanin,Jackal,0.0,0.0,33.33333333333333,INF,be
Sarren,Jackal,2.083333333333333,9.375,55.208333333333336,0.2222222222222222,get slice fall
Kanin,Zeke,1.6666666666666667,0.0,38.333333333333336,INF,gaze go stand resolve accept
Kanin,Zeke,1.6666666666666667,0.0,38.333333333333336,INF,gaze go stand resolve accept
Kanin,Jackal,2.941176470588235,3.6764705882352944,52.20588235294118,0.8,figure be whisper feel try compose
Sarren,Jackal,1.7857142857142856,1.7857142857142856,39.285714285714285,1.0,tell
Jackal,Zeke,0.0,0.0,57.14285714285714,INF,let
Allison,Zeke,0.0,4.464285714285714,31.25,0.0,be murmur
Caleb,Bethany,0.0,0.0,10.0,INF,be
Allison,Zeke,2.403846153846154,3.3653846153846154,44.230769230769226,0.7142857142857143,say clamp try focus be do
Caleb,Bethany,2.4193548387096775,2.4193548387096775,56.451612903225815,1.0,hurry ignore shiver huddle keep
Sarren,Kanin,4.62962962962963,3.2407407407407405,51.388888888888886,1.4285714285714286,have lock have guess be change
Allie,Caleb,0.8333333333333334,0.0,45.83333333333333,INF,say
Allie,Caleb,0.8333333333333334,0.0,45.83333333333333,INF,say
Zeke,Caleb,4.166666666666666,9.375,19.791666666666664,0.4444444444444444,shout go
Bethany,Zeke,0.6756756756756757,0.33783783783783783,47.63513513513514,2.0,go stay order clench press
Bethany,Zeke,0.6756756756756757,0.33783783783783783,47.63513513513514,2.0,go stay order clench press
Bethany,Zeke,0.6756756756756757,0.33783783783783783,47.63513513513514,2.0,go stay order clench press
Bethany,Zeke,0.6756756756756757,0.33783783783783783,47.63513513513514,2.0,go stay order clench press
Caleb,Zeke,1.9736842105263157,0.0,50.6578947368421,INF,hear hear harden
Caleb,Zeke,1.9736842105263157,0.0,50.6578947368421,INF,hear hear harden
Zeke,Caleb,4.464285714285714,3.571428571428571,63.39285714285714,1.25,glance make be go pull
Caleb,Bethany,0.0,2.840909090909091,47.159090909090914,0.0,smell let think
Sarren,Zeke,1.25,3.75,51.66666666666667,0.3333333333333333,drip bare lift push impale roar
Sarren,Zeke,1.25,3.75,51.66666666666667,0.3333333333333333,drip bare lift push impale roar
Sarren,Zeke,0.0,0.0,58.333333333333336,INF,draw fly swing hurl turn
Sarren,Zeke,0.0,0.0,58.333333333333336,INF,draw fly swing hurl turn
Zeke,Sarren,0.0,3.125,51.87500000000001,0.0,crash cry close
Zeke,Sarren,0.5681818181818182,0.0,53.97727272727273,INF,ram hit bring slash
Sarren,Zeke,0.5681818181818182,0.0,53.97727272727273,INF,ram hit bring slash
Sarren,Zeke,0.5681818181818182,0.0,53.97727272727273,INF,ram hit bring slash
Sarren,Zeke,0.5681818181818182,0.0,53.97727272727273,INF,ram hit bring slash
Sarren,Zeke,0.5681818181818182,0.0,53.97727272727273,INF,ram hit bring slash
Zeke,Sarren,1.0,5.0,54.0,0.2,bare slash be hinder
Zeke,Sarren,1.0,5.0,54.0,0.2,bare slash be hinder
Sarren,Zeke,1.0,5.0,54.0,0.2,bare slash be hinder
Sarren,Zeke,2.2058823529411766,5.147058823529411,45.588235294117645,0.42857142857142855,block grab lift
Sarren,Zeke,2.2058823529411766,5.147058823529411,45.588235294117645,0.42857142857142855,block grab lift
Sarren,Zeke,0.78125,1.5625,53.90625,0.5,grab ignore slice pull lunge sink
Zeke,Kanin,1.3888888888888888,0.6944444444444444,25.694444444444443,2.0,let win
Zeke,Eden,1.3888888888888888,0.6944444444444444,25.694444444444443,2.0,let win
Zeke,Sarren,1.3888888888888888,0.6944444444444444,25.694444444444443,2.0,let win
Kanin,Eden,1.3888888888888888,0.6944444444444444,25.694444444444443,2.0,let win
Kanin,Sarren,1.3888888888888888,0.6944444444444444,25.694444444444443,2.0,let win
Eden,Sarren,1.3888888888888888,0.6944444444444444,25.694444444444443,2.0,let win
Sarren,Zeke,1.3157894736842104,1.9736842105263157,49.34210526315789,0.6666666666666666,be wrench expose
Sarren,Zeke,1.3157894736842104,1.9736842105263157,49.34210526315789,0.6666666666666666,be wrench expose
Sarren,Zeke,1.3157894736842104,1.9736842105263157,49.34210526315789,0.6666666666666666,be wrench expose
Sarren,Zeke,0.5208333333333333,2.083333333333333,59.895833333333336,0.25,watch raise glint prepare strike
Sarren,Zeke,2.8846153846153846,2.8846153846153846,55.769230769230774,1.0,jerk hiss glance
Zeke,Sarren,0.0,1.25,28.749999999999996,0.0,
Zeke,Sarren,2.941176470588235,10.294117647058822,39.705882352941174,0.2857142857142857,cry go bulge
Sarren,Zeke,2.941176470588235,10.294117647058822,39.705882352941174,0.2857142857142857,cry go bulge
Zeke,Sarren,0.8333333333333334,2.083333333333333,53.75,0.4,yank fall crumple bring slash cut
Sarren,Zeke,0.8333333333333334,2.083333333333333,53.75,0.4,yank fall crumple bring slash cut
Zeke,Sarren,1.9230769230769231,0.4807692307692308,59.13461538461539,4.0,collapse give collapse go
Kanin,Zeke,2.083333333333333,2.083333333333333,33.33333333333333,1.0,throw push think
Kanin,Caleb,2.083333333333333,2.083333333333333,33.33333333333333,1.0,throw push think
Kanin,Jackal,2.083333333333333,2.083333333333333,33.33333333333333,1.0,throw push think
Zeke,Caleb,2.083333333333333,2.083333333333333,33.33333333333333,1.0,throw push think
Zeke,Jackal,2.083333333333333,2.083333333333333,33.33333333333333,1.0,throw push think
Caleb,Jackal,2.083333333333333,2.083333333333333,33.33333333333333,1.0,throw push think
Zeke,Jackal,1.1363636363636365,1.1363636363636365,52.27272727272727,1.0,look feel grow rise
Kanin,Zeke,4.375,0.625,50.0,7.0,have be inject be
Kanin,New Covington,4.375,0.625,50.0,7.0,have be inject be
Kanin,Zeke,4.375,0.625,50.0,7.0,have be inject be
Zeke,New Covington,4.375,0.625,50.0,7.0,have be inject be
New Covington,Zeke,4.375,0.625,50.0,7.0,have be inject be
Jackal,Zeke,0.0,0.0,25.0,INF,be
Jackal,Zeke,4.326923076923077,0.0,53.36538461538461,INF,down heal keep have return
Hendricks,Jackal,4.0625,4.375,54.0625,0.9285714285714286,have be wait send deal hunt force help
Hendricks,Zeke,4.0625,4.375,54.0625,0.9285714285714286,have be wait send deal hunt force help
Hendricks,Dr. Thomas,4.0625,4.375,54.0625,0.9285714285714286,have be wait send deal hunt force help
Hendricks,Dr. Thomas,4.0625,4.375,54.0625,0.9285714285714286,have be wait send deal hunt force help
Jackal,Zeke,4.0625,4.375,54.0625,0.9285714285714286,have be wait send deal hunt force help
Jackal,Dr. Thomas,4.0625,4.375,54.0625,0.9285714285714286,have be wait send deal hunt force help
Jackal,Dr. Thomas,4.0625,4.375,54.0625,0.9285714285714286,have be wait send deal hunt force help
Zeke,Dr. Thomas,4.0625,4.375,54.0625,0.9285714285714286,have be wait send deal hunt force help
Zeke,Dr. Thomas,4.0625,4.375,54.0625,0.9285714285714286,have be wait send deal hunt force help
Dr. Thomas,Jackal,2.631578947368421,1.644736842105263,53.61842105263158,1.6,have say order draw inject terrify be contend
Hendricks,Zeke,2.142857142857143,1.0714285714285714,51.07142857142857,2.0,remember remember tell have ask be offer
Jake,Zeke,3.515625,2.734375,50.0,1.2857142857142858,lean shake hobble wrap
Jake,Zeke,3.515625,2.734375,50.0,1.2857142857142858,lean shake hobble wrap
Dr. Richardson,Zeke,4.017857142857143,2.232142857142857,65.17857142857143,1.8,tell be say pull gaze
Dr. Richardson,Zeke,4.017857142857143,2.232142857142857,65.17857142857143,1.8,tell be say pull gaze
Dr. Richardson,Zeke,4.017857142857143,2.232142857142857,65.17857142857143,1.8,tell be say pull gaze
Caleb,Bethany,4.807692307692308,0.9615384615384616,32.69230769230769,5.0,tell save
Caleb,Eden,4.807692307692308,0.9615384615384616,32.69230769230769,5.0,tell save
Bethany,Eden,4.807692307692308,0.9615384615384616,32.69230769230769,5.0,tell save
Caleb,Zeke,0.0,0.6578947368421052,46.71052631578947,0.0,beam wave give plead
Caleb,Zeke,0.0,0.6578947368421052,46.71052631578947,0.0,beam wave give plead
Bethany,Caleb,0.0,0.78125,67.96875,0.0,hesitate pelt come
Caleb,Zeke,3.2407407407407405,0.0,52.31481481481482,INF,have move crash wrap rock
Caleb,Zeke,3.2407407407407405,0.0,52.31481481481482,INF,have move crash wrap rock
Caleb,Zeke,3.2407407407407405,0.0,52.31481481481482,INF,have move crash wrap rock
Caleb,Zeke,4.375,3.125,42.5,1.4,accuse peer blink
Caleb,Zeke,4.375,3.125,42.5,1.4,accuse peer blink
Caleb,Zeke,4.375,3.125,42.5,1.4,accuse peer blink
Zeke,Caleb,0.8928571428571428,0.8928571428571428,55.35714285714286,1.0,free kneel be
Zeke,Caleb,0.8928571428571428,0.8928571428571428,55.35714285714286,1.0,free kneel be
Bethany,Caleb,1.5,0.5,50.0,3.0,come wave smile hold draw
Bethany,Zeke,1.5,0.5,50.0,3.0,come wave smile hold draw
Caleb,Zeke,1.5,0.5,50.0,3.0,come wave smile hold draw
Caleb,Bethany,1.5,0.5,50.0,3.0,come wave smile hold draw
Caleb,Bethany,1.5,0.5,50.0,3.0,come wave smile hold draw
Zeke,Bethany,1.5,0.5,50.0,3.0,come wave smile hold draw
Zeke,Bethany,1.5,0.5,50.0,3.0,come wave smile hold draw
Allie,Eden,3.4090909090909087,1.1363636363636365,40.909090909090914,3.0,be want bring
Zeke,Kanin,0.0,0.0,30.76923076923077,INF,find
Zeke,Jackal,0.0,0.0,30.76923076923077,INF,find
Kanin,Jackal,0.0,0.0,30.76923076923077,INF,find
Bethany,Zeke,5.357142857142857,0.0,44.642857142857146,INF,nod accept look
Bethany,Caleb,5.357142857142857,0.0,44.642857142857146,INF,nod accept look
Zeke,Caleb,5.357142857142857,0.0,44.642857142857146,INF,nod accept look
Caleb,Zeke,7.142857142857142,2.6785714285714284,54.46428571428571,2.6666666666666665,ask gaze
Caleb,Zeke,0.0,0.0,45.45454545454545,INF,chew ponder
Caleb,Zeke,3.75,4.375,51.87500000000001,0.8571428571428571,have come hold
Zeke,Bethany,2.631578947368421,2.631578947368421,42.10526315789473,1.0,gleam skitter
Caleb,Zeke,0.5434782608695652,2.1739130434782608,53.80434782608695,0.25,face regard bare search
Caleb,Zeke,0.5434782608695652,2.1739130434782608,53.80434782608695,0.25,face regard bare search
Zeke,Caleb,0.0,0.0,46.666666666666664,INF,pull bow
Zeke,Caleb,0.0,0.0,46.666666666666664,INF,pull bow
Zeke,Caleb,0.0,0.0,46.666666666666664,INF,pull bow
Bethany,Caleb,1.3888888888888888,0.4629629629629629,53.70370370370371,3.0,step join lean wrap
Bethany,Caleb,1.3888888888888888,0.4629629629629629,53.70370370370371,3.0,step join lean wrap
Caleb,Bethany,1.3888888888888888,0.4629629629629629,53.70370370370371,3.0,step join lean wrap
Caleb,Bethany,1.3888888888888888,0.4629629629629629,53.70370370370371,3.0,step join lean wrap
Zeke,Caleb,0.0,0.6578947368421052,57.23684210526315,0.0,be talk press
Zeke,Caleb,0.0,0.6578947368421052,57.23684210526315,0.0,be talk press
Caleb,Kanin,3.7037037037037033,0.9259259259259258,39.81481481481482,4.0,stand remind
Caleb,Kanin,3.7037037037037033,0.9259259259259258,39.81481481481482,4.0,stand remind
Jackal,Caleb,5.681818181818182,0.0,67.04545454545455,INF,smirk look
Eden,Zeke,1.7857142857142856,1.1904761904761905,49.404761904761905,1.5,be stay be
Jackal,Kanin,0.4807692307692308,4.807692307692308,40.86538461538461,0.1,continue glide
Sarren,Eden,1.8518518518518516,0.9259259259259258,45.370370370370374,2.0,halt be return be destroy
Zeke,Eden,2.9069767441860463,4.069767441860465,46.51162790697674,0.7142857142857143,help be be give be look
Zeke,Caleb,2.717391304347826,8.152173913043478,23.91304347826087,0.3333333333333333,reconnect visit
Zeke,Bethany,2.717391304347826,8.152173913043478,23.91304347826087,0.3333333333333333,reconnect visit
Caleb,Bethany,2.717391304347826,8.152173913043478,23.91304347826087,0.3333333333333333,reconnect visit
Eden,Hendricks,3.787878787878788,1.1363636363636365,55.68181818181818,3.3333333333333335,make seem fascinate want learn
Eden,Dr. Richardson,3.787878787878788,1.1363636363636365,55.68181818181818,3.3333333333333335,make seem fascinate want learn
Eden,Dr. Richardson,3.787878787878788,1.1363636363636365,55.68181818181818,3.3333333333333335,make seem fascinate want learn
Hendricks,Dr. Richardson,3.787878787878788,1.1363636363636365,55.68181818181818,3.3333333333333335,make seem fascinate want learn
Hendricks,Dr. Richardson,3.787878787878788,1.1363636363636365,55.68181818181818,3.3333333333333335,make seem fascinate want learn
Dr. Richardson,Zeke,1.5625,1.5625,59.375,1.0,provide need
Caleb,Bethany,0.0,0.0,27.27272727272727,INF,have say
Caleb,Bethany,1.7857142857142856,2.380952380952381,48.214285714285715,0.75,be grow see
Caleb,Bethany,1.7857142857142856,2.380952380952381,48.214285714285715,0.75,be grow see
Caleb,Bethany,1.7857142857142856,2.380952380952381,48.214285714285715,0.75,be grow see
Allie,Zeke,0.0,0.0,27.27272727272727,INF,have make
Allie,Jackal,0.0,0.0,27.27272727272727,INF,have make
Allie,Kanin,0.0,0.0,27.27272727272727,INF,have make
Zeke,Jackal,0.0,0.0,27.27272727272727,INF,have make
Zeke,Kanin,0.0,0.0,27.27272727272727,INF,have make
Jackal,Kanin,0.0,0.0,27.27272727272727,INF,have make
Allie,Zeke,2.380952380952381,0.5952380952380952,54.166666666666664,4.0,have live be be
Allie,Jackal,1.9230769230769231,0.9615384615384616,58.65384615384615,2.0,do succeed fail
Jackal,Kanin,1.5625,0.0,60.9375,INF,have
Jackal,Allie,1.5625,0.0,60.9375,INF,have
Kanin,Allie,1.5625,0.0,60.9375,INF,have
