NAME 1,NAME 2,% POS,% NEG,% NEUTRAL,POS:NEG,VERBS
Penny,Clarissa Hind,0.0,1.25,58.75,0.0,say stop
Penny,Clarissa Hind,0.0,0.0,25.0,INF,say
Clarissa Hind,Penny,0.0,0.0,25.0,INF,say
Penny,Corny Maxwell,0.0,0.0,33.33333333333333,INF,
Penny,Brillstein,1.1363636363636365,1.5151515151515151,48.86363636363637,0.75,muster report work
Monique,Penny,0.0,0.0,54.54545454545454,INF,be snap wave get
Monique,Penny,0.0,0.0,54.54545454545454,INF,be snap wave get
Monique,Penny,1.6891891891891893,2.027027027027027,53.04054054054054,0.8333333333333334,compare stud braid feel
Monique,Penny,1.6891891891891893,2.027027027027027,53.04054054054054,0.8333333333333334,compare stud braid feel
Monique,Penny,1.6891891891891893,2.027027027027027,53.04054054054054,0.8333333333333334,compare stud braid feel
Monique,Penny,0.0,0.8928571428571428,56.25,0.0,catch tow wait
Penny,Monique,0.0,0.8928571428571428,56.25,0.0,catch tow wait
Penny,Monique,5.555555555555555,0.9259259259259258,60.18518518518518,6.0,have live have see
Monique,Penny,0.0,3.5000000000000004,44.5,0.0,be represent call
Monique,Penny,0.0,0.0,50.0,INF,appraise
Monique,Penny,2.631578947368421,7.236842105263158,48.026315789473685,0.36363636363636365,cut recoil
Monique,Penny,2.631578947368421,7.236842105263158,48.026315789473685,0.36363636363636365,cut recoil
Monique,Shippee,0.9259259259259258,0.4629629629629629,61.57407407407407,2.0,grow have see peck
Monique,Penny,0.9259259259259258,0.4629629629629629,61.57407407407407,2.0,grow have see peck
Shippee,Penny,0.9259259259259258,0.4629629629629629,61.57407407407407,2.0,grow have see peck
Monique,Penny,0.0,0.0,50.0,INF,take reiterate
Monique,Penny,0.0,0.0,59.09090909090909,INF,run stall try find lock
Penny,Monique,3.6290322580645165,1.6129032258064515,62.5,2.25,be desert lock see have leave
Penny,Monique,4.166666666666666,6.25,39.58333333333333,0.6666666666666666,be e-mail boast
Penny,Monique,3.3333333333333335,5.833333333333333,50.83333333333333,0.5714285714285714,have be wear have die
Penny,Monique,3.571428571428571,1.1904761904761905,47.61904761904761,3.0,buff see blush deepen
Penny,Monique,5.833333333333333,4.166666666666666,50.0,1.4,look flutter
Penny,Monique,6.666666666666667,0.0,53.333333333333336,INF,do have look know be
Monique,Alouette,1.8518518518518516,0.4629629629629629,60.64814814814815,4.0,reflect be make have be shrink
Penny,Monique,4.6875,1.5625,68.75,3.0,feel watch
Penny,Monique,4.6875,1.5625,68.75,3.0,feel watch
Brillstein,Mr. Maxwell,5.978260869565218,3.804347826086957,46.73913043478261,1.5714285714285714,stammer tell be
Brillstein,Monique,0.0,0.0,57.14285714285714,INF,sound plan have fling
Monique,Penny,1.7500000000000002,2.5,49.75,0.7,lift see kiss say be ask grant
Monique,Penny,1.7500000000000002,2.5,49.75,0.7,lift see kiss say be ask grant
Penny,Monique,3.0,0.0,53.0,INF,have run have catch
Penny,Jimmy Choos,0.0,9.166666666666666,57.49999999999999,0.0,buy
Penny,Monique,0.8928571428571428,1.7857142857142856,54.46428571428571,0.5,feel fight turn stalk
Chez Romaine,Monique,0.0,0.0,55.55555555555556,INF,agree meet
Penny,Monique,0.6578947368421052,2.631578947368421,44.07894736842105,0.25,do want see share
Penny,Monique,0.6578947368421052,2.631578947368421,44.07894736842105,0.25,do want see share
Monique,Penny,1.5625,5.46875,55.46875,0.2857142857142857,land shoo
Monique,Gabbana,0.3787878787878788,2.6515151515151514,39.39393939393939,0.14285714285714285,smooth say like see wrap
Monique,Gabbana,0.3787878787878788,2.6515151515151514,39.39393939393939,0.14285714285714285,smooth say like see wrap
Monique,Jennifer Lopez,2.717391304347826,2.717391304347826,59.78260869565217,1.0,have be have wear
Penny,Maxwell,6.61764705882353,0.7352941176470588,39.705882352941174,9.0,have read be
Penny,Maxwell,6.61764705882353,0.7352941176470588,39.705882352941174,9.0,have read be
Maxwell,University of Washington,3.3333333333333335,0.8333333333333334,62.5,4.0,happen have be
Maxwell,DataMicroCom,0.0,0.0,61.53846153846154,INF,found
DataMicroCom,Maxwell,0.0,0.0,61.53846153846154,INF,found
Maxwell,Clarissa Hind,3.804347826086957,4.3478260869565215,48.369565217391305,0.875,link have be
Maxwell,Clarissa Hind,2.083333333333333,1.0416666666666665,38.54166666666667,2.0,win
Corny Maxwell,Clarissa Hind,3.6458333333333335,2.083333333333333,60.9375,1.75,have stump praise support
Corny Maxwell,Clarissa Hind,3.6458333333333335,2.083333333333333,60.9375,1.75,have stump praise support
Corny Maxwell,Clarissa Hind,3.6458333333333335,2.083333333333333,60.9375,1.75,have stump praise support
Clarissa Hind,Corny Maxwell,0.9868421052631579,0.3289473684210526,56.57894736842105,3.0,be ask be be issue announce be dissolve
Corny Maxwell,Clarissa Hind,0.9868421052631579,0.3289473684210526,56.57894736842105,3.0,be ask be be issue announce be dissolve
Penny,C. Linus Maxwell,3.308823529411765,1.8382352941176472,56.61764705882353,1.8,suspect do be look lose shower
Phoebe,Maxwell,5.0,5.833333333333333,29.166666666666668,0.8571428571428571,seem
Alouette,Gwendolyn,7.71111111111111,6.177777777777779,41.66666666666667,1.2482014388489207,have struggle
Phoebe,Gwendolyn,6.25,0.0,60.416666666666664,INF,have get
Clarissa Hind,Gwendolyn,0.5434782608695652,1.6304347826086956,54.347826086956516,0.3333333333333333,be go be be link
Clarissa Hind,Alouette,0.5434782608695652,1.6304347826086956,54.347826086956516,0.3333333333333333,be go be be link
Gwendolyn,Alouette,0.5434782608695652,1.6304347826086956,54.347826086956516,0.3333333333333333,be go be be link
Penny,Gwendolyn,3.571428571428571,0.0,53.57142857142857,INF,surf have occur
C. Linus Maxwell,New York Post,0.6578947368421052,0.0,67.76315789473685,INF,be set
Kwan Qxi,Esperanza,1.875,1.875,51.24999999999999,1.0,be share
Kwan Qxi,Penny,1.0416666666666665,1.0416666666666665,64.58333333333334,1.0,act
Kwan Qxi,Penny,3.977272727272727,3.977272727272727,51.13636363636363,1.0,be compare wear
Chez Romaine,Penny,4.0,1.0,55.00000000000001,4.0,beg contribute perfect
Chez Romaine,Kwan Qxi,4.0,1.0,55.00000000000001,4.0,beg contribute perfect
Penny,Kwan Qxi,4.0,1.0,55.00000000000001,4.0,beg contribute perfect
Esperanza,Penny,5.0,3.75,47.91666666666667,1.3333333333333333,accept be
Esperanza,Penny,5.0,3.75,47.91666666666667,1.3333333333333333,accept be
Penny,Esperanza,1.3392857142857142,2.232142857142857,60.71428571428571,0.6,hold go retrieve have hide
Penny,Esperanza,1.3392857142857142,2.232142857142857,60.71428571428571,0.6,hold go retrieve have hide
Esperanza,Penny,3.125,7.03125,58.59375,0.4444444444444444,tap confront
Esperanza,Penelope Harrigan,0.0,0.0,56.52173913043478,INF,be
Penelope Harrigan,Esperanza,0.0,0.0,56.52173913043478,INF,be
Penny,Esperanza,1.1363636363636365,3.4090909090909087,59.09090909090909,0.3333333333333333,make rinse need use
Esperanza,Penny,5.978260869565218,1.0869565217391304,49.45652173913043,5.5,spend tell look
Penny,Esperanza,5.978260869565218,1.0869565217391304,49.45652173913043,5.5,spend tell look
Penny,Esperanza,8.59375,3.90625,56.25,2.2,be realize be
Shippee,Penny,1.3392857142857142,3.125,74.10714285714286,0.42857142857142855,be grow have feel
Penny,Mr. Maxwell,6.61764705882353,0.7352941176470588,51.470588235294116,9.0,have prompt ask do know be
Clarissa Hind,Penny,8.653846153846153,1.9230769230769231,43.269230769230774,4.5,know
National Enquirer,Jennifer Lopez,0.0,5.681818181818182,53.40909090909091,0.0,walk
National Enquirer,C. Linus Maxwell,3.90625,0.0,46.09375,INF,see escort
National Enquirer,C. Linus Maxwell,3.90625,0.0,46.09375,INF,see escort
Penny,C. Linus Maxwell,9.722222222222223,5.555555555555555,40.27777777777778,1.75,believe
C. Linus Maxwell,Penny,0.0,0.0,63.1578947368421,INF,lean swing blur
C. Linus Maxwell,Penny,0.0,0.0,63.1578947368421,INF,lean swing blur
C. Linus Maxwell,Penny,2.5,1.6666666666666667,42.5,1.5,open fill hang touch
C. Linus Maxwell,Penny,2.5,1.6666666666666667,42.5,1.5,open fill hang touch
C. Linus Maxwell,Penny,2.5,1.6666666666666667,42.5,1.5,open fill hang touch
C. Linus Maxwell,Penny,2.5,1.6666666666666667,42.5,1.5,open fill hang touch
Penny,C. Linus Maxwell,2.5,1.6666666666666667,42.5,1.5,open fill hang touch
Penny,C. Linus Maxwell,2.5,1.6666666666666667,42.5,1.5,open fill hang touch
C. Linus Maxwell,Penny,2.5,1.6666666666666667,42.5,1.5,open fill hang touch
Penny,C. Linus Maxwell,2.5,1.6666666666666667,42.5,1.5,open fill hang touch
Penny,Corny Maxwell,0.0,5.147058823529411,53.67647058823529,0.0,open show
Penny,C. Linus Maxwell,0.0,5.147058823529411,53.67647058823529,0.0,open show
Corny Maxwell,C. Linus Maxwell,0.0,5.147058823529411,53.67647058823529,0.0,open show
Penny,Arthur,2.083333333333333,3.6458333333333335,44.27083333333333,0.5714285714285714,fill tell
Penny,Bloomingdale,0.6578947368421052,3.289473684210526,53.94736842105263,0.2,pretend want
Clarissa Hind,Penny,0.3787878787878788,3.0303030303030303,75.37878787878788,0.125,be be wear walk hear
Phoebe,Maxwell,7.142857142857142,4.464285714285714,52.67857142857143,1.6,have ask listen
Penny,Phoebe,0.0,0.0,52.94117647058824,INF,be sit
Phoebe,Maxwell,3.75,0.0,61.25000000000001,INF,have ask call be
Phoebe,Penny,3.75,0.0,61.25000000000001,INF,have ask call be
Maxwell,Penny,3.75,0.0,61.25000000000001,INF,have ask call be
Penny,Monique,5.0,9.166666666666666,45.83333333333333,0.5454545454545454,go work shrug
Penny,Chez Romaine,5.0,9.166666666666666,45.83333333333333,0.5454545454545454,go work shrug
Monique,Chez Romaine,5.0,9.166666666666666,45.83333333333333,0.5454545454545454,go work shrug
Monique,Penny,0.9615384615384616,0.0,60.57692307692307,INF,watch insert turn
Monique,Penny,1.6304347826086956,0.0,54.891304347826086,INF,use leave open
Monique,Penny,1.6304347826086956,0.0,54.891304347826086,INF,use leave open
Penny,Monique,1.6304347826086956,0.0,54.891304347826086,INF,use leave open
Penny,Monique,0.0,0.5681818181818182,58.52272727272727,0.0,take pick place
Penny,Monique,0.0,0.5681818181818182,58.52272727272727,0.0,take pick place
Monique,Kwan Qxi,1.1904761904761905,0.0,46.42857142857143,INF,chime catch watch
Monique,Esperanza,1.1904761904761905,0.0,46.42857142857143,INF,chime catch watch
Monique,Kwan Qxi,1.1904761904761905,0.0,46.42857142857143,INF,chime catch watch
Monique,Kwan Qxi,1.1904761904761905,0.0,46.42857142857143,INF,chime catch watch
Monique,Esperanza,1.1904761904761905,0.0,46.42857142857143,INF,chime catch watch
Monique,Kwan Qxi,1.1904761904761905,0.0,46.42857142857143,INF,chime catch watch
Kwan Qxi,Esperanza,1.1904761904761905,0.0,46.42857142857143,INF,chime catch watch
Esperanza,Kwan Qxi,1.1904761904761905,0.0,46.42857142857143,INF,chime catch watch
Kwan Qxi,Penny,0.3787878787878788,1.5151515151515151,67.8030303030303,0.25,be associate announce score
Max,New York Post,3.3333333333333335,2.5,49.72222222222222,1.3333333333333333,be look be rove snap run head bounce
Monique,Chez Romaine,3.3653846153846154,4.326923076923077,46.15384615384615,0.7777777777777778,be become have be freight
Monique,Penny,0.0,0.0,63.63636363636363,INF,stash chime
Penny,Monique,2.631578947368421,0.6578947368421052,44.07894736842105,4.0,continue have love chime
Penny,C. Linus Maxwell,0.6944444444444444,0.6944444444444444,65.27777777777779,1.0,try tell be
C. Linus Maxwell,Monique,1.6304347826086956,1.0869565217391304,49.45652173913043,1.5,describe employ serve
C. Linus Maxwell,Phoebe,1.6304347826086956,1.0869565217391304,49.45652173913043,1.5,describe employ serve
Monique,Phoebe,1.6304347826086956,1.0869565217391304,49.45652173913043,1.5,describe employ serve
Clarissa Hind,Phoebe,0.0,4.411764705882353,66.17647058823529,0.0,attest gender be
Penny,Phoebe,6.8181818181818175,2.840909090909091,44.88636363636363,2.4,tell make
Monique,Penny,1.0,0.0,55.00000000000001,INF,be date have go
Monique,Penny,1.0,0.0,55.00000000000001,INF,be date have go
Penny,Monique,2.6785714285714284,7.142857142857142,40.17857142857143,0.375,suspect be hope catch
Penny,Phoebe,2.6785714285714284,7.142857142857142,40.17857142857143,0.375,suspect be hope catch
Monique,Phoebe,2.6785714285714284,7.142857142857142,40.17857142857143,0.375,suspect be hope catch
Phoebe,Monique,0.4807692307692308,2.403846153846154,47.11538461538461,0.2,have meet gush think
Phoebe,Maxwell,0.4807692307692308,2.403846153846154,47.11538461538461,0.2,have meet gush think
Monique,Maxwell,0.4807692307692308,2.403846153846154,47.11538461538461,0.2,have meet gush think
Monique,Phoebe,4.545454545454546,1.7045454545454544,66.47727272727273,2.6666666666666665,be need share
Monique,Maxwell,3.289473684210526,3.289473684210526,46.05263157894737,1.0,leave have last
Phoebe,Monique,4.166666666666666,0.8333333333333334,48.333333333333336,5.0,be have pressure
Maxwell,Penny,4.861111111111112,0.6944444444444444,58.333333333333336,7.0,be detach be wonder have be lie claim be have know
Maxwell,Alouette,4.861111111111112,0.6944444444444444,58.333333333333336,7.0,be detach be wonder have be lie claim be have know
Maxwell,Monique,4.861111111111112,0.6944444444444444,58.333333333333336,7.0,be detach be wonder have be lie claim be have know
Maxwell,Penny,4.861111111111112,0.6944444444444444,58.333333333333336,7.0,be detach be wonder have be lie claim be have know
Maxwell,Monique,4.861111111111112,0.6944444444444444,58.333333333333336,7.0,be detach be wonder have be lie claim be have know
Maxwell,Penny,4.861111111111112,0.6944444444444444,58.333333333333336,7.0,be detach be wonder have be lie claim be have know
Maxwell,Alouette,4.861111111111112,0.6944444444444444,58.333333333333336,7.0,be detach be wonder have be lie claim be have know
Maxwell,Monique,4.861111111111112,0.6944444444444444,58.333333333333336,7.0,be detach be wonder have be lie claim be have know
Maxwell,Penny,4.861111111111112,0.6944444444444444,58.333333333333336,7.0,be detach be wonder have be lie claim be have know
Maxwell,Monique,4.861111111111112,0.6944444444444444,58.333333333333336,7.0,be detach be wonder have be lie claim be have know
Penny,Alouette,4.861111111111112,0.6944444444444444,58.333333333333336,7.0,be detach be wonder have be lie claim be have know
Penny,Monique,4.861111111111112,0.6944444444444444,58.333333333333336,7.0,be detach be wonder have be lie claim be have know
Penny,Monique,4.861111111111112,0.6944444444444444,58.333333333333336,7.0,be detach be wonder have be lie claim be have know
Alouette,Monique,4.861111111111112,0.6944444444444444,58.333333333333336,7.0,be detach be wonder have be lie claim be have know
Alouette,Penny,4.861111111111112,0.6944444444444444,58.333333333333336,7.0,be detach be wonder have be lie claim be have know
Alouette,Monique,4.861111111111112,0.6944444444444444,58.333333333333336,7.0,be detach be wonder have be lie claim be have know
Monique,Penny,4.861111111111112,0.6944444444444444,58.333333333333336,7.0,be detach be wonder have be lie claim be have know
Penny,Monique,4.861111111111112,0.6944444444444444,58.333333333333336,7.0,be detach be wonder have be lie claim be have know
Penny,Monique,4.166666666666666,0.0,62.5,INF,do know glare
Monique,Phoebe,9.090909090909092,3.4090909090909087,51.13636363636363,2.6666666666666665,assume have bewitch
Penny,Monique,1.6666666666666667,5.0,53.333333333333336,0.3333333333333333,be have meet
Penny,Phoebe,1.6666666666666667,5.0,53.333333333333336,0.3333333333333333,be have meet
Monique,Phoebe,1.6666666666666667,5.0,53.333333333333336,0.3333333333333333,be have meet
Penny,Monique,1.0869565217391304,1.6304347826086956,53.80434782608695,0.6666666666666666,graduate be be look settle
Penny,Monique,1.0869565217391304,1.6304347826086956,53.80434782608695,0.6666666666666666,graduate be be look settle
Penny,Monique,2.6785714285714284,0.4464285714285714,61.16071428571429,6.0,have meet
Penny,Alouette,2.6785714285714284,0.4464285714285714,61.16071428571429,6.0,have meet
Monique,Alouette,2.6785714285714284,0.4464285714285714,61.16071428571429,6.0,have meet
Phoebe,Monique,2.314814814814815,0.9259259259259258,59.72222222222222,2.5,zip return
Phoebe,Monique,2.314814814814815,0.9259259259259258,59.72222222222222,2.5,zip return
Phoebe,Monique,2.314814814814815,0.9259259259259258,59.72222222222222,2.5,zip return
Monique,Penny,1.893939393939394,3.0303030303030303,55.68181818181818,0.625,glitter sip engage
Penny,Monique,2.403846153846154,0.9615384615384616,58.17307692307693,2.5,be feel expose plunge
Penny,Monique,2.403846153846154,0.9615384615384616,58.17307692307693,2.5,be feel expose plunge
Penny,Vera Wang,2.403846153846154,0.9615384615384616,58.17307692307693,2.5,be feel expose plunge
Monique,Vera Wang,2.403846153846154,0.9615384615384616,58.17307692307693,2.5,be feel expose plunge
Monique,Vera Wang,2.403846153846154,0.9615384615384616,58.17307692307693,2.5,be feel expose plunge
Phoebe,Monique,8.552631578947368,2.631578947368421,46.71052631578947,3.25,have be call sense
Phoebe,Monique,8.552631578947368,2.631578947368421,46.71052631578947,3.25,have be call sense
Jennifer Lopez,Penelope Harrigan,0.0,1.7857142857142856,55.35714285714286,0.0,be kick
Penny,Max,2.272727272727273,6.8181818181818175,54.54545454545454,0.3333333333333333,wag warn do sleep
Penny,Alouette,2.272727272727273,0.0,52.27272727272727,INF,be be
Alouette,Penny,0.5434782608695652,3.260869565217391,48.369565217391305,0.16666666666666666,be enrage resist sleep
Alouette,Max,0.5434782608695652,3.260869565217391,48.369565217391305,0.16666666666666666,be enrage resist sleep
Penny,Max,0.5434782608695652,3.260869565217391,48.369565217391305,0.16666666666666666,be enrage resist sleep
Penny,Alouette,0.0,0.0,35.294117647058826,INF,remind have see
Phoebe,Maxwell,6.666666666666667,1.6666666666666667,65.0,4.0,be erect seem arouse
Phoebe,Maxwell,6.666666666666667,1.6666666666666667,65.0,4.0,be erect seem arouse
Phoebe,Maxwell,2.083333333333333,0.0,64.58333333333334,INF,snap indicate want
Phoebe,Maxwell,2.083333333333333,0.0,64.58333333333334,INF,snap indicate want
Maxwell,Phoebe,1.7857142857142856,9.821428571428571,59.82142857142857,0.18181818181818182,work muse be
Phoebe,Penny,5.092592592592593,2.7777777777777777,58.79629629629629,1.8333333333333333,slosh mix give frown ask have enjoy
Penny,Maxwell,6.25,6.25,47.5,1.0,let roam
Maxwell,National Enquirer,0.0,0.0,53.84615384615385,INF,know be
Maxwell,Penny,6.61764705882353,0.7352941176470588,63.23529411764706,9.0,screw realize have
Maxwell,Penny,6.61764705882353,0.7352941176470588,63.23529411764706,9.0,screw realize have
Phoebe,Maxwell,0.0,1.0416666666666665,48.95833333333333,0.0,stretch say do want get
Penny,Clarissa Hind,7.352941176470589,9.558823529411764,59.55882352941176,0.7692307692307693,try imagine subject cleanse
Penny,Alouette,4.166666666666666,4.166666666666666,53.57142857142857,1.0,grow seize understand have be
Maxwell,Penny,1.1363636363636365,0.0,53.40909090909091,INF,sound try concentrate
Maxwell,Penny,0.6944444444444444,0.0,54.861111111111114,INF,lick scissor flicker
Phoebe,Penny,4.166666666666666,0.0,48.214285714285715,INF,have excuse use rewind try find
Phoebe,Penny,2.6785714285714284,0.0,68.75,INF,culminate lecture
Penny,Max,0.0,0.0,66.66666666666666,INF,massage find be stimulate
Phoebe,Maxwell,0.9615384615384616,0.0,60.57692307692307,INF,flow drip
Phoebe,Maxwell,5.0,0.0,55.00000000000001,INF,ask twist
Maxwell,Penny,6.61764705882353,7.352941176470589,68.38235294117648,0.9,say have visit
Penny,Galen,1.9230769230769231,0.0,51.92307692307693,INF,keep
Galen,Phoebe,4.166666666666666,0.0,51.388888888888886,INF,be fall have push
Phoebe,Galen,4.166666666666666,0.0,51.388888888888886,INF,be fall have push
Galen,Phoebe,0.0,0.0,46.15384615384615,INF,wake be
Penny,Gloria Steinem,5.303030303030303,2.272727272727273,50.0,2.3333333333333335,remember think have write satisfy leave
Penny,Gloria Steinem,6.25,5.357142857142857,45.535714285714285,1.1666666666666667,leave suffer
Phoebe,Gloria Steinem,3.8461538461538463,6.730769230769231,50.96153846153846,0.5714285714285714,coax
Gloria Steinem,Phoebe,0.8333333333333334,0.0,45.83333333333333,INF,stroke say like shave
Maxwell,Gloria Steinem,0.7352941176470588,6.61764705882353,39.705882352941174,0.1111111111111111,warn grow
Maxwell,Gloria Steinem,1.5151515151515151,0.7575757575757576,70.45454545454545,2.0,use pass pine leave
Penny,Gloria Steinem,2.083333333333333,0.0,56.25,INF,look shear lie
Phoebe,Gloria Steinem,6.25,3.75,50.0,1.6666666666666667,seem enjoy be find coerce
Alouette,Phoebe,8.333333333333332,2.314814814814815,48.61111111111111,3.6,accustom drive come have be
Alouette,Phoebe,11.25,0.0,38.75,INF,have enjoy
Gwendolyn,Penny,1.7857142857142856,1.7857142857142856,39.285714285714285,1.0,miscount figure have go
Penny,Gwendolyn,1.7857142857142856,1.7857142857142856,39.285714285714285,1.0,miscount figure have go
Gwendolyn,Penny,12.5,0.0,35.32608695652174,INF,find find erase be
Gwendolyn,Penny,12.5,0.0,35.32608695652174,INF,find find erase be
Penny,Gwendolyn,0.0,0.9615384615384616,37.5,0.0,retrieve rewind
Penny,Gwendolyn,2.5,5.5,56.00000000000001,0.45454545454545453,feel want be hear have spill
Penny,Gwendolyn,2.5,5.5,56.00000000000001,0.45454545454545453,feel want be hear have spill
Gwendolyn,Phoebe,2.2058823529411766,0.7352941176470588,50.0,3.0,run hope have hear
Penny,Gwendolyn,2.941176470588235,5.147058823529411,50.73529411764706,0.5714285714285714,understand guess base
Penny,Gwendolyn,2.941176470588235,5.147058823529411,50.73529411764706,0.5714285714285714,understand guess base
Penny,Gwendolyn,0.0,0.4629629629629629,58.79629629629629,0.0,be drop toss continue
Penny,Gwendolyn,0.0,0.4629629629629629,58.79629629629629,0.0,be drop toss continue
Phoebe,Maxwell,0.0,0.0,68.75,INF,open step wrap
Gwendolyn,Maxwell,0.8620689655172413,2.586206896551724,48.275862068965516,0.3333333333333333,draw snap gesture hang
Gwendolyn,Maxwell,0.8620689655172413,2.586206896551724,48.275862068965516,0.3333333333333333,draw snap gesture hang
Gwendolyn,Maxwell,0.8620689655172413,2.586206896551724,48.275862068965516,0.3333333333333333,draw snap gesture hang
Gwendolyn,Maxwell,0.8620689655172413,2.586206896551724,48.275862068965516,0.3333333333333333,draw snap gesture hang
Maxwell,Gwendolyn,0.8620689655172413,2.586206896551724,48.275862068965516,0.3333333333333333,draw snap gesture hang
Maxwell,Gwendolyn,0.8620689655172413,2.586206896551724,48.275862068965516,0.3333333333333333,draw snap gesture hang
Maxwell,Gwendolyn,0.8620689655172413,2.586206896551724,48.275862068965516,0.3333333333333333,draw snap gesture hang
Maxwell,Gwendolyn,0.8620689655172413,2.586206896551724,48.275862068965516,0.3333333333333333,draw snap gesture hang
Penny,Phoebe,0.0,0.0,57.14285714285714,INF,hand
Penny,Phoebe,0.5434782608695652,0.5434782608695652,59.78260869565217,1.0,talk eye say be
Max,Clarissa Hind,6.578947368421052,3.289473684210526,58.55263157894737,2.0,have want introduce
Max,Clarissa Hind,6.578947368421052,3.289473684210526,58.55263157894737,2.0,have want introduce
Max,Clarissa Hind,1.171875,4.296875,35.15625,0.2727272727272727,drive ache work say be do
Max,Clarissa Hind,1.171875,4.296875,35.15625,0.2727272727272727,drive ache work say be do
Max,Clarissa Hind,1.171875,4.296875,35.15625,0.2727272727272727,drive ache work say be do
Max,Clarissa Hind,1.171875,4.296875,35.15625,0.2727272727272727,drive ache work say be do
Clarissa Hind,Max,1.171875,4.296875,35.15625,0.2727272727272727,drive ache work say be do
Clarissa Hind,Max,1.171875,4.296875,35.15625,0.2727272727272727,drive ache work say be do
Clarissa Hind,Max,1.171875,4.296875,35.15625,0.2727272727272727,drive ache work say be do
Max,Clarissa Hind,1.171875,4.296875,35.15625,0.2727272727272727,drive ache work say be do
Max,Clarissa Hind,4.166666666666666,0.0,45.83333333333333,INF,probe bury
Max,Clarissa Hind,3.515625,1.953125,60.15625,1.8,stymie use shake fold
Max,Clarissa Hind,3.515625,1.953125,60.15625,1.8,stymie use shake fold
Max,Clarissa Hind,0.0,0.0,71.42857142857143,INF,be keep plant mark
Clarissa Hind,Max,0.0,0.0,71.42857142857143,INF,be keep plant mark
Clarissa Hind,Max,1.6025641025641024,3.205128205128205,51.60256410256411,0.5,use smooth mutter
Max,Clarissa Hind,1.25,0.625,43.125,2.0,discover wiggle exclaim
Max,Penny,1.25,0.625,43.125,2.0,discover wiggle exclaim
Max,Clarissa Hind,1.25,0.625,43.125,2.0,discover wiggle exclaim
Max,Penny,1.25,0.625,43.125,2.0,discover wiggle exclaim
Clarissa Hind,Penny,1.25,0.625,43.125,2.0,discover wiggle exclaim
Max,Penny,1.6666666666666667,2.5,62.5,0.6666666666666666,feel
Max,Penny,3.040540540540541,7.4324324324324325,43.58108108108108,0.4090909090909091,tinker bring grow expect shout
Max,Penny,3.040540540540541,7.4324324324324325,43.58108108108108,0.4090909090909091,tinker bring grow expect shout
Max,Penny,3.040540540540541,7.4324324324324325,43.58108108108108,0.4090909090909091,tinker bring grow expect shout
Max,Penny,3.040540540540541,7.4324324324324325,43.58108108108108,0.4090909090909091,tinker bring grow expect shout
Max,Penny,3.040540540540541,7.4324324324324325,43.58108108108108,0.4090909090909091,tinker bring grow expect shout
Max,Penny,3.040540540540541,7.4324324324324325,43.58108108108108,0.4090909090909091,tinker bring grow expect shout
Max,Penny,3.040540540540541,7.4324324324324325,43.58108108108108,0.4090909090909091,tinker bring grow expect shout
Max,Penny,3.040540540540541,7.4324324324324325,43.58108108108108,0.4090909090909091,tinker bring grow expect shout
Phoebe,Maxwell,0.7352941176470588,0.0,75.73529411764706,INF,hover focus
Maxwell,Max,3.8793103448275863,5.172413793103448,66.8103448275862,0.75,request look
Maxwell,Max,3.8793103448275863,5.172413793103448,66.8103448275862,0.75,request look
C. Linus Maxwell,Maxwell,1.0,0.5,50.5,2.0,be prepare expand enter
Maxwell,Phoebe,4.166666666666666,3.7037037037037033,58.79629629629629,1.125,thumb show curve
Maxwell,Penny,4.166666666666666,3.7037037037037033,58.79629629629629,1.125,thumb show curve
Phoebe,Penny,4.166666666666666,3.7037037037037033,58.79629629629629,1.125,thumb show curve
Phoebe,Maxwell,2.631578947368421,1.3157894736842104,53.94736842105263,2.0,have do be market
Phoebe,Penny,4.375,0.0,70.625,INF,sequester have drop
Penny,C. Linus Maxwell,1.6666666666666667,2.083333333333333,52.916666666666664,0.8,know work be demonstrate double
Phoebe,Maxwell,4.017857142857143,1.7857142857142856,54.91071428571429,2.25,have slave give die show
Phoebe,Maxwell,4.017857142857143,1.7857142857142856,54.91071428571429,2.25,have slave give die show
Phoebe,Maxwell,4.166666666666666,1.1904761904761905,42.26190476190476,3.5,say roll be
Maxwell,Penny,0.0,1.1363636363636365,71.5909090909091,0.0,observe roll
Penny,Alouette,0.0,0.0,42.857142857142854,INF,see
Alouette,Penny,0.0,0.0,50.0,INF,look recall
Penny,Alouette,1.4705882352941175,0.0,39.705882352941174,INF,regard say be look
Penny,Alouette,0.0,0.0,53.84615384615385,INF,turn leave ask tell
Maxwell,Penny,0.0,1.4423076923076923,56.25,0.0,kiss place open be
Phoebe,Maxwell,3.125,0.0,46.875,INF,seat return
Penny,Phoebe,0.9259259259259258,3.2407407407407405,51.388888888888886,0.2857142857142857,shudder course feel
Alouette,Penny,2.5,2.5,55.00000000000001,1.0,kneel grip
Alouette,Penny,0.6944444444444444,2.083333333333333,47.22222222222222,0.3333333333333333,lift spit
Phoebe,Maxwell,1.5151515151515151,0.7575757575757576,52.27272727272727,2.0,be banquet be be chauffeur
Max,Monique,4.545454545454546,1.1363636363636365,57.95454545454546,4.0,want test
Max,Monique,4.545454545454546,1.1363636363636365,57.95454545454546,4.0,want test
Monique,Max,0.0,1.5625,60.9375,0.0,tell be
Monique,Max,0.0,0.0,44.44444444444444,INF,try leaven
Monique,Max,7.5,0.0,32.5,INF,tell
Monique,Max,3.125,5.625,41.25,0.5555555555555556,compliment shrug
Monique,Max,3.125,5.625,41.25,0.5555555555555556,compliment shrug
Monique,Max,3.125,5.625,41.25,0.5555555555555556,compliment shrug
Monique,Max,3.125,5.625,41.25,0.5555555555555556,compliment shrug
Monique,Max,3.125,5.625,41.25,0.5555555555555556,compliment shrug
Monique,Max,7.894736842105263,2.631578947368421,52.63157894736842,3.0,look amuse be
Phoebe,Monique,5.208333333333334,2.604166666666667,58.854166666666664,2.0,seem please be bring
Monique,Maxwell,16.666666666666664,11.11111111111111,5.555555555555555,1.5,
Monique,Penny,0.7142857142857143,0.7142857142857143,67.14285714285714,1.0,engineer expand base fail do let
Penny,Monique,6.944444444444445,11.11111111111111,48.61111111111111,0.625,worry be get jade
Monique,Max,3.6764705882352944,5.147058823529411,38.23529411764706,0.7142857142857143,sense help amp
Max,Monique,3.6764705882352944,5.147058823529411,38.23529411764706,0.7142857142857143,sense help amp
Max,Monique,3.6764705882352944,5.147058823529411,38.23529411764706,0.7142857142857143,sense help amp
Monique,Phoebe,2.083333333333333,0.0,36.80555555555556,INF,fake tell stop
Phoebe,Monique,2.083333333333333,0.0,36.80555555555556,INF,fake tell stop
Maxwell,Monique,1.3888888888888888,0.0,54.166666666666664,INF,look
Monique,Maxwell,1.3888888888888888,0.0,54.166666666666664,INF,look
Maxwell,Penny,1.3888888888888888,1.3888888888888888,52.77777777777778,1.0,tug slip
Max,Maxwell,1.3513513513513513,1.6891891891891893,56.41891891891891,0.8,stretch read drift come mumble
Max,Maxwell,1.3513513513513513,1.6891891891891893,56.41891891891891,0.8,stretch read drift come mumble
Maxwell,Max,1.3513513513513513,1.6891891891891893,56.41891891891891,0.8,stretch read drift come mumble
Max,Maxwell,1.3513513513513513,1.6891891891891893,56.41891891891891,0.8,stretch read drift come mumble
Phoebe,Maxwell,0.0,1.7857142857142856,69.64285714285714,0.0,be talk
C. Linus Maxwell,Phoebe,0.0,6.730769230769231,54.807692307692314,0.0,cease amaze act
C. Linus Maxwell,Max,1.0714285714285714,0.35714285714285715,64.28571428571429,3.0,stimulate stimulate be hear dine
Max,C. Linus Maxwell,1.0714285714285714,0.35714285714285715,64.28571428571429,3.0,stimulate stimulate be hear dine
Max,C. Linus Maxwell,5.921052631578947,0.0,41.44736842105263,INF,do love stimulate help
Max,C. Linus Maxwell,5.921052631578947,0.0,41.44736842105263,INF,do love stimulate help
Max,Penny,5.921052631578947,0.0,41.44736842105263,INF,do love stimulate help
C. Linus Maxwell,Max,5.921052631578947,0.0,41.44736842105263,INF,do love stimulate help
C. Linus Maxwell,Penny,5.921052631578947,0.0,41.44736842105263,INF,do love stimulate help
Max,C. Linus Maxwell,5.921052631578947,0.0,41.44736842105263,INF,do love stimulate help
Max,Penny,5.921052631578947,0.0,41.44736842105263,INF,do love stimulate help
C. Linus Maxwell,Penny,5.921052631578947,0.0,41.44736842105263,INF,do love stimulate help
C. Linus Maxwell,Penny,8.796296296296296,1.8518518518518516,44.907407407407405,4.75,stir gaze desire
C. Linus Maxwell,Penny,8.796296296296296,1.8518518518518516,44.907407407407405,4.75,stir gaze desire
C. Linus Maxwell,Penny,8.796296296296296,1.8518518518518516,44.907407407407405,4.75,stir gaze desire
Penny,C. Linus Maxwell,0.0,0.0,66.66666666666666,INF,be cast
Max,C. Linus Maxwell,6.25,0.0,43.75,INF,engender seem evaporate peter
C. Linus Maxwell,Brillstein,4.6875,3.125,38.02083333333333,1.5,tell have live have know be lie
C. Linus Maxwell,Brillstein,4.6875,3.125,38.02083333333333,1.5,tell have live have know be lie
Brillstein,C. Linus Maxwell,4.6875,3.125,38.02083333333333,1.5,tell have live have know be lie
Penny,Phoebe,0.0,0.0,61.53846153846154,INF,caution do let get
Max,Penny,7.352941176470589,1.8382352941176472,37.86764705882353,4.0,like surprise say do know know
Penny,Max,7.352941176470589,1.8382352941176472,37.86764705882353,4.0,like surprise say do know know
Penny,Max,7.352941176470589,1.8382352941176472,37.86764705882353,4.0,like surprise say do know know
Penny,Max,7.352941176470589,1.8382352941176472,37.86764705882353,4.0,like surprise say do know know
Max,Phoebe,3.3333333333333335,1.6666666666666667,41.66666666666667,2.0,be
Phoebe,Maxwell,5.555555555555555,3.4722222222222223,40.97222222222222,1.6,love love generate
Maxwell,Clarissa Hind,5.357142857142857,2.6785714285714284,34.82142857142857,2.0,wonder be have end
Clarissa Hind,Penny,3.3333333333333335,7.5,55.833333333333336,0.4444444444444444,do continue
Alouette,Clarissa Hind,1.0869565217391304,2.717391304347826,57.065217391304344,0.4,clamp bring
Clarissa Hind,Penny,7.8125,0.0,42.1875,INF,convince
Penny,Clarissa Hind,5.0,2.5,52.5,2.0,know do
Penny,Clarissa Hind,5.0,2.5,52.5,2.0,know do
Clarissa Hind,Phoebe,2.0161290322580645,2.0161290322580645,50.806451612903224,1.0,be catch betray extract
Clarissa Hind,Phoebe,2.0161290322580645,2.0161290322580645,50.806451612903224,1.0,be catch betray extract
Clarissa Hind,Phoebe,2.0161290322580645,2.0161290322580645,50.806451612903224,1.0,be catch betray extract
Clarissa Hind,Phoebe,2.0161290322580645,2.0161290322580645,50.806451612903224,1.0,be catch betray extract
Maxwell,Penny,2.0,0.0,50.0,INF,defuse look ask be
Penny,Max,4.5,1.0,54.50000000000001,4.5,realize have get
Clarissa Hind,Alouette,0.0,5.46875,44.53125,0.0,be
Penny,Maxwell,2.9166666666666665,6.666666666666667,50.416666666666664,0.4375,deny understand file
Penny,Alouette,2.9166666666666665,6.666666666666667,50.416666666666664,0.4375,deny understand file
Maxwell,Alouette,2.9166666666666665,6.666666666666667,50.416666666666664,0.4375,deny understand file
Maxwell,Penny,3.214285714285714,5.357142857142857,48.57142857142857,0.6,inflict torture leave ache
Maxwell,Penny,3.214285714285714,5.357142857142857,48.57142857142857,0.6,inflict torture leave ache
Penny,Max,3.0303030303030303,3.0303030303030303,54.54545454545454,1.0,have leave damage lay ask read
Max,Phoebe,0.5681818181818182,0.0,76.70454545454545,INF,describe stand move
Phoebe,Maxwell,0.0,0.0,62.5,INF,read edge
Maxwell,Penny,3.0,2.5,54.50000000000001,1.2,hold reach find
Maxwell,Penny,3.0,2.5,54.50000000000001,1.2,hold reach find
Maxwell,Penny,3.0,2.5,54.50000000000001,1.2,hold reach find
Phoebe,Penny,0.0,3.9473684210526314,59.210526315789465,0.0,trace overtax
C. Linus Maxwell,Phoebe,0.0,0.8928571428571428,56.25,0.0,estimate be
Phoebe,C. Linus Maxwell,0.0,0.8928571428571428,56.25,0.0,estimate be
Maxwell,C. Linus Maxwell,2.5,2.5,45.0,1.0,accord ask do have be
Maxwell,Max,0.0,2.272727272727273,61.36363636363637,0.0,drone dip milk
Maxwell,Max,0.0,2.272727272727273,61.36363636363637,0.0,drone dip milk
Maxwell,Penny,0.0,2.272727272727273,61.36363636363637,0.0,drone dip milk
Max,Penny,0.0,2.272727272727273,61.36363636363637,0.0,drone dip milk
Max,Penny,0.0,2.272727272727273,61.36363636363637,0.0,drone dip milk
C. Linus Maxwell,Max,2.941176470588235,5.147058823529411,38.970588235294116,0.5714285714285714,groan roll
C. Linus Maxwell,Max,2.941176470588235,5.147058823529411,38.970588235294116,0.5714285714285714,groan roll
Maxwell,Penny,3.571428571428571,1.7857142857142856,73.21428571428571,2.0,work be listen
Phoebe,Penny,0.0,0.0,55.00000000000001,INF,pull lay
Maxwell,Phoebe,2.734375,0.78125,55.859375,3.5,decipher fade read be fail provide
Max,Penny,1.7857142857142856,2.976190476190476,52.38095238095239,0.6,rap drive
Max,Penny,1.7857142857142856,2.976190476190476,52.38095238095239,0.6,rap drive
Penny,Phoebe,2.6785714285714284,0.8928571428571428,67.85714285714286,3.0,hope be have provide
Penny,Phoebe,2.2058823529411766,2.5735294117647056,59.92647058823529,0.8571428571428571,drift recall enable stunt access
Phoebe,Maxwell,1.5625,1.5625,50.0,1.0,recite be operate
Max,Penny,2.604166666666667,0.0,64.0625,INF,be find be have enter
Phoebe,Penny,2.2058823529411766,1.4705882352941175,55.14705882352941,1.5,fake find do
Phoebe,Maxwell,8.333333333333332,2.380952380952381,41.66666666666667,3.5,labor please begin withhold
Maxwell,Penny,2.083333333333333,2.083333333333333,54.166666666666664,1.0,be punish do care
Max,Penny,4.166666666666666,2.604166666666667,55.729166666666664,1.6,feel be register
Penny,Phoebe,0.6944444444444444,0.0,71.52777777777779,INF,speak wrap set
Penny,Alouette,0.0,0.0,65.0,INF,see be
Maxwell,Alouette,0.78125,2.34375,40.625,0.3333333333333333,catch insist be
Maxwell,Max,0.78125,2.34375,40.625,0.3333333333333333,catch insist be
Maxwell,Max,0.78125,2.34375,40.625,0.3333333333333333,catch insist be
Alouette,Max,0.78125,2.34375,40.625,0.3333333333333333,catch insist be
Alouette,Max,0.78125,2.34375,40.625,0.3333333333333333,catch insist be
Phoebe,Penny,1.3157894736842104,2.631578947368421,59.210526315789465,0.5,wander kiss return
Penny,Phoebe,2.631578947368421,5.263157894736842,55.26315789473685,0.5,take pull
Maxwell,Penny,4.545454545454546,3.4090909090909087,60.22727272727273,1.3333333333333333,be document savor be pay
Phoebe,Penny,7.5,2.5,56.666666666666664,3.0,have come know need speak
Penny,Max,0.0,6.730769230769231,47.11538461538461,0.0,sense be break
Penny,Monique,3.125,1.0416666666666665,62.5,3.0,entertain be drag
Monique,Phoebe,0.0,0.9615384615384616,52.88461538461539,0.0,search
Pierre Le Courgette,Alouette,0.78125,3.125,58.59375,0.25,seat be
Pierre Le Courgette,Monique,3.3333333333333335,0.8333333333333334,55.833333333333336,4.0,attend be win
Penny,Monique,3.90625,9.375,61.71875,0.4166666666666667,recognize have snub leer
Penny,Monique,3.90625,9.375,61.71875,0.4166666666666667,recognize have snub leer
Monique,Phoebe,1.5625,5.729166666666666,55.208333333333336,0.2727272727272727,allow isolate be
Phoebe,Monique,1.5625,5.729166666666666,55.208333333333336,0.2727272727272727,allow isolate be
Phoebe,Monique,1.5625,5.729166666666666,55.208333333333336,0.2727272727272727,allow isolate be
Phoebe,Penny,4.310344827586207,2.586206896551724,65.51724137931035,1.6666666666666667,be examine judge meet have shed have have get ogle
Phoebe,Monique,4.310344827586207,2.586206896551724,65.51724137931035,1.6666666666666667,be examine judge meet have shed have have get ogle
Penny,Monique,4.310344827586207,2.586206896551724,65.51724137931035,1.6666666666666667,be examine judge meet have shed have have get ogle
Monique,Bloomingdale,1.1363636363636365,0.0,48.86363636363637,INF,walk do recognize
Monique,Bloomingdale,1.1363636363636365,0.0,48.86363636363637,INF,walk do recognize
Monique,Bloomingdale,1.1363636363636365,0.0,48.86363636363637,INF,walk do recognize
Penny,Phoebe,5.625,1.25,48.125,4.5,hope be make have leave
Penny,Monique,5.625,1.25,48.125,4.5,hope be make have leave
Phoebe,Monique,5.625,1.25,48.125,4.5,hope be make have leave
Penny,Monique,2.232142857142857,0.0,54.91071428571429,INF,have prepare have pick shatter stuff
Alouette,Monique,2.34375,0.0,60.15625,INF,saunter accept
Maxwell,Alouette,1.6304347826086956,4.891304347826087,63.04347826086957,0.3333333333333333,dance seem be ignore
Maxwell,Alouette,1.6304347826086956,4.891304347826087,63.04347826086957,0.3333333333333333,dance seem be ignore
Maxwell,Alouette,3.724,5.776,46.5,0.6447368421052632,subside leave speak seem drift
Maxwell,Penny,0.8333333333333334,1.6666666666666667,57.49999999999999,0.5,look think be
Monique,Alouette,1.1363636363636365,1.7045454545454544,42.61363636363637,0.6666666666666666,lay try raise begin tremble
Monique,Alouette,1.1363636363636365,1.7045454545454544,42.61363636363637,0.6666666666666666,lay try raise begin tremble
Monique,Penny,4.166666666666666,0.0,40.27777777777778,INF,be wear realize
Brillstein,Penny,9.722222222222223,2.7777777777777777,54.166666666666664,3.5,have hope make
Brillstein,Penny,9.821428571428571,0.8928571428571428,42.857142857142854,11.0,have find need find
Tad Smith,Monique,1.25,2.5,46.25,0.5,be refer
Penny,Monique,6.25,0.78125,55.46875,8.0,seem recognize
Monique,Yale,3.125,1.25,50.625,2.5,escort regale
Monique,Yale,3.125,1.25,50.625,2.5,escort regale
Monique,Phoebe,1.6129032258064515,4.838709677419355,58.06451612903226,0.3333333333333333,buy think do
Monique,Maxwell,1.6129032258064515,4.838709677419355,58.06451612903226,0.3333333333333333,buy think do
Phoebe,Maxwell,1.6129032258064515,4.838709677419355,58.06451612903226,0.3333333333333333,buy think do
Penny,Monique,0.7352941176470588,11.029411764705882,47.05882352941176,0.06666666666666667,feel ignore relegate be
Monique,Penny,2.717391304347826,1.0869565217391304,61.41304347826087,2.5,need be be attack
Monique,Penny,2.717391304347826,1.0869565217391304,61.41304347826087,2.5,need be be attack
Penny,Monique,2.717391304347826,1.0869565217391304,61.41304347826087,2.5,need be be attack
Monique,Jimmy Choos,2.2058823529411766,0.0,50.73529411764706,INF,be stomp
Monique,Jimmy Choos,2.2058823529411766,0.0,50.73529411764706,INF,be stomp
Monique,Jimmy Choos,2.2058823529411766,0.0,50.73529411764706,INF,be stomp
Monique,Jimmy Choos,2.2058823529411766,0.0,50.73529411764706,INF,be stomp
Phoebe,Monique,8.333333333333332,0.0,41.66666666666667,INF,flash
Penny,Monique,2.272727272727273,2.272727272727273,54.54545454545454,1.0,feel yield feel hear scream
Penny,Monique,2.272727272727273,2.272727272727273,54.54545454545454,1.0,feel yield feel hear scream
Penny,Monique,0.0,0.0,60.0,INF,look be highlight
Penny,Brillstein,0.0,1.3888888888888888,54.166666666666664,0.0,make talk
Monique,Phoebe,2.272727272727273,1.1363636363636365,42.04545454545455,2.0,be
Monique,Max,4.166666666666666,0.0,49.166666666666664,INF,wonder be have feel be
Monique,Penny,4.166666666666666,0.0,49.166666666666664,INF,wonder be have feel be
Max,Penny,4.166666666666666,0.0,49.166666666666664,INF,wonder be have feel be
Max,Monique,4.166666666666666,0.0,49.166666666666664,INF,wonder be have feel be
Penny,Monique,4.166666666666666,0.0,49.166666666666664,INF,wonder be have feel be
Monique,Phoebe,1.6666666666666667,0.0,65.0,INF,jot feel
Penny,Monique,0.0,12.5,58.92857142857143,0.0,give
Penny,Alouette,3.977272727272727,0.0,41.47727272727273,INF,confirm remember have come
Penny,Monique,3.977272727272727,0.0,41.47727272727273,INF,confirm remember have come
Alouette,Monique,3.977272727272727,0.0,41.47727272727273,INF,confirm remember have come
Monique,Penny,3.9473684210526314,3.9473684210526314,50.0,1.0,set cover
Monique,Penny,3.9473684210526314,3.9473684210526314,50.0,1.0,set cover
Monique,Penny,0.0,0.0,64.70588235294117,INF,tear go work
Monique,Penny,0.0,0.8333333333333334,45.83333333333333,0.0,go ask
Penny,Max,0.0,0.0,46.15384615384615,INF,muse be
Penny,Phoebe,4.166666666666666,3.7037037037037033,55.092592592592595,1.125,do want tell have do be
Penny,Max,3.8461538461538463,3.8461538461538463,61.53846153846154,1.0,consider be
Tad Smith,Penny,3.0,0.5,56.49999999999999,6.0,have find enjoy pull
Penny,Brillstein,0.0,0.0,66.66666666666666,INF,be be summon
Phoebe,Maxwell,4.545454545454546,3.787878787878788,52.27272727272727,1.2,compete be buy
Monique,Penny,11.11111111111111,0.0,44.44444444444444,INF,have experience
Penny,Monique,0.8333333333333334,0.8333333333333334,65.0,1.0,stuff note
Monique,Brillstein,0.0,0.4464285714285714,45.982142857142854,0.0,do hurry meet
Monique,Max,0.0,0.4464285714285714,45.982142857142854,0.0,do hurry meet
Brillstein,Monique,0.0,0.4464285714285714,45.982142857142854,0.0,do hurry meet
Brillstein,Max,0.0,0.4464285714285714,45.982142857142854,0.0,do hurry meet
Monique,Max,0.0,0.4464285714285714,45.982142857142854,0.0,do hurry meet
Max,Monique,0.0,0.0,42.857142857142854,INF,knock
Penny,Monique,0.0,0.5681818181818182,53.97727272727273,0.0,turn step come have see
Clarissa Hind,Brillstein,1.3888888888888888,1.3888888888888888,52.77777777777778,1.0,turn
Clarissa Hind,Penny,4.605263157894736,5.592105263157895,60.85526315789473,0.8235294117647058,have be have imagine bear glance lock speak
Clarissa Hind,Penny,4.605263157894736,5.592105263157895,60.85526315789473,0.8235294117647058,have be have imagine bear glance lock speak
Penny,Clarissa Hind,4.605263157894736,5.592105263157895,60.85526315789473,0.8235294117647058,have be have imagine bear glance lock speak
Clarissa Hind,National Enquirer,1.5625,3.125,57.8125,0.5,be smile
Phoebe,Maxwell,0.0,0.0,66.66666666666666,INF,be demonstrate
Penny,Max,3.804347826086957,0.0,65.76086956521739,INF,strike be seat have occupy have cower
Penny,Clarissa Hind,3.804347826086957,0.0,65.76086956521739,INF,strike be seat have occupy have cower
Max,Clarissa Hind,3.804347826086957,0.0,65.76086956521739,INF,strike be seat have occupy have cower
Penny,Clarissa Hind,0.8333333333333334,0.0,59.166666666666664,INF,think have hear subdue
FDA,Max,1.4705882352941175,0.0,39.705882352941174,INF,persuade approve
Clarissa Hind,Max,0.0,0.8333333333333334,45.83333333333333,0.0,counter
Clarissa Hind,Phoebe,1.3888888888888888,0.0,54.166666666666664,INF,claim have hire hound
Clarissa Hind,Penny,1.3888888888888888,0.0,54.166666666666664,INF,claim have hire hound
Phoebe,Penny,1.3888888888888888,0.0,54.166666666666664,INF,claim have hire hound
Clarissa Hind,Max,0.0,1.25,58.75,0.0,accord own
Penny,Clarissa Hind,0.0,0.0,61.53846153846154,INF,settle partition hold look tint
Clarissa Hind,Penny,1.5625,0.0,60.9375,INF,pause eye
Penny,Max,0.0,3.289473684210526,59.86842105263158,0.0,hear know be
Clarissa Hind,Max,0.0,0.7352941176470588,40.44117647058824,0.0,ask have try have
Clarissa Hind,Penny,1.5625,0.78125,53.90625,2.0,place count
Penny,Clarissa Hind,0.0,0.8333333333333334,52.5,0.0,cup listen
Penny,Clarissa Hind,0.0,0.8333333333333334,52.5,0.0,cup listen
Clarissa Hind,Penny,0.0,2.6785714285714284,40.17857142857143,0.0,whisper go
Penny,United Nations,0.8928571428571428,2.232142857142857,46.875,0.4,be have escort have give
Penny,Alouette,0.8928571428571428,2.232142857142857,46.875,0.4,be have escort have give
Penny,Clarissa Hind,0.8928571428571428,2.232142857142857,46.875,0.4,be have escort have give
Penny,Clarissa Hind,0.8928571428571428,2.232142857142857,46.875,0.4,be have escort have give
United Nations,Alouette,0.8928571428571428,2.232142857142857,46.875,0.4,be have escort have give
United Nations,Clarissa Hind,0.8928571428571428,2.232142857142857,46.875,0.4,be have escort have give
United Nations,Clarissa Hind,0.8928571428571428,2.232142857142857,46.875,0.4,be have escort have give
Alouette,Clarissa Hind,0.8928571428571428,2.232142857142857,46.875,0.4,be have escort have give
Alouette,Clarissa Hind,0.8928571428571428,2.232142857142857,46.875,0.4,be have escort have give
Clarissa Hind,C. Linus Maxwell,0.0,0.0,50.0,INF,spearhead go
Penny,C. Linus Maxwell,4.464285714285714,4.464285714285714,48.214285714285715,1.0,recognize groom
Penny,C. Linus Maxwell,4.464285714285714,4.464285714285714,48.214285714285715,1.0,recognize groom
Penny,C. Linus Maxwell,5.833333333333333,4.166666666666666,56.666666666666664,1.4,watch be have idolize
C. Linus Maxwell,Penny,2.717391304347826,0.0,62.5,INF,glance cast gaze look
Penny,C. Linus Maxwell,2.717391304347826,0.0,62.5,INF,glance cast gaze look
Monique,Penny,0.0,0.641025641025641,53.205128205128204,0.0,waft do call feel compel save make
Penny,Monique,0.0,0.641025641025641,53.205128205128204,0.0,waft do call feel compel save make
Penny,Betsey Johnson,0.0,0.0,52.63157894736842,INF,surge seize
Penny,Brenda,1.6666666666666667,2.5,52.5,0.6666666666666666,wail wait search search be
Brenda,Penny,3.8461538461538463,0.9615384615384616,52.88461538461539,4.0,have blush open crowd encourage use
Brenda,Penny,3.8461538461538463,0.9615384615384616,52.88461538461539,4.0,have blush open crowd encourage use
Brenda,Penny,3.8461538461538463,0.9615384615384616,52.88461538461539,4.0,have blush open crowd encourage use
Brenda,Penny,3.8461538461538463,0.9615384615384616,52.88461538461539,4.0,have blush open crowd encourage use
Penny,Brenda,3.8461538461538463,0.9615384615384616,52.88461538461539,4.0,have blush open crowd encourage use
Penny,Brenda,3.8461538461538463,0.9615384615384616,52.88461538461539,4.0,have blush open crowd encourage use
Penny,Brenda,3.125,0.0,65.625,INF,flash
Penny,Alouette,2.5,2.5,51.66666666666667,1.0,watch observe do behave have seize
Max,Penny,5.859375,0.0,50.390625,INF,be have wipe
Penny,Yale,1.1904761904761905,0.5952380952380952,64.88095238095238,2.0,have go
Yale,Penny,4.166666666666666,3.3333333333333335,52.5,1.25,admire wear
Yale,Penny,4.166666666666666,3.3333333333333335,52.5,1.25,admire wear
Penny,Brenda,5.681818181818182,2.840909090909091,41.47727272727273,2.0,try admit know
Brenda,Phoebe,6.25,1.25,47.5,5.0,be convince have leave find
Phoebe,Brenda,6.25,1.25,47.5,5.0,be convince have leave find
Penny,Alouette,2.6785714285714284,0.0,36.607142857142854,INF,reach say do know
Monique,Phoebe,1.25,0.0,58.75,INF,collect describe have fill
Monique,Phoebe,1.25,0.0,58.75,INF,collect describe have fill
Phoebe,Monique,1.25,0.0,58.75,INF,collect describe have fill
Monique,Phoebe,5.729166666666666,4.166666666666666,56.770833333333336,1.375,hang describe have batter rack
Phoebe,Monique,5.729166666666666,4.166666666666666,56.770833333333336,1.375,hang describe have batter rack
Brillstein,Monique,7.5,11.25,31.25,0.6666666666666666,fire challenge
Miss Harrigan,Mr. Maxwell,2.7777777777777777,0.0,58.333333333333336,INF,say place
Monique,Penny,0.0,8.75,51.24999999999999,0.0,try fidget penetrate gaze
Brillstein,Monique,0.0,18.75,6.25,0.0,hate
Penny,Monique,4.166666666666666,1.1904761904761905,47.023809523809526,3.5,tell remember have mention
Penny,Max,4.166666666666666,1.1904761904761905,47.023809523809526,3.5,tell remember have mention
Monique,Max,4.166666666666666,1.1904761904761905,47.023809523809526,3.5,tell remember have mention
Monique,Baba,2.272727272727273,0.0,55.3030303030303,INF,describe live have seek
Monique,Max,2.272727272727273,0.0,55.3030303030303,INF,describe live have seek
Monique,Max,2.272727272727273,0.0,55.3030303030303,INF,describe live have seek
Baba,Max,2.272727272727273,0.0,55.3030303030303,INF,describe live have seek
Baba,Max,2.272727272727273,0.0,55.3030303030303,INF,describe live have seek
Penny,Clarissa Hind,1.5,5.5,53.0,0.2727272727272727,do mention have urge seek
Clarissa Hind,Penny,1.5,5.5,53.0,0.2727272727272727,do mention have urge seek
Brillstein,Clarissa Hind,0.0,0.0,33.33333333333333,INF,interrupt
Brillstein,Clarissa Hind,10.714285714285714,0.0,32.142857142857146,INF,be grill
Brillstein,Clarissa Hind,1.0416666666666665,4.166666666666666,61.458333333333336,0.25,gaze be dissect have try analyze
Brillstein,Clarissa Hind,1.0416666666666665,4.166666666666666,61.458333333333336,0.25,gaze be dissect have try analyze
Brillstein,Clarissa Hind,4.464285714285714,0.8928571428571428,58.92857142857143,5.0,be be
Clarissa Hind,Phoebe,1.7857142857142856,3.571428571428571,37.5,0.5,reply be
Clarissa Hind,Brillstein,2.272727272727273,2.272727272727273,59.09090909090909,1.0,sense be prepare fire
Clarissa Hind,Brillstein,2.272727272727273,2.272727272727273,59.09090909090909,1.0,sense be prepare fire
Brillstein,Mr. Maxwell,3.6363636363636362,0.22727272727272727,45.22727272727273,16.0,be consult affirm enjoy bring refer
Brillstein,Mr. Maxwell,3.6363636363636362,0.22727272727272727,45.22727272727273,16.0,be consult affirm enjoy bring refer
Brillstein,Phoebe,5.357142857142857,0.8928571428571428,43.75,6.0,know confer
Brillstein,Phoebe,5.357142857142857,0.8928571428571428,43.75,6.0,know confer
Clarissa Hind,Brillstein,0.0,2.083333333333333,47.91666666666667,0.0,chill be ally
Clarissa Hind,Max,0.0,2.083333333333333,47.91666666666667,0.0,chill be ally
Brillstein,Max,0.0,2.083333333333333,47.91666666666667,0.0,chill be ally
Max,Clarissa Hind,3.90625,8.59375,37.5,0.45454545454545453,smile deny
Max,Clarissa Hind,3.90625,8.59375,37.5,0.45454545454545453,smile deny
Clarissa Hind,Max,3.90625,8.59375,37.5,0.45454545454545453,smile deny
Miss Harrigan,Brillstein,0.7575757575757576,0.7575757575757576,40.909090909090914,1.0,ask sneer shout be hear do explain
Brillstein,Penny,3.571428571428571,1.1904761904761905,47.61904761904761,3.0,rise begin vacate offer
Brillstein,Penny,3.571428571428571,1.1904761904761905,47.61904761904761,3.0,rise begin vacate offer
Penny,National Enquirer,5.416666666666667,0.8333333333333334,50.416666666666664,6.5,try redirect ask have check talk
Penny,Phoebe,1.4705882352941175,0.0,51.470588235294116,INF,bait ask be work
Penny,Max,5.603448275862069,3.8793103448275863,49.137931034482754,1.4444444444444444,sulk pretend be offend evade ask do know
Penny,Brooks Brothers,3.6458333333333335,3.125,59.895833333333336,1.1666666666666667,be tent be buck
Brooks Brothers,Penny,3.6458333333333335,3.125,59.895833333333336,1.1666666666666667,be tent be buck
Brillstein,Penny,1.1904761904761905,2.380952380952381,82.14285714285714,0.5,be have hit move still enter
Brillstein,Penny,0.0,0.0,64.28571428571429,INF,push slap hold
Maxwell,Alouette,0.0,0.0,38.46153846153847,INF,do have do
Brillstein,Penny,3.125,4.6875,38.02083333333333,0.6666666666666666,shout strain demand do have do
Penny,Phoebe,3.571428571428571,1.3392857142857142,41.517857142857146,2.6666666666666665,continue grill have demand be
Penny,Phoebe,3.571428571428571,1.3392857142857142,41.517857142857146,2.6666666666666665,continue grill have demand be
Milo,Penny,1.4423076923076923,1.4423076923076923,47.11538461538461,1.0,drive scan miss
Milo,Penny,0.0,0.7352941176470588,63.970588235294116,0.0,slide shut hit peel
C. Linus Maxwell,Penny,1.7857142857142856,0.0,55.35714285714286,INF,bless think
Phoebe,Maxwell,2.976190476190476,0.5952380952380952,63.095238095238095,5.0,have be bear
Maxwell,University of Washington,2.380952380952381,2.976190476190476,56.547619047619044,0.8,attend drop have be kill
University of Washington,Maxwell,2.380952380952381,2.976190476190476,56.547619047619044,0.8,attend drop have be kill
University of Washington,Maxwell,2.380952380952381,2.976190476190476,56.547619047619044,0.8,attend drop have be kill
Corny Maxwell,Clarissa Hind,2.631578947368421,1.3157894736842104,43.42105263157895,2.0,have ally
Corny Maxwell,Clarissa Hind,2.631578947368421,1.3157894736842104,43.42105263157895,2.0,have ally
Penny,Clarissa Hind,4.807692307692308,0.0,64.42307692307693,INF,have bore find
Brillstein,Max,2.8846153846153846,0.0,47.11538461538461,INF,be be believe have cause do bring
Brillstein,Alouette,2.8846153846153846,0.0,47.11538461538461,INF,be be believe have cause do bring
Max,Alouette,2.8846153846153846,0.0,47.11538461538461,INF,be be believe have cause do bring
Pen-Pen,Shippee,2.232142857142857,4.017857142857143,36.607142857142854,0.5555555555555556,know live warn have
Phoebe,Maxwell,1.25,8.75,50.0,0.14285714285714285,say practice have kill
Alouette,Maxwell,0.0,5.263157894736842,57.89473684210527,0.0,murder prove
Alouette,Maxwell,0.0,5.263157894736842,57.89473684210527,0.0,murder prove
Max,Baba,2.083333333333333,5.0,49.583333333333336,0.4166666666666667,accord spend creep face gather constitute
Baba,Max,5.434782608695652,0.5434782608695652,46.19565217391305,10.0,be have school be co-opt
Max,Baba,5.434782608695652,0.5434782608695652,46.19565217391305,10.0,be have school be co-opt
Phoebe,Penny,6.666666666666667,3.3333333333333335,50.0,2.0,be have perfect test
Phoebe,Baba,2.717391304347826,2.717391304347826,51.08695652173913,1.0,have warn tell
Phoebe,Baba,2.717391304347826,2.717391304347826,51.08695652173913,1.0,have warn tell
Penny,Phoebe,0.8928571428571428,1.3392857142857142,54.91071428571429,0.6666666666666666,continue say train
Penny,Max,1.0416666666666665,0.3472222222222222,51.388888888888886,3.0,have submit sequester give
Penny,Max,1.0416666666666665,0.3472222222222222,51.388888888888886,3.0,have submit sequester give
Penny,Baba,1.0416666666666665,0.3472222222222222,51.388888888888886,3.0,have submit sequester give
Max,Baba,1.0416666666666665,0.3472222222222222,51.388888888888886,3.0,have submit sequester give
Max,Baba,1.0416666666666665,0.3472222222222222,51.388888888888886,3.0,have submit sequester give
Baba,Phoebe,1.2096774193548387,0.4032258064516129,59.67741935483871,3.0,brandish weld boast seem have bastardize
Phoebe,Maxwell,0.0,0.0,66.66666666666666,INF,do tell seek
Maxwell,Penny,0.0,1.25,38.75,0.0,venture
Max,Penny,1.7857142857142856,0.8928571428571428,47.32142857142857,2.0,be have dally
Penny,Baba,2.083333333333333,1.0416666666666665,63.541666666666664,2.0,arrive
Phoebe,Maxwell,2.8846153846153846,0.0,50.96153846153846,INF,be have excise own
Phoebe,Maxwell,2.8846153846153846,0.0,50.96153846153846,INF,be have excise own
Maxwell,Max,0.0,0.0,44.44444444444444,INF,be
Maxwell,Max,4.545454545454546,3.4090909090909087,37.5,1.3333333333333333,be be break
Penny,Maxwell,1.8382352941176472,0.3676470588235294,53.67647058823529,5.0,ponder lower wait thrust nudge
Penny,Maxwell,1.8382352941176472,0.3676470588235294,53.67647058823529,5.0,ponder lower wait thrust nudge
Penny,Maxwell,1.8382352941176472,0.3676470588235294,53.67647058823529,5.0,ponder lower wait thrust nudge
Penny,Maxwell,1.8382352941176472,0.3676470588235294,53.67647058823529,5.0,ponder lower wait thrust nudge
Penny,Maxwell,1.8382352941176472,0.3676470588235294,53.67647058823529,5.0,ponder lower wait thrust nudge
Penny,Maxwell,1.8382352941176472,0.3676470588235294,53.67647058823529,5.0,ponder lower wait thrust nudge
Penny,Maxwell,7.236842105263158,5.263157894736842,50.6578947368421,1.375,return yearn ask have be marry
Penny,Maxwell,7.236842105263158,5.263157894736842,50.6578947368421,1.375,return yearn ask have be marry
Penny,Max,7.236842105263158,5.263157894736842,50.6578947368421,1.375,return yearn ask have be marry
Penny,Phoebe,7.236842105263158,5.263157894736842,50.6578947368421,1.375,return yearn ask have be marry
Maxwell,Max,7.236842105263158,5.263157894736842,50.6578947368421,1.375,return yearn ask have be marry
Maxwell,Phoebe,7.236842105263158,5.263157894736842,50.6578947368421,1.375,return yearn ask have be marry
Maxwell,Max,7.236842105263158,5.263157894736842,50.6578947368421,1.375,return yearn ask have be marry
Maxwell,Phoebe,7.236842105263158,5.263157894736842,50.6578947368421,1.375,return yearn ask have be marry
Max,Phoebe,7.236842105263158,5.263157894736842,50.6578947368421,1.375,return yearn ask have be marry
Baba,Penny,0.0,8.333333333333332,50.0,0.0,rub
Max,Penny,1.1904761904761905,4.166666666666666,61.30952380952381,0.2857142857142857,be test feel grow begin vibrate
Max,Penny,1.1904761904761905,4.166666666666666,61.30952380952381,0.2857142857142857,be test feel grow begin vibrate
Penny,Max,8.0,1.0,59.0,8.0,be be happen be
Baba,Penny,0.0,2.380952380952381,50.0,0.0,return be wheeze convulse
Phoebe,Maxwell,4.605263157894736,1.3157894736842104,51.973684210526315,3.5,find have defeat have destroy
Baba,Max,3.3333333333333335,3.75,46.25,0.8888888888888888,point dance say try
Baba,Penny,1.3157894736842104,5.263157894736842,51.31578947368421,0.25,be forage need
Shirley,Penny,0.7352941176470588,0.0,40.44117647058824,INF,do say
Yuri,Penny,6.944444444444445,1.3888888888888888,63.888888888888886,5.0,have grow be force hold
Yuri,Penny,1.7857142857142856,3.571428571428571,47.023809523809526,0.5,go burn knock
Penny,Monique,3.125,9.375,37.5,0.3333333333333333,need call warn
Monique,Penny,6.944444444444445,2.083333333333333,52.083333333333336,3.3333333333333335,think
Penny,Monique,6.944444444444445,2.083333333333333,52.083333333333336,3.3333333333333335,think
Penny,Monique,3.90625,0.0,64.84375,INF,pray draw
Monique,Baba,2.840909090909091,2.272727272727273,40.340909090909086,1.25,pass practice exercise have drill
Baba,Monique,2.840909090909091,2.272727272727273,40.340909090909086,1.25,pass practice exercise have drill
Monique,Penny,5.172413793103448,3.0172413793103448,60.775862068965516,1.7142857142857142,use breach
Monique,Penny,3.4090909090909087,2.272727272727273,54.92424242424242,1.5,gain have stimulate encourage vent
Penny,Monique,3.4090909090909087,2.272727272727273,54.92424242424242,1.5,gain have stimulate encourage vent
Monique,Penny,3.9473684210526314,1.3157894736842104,52.63157894736842,3.0,follow sponge use
Monique,Penny,0.9375,0.3125,46.25,3.0,brandish have augment motion lie say recommence
Penny,Max,11.71875,1.5625,49.21875,7.5,have teach
C. Linus Maxwell,Penny,1.9736842105263157,6.578947368421052,59.86842105263158,0.3,return find mar
Penny,Monique,1.7857142857142856,5.357142857142857,35.714285714285715,0.3333333333333333,think
Penny,Monique,3.804347826086957,5.978260869565218,51.08695652173913,0.6363636363636364,displace kick
Penny,Monique,0.0,0.0,62.5,INF,rush shout
Monique,CNN,1.25,0.0,45.416666666666664,INF,hand-feed place watch
Kwan Qxi,Esperanza,3.125,2.083333333333333,40.625,1.5,be clutch
Kwan Qxi,Penny,3.125,2.083333333333333,40.625,1.5,be clutch
Esperanza,Penny,3.125,2.083333333333333,40.625,1.5,be clutch
Monique,CNN,0.3048780487804878,0.9146341463414633,52.4390243902439,0.3333333333333333,begin ascend make rise
Monique,CNN,0.3048780487804878,0.9146341463414633,52.4390243902439,0.3333333333333333,begin ascend make rise
Penelope Harrigan,Penny,1.6025641025641024,3.205128205128205,38.782051282051285,0.5,rant drag burn be
Penelope Harrigan,Penny,1.6025641025641024,3.205128205128205,38.782051282051285,0.5,rant drag burn be
Penny,Brenda,1.1363636363636365,3.4090909090909087,40.909090909090914,0.3333333333333333,approach venture
Penny,Yuri,0.0,3.125,55.208333333333336,0.0,find
Penny,Brenda,7.8125,1.5625,53.125,5.0,try save tug offer
Penny,Brenda,0.0,0.0,52.94117647058824,INF,plead try match
Brenda,Penny,4.807692307692308,5.769230769230769,50.96153846153846,0.8333333333333334,have sink
Brenda,Penny,0.5952380952380952,9.523809523809524,56.547619047619044,0.0625,smear gnaw
Brenda,Penny,0.5952380952380952,9.523809523809524,56.547619047619044,0.0625,smear gnaw
Penny,Brenda,1.9230769230769231,7.6923076923076925,55.769230769230774,0.25,shock drop hear say
Penny,Brenda,1.9230769230769231,7.6923076923076925,55.769230769230774,0.25,shock drop hear say
Penny,DataMicroCom,5.092592592592593,0.9259259259259258,60.64814814814815,5.5,be make note be manufacture
Penny,C. Linus Maxwell,1.7361111111111112,0.6944444444444444,47.56944444444444,2.5,decree make have plunder enslave
Penny,Alouette,1.3888888888888888,0.6944444444444444,53.47222222222222,2.0,be have be finger
Penny,Max,0.0,0.0,57.89473684210527,INF,pull see reflect
Clarissa Hind,Max,0.0,0.0,37.5,INF,say
Max,Clarissa Hind,1.3888888888888888,0.0,59.72222222222222,INF,explain meet be sell
Max,Clarissa Hind,1.3888888888888888,0.0,59.72222222222222,INF,explain meet be sell
Max,Clarissa Hind,1.3888888888888888,0.0,59.72222222222222,INF,explain meet be sell
Max,Clarissa Hind,1.3888888888888888,0.0,59.72222222222222,INF,explain meet be sell
Clarissa Hind,Max,4.166666666666666,4.166666666666666,25.0,1.0,be
Max,Clarissa Hind,0.0,4.166666666666666,43.452380952380956,0.0,see become
Max,Clarissa Hind,0.0,4.166666666666666,43.452380952380956,0.0,see become
Clarissa Hind,Max,2.5,1.25,56.25,2.0,have be want become die
Max,Clarissa Hind,2.5,1.25,56.25,2.0,have be want become die
Clarissa Hind,Max,1.1627906976744187,4.941860465116279,40.406976744186046,0.23529411764705882,want become refuse fail have kill begin
Clarissa Hind,Max,1.1627906976744187,4.941860465116279,40.406976744186046,0.23529411764705882,want become refuse fail have kill begin
Clarissa Hind,Max,1.1627906976744187,4.941860465116279,40.406976744186046,0.23529411764705882,want become refuse fail have kill begin
Clarissa Hind,Max,1.1627906976744187,4.941860465116279,40.406976744186046,0.23529411764705882,want become refuse fail have kill begin
Max,Clarissa Hind,1.1627906976744187,4.941860465116279,40.406976744186046,0.23529411764705882,want become refuse fail have kill begin
Alouette,Max,1.9230769230769231,0.0,44.230769230769226,INF,be say
Clarissa Hind,Max,0.6578947368421052,1.9736842105263157,44.73684210526316,0.3333333333333333,fail give punish
Max,Clarissa Hind,0.6578947368421052,1.9736842105263157,44.73684210526316,0.3333333333333333,fail give punish
Max,Clarissa Hind,2.0,2.0,48.0,1.0,drive blast eat sleep
Max,Clarissa Hind,2.0,2.0,48.0,1.0,drive blast eat sleep
Max,Clarissa Hind,2.0,2.0,48.0,1.0,drive blast eat sleep
Alouette,Clarissa Hind,1.5625,2.34375,52.34375,0.6666666666666666,cease be grow terrify
Clarissa Hind,Max,4.0,3.0,45.0,1.3333333333333333,have tell have say have kill
Max,Clarissa Hind,4.0,3.0,45.0,1.3333333333333333,have tell have say have kill
Clarissa Hind,Max,0.0,0.0,41.66666666666667,INF,be go tell confirm
Yuri,Brenda,0.625,0.0,29.375,INF,be
Yuri,Brenda,0.625,0.0,29.375,INF,be
Brenda,Yuri,0.625,0.0,29.375,INF,be
Yuri,Brenda,0.625,0.0,29.375,INF,be
Brenda,Penny,3.571428571428571,3.571428571428571,54.761904761904766,1.0,dream show be
Brenda,Penny,3.571428571428571,3.571428571428571,54.761904761904766,1.0,dream show be
Penny,Brenda,3.571428571428571,3.571428571428571,54.761904761904766,1.0,dream show be
Brenda,Penny,3.571428571428571,3.571428571428571,54.761904761904766,1.0,dream show be
Max,Brenda,0.0,0.0,44.44444444444444,INF,follow gaze
Phoebe,Maxwell,0.0,0.0,42.857142857142854,INF,shake
Max,Brenda,1.5625,1.5625,46.875,1.0,fix
DataMicroCom,Max,1.7045454545454544,3.4090909090909087,53.97727272727273,0.5,make broadcast trigger
Penny,Max,7.8125,0.0,67.1875,INF,know be tell
Max,Penny,4.166666666666666,1.7857142857142856,51.19047619047619,2.3333333333333335,suppress say have create make
Penny,Max,0.0,3.90625,52.34375,0.0,try hide see
Penny,Phoebe,0.0,3.90625,52.34375,0.0,try hide see
Max,Phoebe,0.0,3.90625,52.34375,0.0,try hide see
Max,Baba,2.0161290322580645,3.225806451612903,30.241935483870968,0.625,press add loathe have steal use
Max,Baba,2.0161290322580645,3.225806451612903,30.241935483870968,0.625,press add loathe have steal use
Max,Penny,0.5434782608695652,2.1739130434782608,58.152173913043484,0.25,wiggle feel
Max,Penny,0.5434782608695652,2.1739130434782608,58.152173913043484,0.25,wiggle feel
Penny,Max,0.5434782608695652,2.1739130434782608,58.152173913043484,0.25,wiggle feel
Penny,Max,1.25,5.0,63.74999999999999,0.25,feel shiver tease
Max,Baba,0.0,1.1904761904761905,55.952380952380956,0.0,make brew bring
Penny,Phoebe,3.6458333333333335,2.083333333333333,65.10416666666666,1.75,be be live
Baba,Max,0.0,0.0,50.0,INF,tell be
Baba,Penny,0.0,0.0,50.0,INF,tell be
Baba,Max,0.0,0.0,50.0,INF,tell be
Max,Penny,0.0,0.0,50.0,INF,tell be
Penny,Max,0.0,0.0,50.0,INF,tell be
Max,Penny,0.8928571428571428,4.464285714285714,66.07142857142857,0.2,retrieve dye
Max,Alouette,3.0,2.0,51.0,1.5,prompt mount stall
Max,Monique,0.0,0.0,28.57142857142857,INF,rush
Max,Penny,7.065217391304348,2.1739130434782608,47.28260869565217,3.25,be sleep exhaust hear collect
Penny,Max,3.6290322580645165,1.2096774193548387,56.451612903225815,3.0,hear mount have curl apply
Penny,Max,3.6290322580645165,1.2096774193548387,56.451612903225815,3.0,hear mount have curl apply
Penny,Max,3.6290322580645165,1.2096774193548387,56.451612903225815,3.0,hear mount have curl apply
Penny,Max,3.6290322580645165,1.2096774193548387,56.451612903225815,3.0,hear mount have curl apply
Baba,Max,7.236842105263158,1.3157894736842104,54.60526315789473,5.5,have teach have put learn
Baba,Penny,7.236842105263158,1.3157894736842104,54.60526315789473,5.5,have teach have put learn
Max,Penny,7.236842105263158,1.3157894736842104,54.60526315789473,5.5,have teach have put learn
Baba,Max,5.147058823529411,1.1029411764705883,55.51470588235294,4.666666666666667,have teach express accumulate do fill
Baba,Max,5.147058823529411,1.1029411764705883,55.51470588235294,4.666666666666667,have teach express accumulate do fill
Max,Penny,1.9230769230769231,0.0,59.61538461538461,INF,compress suppress
Max,Monique,2.380952380952381,1.1904761904761905,53.57142857142857,2.0,surrender insert choose
Max,Penny,4.032258064516129,2.4193548387096775,51.61290322580645,1.6666666666666667,have stimulate bring resurrect tell do die
Max,Penny,4.032258064516129,2.4193548387096775,51.61290322580645,1.6666666666666667,have stimulate bring resurrect tell do die
Baba,Penny,2.083333333333333,0.6944444444444444,52.77777777777778,3.0,have see do suck lick
Penny,Alouette,3.289473684210526,5.921052631578947,27.631578947368425,0.5555555555555556,speak
Penny,Clarissa Hind,3.289473684210526,5.921052631578947,27.631578947368425,0.5555555555555556,speak
Alouette,Clarissa Hind,3.289473684210526,5.921052631578947,27.631578947368425,0.5555555555555556,speak
Brillstein,Penny,2.631578947368421,3.289473684210526,46.71052631578947,0.8,wince lower glower
Brillstein,Penny,2.631578947368421,3.289473684210526,46.71052631578947,0.8,wince lower glower
Penny,Brillstein,2.631578947368421,3.289473684210526,46.71052631578947,0.8,wince lower glower
Phoebe,Alouette,5.833333333333333,0.8333333333333334,46.666666666666664,7.0,be shout do love
Penny,Alouette,1.7857142857142856,0.0,48.214285714285715,INF,be have witness have step
Clarissa Hind,Max,1.9230769230769231,2.8846153846153846,64.42307692307693,0.6666666666666666,have consider be
Max,Penny,0.4464285714285714,0.4464285714285714,70.53571428571429,1.0,pull take
C. Linus Maxwell,Penny,0.4807692307692308,0.0,49.519230769230774,INF,be drive know sell dangle
Penny,C. Linus Maxwell,0.4807692307692308,0.0,49.519230769230774,INF,be drive know sell dangle
Penny,C. Linus Maxwell,0.4807692307692308,0.0,49.519230769230774,INF,be drive know sell dangle
C. Linus Maxwell,Penny,1.1363636363636365,6.8181818181818175,37.5,0.16666666666666666,squander see
C. Linus Maxwell,Penny,1.1363636363636365,6.8181818181818175,37.5,0.16666666666666666,squander see
C. Linus Maxwell,Phoebe,7.291666666666667,2.083333333333333,48.95833333333333,3.5,do allow meet
C. Linus Maxwell,Phoebe,7.291666666666667,2.083333333333333,48.95833333333333,3.5,do allow meet
Penny,C. Linus Maxwell,1.5625,1.171875,62.890625,1.3333333333333333,take state reach remove
Penny,C. Linus Maxwell,1.5625,1.171875,62.890625,1.3333333333333333,take state reach remove
C. Linus Maxwell,Penny,1.5625,1.171875,62.890625,1.3333333333333333,take state reach remove
C. Linus Maxwell,Penny,1.5625,1.171875,62.890625,1.3333333333333333,take state reach remove
C. Linus Maxwell,Penny,1.5625,1.171875,62.890625,1.3333333333333333,take state reach remove
C. Linus Maxwell,Penny,1.5625,1.171875,62.890625,1.3333333333333333,take state reach remove
Penny,C. Linus Maxwell,2.1739130434782608,3.260869565217391,51.08695652173913,0.6666666666666666,be tell flood
Penny,C. Linus Maxwell,4.411764705882353,2.2058823529411766,63.970588235294116,2.0,be nurture guess be
Penny,C. Linus Maxwell,10.833333333333334,3.3333333333333335,52.5,3.25,be menace
C. Linus Maxwell,Baba,3.125,1.5625,57.8125,2.0,stroke be
Penny,C. Linus Maxwell,0.0,0.0,60.0,INF,shake
Max,C. Linus Maxwell,0.0,0.9615384615384616,45.19230769230769,0.0,hover wait betray
Penny,Mr. Maxwell,2.314814814814815,1.3888888888888888,59.25925925925925,1.6666666666666667,say permit test
Penny,Mr. Maxwell,2.314814814814815,1.3888888888888888,59.25925925925925,1.6666666666666667,say permit test
Penny,C. Linus Maxwell,6.25,5.46875,44.53125,1.1428571428571428,take touch
Penny,Max,6.25,5.46875,44.53125,1.1428571428571428,take touch
C. Linus Maxwell,Max,6.25,5.46875,44.53125,1.1428571428571428,take touch
Penny,C. Linus Maxwell,0.0,0.0,57.14285714285714,INF,feel grow
Max,C. Linus Maxwell,0.0,0.0,60.0,INF,glare
C. Linus Maxwell,Penny,0.0,4.166666666666666,40.27777777777778,0.0,dare assume
C. Linus Maxwell,Max,0.0,4.6875,32.8125,0.0,give
Miss Harrigan,Mr. Maxwell,3.75,3.3333333333333335,46.25,1.125,continue say be
Phoebe,Maxwell,2.6785714285714284,0.8928571428571428,46.42857142857143,3.0,listen explain have serve
Phoebe,Baba,2.6785714285714284,0.8928571428571428,46.42857142857143,3.0,listen explain have serve
Maxwell,Baba,2.6785714285714284,0.8928571428571428,46.42857142857143,3.0,listen explain have serve
Max,Penny,7.352941176470589,1.4705882352941175,50.0,5.0,press smell rise
Phoebe,Maxwell,1.4705882352941175,0.7352941176470588,68.38235294117648,2.0,look be play be spur occur fiddle
Penny,Chez Romaine,0.8928571428571428,0.0,63.39285714285714,INF,recall
Penny,Chez Romaine,0.8928571428571428,0.0,63.39285714285714,INF,recall
Max,Penny,0.9615384615384616,3.8461538461538463,56.730769230769226,0.25,carry hold prevent mar
Max,Penny,0.9615384615384616,3.8461538461538463,56.730769230769226,0.25,carry hold prevent mar
Max,Penny,0.0,0.0,70.0,INF,be put
Penny,Monique,9.659090909090908,1.1363636363636365,48.29545454545455,8.5,look have give be
Penny,Max,9.659090909090908,1.1363636363636365,48.29545454545455,8.5,look have give be
Monique,Max,9.659090909090908,1.1363636363636365,48.29545454545455,8.5,look have give be
Penny,Monique,6.481481481481481,4.166666666666666,52.31481481481482,1.5555555555555556,seem have be badger throw
Penny,Max,6.481481481481481,4.166666666666666,52.31481481481482,1.5555555555555556,seem have be badger throw
Monique,Penny,6.481481481481481,4.166666666666666,52.31481481481482,1.5555555555555556,seem have be badger throw
Monique,Penny,6.481481481481481,4.166666666666666,52.31481481481482,1.5555555555555556,seem have be badger throw
Monique,Max,6.481481481481481,4.166666666666666,52.31481481481482,1.5555555555555556,seem have be badger throw
Penny,Max,6.481481481481481,4.166666666666666,52.31481481481482,1.5555555555555556,seem have be badger throw
Penny,Max,6.481481481481481,4.166666666666666,52.31481481481482,1.5555555555555556,seem have be badger throw
Penny,National Enquirer,0.5952380952380952,0.5952380952380952,70.23809523809523,1.0,smooth find be
Penny,Max,4.761904761904762,3.571428571428571,63.095238095238095,1.3333333333333333,be be use keep progress
Monique,C. Linus Maxwell,0.0,1.3888888888888888,43.05555555555556,0.0,become
Penny,C. Linus Maxwell,0.0,0.0,62.5,INF,take
C. Linus Maxwell,Penny,0.0,0.0,62.5,INF,take
Phoebe,Maxwell,4.411764705882353,2.2058823529411766,69.85294117647058,2.0,dip bring
Baba,Phoebe,3.977272727272727,1.1363636363636365,40.340909090909086,3.5,cry know steal
Max,Penny,4.6875,2.083333333333333,55.729166666666664,2.25,hover announce know
Baba,Penny,0.5208333333333333,2.083333333333333,47.39583333333333,0.25,venture be wear be
Baba,Max,6.25,4.464285714285714,53.57142857142857,1.4,remain stare
Penny,Baba,4.411764705882353,0.0,60.29411764705882,INF,be have close
Penny,Phoebe,4.411764705882353,0.0,60.29411764705882,INF,be have close
Baba,Phoebe,4.411764705882353,0.0,60.29411764705882,INF,be have close
Phoebe,Maxwell,0.8064516129032258,2.4193548387096775,58.06451612903226,0.3333333333333333,stash raise lunge
Phoebe,Maxwell,0.8064516129032258,2.4193548387096775,58.06451612903226,0.3333333333333333,stash raise lunge
Penny,Baba,0.0,2.272727272727273,34.090909090909086,0.0,shout
Max,Baba,1.7241379310344827,3.8793103448275863,53.01724137931034,0.4444444444444444,have mutter spring grab say die
Maxwell,Penny,2.2058823529411766,0.7352941176470588,67.64705882352942,3.0,look be bear
Max,Baba,0.0,7.142857142857142,57.14285714285714,0.0,crush be die
Penny,Monique,10.416666666666668,0.0,47.91666666666667,INF,embrace love
Penny,Max,0.6944444444444444,0.0,54.861111111111114,INF,begin deflect
Penny,Baba,2.7777777777777777,1.3888888888888888,51.388888888888886,2.0,focus feel flare blast
Phoebe,Maxwell,3.4090909090909087,0.7575757575757576,56.439393939393945,4.5,be wound have launch
Phoebe,Maxwell,3.4090909090909087,0.7575757575757576,56.439393939393945,4.5,be wound have launch
Baba,Max,0.0,6.944444444444445,59.72222222222222,0.0,be be die
Max,Maxwell,5.208333333333334,2.083333333333333,59.375,2.5,be look plead
Max,Maxwell,0.0,0.0,31.25,INF,say hold take
Maxwell,Phoebe,0.0,0.0,44.44444444444444,INF,be marry
Chez Romaine,Max,1.25,0.0,53.75,INF,have order have stop
Max,Penny,5.952380952380952,0.0,65.47619047619048,INF,have dangle see be gush
Shippee,Penny,1.6304347826086956,3.260869565217391,47.28260869565217,0.5,sob read
Shippee,Phoebe,1.6304347826086956,3.260869565217391,47.28260869565217,0.5,sob read
Penny,Phoebe,1.6304347826086956,3.260869565217391,47.28260869565217,0.5,sob read
Max,Penny,3.571428571428571,4.464285714285714,63.39285714285714,0.8,have spill
Max,Chez Romaine,3.571428571428571,4.464285714285714,63.39285714285714,0.8,have spill
Penny,Chez Romaine,3.571428571428571,4.464285714285714,63.39285714285714,0.8,have spill
Max,Penny,1.0775862068965518,1.0775862068965518,53.01724137931034,1.0,be hold recount weep lift be
Max,Penny,1.0775862068965518,1.0775862068965518,53.01724137931034,1.0,be hold recount weep lift be
Max,Penny,1.0775862068965518,1.0775862068965518,53.01724137931034,1.0,be hold recount weep lift be
Penny,Phoebe,0.0,0.0,50.0,INF,be resurrect
Baba,Maxwell,0.0,0.6944444444444444,49.30555555555556,0.0,lay wash
Baba,Maxwell,0.0,0.6944444444444444,49.30555555555556,0.0,lay wash
Maxwell,Max,3.3333333333333335,1.6666666666666667,55.00000000000001,2.0,live slow flutter close
Max,Penny,3.308823529411765,2.5735294117647056,61.76470588235294,1.2857142857142858,have expire have board be wing
Penny,Monique,2.7777777777777777,0.3472222222222222,63.541666666666664,8.0,reason trickle find lure perpetuate
Penelope Harrigan,Baba,1.0869565217391304,0.0,33.69565217391305,INF,accept pass
Penelope Harrigan,Bella Abzug,1.0869565217391304,0.0,33.69565217391305,INF,accept pass
Penelope Harrigan,Baba,1.0869565217391304,0.0,33.69565217391305,INF,accept pass
Penelope Harrigan,Bella Abzug,1.0869565217391304,0.0,33.69565217391305,INF,accept pass
Baba,Bella Abzug,1.0869565217391304,0.0,33.69565217391305,INF,accept pass
Penny,Penelope Harrigan,7.8125,0.78125,47.65625,10.0,squat enjoy
Baba,Penny,3.125,2.083333333333333,53.125,1.5,be have read
Penelope Harrigan,Penny,3.2407407407407405,0.0,59.72222222222222,INF,have cut have sever
Penny,Penelope Harrigan,3.2407407407407405,0.0,59.72222222222222,INF,have cut have sever
Max,Penny,2.1551724137931036,2.1551724137931036,57.758620689655174,1.0,mention feel
Tom Berenger,Richard Thomas,1.893939393939394,2.272727272727273,44.31818181818182,0.8333333333333334,make prompt create kiss
Penny,Baba,0.8333333333333334,3.3333333333333335,49.166666666666664,0.25,whisper be
Brenda,Yuri,1.5625,0.0,42.1875,INF,
Kwan Qxi,Esperanza,1.7857142857142856,3.571428571428571,8.928571428571429,0.5,
Esperanza,Penny,4.545454545454546,0.0,59.09090909090909,INF,let rejoice tell
Penelope Harrigan,Clarissa Hind,2.941176470588235,2.941176470588235,35.294117647058826,1.0,surpass wield
Penelope Harrigan,Alouette,2.941176470588235,2.941176470588235,35.294117647058826,1.0,surpass wield
Penelope Harrigan,Clarissa Hind,2.941176470588235,2.941176470588235,35.294117647058826,1.0,surpass wield
Penelope Harrigan,Alouette,2.941176470588235,2.941176470588235,35.294117647058826,1.0,surpass wield
Clarissa Hind,Alouette,2.941176470588235,2.941176470588235,35.294117647058826,1.0,surpass wield
Max,Penelope Harrigan,5.147058823529411,6.61764705882353,41.17647058823529,0.7777777777777778,redeem bring
Penny,Gloria Steinem,2.604166666666667,0.0,64.0625,INF,press bestow
Gloria Steinem,Max,6.25,6.25,37.5,1.0,intoxicate refer
Ron Howard,Gloria Steinem,2.5,0.0,47.5,INF,swagger
