NAME 1,NAME 2,% POS,% NEG,% NEUTRAL,POS:NEG,VERBS
Jack,Cole,6.61764705882353,2.941176470588235,55.14705882352941,2.25,grab place have be have take do
Cole,Jack,3.0172413793103448,2.586206896551724,49.56896551724138,1.1666666666666667,flash have take rescue
Jack,Mrs. Jenkins,2.5,2.857142857142857,60.357142857142854,0.875,set stack take have be kill
Jack,Mrs. Jenkins,2.5,2.857142857142857,60.357142857142854,0.875,set stack take have be kill
Cole,Max,3.571428571428571,12.5,55.35714285714286,0.2857142857142857,have tell have kill
Cole,Mrs. Jenkins,3.571428571428571,12.5,55.35714285714286,0.2857142857142857,have tell have kill
Max,Mrs. Jenkins,3.571428571428571,12.5,55.35714285714286,0.2857142857142857,have tell have kill
Mrs. Jenkins,Cole,3.7037037037037033,6.481481481481481,52.77777777777778,0.5714285714285714,know do want get have survive
Jack,Mrs. Jenkins,2.5,1.6666666666666667,55.833333333333336,1.5,be leave
Cole,Ashe,1.3888888888888888,9.722222222222223,55.55555555555556,0.14285714285714285,miss
Spears,Jack,6.578947368421052,1.9736842105263157,54.60526315789473,3.3333333333333335,be know say
Becks,Jack,1.1363636363636365,1.1363636363636365,52.27272727272727,1.0,look say
Tommy,Mrs. Stone,4.326923076923077,0.4807692307692308,60.57692307692307,9.0,do make allow be
Jack,Jules,1.4705882352941175,0.7352941176470588,50.73529411764706,2.0,add look be
Jules,Jack,5.769230769230769,0.9615384615384616,31.73076923076923,6.0,know say
Cole,Jack,8.59375,4.6875,42.96875,1.8333333333333333,know have say
Cole,Jack,8.59375,4.6875,42.96875,1.8333333333333333,know have say
Jules,Xanadu,6.25,0.0,23.75,INF,say be love
Jack,Cole,1.3888888888888888,8.333333333333332,45.83333333333333,0.16666666666666666,toss
Max,Gavin,1.4705882352941175,4.411764705882353,47.05882352941176,0.3333333333333333,start discover be
Max,Cole,1.4705882352941175,4.411764705882353,47.05882352941176,0.3333333333333333,start discover be
Max,Cole,1.4705882352941175,4.411764705882353,47.05882352941176,0.3333333333333333,start discover be
Gavin,Cole,1.4705882352941175,4.411764705882353,47.05882352941176,0.3333333333333333,start discover be
Gavin,Cole,1.4705882352941175,4.411764705882353,47.05882352941176,0.3333333333333333,start discover be
Becks,Jack,0.0,0.0,33.33333333333333,INF,say
Jack,Tommy,2.840909090909091,0.0,65.3409090909091,INF,sit reach
Jack,Cole,3.515625,3.90625,61.328125,0.9,be be pay drive do see be
Jack,Cole,3.515625,3.90625,61.328125,0.9,be be pay drive do see be
Jack,CIA,0.0,3.6764705882352944,43.38235294117647,0.0,stop breathe say be
Jack,CIA,0.0,3.6764705882352944,43.38235294117647,0.0,stop breathe say be
Becks,Mrs. Stone,3.9473684210526314,6.578947368421052,36.84210526315789,0.6,say use be
Becks,Mrs. Stone,3.9473684210526314,6.578947368421052,36.84210526315789,0.6,say use be
Becks,Mrs. Stone,3.9473684210526314,6.578947368421052,36.84210526315789,0.6,say use be
Mrs. Stone,Jules,1.9230769230769231,1.4423076923076923,46.63461538461539,1.3333333333333333,smile remember forgive feel be meet
Jules,Mrs. Stone,1.9230769230769231,1.4423076923076923,46.63461538461539,1.3333333333333333,smile remember forgive feel be meet
Jules,Mrs. Stone,1.9230769230769231,1.4423076923076923,46.63461538461539,1.3333333333333333,smile remember forgive feel be meet
Cole,Mrs. Stone,1.2096774193548387,2.0161290322580645,58.06451612903226,0.6,nod turn look check get
Tara,Jules,0.0,0.0,45.45454545454545,INF,walk wave motion
Jules,Tara,0.0,0.0,45.45454545454545,INF,walk wave motion
Jules,Tara,0.0,0.0,45.45454545454545,INF,walk wave motion
Tara,Jules,3.9473684210526314,0.6578947368421052,48.026315789473685,6.0,sit smile turn talk
Tara,Jules,3.9473684210526314,0.6578947368421052,48.026315789473685,6.0,sit smile turn talk
Tara,Mrs. Stone,1.282051282051282,0.9615384615384616,61.858974358974365,1.3333333333333333,be be read turn write
Neal,Cole,4.032258064516129,2.0161290322580645,61.693548387096776,2.0,have see come have enrol get
Cole,Neal,1.25,0.0,68.75,INF,be surprise be appear
Mrs. Stone,Nikki,5.288461538461538,1.9230769230769231,46.63461538461539,2.75,nod be terrify say know be
Mrs. Stone,Nikki,5.288461538461538,1.9230769230769231,46.63461538461539,2.75,nod be terrify say know be
Mrs. Stone,Jules,3.571428571428571,0.0,57.14285714285714,INF,realize be look be look
Mrs. Stone,Jules,3.571428571428571,0.0,57.14285714285714,INF,realize be look be look
Jules,Tara,0.0,0.0,56.52173913043478,INF,turn whip hear
Jules,Tara,0.0,0.0,56.52173913043478,INF,turn whip hear
Jules,Tara,0.0,0.0,56.52173913043478,INF,turn whip hear
Jules,Tara,0.0,6.730769230769231,54.807692307692314,0.0,look give shrug
Miss Beckett,Mrs. Stone,0.0,0.0,50.0,INF,seem say gaze
Jack,Cole,11.875,9.375,53.75,1.2666666666666666,do know be kill be blaze
Jack,Cole,0.0,3.90625,58.59375,0.0,be storm tear
Nikki,Neal,4.464285714285714,0.0,24.107142857142858,INF,do know
Jack,Cole,5.769230769230769,11.538461538461538,44.230769230769226,0.5,eye think feed
Jules,Jack,1.1363636363636365,3.4090909090909087,54.54545454545454,0.3333333333333333,sit sit
Jules,Cole,2.027027027027027,2.7027027027027026,65.54054054054053,0.75,get catch think be feed do pay mention
Ariel,Luke,0.8333333333333334,0.0,59.166666666666664,INF,think be say
Jules,Ariel,0.0,0.0,27.27272727272727,INF,happen
Jules,Luke,0.0,0.0,27.27272727272727,INF,happen
Ariel,Luke,0.0,0.0,27.27272727272727,INF,happen
Ariel,Luke,4.166666666666666,5.833333333333333,50.0,0.7142857142857143,hear accuse deny
Ariel,Luke,4.166666666666666,5.833333333333333,50.0,0.7142857142857143,hear accuse deny
Jack,Cole,4.391891891891892,6.418918918918918,54.054054054054056,0.6842105263157895,shake flash think have cheat be blame
Jack,Cole,4.391891891891892,6.418918918918918,54.054054054054056,0.6842105263157895,shake flash think have cheat be blame
Cole,Jack,11.538461538461538,4.807692307692308,45.19230769230769,2.4,have manipulate make
Luke,Ariel,0.0,7.8125,42.1875,0.0,cheat
Jules,Jack,7.142857142857142,1.7857142857142856,62.5,4.0,give put
Cole,Jack,1.7857142857142856,17.857142857142858,37.5,0.1,disappear
Jules,Jack,1.5625,1.5625,46.875,1.0,look nod
Jules,Jack,6.25,2.840909090909091,50.0,2.2,be have believe have corroborate be
Jack,Jules,8.333333333333332,0.0,41.66666666666667,INF,take
Tara,Jules,0.8928571428571428,0.0,41.964285714285715,INF,say be say
Tara,Jules,0.8928571428571428,0.0,41.964285714285715,INF,say be say
Jack,Jules,1.4705882352941175,0.7352941176470588,56.61764705882353,2.0,stand slap
Max,Tara,0.9615384615384616,0.0,52.88461538461539,INF,sit
Max,Tara,2.272727272727273,0.0,61.36363636363637,INF,have drape
Max,Tara,2.272727272727273,0.0,61.36363636363637,INF,have drape
Max,Tara,2.403846153846154,1.4423076923076923,65.38461538461539,1.6666666666666667,glance hit look raise
Tara,Max,2.403846153846154,1.4423076923076923,65.38461538461539,1.6666666666666667,glance hit look raise
Tara,Max,2.403846153846154,1.4423076923076923,65.38461538461539,1.6666666666666667,glance hit look raise
Max,Jack,0.8333333333333334,0.8333333333333334,51.66666666666667,1.0,take
Max,Jules,0.8333333333333334,0.8333333333333334,51.66666666666667,1.0,take
Jack,Jules,0.8333333333333334,0.8333333333333334,51.66666666666667,1.0,take
Cole,Jules,0.0,12.5,37.5,0.0,say
Jack,Max,1.1363636363636365,1.1363636363636365,61.36363636363637,1.0,take
Jack,Max,1.1363636363636365,1.1363636363636365,61.36363636363637,1.0,take
Jules,Max,2.272727272727273,0.0,65.9090909090909,INF,sit be occupy put wave
Jules,Tara,2.272727272727273,0.0,65.9090909090909,INF,sit be occupy put wave
Jules,Tara,2.272727272727273,0.0,65.9090909090909,INF,sit be occupy put wave
Max,Tara,2.272727272727273,0.0,65.9090909090909,INF,sit be occupy put wave
Max,Tara,2.272727272727273,0.0,65.9090909090909,INF,sit be occupy put wave
Max,Jack,2.631578947368421,0.6578947368421052,65.13157894736842,4.0,lead follow
Jack,Max,2.631578947368421,0.6578947368421052,65.13157894736842,4.0,lead follow
Jack,Max,0.78125,0.78125,60.9375,1.0,stand fold nod
Jack,Max,0.78125,0.78125,60.9375,1.0,stand fold nod
Gavin,Ariel,2.5,1.25,36.25,2.0,be mess
Cole,Everlivings,1.9230769230769231,9.615384615384617,50.0,0.2,make change say
Max,Jack,6.25,6.25,54.166666666666664,1.0,lose glance
Max,Jack,6.25,6.25,54.166666666666664,1.0,lose glance
Gavin,Ariel,0.0,0.0,0.0,INF,
Brooke Chase,Max,0.0,0.0,55.55555555555556,INF,fill
Max,Jack,2.5,1.25,61.25000000000001,2.0,sink realize mean speak look
Jack,Max,8.928571428571429,1.7857142857142856,60.71428571428571,5.0,swat
Max,Jack,0.6944444444444444,0.6944444444444444,59.72222222222222,1.0,start walk step
Max,Jack,0.6944444444444444,0.6944444444444444,59.72222222222222,1.0,start walk step
Max,Jack,2.6785714285714284,5.357142857142857,63.39285714285714,0.5,have disappear turn
Tara,Jack,0.9615384615384616,0.9615384615384616,59.61538461538461,1.0,do have say
Jules,Tara,1.25,0.0,58.75,INF,take think
Ariel,Tara,3.804347826086957,4.891304347826087,47.82608695652174,0.7777777777777778,have find get be cheat
Ariel,Luke,3.804347826086957,4.891304347826087,47.82608695652174,0.7777777777777778,have find get be cheat
Ariel,Tara,3.804347826086957,4.891304347826087,47.82608695652174,0.7777777777777778,have find get be cheat
Tara,Luke,3.804347826086957,4.891304347826087,47.82608695652174,0.7777777777777778,have find get be cheat
Luke,Tara,3.804347826086957,4.891304347826087,47.82608695652174,0.7777777777777778,have find get be cheat
Brooke Chase,Oliver,4.642857142857143,0.0,41.07142857142857,INF,have find be go have find be home get
Brooke Chase,Oliver,4.642857142857143,0.0,41.07142857142857,INF,have find be go have find be home get
Brooke Chase,Oliver,4.642857142857143,0.0,41.07142857142857,INF,have find be go have find be home get
Brooke Chase,Oliver,4.642857142857143,0.0,41.07142857142857,INF,have find be go have find be home get
Brooke Chase,Oliver,4.642857142857143,0.0,41.07142857142857,INF,have find be go have find be home get
Brooke Chase,Oliver,4.642857142857143,0.0,41.07142857142857,INF,have find be go have find be home get
Oliver,Brooke Chase,4.642857142857143,0.0,41.07142857142857,INF,have find be go have find be home get
Oliver,Brooke Chase,4.642857142857143,0.0,41.07142857142857,INF,have find be go have find be home get
Brooke Chase,Oliver,4.642857142857143,0.0,41.07142857142857,INF,have find be go have find be home get
Becks,Jack,2.0,0.5,45.5,4.0,have watch see be go go interrupt
Tara,Ariel,1.4423076923076923,2.403846153846154,46.15384615384615,0.6,save be stop go find
Tara,Ariel,1.7045454545454544,1.1363636363636365,56.25,1.5,live know be become
Jack,Jules,0.9615384615384616,5.769230769230769,54.807692307692314,0.16666666666666666,drop
Jack,Tara,0.9615384615384616,5.769230769230769,54.807692307692314,0.16666666666666666,drop
Jack,Tara,0.9615384615384616,5.769230769230769,54.807692307692314,0.16666666666666666,drop
Jules,Tara,0.9615384615384616,5.769230769230769,54.807692307692314,0.16666666666666666,drop
Jules,Tara,0.9615384615384616,5.769230769230769,54.807692307692314,0.16666666666666666,drop
Tara,Jules,1.0416666666666665,0.5208333333333333,44.27083333333333,2.0,do say sit tell be
Jules,Tara,1.0416666666666665,0.5208333333333333,44.27083333333333,2.0,do say sit tell be
Jules,Tara,1.0416666666666665,0.5208333333333333,44.27083333333333,2.0,do say sit tell be
Jules,Tara,0.0,0.0,37.5,INF,be go stay
Jack,Cole,1.2195121951219512,4.878048780487805,54.87804878048781,0.25,be do notice be preoccupy be go feed
Jack,Cole,1.2195121951219512,4.878048780487805,54.87804878048781,0.25,be do notice be preoccupy be go feed
Jack,Cole,2.631578947368421,3.9473684210526314,72.36842105263158,0.6666666666666666,have focus survive watch feed
Cole,Jack,2.5,2.5,75.0,1.0,look
Jack,Cole,2.5,10.0,47.5,0.25,do want step cut
Gavin,Jack,0.0,0.0,48.148148148148145,INF,be sit run be
Gavin,Ariel,0.0,0.0,48.148148148148145,INF,be sit run be
Gavin,Jack,0.0,0.0,48.148148148148145,INF,be sit run be
Gavin,Ariel,0.0,0.0,48.148148148148145,INF,be sit run be
Jack,Gavin,0.0,0.0,48.148148148148145,INF,be sit run be
Jack,Ariel,0.0,0.0,48.148148148148145,INF,be sit run be
Gavin,Ariel,0.0,0.0,48.148148148148145,INF,be sit run be
Jack,Luke,1.1904761904761905,3.571428571428571,57.14285714285714,0.3333333333333333,have be be grope
Luke,Jack,1.1904761904761905,3.571428571428571,57.14285714285714,0.3333333333333333,have be be grope
Nikki,Gavin,0.0,0.0,22.22222222222222,INF,say
Ariel,Gavin,1.0416666666666665,1.0416666666666665,47.91666666666667,1.0,do bother look
Ariel,Gavin,0.0,6.25,43.75,0.0,push stand
Jack,Cole,2.7777777777777777,8.333333333333332,55.55555555555556,0.3333333333333333,follow
Cole,Jack,1.5625,0.78125,60.15625,2.0,sit stay
Cole,Jack,1.5625,0.78125,60.15625,2.0,sit stay
Nikki,Jack,3.90625,4.6875,35.15625,0.8333333333333334,put say
Nikki,Cole,3.90625,4.6875,35.15625,0.8333333333333334,put say
Jack,Cole,3.90625,4.6875,35.15625,0.8333333333333334,put say
Jack,Cole,2.8846153846153846,3.3653846153846154,62.980769230769226,0.8571428571428571,put hold make help get
Jack,Cole,2.8846153846153846,3.3653846153846154,62.980769230769226,0.8571428571428571,put hold make help get
Jack,Cole,2.8846153846153846,3.3653846153846154,62.980769230769226,0.8571428571428571,put hold make help get
Cole,Jack,0.9615384615384616,5.769230769230769,47.11538461538461,0.16666666666666666,look say level gaze
Cole,Jack,0.9615384615384616,5.769230769230769,47.11538461538461,0.16666666666666666,look say level gaze
Cole,Jack,6.25,3.75,60.0,1.6666666666666667,be make have say make
Cole,Jack,6.25,3.75,60.0,1.6666666666666667,be make have say make
Becks,Jack,3.125,0.4464285714285714,53.57142857142857,7.0,sleep say run
Becks,Jack,3.125,0.4464285714285714,53.57142857142857,7.0,sleep say run
Cole,Memory-Nikki,1.9230769230769231,0.0,51.92307692307693,INF,watch stare
Jack,Memory-Nikki,1.7857142857142856,1.7857142857142856,53.57142857142857,1.0,appear
Cole,Jack,1.0416666666666665,6.25,42.70833333333333,0.16666666666666666,see
Jack,Memory-Nikki,1.25,1.875,56.875,0.6666666666666666,hold be hold
Memory-Nikki,Jack,1.25,1.875,56.875,0.6666666666666666,hold be hold
Memory-Nikki,Jack,1.25,1.875,56.875,0.6666666666666666,hold be hold
Jack,Nate,1.7857142857142856,1.7857142857142856,53.57142857142857,1.0,turn glare
Memory-Nikki,Nate,2.7777777777777777,6.944444444444445,34.72222222222222,0.4,have notice
Jack,Cole,0.6944444444444444,4.166666666666666,50.69444444444444,0.16666666666666666,begin cut listen
Cole,Jack,1.7857142857142856,10.714285714285714,44.642857142857146,0.16666666666666666,turn
Cole,Jack,0.0,11.538461538461538,57.692307692307686,0.0,be do deny
Spears,Jack,0.0,0.0,50.0,INF,say
Jack,Cole,4.0,4.0,52.0,1.0,tell have leak
Jack,Neal,2.0,2.5,59.5,0.8,try remember have have
Jack,Cole,2.0,2.5,59.5,0.8,try remember have have
Jack,Neal,2.0,2.5,59.5,0.8,try remember have have
Jack,Cole,2.0,2.5,59.5,0.8,try remember have have
Jack,Neal,2.0,2.5,59.5,0.8,try remember have have
Jack,Cole,2.0,2.5,59.5,0.8,try remember have have
Neal,Jack,2.0,2.5,59.5,0.8,try remember have have
Neal,Jack,2.0,2.5,59.5,0.8,try remember have have
Neal,Cole,2.0,2.5,59.5,0.8,try remember have have
Jack,Cole,2.0,2.5,59.5,0.8,try remember have have
Jack,Cole,2.0,2.5,59.5,0.8,try remember have have
Cole,Jack,5.147058823529411,4.411764705882353,55.14705882352941,1.1666666666666667,consider have feel realize be
Jack,Cole,0.0,2.232142857142857,54.91071428571429,0.0,pull open say remember do let
Jack,Cole,0.0,2.232142857142857,54.91071428571429,0.0,pull open say remember do let
Cole,Neal,2.380952380952381,3.571428571428571,65.47619047619048,0.6666666666666666,be sit wait reach grab be be disguise
Cole,Neal,2.380952380952381,3.571428571428571,65.47619047619048,0.6666666666666666,be sit wait reach grab be be disguise
Mrs. Stone,Cole,1.7857142857142856,2.976190476190476,57.14285714285714,0.6,get have sit be
Jack,Mrs. Jenkins,2.083333333333333,0.6944444444444444,58.333333333333336,3.0,be sit thumb
Becks,Jack,0.0,1.1363636363636365,44.31818181818182,0.0,say crack
Becks,Jack,0.0,1.1363636363636365,44.31818181818182,0.0,say crack
Jack,Cole,5.0,5.0,36.666666666666664,1.0,do put find
Cole,Jack,0.6944444444444444,6.25,54.166666666666664,0.1111111111111111,make run
Jack,Cole,0.625,3.75,65.625,0.16666666666666666,drive try remember see
Jules,Jack,0.0,0.0,37.5,INF,text say
Jack,Cole,0.4464285714285714,2.6785714285714284,39.732142857142854,0.16666666666666666,run stumble ingest get
Jack,Cole,2.556818181818182,1.9886363636363635,50.0,1.2857142857142858,do instruct picture surround remember have make be try get
Jack,Ashe,2.556818181818182,1.9886363636363635,50.0,1.2857142857142858,do instruct picture surround remember have make be try get
Jack,Max,2.556818181818182,1.9886363636363635,50.0,1.2857142857142858,do instruct picture surround remember have make be try get
Cole,Ashe,2.556818181818182,1.9886363636363635,50.0,1.2857142857142858,do instruct picture surround remember have make be try get
Cole,Max,2.556818181818182,1.9886363636363635,50.0,1.2857142857142858,do instruct picture surround remember have make be try get
Ashe,Max,2.556818181818182,1.9886363636363635,50.0,1.2857142857142858,do instruct picture surround remember have make be try get
Cole,Becks,3.125,3.125,43.75,1.0,do make do say
Jack,Cole,1.1904761904761905,2.976190476190476,57.738095238095234,0.4,nod relieve be try leave go
Cole,Dan,0.5434782608695652,1.6304347826086956,54.347826086956516,0.3333333333333333,gaze shoot sprint leave scramble
Cole,Dan,0.5434782608695652,1.6304347826086956,54.347826086956516,0.3333333333333333,gaze shoot sprint leave scramble
Cole,Dan,0.5434782608695652,1.6304347826086956,54.347826086956516,0.3333333333333333,gaze shoot sprint leave scramble
Cole,Dan,0.5434782608695652,1.6304347826086956,54.347826086956516,0.3333333333333333,gaze shoot sprint leave scramble
Jack,Cole,2.717391304347826,4.3478260869565215,62.5,0.625,pull shield do notice be
Jack,Cole,2.717391304347826,4.3478260869565215,62.5,0.625,pull shield do notice be
Cole,Jack,2.717391304347826,4.3478260869565215,62.5,0.625,pull shield do notice be
Jack,Christopher,1.0714285714285714,0.35714285714285715,64.28571428571429,3.0,come do resemble take remember say do speak
Cole,Jack,5.0,8.125,56.875,0.6153846153846154,use have give run yank
Cole,Jack,5.0,8.125,56.875,0.6153846153846154,use have give run yank
Jack,Cole,5.0,2.5,64.5,2.0,hold be rub look proffer
Jack,Cole,5.0,2.5,64.5,2.0,hold be rub look proffer
Cole,Jack,4.464285714285714,5.357142857142857,40.17857142857143,0.8333333333333334,take hoist
Cole,Jack,4.464285714285714,5.357142857142857,40.17857142857143,0.8333333333333334,take hoist
Cole,Jack,4.464285714285714,5.357142857142857,40.17857142857143,0.8333333333333334,take hoist
Jack,Cole,3.0172413793103448,4.310344827586207,54.741379310344826,0.7,make be go get hit come bring
Jack,Cole,3.0172413793103448,4.310344827586207,54.741379310344826,0.7,make be go get hit come bring
Jack,Cole,3.0172413793103448,4.310344827586207,54.741379310344826,0.7,make be go get hit come bring
Jack,Cole,3.0172413793103448,4.310344827586207,54.741379310344826,0.7,make be go get hit come bring
Christopher,Cole,1.3888888888888888,3.2407407407407405,58.333333333333336,0.42857142857142855,split tell take start follow
Cole,Jack,1.5625,9.375,26.5625,0.16666666666666666,go
Cole,Jack,6.8181818181818175,1.1363636363636365,73.86363636363636,6.0,glance look
Jack,Cole,0.8928571428571428,5.357142857142857,50.89285714285714,0.16666666666666666,wave indicate take
Christopher,Cole,0.43103448275862066,2.1551724137931036,52.58620689655172,0.2,find get do let get
Christopher,Cole,0.43103448275862066,2.1551724137931036,52.58620689655172,0.2,find get do let get
Jack,Cole,2.7777777777777777,2.7777777777777777,64.81481481481481,1.0,drive keep narrow
Jack,Cole,5.555555555555555,1.3888888888888888,65.27777777777779,4.0,shake notice lodge
Jack,Jules,2.0161290322580645,0.4032258064516129,58.87096774193549,5.0,check text see cover tell be sleep
Max,Oliver,4.807692307692308,0.0,33.65384615384615,INF,do know be
Max,Gavin,4.807692307692308,0.0,33.65384615384615,INF,do know be
Oliver,Gavin,4.807692307692308,0.0,33.65384615384615,INF,do know be
Max,Oliver,0.0,0.0,20.0,INF,
Max,Gavin,0.0,0.0,20.0,INF,
Oliver,Gavin,0.0,0.0,20.0,INF,
Cole,Jack,3.225806451612903,1.2096774193548387,56.85483870967742,2.6666666666666665,furrow look be wait tell be
Cole,Jack,3.225806451612903,1.2096774193548387,56.85483870967742,2.6666666666666665,furrow look be wait tell be
Cole,Jack,3.225806451612903,1.2096774193548387,56.85483870967742,2.6666666666666665,furrow look be wait tell be
Cole,Jack,3.225806451612903,1.2096774193548387,56.85483870967742,2.6666666666666665,furrow look be wait tell be
Cole,Jack,3.225806451612903,1.2096774193548387,56.85483870967742,2.6666666666666665,furrow look be wait tell be
Cole,Jack,3.225806451612903,1.2096774193548387,56.85483870967742,2.6666666666666665,furrow look be wait tell be
Gavin,Jack,0.0,0.0,53.84615384615385,INF,do think be fake say
Jack,Cole,3.571428571428571,5.952380952380952,61.904761904761905,0.6,glance make be put
Cole,Jack,3.571428571428571,5.952380952380952,61.904761904761905,0.6,glance make be put
Cole,Jack,3.571428571428571,5.952380952380952,61.904761904761905,0.6,glance make be put
Cole,Jack,3.571428571428571,5.952380952380952,61.904761904761905,0.6,glance make be put
Jack,Cole,0.8333333333333334,4.166666666666666,35.0,0.2,say glance
Cole,Jack,4.310344827586207,3.8793103448275863,50.43103448275862,1.1111111111111112,have say remember have give
Cole,Jack,4.310344827586207,3.8793103448275863,50.43103448275862,1.1111111111111112,have say remember have give
Cole,Jack,4.310344827586207,3.8793103448275863,50.43103448275862,1.1111111111111112,have say remember have give
Cole,Jack,4.310344827586207,3.8793103448275863,50.43103448275862,1.1111111111111112,have say remember have give
Jack,Cole,13.750000000000002,8.75,37.5,1.5714285714285714,have be eradicate
Jack,Cole,4.411764705882353,3.308823529411765,48.161764705882355,1.3333333333333333,need get investigate be lie be wait make
Cole,Spears,1.1363636363636365,6.8181818181818175,37.5,0.16666666666666666,need take
Cole,Jack,0.6944444444444444,7.638888888888889,63.888888888888886,0.09090909090909091,be seat
Cole,Spears,2.2058823529411766,4.411764705882353,58.08823529411765,0.5,need go see name
Jack,Cole,7.142857142857142,5.357142857142857,58.92857142857143,1.3333333333333333,eye take shake
Cole,Jack,0.6944444444444444,1.3888888888888888,64.58333333333334,0.5,leave go use look raise
Jack,Cole,0.0,6.944444444444445,59.72222222222222,0.0,know
Everlivings,Cole,0.0,7.5,25.833333333333336,0.0,kill say
Everlivings,Cole,0.0,7.5,25.833333333333336,0.0,kill say
Cole,Jack,2.2058823529411766,5.147058823529411,69.11764705882352,0.42857142857142855,feel take hold
Jack,Cole,3.75,6.25,40.0,0.6,be assume match
Cole,Jack,2.34375,5.46875,73.4375,0.42857142857142855,say be tell loan
Cole,Jack,2.34375,5.46875,73.4375,0.42857142857142855,say be tell loan
Jack,Cole,1.7857142857142856,10.714285714285714,58.92857142857143,0.16666666666666666,say
Ashe,Everlivings,7.8125,7.8125,34.375,1.0,look
Cole,Ashe,4.166666666666666,6.944444444444445,66.66666666666666,0.6,have seem surprise
Jack,Cole,7.8125,15.625,39.0625,0.5,be listen
Ashe,Cole,7.5,8.75,23.75,0.8571428571428571,be
Ashe,Adonia,1.524390243902439,3.9634146341463414,45.73170731707317,0.38461538461538464,do explain have survive decide become hunt turn
Ashe,Cole,1.524390243902439,3.9634146341463414,45.73170731707317,0.38461538461538464,do explain have survive decide become hunt turn
Adonia,Ashe,1.524390243902439,3.9634146341463414,45.73170731707317,0.38461538461538464,do explain have survive decide become hunt turn
Adonia,Cole,1.524390243902439,3.9634146341463414,45.73170731707317,0.38461538461538464,do explain have survive decide become hunt turn
Adonia,Ashe,1.524390243902439,3.9634146341463414,45.73170731707317,0.38461538461538464,do explain have survive decide become hunt turn
Adonia,Ashe,1.524390243902439,3.9634146341463414,45.73170731707317,0.38461538461538464,do explain have survive decide become hunt turn
Adonia,Ashe,1.524390243902439,3.9634146341463414,45.73170731707317,0.38461538461538464,do explain have survive decide become hunt turn
Ashe,Cole,1.524390243902439,3.9634146341463414,45.73170731707317,0.38461538461538464,do explain have survive decide become hunt turn
Cole,Ashe,1.524390243902439,3.9634146341463414,45.73170731707317,0.38461538461538464,do explain have survive decide become hunt turn
Cole,Ashe,1.524390243902439,3.9634146341463414,45.73170731707317,0.38461538461538464,do explain have survive decide become hunt turn
Cole,Ashe,1.524390243902439,3.9634146341463414,45.73170731707317,0.38461538461538464,do explain have survive decide become hunt turn
Cole,Ashe,6.25,5.46875,57.03125,1.1428571428571428,have use explain
Ashe,Cole,0.0,3.90625,33.59375,0.0,tell be try jog
Cole,Jack,6.25,10.795454545454545,42.04545454545455,0.5789473684210527,take take take
Cole,Jack,6.25,10.795454545454545,42.04545454545455,0.5789473684210527,take take take
Jack,Cole,6.25,10.795454545454545,42.04545454545455,0.5789473684210527,take take take
Jack,Cole,6.25,10.795454545454545,42.04545454545455,0.5789473684210527,take take take
Jack,Cole,5.0,3.75,61.25000000000001,1.3333333333333333,reach catch watch close
Jack,Cole,6.25,7.5,66.25,0.8333333333333334,eye look
Jack,Cole,1.5625,9.375,51.5625,0.16666666666666666,sigh scoot
Jack,Cole,1.5625,5.46875,55.46875,0.2857142857142857,pull cover
Jack,Cole,1.5625,5.46875,55.46875,0.2857142857142857,pull cover
Jack,Cole,6.578947368421052,6.578947368421052,55.26315789473685,1.0,glance make be look give
Jack,Cole,1.3888888888888888,8.333333333333332,34.72222222222222,0.16666666666666666,remember say
Jack,Cole,1.25,1.25,67.5,1.0,take grit
Cole,Ashe,4.464285714285714,4.464285714285714,55.35714285714286,1.0,say swing
Ashe,Cole,1.0416666666666665,5.208333333333334,52.083333333333336,0.2,stop stare
Ashe,Cole,1.0416666666666665,5.208333333333334,52.083333333333336,0.2,stop stare
Cole,Ashe,3.6458333333333335,5.208333333333334,53.645833333333336,0.7,stop stare wonder
Ashe,Cole,2.6785714285714284,5.357142857142857,63.39285714285714,0.5,be seat stare
Ashe,Cole,1.0416666666666665,7.291666666666667,66.66666666666666,0.14285714285714285,look
Jack,Cole,2.5,3.571428571428571,59.64285714285714,0.7,touch need take set
Ashe,Cole,0.0,12.5,47.5,0.0,turn
Ashe,Jack,1.7857142857142856,1.7857142857142856,53.57142857142857,1.0,look
Ashe,Cole,0.0,10.416666666666668,72.91666666666666,0.0,look
Cole,Ashe,3.90625,3.90625,42.1875,1.0,look put
Sheree,Ashe,2.6785714285714284,4.464285714285714,42.857142857142854,0.6,be be say
Ashe,Cole,4.545454545454546,7.954545454545454,51.13636363636363,0.5714285714285714,be agree clear
Ashe,Cole,4.545454545454546,7.954545454545454,51.13636363636363,0.5714285714285714,be agree clear
Adonia,Sheree,0.4807692307692308,0.4807692307692308,37.5,1.0,admit have feel be let go
Sheree,Ashe,0.0,4.464285714285714,38.392857142857146,0.0,come say
Becks,Jack,1.1363636363636365,1.1363636363636365,43.18181818181818,1.0,say
Becks,Jack,1.1363636363636365,1.1363636363636365,43.18181818181818,1.0,say
Ashe,Cole,0.0,8.928571428571429,41.07142857142857,0.0,look
Ashe,Cole,0.0,8.928571428571429,41.07142857142857,0.0,look
Ashe,Jack,3.4722222222222223,1.3888888888888888,61.80555555555556,2.5,look search validate
Cole,Jack,6.25,1.0416666666666665,51.041666666666664,6.0,motion sit
Cole,Jack,6.25,1.0416666666666665,51.041666666666664,6.0,motion sit
Ashe,Cole,4.054054054054054,5.743243243243244,46.95945945945946,0.7058823529411765,feel be tell be be prevent turn
Ashe,Cole,4.054054054054054,5.743243243243244,46.95945945945946,0.7058823529411765,feel be tell be be prevent turn
Ashe,Cole,4.054054054054054,5.743243243243244,46.95945945945946,0.7058823529411765,feel be tell be be prevent turn
Cole,Ashe,4.054054054054054,5.743243243243244,46.95945945945946,0.7058823529411765,feel be tell be be prevent turn
Cole,Ashe,4.054054054054054,5.743243243243244,46.95945945945946,0.7058823529411765,feel be tell be be prevent turn
Ashe,Cole,4.054054054054054,5.743243243243244,46.95945945945946,0.7058823529411765,feel be tell be be prevent turn
Ashe,Cole,3.8461538461538463,6.730769230769231,50.96153846153846,0.5714285714285714,freeze
Ashe,Cole,3.8461538461538463,6.730769230769231,50.96153846153846,0.5714285714285714,freeze
Cole,Jack,6.25,4.861111111111112,44.44444444444444,1.2857142857142858,sound have say be try find
Cole,Sheree,2.6785714285714284,4.464285714285714,35.714285714285715,0.6,say have
Cole,Ashe,0.0,2.604166666666667,51.5625,0.0,reach grab be be
Jack,Cole,1.1363636363636365,6.8181818181818175,55.68181818181818,0.16666666666666666,cross stand
Cole,Jack,1.3888888888888888,8.333333333333332,56.94444444444444,0.16666666666666666,do seem notice
Cole,Jack,0.6944444444444444,4.166666666666666,67.36111111111111,0.16666666666666666,land kick
Cole,Jack,0.78125,5.46875,68.75,0.14285714285714285,give stare start shake
Jack,Cole,0.0,12.5,50.0,0.0,be be
Jack,Cole,0.0,12.5,50.0,0.0,be be
Jack,Cole,0.0,12.5,50.0,0.0,be be
Cole,Jack,1.7857142857142856,10.714285714285714,44.642857142857146,0.16666666666666666,point
Cole,Jack,5.921052631578947,7.894736842105263,49.34210526315789,0.75,be have be traumatize have
Cole,Jack,5.921052631578947,7.894736842105263,49.34210526315789,0.75,be have be traumatize have
Jack,Cole,4.761904761904762,5.357142857142857,47.023809523809526,0.8888888888888888,leap close be
Jack,Cole,4.761904761904762,5.357142857142857,47.023809523809526,0.8888888888888888,leap close be
Ashe,Cole,0.0,5.357142857142857,44.642857142857146,0.0,say plead
Ashe,Cole,0.0,5.357142857142857,44.642857142857146,0.0,say plead
Ashe,Cronus,0.0,0.0,57.14285714285714,INF,lower take raise say
Ashe,Cronus,0.0,0.0,57.14285714285714,INF,lower take raise say
Ashe,Jack,0.7352941176470588,2.5735294117647056,52.57352941176471,0.2857142857142857,follow stumble be tear
Ashe,Cole,0.7352941176470588,2.5735294117647056,52.57352941176471,0.2857142857142857,follow stumble be tear
Jack,Cole,0.7352941176470588,2.5735294117647056,52.57352941176471,0.2857142857142857,follow stumble be tear
Jack,Cole,5.555555555555555,9.722222222222223,51.388888888888886,0.5714285714285714,look narrow
Jack,Ashe,3.2407407407407405,2.314814814814815,53.70370370370371,1.4,explain have see touch seem be go
Cole,Jack,1.25,7.5,51.24999999999999,0.16666666666666666,look
Jack,Cole,2.5,5.277777777777778,61.111111111111114,0.47368421052631576,make be be listen have take be end follow
Jack,Cole,2.5,5.277777777777778,61.111111111111114,0.47368421052631576,make be be listen have take be end follow
Cole,Jack,2.5,5.277777777777778,61.111111111111114,0.47368421052631576,make be be listen have take be end follow
Jack,Cole,2.5,5.277777777777778,61.111111111111114,0.47368421052631576,make be be listen have take be end follow
Coleson,Edgar,5.208333333333334,2.083333333333333,51.041666666666664,2.5,set pack
Coleson,Gunnar,1.0416666666666665,0.0,23.958333333333336,INF,win get own
Coleson,Edgar,0.0,0.8333333333333334,52.5,0.0,grunt shove
Coleson,Edgar,0.0,0.0,50.0,INF,drop turn
Coleson,Edgar,0.0,0.0,53.333333333333336,INF,turn be inch
Coleson,Edgar,0.0,0.0,53.333333333333336,INF,turn be inch
Coleson,Edgar,8.333333333333332,0.0,41.66666666666667,INF,hold
Coleson,Edgar,0.0,1.1363636363636365,35.22727272727273,0.0,look hesitate
Coleson,Edgar,0.0,1.1363636363636365,35.22727272727273,0.0,look hesitate
Coleson,Edgar,0.0,0.8928571428571428,49.107142857142854,0.0,know leave trail
Coleson,Edgar,0.0,0.8928571428571428,49.107142857142854,0.0,know leave trail
Edgar,Coleson,3.90625,0.78125,57.8125,5.0,hide border wait
Coleson,Edgar,0.0,2.083333333333333,61.25000000000001,0.0,be hear speak be see
Coleson,Gunnar,0.0,2.083333333333333,61.25000000000001,0.0,be hear speak be see
Coleson,Edgar,0.0,2.083333333333333,61.25000000000001,0.0,be hear speak be see
Edgar,Gunnar,0.0,2.083333333333333,61.25000000000001,0.0,be hear speak be see
Gunnar,Edgar,0.0,2.083333333333333,61.25000000000001,0.0,be hear speak be see
Jack,Cole,2.631578947368421,11.842105263157894,53.94736842105263,0.2222222222222222,wonder feel make hate
Jack,Cole,2.631578947368421,11.842105263157894,53.94736842105263,0.2222222222222222,wonder feel make hate
Cole,Jack,1.7857142857142856,4.166666666666666,55.952380952380956,0.42857142857142855,be wait sit
Jack,Cole,4.464285714285714,4.464285714285714,69.64285714285714,1.0,be be watch take realize be share
Nikki,Cole,0.0,9.722222222222223,23.61111111111111,0.0,mutter
Cole,Adonia,0.0,11.25,28.749999999999996,0.0,want defeat
Jack,Cole,5.0,3.3333333333333335,53.888888888888886,1.5,tell have go have promise call kill
Jack,Cole,5.0,3.3333333333333335,53.888888888888886,1.5,tell have go have promise call kill
Jack,Hermes,5.0,3.3333333333333335,53.888888888888886,1.5,tell have go have promise call kill
Jack,Adonia,5.0,3.3333333333333335,53.888888888888886,1.5,tell have go have promise call kill
Cole,Hermes,5.0,3.3333333333333335,53.888888888888886,1.5,tell have go have promise call kill
Cole,Adonia,5.0,3.3333333333333335,53.888888888888886,1.5,tell have go have promise call kill
Cole,Hermes,5.0,3.3333333333333335,53.888888888888886,1.5,tell have go have promise call kill
Cole,Adonia,5.0,3.3333333333333335,53.888888888888886,1.5,tell have go have promise call kill
Hermes,Adonia,5.0,3.3333333333333335,53.888888888888886,1.5,tell have go have promise call kill
Cole,Hermes,0.0,2.5,37.5,0.0,do have shake turn
Hermes,Cole,0.0,2.5,37.5,0.0,do have shake turn
Hermes,Cole,0.0,2.5,37.5,0.0,do have shake turn
Cole,Max,1.0869565217391304,1.6304347826086956,60.32608695652174,0.6666666666666666,grimace remember have be overcome get move be poke make tether
Jack,Cole,6.4655172413793105,3.0172413793103448,59.48275862068966,2.142857142857143,wonder mean have recover grab face know
Jack,Cole,6.4655172413793105,3.0172413793103448,59.48275862068966,2.142857142857143,wonder mean have recover grab face know
Jack,Cole,6.4655172413793105,3.0172413793103448,59.48275862068966,2.142857142857143,wonder mean have recover grab face know
Cronus,Ashe,0.9615384615384616,0.0,45.19230769230769,INF,follow
Will,Cronus,3.4722222222222223,2.083333333333333,38.88888888888889,1.6666666666666667,talk have
Jack,Will,1.8518518518518516,2.314814814814815,58.79629629629629,0.8,turn call give answer
Jack,Will,1.8518518518518516,2.314814814814815,58.79629629629629,0.8,turn call give answer
Will,Jack,1.8518518518518516,2.314814814814815,58.79629629629629,0.8,turn call give answer
Cole,Jack,5.357142857142857,0.5952380952380952,46.42857142857143,9.0,be pass say refer
Cole,Jack,5.357142857142857,0.5952380952380952,46.42857142857143,9.0,be pass say refer
Jack,Will,2.083333333333333,0.6944444444444444,41.66666666666667,3.0,get find
Jack,Cole,4.166666666666666,6.25,39.58333333333333,0.6666666666666666,look
Jack,Cole,4.166666666666666,6.25,39.58333333333333,0.6666666666666666,look
Will,Jack,3.75,5.0,61.25000000000001,0.75,look be
Will,Jack,3.75,5.0,61.25000000000001,0.75,look be
Jack,Will,3.571428571428571,5.357142857142857,55.35714285714286,0.6666666666666666,help back explain
Jack,Cole,3.571428571428571,5.357142857142857,55.35714285714286,0.6666666666666666,help back explain
Will,Cole,3.571428571428571,5.357142857142857,55.35714285714286,0.6666666666666666,help back explain
Will,Jack,1.3157894736842104,0.6578947368421052,66.44736842105263,2.0,look have use process be say
Will,Jack,1.3157894736842104,0.6578947368421052,66.44736842105263,2.0,look have use process be say
Cronus,Will,6.61764705882353,1.4705882352941175,50.73529411764706,4.5,explain hand
Cronus,Mrs. Jenkins,6.61764705882353,1.4705882352941175,50.73529411764706,4.5,explain hand
Will,Mrs. Jenkins,6.61764705882353,1.4705882352941175,50.73529411764706,4.5,explain hand
Will,Cole,2.380952380952381,6.547619047619048,48.214285714285715,0.36363636363636365,leave head
Jack,Cole,0.8928571428571428,5.357142857142857,58.03571428571429,0.16666666666666666,pull
Jack,Cole,2.9166666666666665,4.583333333333333,52.5,0.6363636363636364,be stand be hang
Jack,Cole,2.9166666666666665,4.583333333333333,52.5,0.6363636363636364,be stand be hang
Jack,Cole,3.4722222222222223,4.861111111111112,58.333333333333336,0.7142857142857143,struggle try reach lock
Cole,Jack,3.4722222222222223,4.861111111111112,58.333333333333336,0.7142857142857143,struggle try reach lock
Cole,Jack,3.4722222222222223,4.861111111111112,58.333333333333336,0.7142857142857143,struggle try reach lock
Jack,Cole,2.272727272727273,3.4090909090909087,67.04545454545455,0.6666666666666666,have watch try feed seem figure do work
Jack,Cole,2.9166666666666665,5.416666666666667,51.66666666666667,0.5384615384615384,determine crouch bring breathe
Jack,Cole,2.9166666666666665,5.416666666666667,51.66666666666667,0.5384615384615384,determine crouch bring breathe
Jack,Cole,2.9166666666666665,5.416666666666667,51.66666666666667,0.5384615384615384,determine crouch bring breathe
Jack,Cole,2.9166666666666665,5.416666666666667,51.66666666666667,0.5384615384615384,determine crouch bring breathe
Jack,Cole,2.9166666666666665,5.416666666666667,51.66666666666667,0.5384615384615384,determine crouch bring breathe
Jack,Cole,2.9166666666666665,5.416666666666667,51.66666666666667,0.5384615384615384,determine crouch bring breathe
Jack,Cole,0.7352941176470588,5.88235294117647,52.20588235294118,0.125,be sit jerk
Jack,Cole,0.7352941176470588,5.88235294117647,52.20588235294118,0.125,be sit jerk
Jack,Cole,4.166666666666666,6.666666666666667,55.833333333333336,0.625,think be have resort feed
Jack,Cole,4.166666666666666,6.666666666666667,55.833333333333336,0.625,think be have resort feed
Jack,Cole,3.125,8.59375,57.03125,0.36363636363636365,glance scoot
Cole,Jack,1.1363636363636365,6.8181818181818175,55.68181818181818,0.16666666666666666,do seem notice bulge
Jack,Cole,4.6875,7.03125,57.03125,0.6666666666666666,flinch put squeeze
Cole,Jack,4.6875,7.03125,57.03125,0.6666666666666666,flinch put squeeze
Jack,Will,1.6666666666666667,2.5,55.833333333333336,0.6666666666666666,punch send
Jack,Will,1.6666666666666667,2.5,55.833333333333336,0.6666666666666666,punch send
Will,Jack,2.2058823529411766,0.0,62.5,INF,rub walk set
Will,Jack,2.2058823529411766,0.0,62.5,INF,rub walk set
Will,Jack,2.2058823529411766,0.0,62.5,INF,rub walk set
Will,Jack,8.333333333333332,3.125,63.541666666666664,2.6666666666666665,hold be expect
Will,Jack,8.333333333333332,3.125,63.541666666666664,2.6666666666666665,hold be expect
Cole,Jack,9.722222222222223,8.333333333333332,37.5,1.1666666666666667,stare
Jack,Cole,1.3513513513513513,2.364864864864865,50.33783783783784,0.5714285714285714,look hope have come
Jack,Will,1.3513513513513513,2.364864864864865,50.33783783783784,0.5714285714285714,look hope have come
Jack,Will,1.3513513513513513,2.364864864864865,50.33783783783784,0.5714285714285714,look hope have come
Cole,Will,1.3513513513513513,2.364864864864865,50.33783783783784,0.5714285714285714,look hope have come
Cole,Will,1.3513513513513513,2.364864864864865,50.33783783783784,0.5714285714285714,look hope have come
Will,Jack,3.125,2.6785714285714284,51.33928571428571,1.1666666666666667,want come convince stay email catch be do
Will,Jack,3.125,2.6785714285714284,51.33928571428571,1.1666666666666667,want come convince stay email catch be do
Will,Spears,3.125,2.6785714285714284,51.33928571428571,1.1666666666666667,want come convince stay email catch be do
Will,Jack,3.125,2.6785714285714284,51.33928571428571,1.1666666666666667,want come convince stay email catch be do
Jack,Spears,3.125,2.6785714285714284,51.33928571428571,1.1666666666666667,want come convince stay email catch be do
Jack,Spears,3.125,2.6785714285714284,51.33928571428571,1.1666666666666667,want come convince stay email catch be do
Spears,Jack,3.125,2.6785714285714284,51.33928571428571,1.1666666666666667,want come convince stay email catch be do
Will,Jack,1.7045454545454544,0.2840909090909091,54.82954545454546,6.0,leave drive watch raise enter walk form hold
Jack,Ezra,0.0,5.681818181818182,85.22727272727273,0.0,be understand go
Cole,Jack,0.0,7.8125,42.1875,0.0,say
Jack,Cole,0.5,3.0,60.5,0.16666666666666666,grab explode be pay
Jack,Cole,0.5,3.0,60.5,0.16666666666666666,grab explode be pay
Jack,Cole,0.5,3.0,60.5,0.16666666666666666,grab explode be pay
Jack,Cole,5.357142857142857,2.232142857142857,63.83928571428571,2.4,swing reach pull rush
Becks,Jack,3.289473684210526,0.6578947368421052,48.68421052631579,5.0,do like say look
Becks,Jack,1.5625,1.5625,34.375,1.0,say
Jack,Cole,2.083333333333333,7.291666666666667,48.95833333333333,0.2857142857142857,stay
Jack,Cole,4.166666666666666,6.25,56.25,0.6666666666666666,hear punch
Cole,Cronus,1.8518518518518516,2.314814814814815,58.79629629629629,0.8,be be make
Jack,Cole,1.6666666666666667,5.0,60.0,0.3333333333333333,take resume wipe
Nikki,Cronus,1.5625,0.0,35.9375,INF,get
Jack,Cole,1.6304347826086956,3.260869565217391,55.97826086956522,0.5,wake see pore
Jack,Will,1.6304347826086956,3.260869565217391,55.97826086956522,0.5,wake see pore
Cole,Will,1.6304347826086956,3.260869565217391,55.97826086956522,0.5,wake see pore
Kathleen Jenkins,Mildred,1.1363636363636365,0.0,35.22727272727273,INF,do have say
Mildred,Jack,5.208333333333334,1.0416666666666665,35.41666666666667,5.0,say
Mildred,Jack,5.208333333333334,1.0416666666666665,35.41666666666667,5.0,say
Mildred,Devon,0.0,0.0,42.857142857142854,INF,mention trigger
Cole,Jack,5.092592592592593,5.555555555555555,63.42592592592593,0.9166666666666666,be confront be burst pull
Jack,Cole,3.3653846153846154,4.326923076923077,57.692307692307686,0.7777777777777778,run reach pull be stand
Jack,Cole,2.1739130434782608,5.978260869565218,57.065217391304344,0.36363636363636365,wait be turn pull
Jack,Cole,2.1739130434782608,5.978260869565218,57.065217391304344,0.36363636363636365,wait be turn pull
Devon,Mildred,0.0,0.0,36.36363636363637,INF,do mention
Cole,Jack,0.9615384615384616,5.769230769230769,39.42307692307692,0.16666666666666666,do break say
Jack,Cole,0.0,3.6764705882352944,61.029411764705884,0.0,go stand turn
Cole,Jack,4.3478260869565215,3.260869565217391,57.608695652173914,1.3333333333333333,scramble hop peel
Cole,Jack,3.571428571428571,9.821428571428571,43.75,0.36363636363636365,sneak say
Jack,Cole,0.5208333333333333,3.125,50.520833333333336,0.16666666666666666,drive collapse stand
Jack,Cole,0.5208333333333333,3.125,50.520833333333336,0.16666666666666666,drive collapse stand
Everlivings,Mildred,5.833333333333333,5.833333333333333,35.0,1.0,exile be talk
Cole,Devon,1.953125,1.953125,55.46875,1.0,seem pause look be go die ask retrieve take
Cole,Devon,1.953125,1.953125,55.46875,1.0,seem pause look be go die ask retrieve take
Mildred,Devon,0.0,0.0,46.666666666666664,INF,say start click
Jack,Cole,4.166666666666666,12.5,66.66666666666666,0.3333333333333333,be stare
Cole,Jack,1.5625,12.5,73.4375,0.125,look answer
Devon,Jack,1.3888888888888888,1.3888888888888888,41.66666666666667,1.0,be lie say
Devon,Becks,0.0,0.0,42.857142857142854,INF,be lie
Jack,Cole,0.0,12.5,67.5,0.0,glance
Jack,Cole,0.9259259259259258,10.185185185185185,62.96296296296296,0.09090909090909091,glance do give be be
Jack,Cole,0.9259259259259258,10.185185185185185,62.96296296296296,0.09090909090909091,glance do give be be
Becks,Jack,0.8333333333333334,0.8333333333333334,45.0,1.0,listen say grab
Becks,Jack,0.6944444444444444,1.3888888888888888,47.91666666666667,0.5,say ruffle walk
Becks,Jack,0.6944444444444444,1.3888888888888888,47.91666666666667,0.5,say ruffle walk
Jack,Will,2.7777777777777777,1.3888888888888888,62.5,2.0,glance wrinkle
Will,Jack,2.7777777777777777,1.3888888888888888,62.5,2.0,glance wrinkle
Will,Jack,12.5,5.0,42.5,2.5,roll
Jack,Spears,1.6666666666666667,0.0,71.66666666666667,INF,take call put
Jack,Spears,1.6666666666666667,0.0,71.66666666666667,INF,take call put
Spears,Will,0.7352941176470588,0.0,63.970588235294116,INF,be say
Adonia,Nathanial,2.314814814814815,1.8518518518518516,43.98148148148148,1.25,nod remember conjure be try escape
Adonia,Spears,2.314814814814815,1.8518518518518516,43.98148148148148,1.25,nod remember conjure be try escape
Nathanial,Spears,2.314814814814815,1.8518518518518516,43.98148148148148,1.25,nod remember conjure be try escape
Jack,Will,2.4456521739130435,3.804347826086957,61.141304347826086,0.6428571428571429,take disappear cause call go find be take
Jack,Cole,2.4456521739130435,3.804347826086957,61.141304347826086,0.6428571428571429,take disappear cause call go find be take
Will,Cole,2.4456521739130435,3.804347826086957,61.141304347826086,0.6428571428571429,take disappear cause call go find be take
Will,Jack,1.3888888888888888,4.166666666666666,50.0,0.3333333333333333,meet wait
Will,Cole,1.3888888888888888,4.166666666666666,50.0,0.3333333333333333,meet wait
Jack,Cole,1.3888888888888888,4.166666666666666,50.0,0.3333333333333333,meet wait
Jack,Cole,3.125,5.0,51.87500000000001,0.625,sleep have be do
Jack,Cole,1.5,3.0,55.50000000000001,0.5,clasp form
Jack,Will,1.5,3.0,55.50000000000001,0.5,clasp form
Cole,Will,1.5,3.0,55.50000000000001,0.5,clasp form
Jack,Cole,1.25,7.5,61.25000000000001,0.16666666666666666,pull look
Jack,Hermes,2.6785714285714284,4.464285714285714,57.14285714285714,0.6,hang have be leak disappear
Hermes,Jack,2.6785714285714284,4.464285714285714,57.14285714285714,0.6,hang have be leak disappear
Hermes,Jack,2.6785714285714284,4.464285714285714,57.14285714285714,0.6,hang have be leak disappear
Jack,Ashe,1.5,1.5,49.0,1.0,lead have take get follow
Cole,Will,6.61764705882353,5.147058823529411,52.94117647058824,1.2857142857142858,stay be
Cole,Jack,6.61764705882353,5.147058823529411,52.94117647058824,1.2857142857142858,stay be
Will,Jack,6.61764705882353,5.147058823529411,52.94117647058824,1.2857142857142858,stay be
Max,Oliver,0.0,0.0,20.0,INF,
Max,Gavin,0.0,0.0,20.0,INF,
Oliver,Gavin,0.0,0.0,20.0,INF,
Jack,Will,2.083333333333333,1.0416666666666665,55.208333333333336,2.0,come screech
Jack,Cole,2.5,15.0,42.5,0.16666666666666666,step
Max,Oliver,4.761904761904762,5.952380952380952,46.42857142857143,0.8,have take accelerate be
Max,Gavin,4.761904761904762,5.952380952380952,46.42857142857143,0.8,have take accelerate be
Oliver,Gavin,4.761904761904762,5.952380952380952,46.42857142857143,0.8,have take accelerate be
Cole,Will,1.5625,1.953125,49.609375,0.8,knock distract rush try free
Max,Oliver,0.0,0.0,28.57142857142857,INF,
Max,Gavin,0.0,0.0,28.57142857142857,INF,
Oliver,Gavin,0.0,0.0,28.57142857142857,INF,
Oliver,Gavin,2.925531914893617,1.3297872340425532,55.319148936170215,2.2,swirl form have dive
Oliver,Max,2.925531914893617,1.3297872340425532,55.319148936170215,2.2,swirl form have dive
Gavin,Max,2.925531914893617,1.3297872340425532,55.319148936170215,2.2,swirl form have dive
Jack,Cole,0.43103448275862066,2.586206896551724,55.603448275862064,0.16666666666666666,release scramble wrap try interrupt
Jack,Cole,1.25,4.375,59.375,0.2857142857142857,crouch grab hoist
Jack,Cole,1.25,4.375,59.375,0.2857142857142857,crouch grab hoist
Jack,Cole,1.25,4.375,59.375,0.2857142857142857,crouch grab hoist
Jack,Cole,1.7857142857142856,10.714285714285714,58.92857142857143,0.16666666666666666,grab
Cole,Becks,0.0,7.8125,42.1875,0.0,come
Will,Jack,2.5,0.0,57.49999999999999,INF,raise
Jack,Cole,4.545454545454546,5.681818181818182,53.40909090909091,0.8,scramble
Jack,Will,4.545454545454546,5.681818181818182,53.40909090909091,0.8,scramble
Cole,Will,4.545454545454546,5.681818181818182,53.40909090909091,0.8,scramble
Jack,Will,4.464285714285714,4.464285714285714,62.5,1.0,say pull have disappear
Cole,Jack,0.6578947368421052,3.9473684210526314,58.55263157894737,0.16666666666666666,motion go follow
Will,Cole,5.113636363636364,6.8181818181818175,47.159090909090914,0.75,be find zap
Cole,Jack,8.189655172413794,3.4482758620689653,57.327586206896555,2.375,grab reach grab happen
Cole,Jack,8.189655172413794,3.4482758620689653,57.327586206896555,2.375,grab reach grab happen
Cole,Will,8.189655172413794,3.4482758620689653,57.327586206896555,2.375,grab reach grab happen
Jack,Will,8.189655172413794,3.4482758620689653,57.327586206896555,2.375,grab reach grab happen
Jack,Will,8.189655172413794,3.4482758620689653,57.327586206896555,2.375,grab reach grab happen
Jack,Will,12.5,2.083333333333333,52.083333333333336,6.0,grab
Jack,Cole,0.0,12.5,47.5,0.0,shout
Everlivings,Ashe,0.0,0.0,46.15384615384615,INF,fight run scramble shut
Jack,Cole,0.8333333333333334,5.0,74.16666666666667,0.16666666666666666,take be
Jack,Cole,0.0,8.333333333333332,45.0,0.0,grab dig
Jack,Cole,0.0,8.333333333333332,45.0,0.0,grab dig
Jack,Cole,0.0,8.333333333333332,45.0,0.0,grab dig
Jack,Cole,4.6875,9.375,60.9375,0.5,want rip
Cole,Jack,0.6944444444444444,0.6944444444444444,65.27777777777779,1.0,walk keep
Cole,Jack,0.6944444444444444,0.6944444444444444,65.27777777777779,1.0,walk keep
Jack,Cole,1.3888888888888888,4.861111111111112,49.30555555555556,0.2857142857142857,go move position
Cole,Jack,1.3888888888888888,4.861111111111112,49.30555555555556,0.2857142857142857,go move position
Jack,Cole,5.592105263157895,5.263157894736842,52.30263157894737,1.0625,look be scorch want be be disappoint have beat
Jack,Cole,5.592105263157895,5.263157894736842,52.30263157894737,1.0625,look be scorch want be be disappoint have beat
Jack,Cole,5.592105263157895,5.263157894736842,52.30263157894737,1.0625,look be scorch want be be disappoint have beat
Jack,Cole,5.592105263157895,5.263157894736842,52.30263157894737,1.0625,look be scorch want be be disappoint have beat
Jack,Cole,5.592105263157895,5.263157894736842,52.30263157894737,1.0625,look be scorch want be be disappoint have beat
Jack,Cole,5.592105263157895,5.263157894736842,52.30263157894737,1.0625,look be scorch want be be disappoint have beat
Jack,Cole,3.571428571428571,1.7857142857142856,37.5,2.0,unclench
Jack,Ashe,2.5,2.5,55.00000000000001,1.0,turn
Ashe,Cole,4.6875,14.0625,56.25,0.3333333333333333,frown look
Ashe,Jack,5.357142857142857,0.8928571428571428,65.17857142857143,6.0,catch hold
Jack,Ashe,5.357142857142857,0.8928571428571428,65.17857142857143,6.0,catch hold
Ashe,Cole,0.0,4.166666666666666,42.5,0.0,start ask
Ashe,Cole,0.0,4.166666666666666,42.5,0.0,start ask
Ashe,Everlivings,0.625,3.125,61.25000000000001,0.2,follow catch hunker
Cole,Jack,2.941176470588235,5.147058823529411,56.61764705882353,0.5714285714285714,wait move do budge
Cole,Jack,2.941176470588235,5.147058823529411,56.61764705882353,0.5714285714285714,wait move do budge
Jack,Cole,2.7777777777777777,8.333333333333332,55.55555555555556,0.3333333333333333,move kneel
Jack,Cole,0.0,2.976190476190476,49.404761904761905,0.0,raise flutter plant
Jack,Cole,0.0,2.976190476190476,49.404761904761905,0.0,raise flutter plant
Will,Jack,2.083333333333333,0.0,47.91666666666667,INF,step
Jack,Cole,2.272727272727273,3.977272727272727,52.84090909090909,0.5714285714285714,reach grab do break say
Cole,Jack,2.272727272727273,3.977272727272727,52.84090909090909,0.5714285714285714,reach grab do break say
Cole,Jack,2.272727272727273,3.977272727272727,52.84090909090909,0.5714285714285714,reach grab do break say
Jack,Will,3.571428571428571,1.7857142857142856,66.07142857142857,2.0,show
Cole,Jack,2.7777777777777777,2.083333333333333,61.80555555555556,1.3333333333333333,be hit make
Jack,Will,5.113636363636364,2.840909090909091,55.68181818181818,1.8,go get do
Jack,Will,4.166666666666666,2.083333333333333,60.416666666666664,2.0,say
Cole,Jack,3.0,5.0,52.0,0.6,pack be take go
Cole,Jack,3.0,5.0,52.0,0.6,pack be take go
Will,Cole,5.405405405405405,2.027027027027027,52.02702702702703,2.6666666666666665,do be have build be light have find make
Will,Jack,5.405405405405405,2.027027027027027,52.02702702702703,2.6666666666666665,do be have build be light have find make
Will,Adonia,5.405405405405405,2.027027027027027,52.02702702702703,2.6666666666666665,do be have build be light have find make
Cole,Jack,5.405405405405405,2.027027027027027,52.02702702702703,2.6666666666666665,do be have build be light have find make
Cole,Adonia,5.405405405405405,2.027027027027027,52.02702702702703,2.6666666666666665,do be have build be light have find make
Jack,Adonia,5.405405405405405,2.027027027027027,52.02702702702703,2.6666666666666665,do be have build be light have find make
Cole,Ashe,2.717391304347826,3.260869565217391,54.891304347826086,0.8333333333333334,send get gather
Cole,Jack,2.717391304347826,3.260869565217391,54.891304347826086,0.8333333333333334,send get gather
Cole,Will,2.717391304347826,3.260869565217391,54.891304347826086,0.8333333333333334,send get gather
Cole,Ashe,2.717391304347826,3.260869565217391,54.891304347826086,0.8333333333333334,send get gather
Ashe,Jack,2.717391304347826,3.260869565217391,54.891304347826086,0.8333333333333334,send get gather
Ashe,Will,2.717391304347826,3.260869565217391,54.891304347826086,0.8333333333333334,send get gather
Jack,Will,2.717391304347826,3.260869565217391,54.891304347826086,0.8333333333333334,send get gather
Jack,Ashe,2.717391304347826,3.260869565217391,54.891304347826086,0.8333333333333334,send get gather
Will,Ashe,2.717391304347826,3.260869565217391,54.891304347826086,0.8333333333333334,send get gather
Jack,Ashe,2.5,0.625,51.87500000000001,4.0,have say lean
Jack,Cole,0.6944444444444444,4.166666666666666,45.13888888888889,0.16666666666666666,look wait
Jack,Ashe,1.8292682926829267,1.524390243902439,57.62195121951219,1.2,take lead act launch
Ashe,Jack,0.8928571428571428,1.7857142857142856,61.60714285714286,0.5,toss catch
Jack,Cole,2.083333333333333,6.25,50.0,0.3333333333333333,be
Jack,Will,2.083333333333333,6.25,50.0,0.3333333333333333,be
Cole,Will,2.083333333333333,6.25,50.0,0.3333333333333333,be
Jack,Ashe,6.25,2.083333333333333,58.333333333333336,3.0,have
Jack,Will,7.638888888888889,0.0,59.02777777777778,INF,stay attach have show
Will,Jack,7.638888888888889,0.0,59.02777777777778,INF,stay attach have show
Cole,Jack,2.4390243902439024,2.4390243902439024,48.78048780487805,1.0,shut focus spark have work get have do
Becks,Jack,4.166666666666666,2.5,33.33333333333333,1.6666666666666667,say be worry
Jack,Cole,1.7045454545454544,7.954545454545454,49.43181818181818,0.21428571428571427,be leave use be
Jack,Cole,8.928571428571429,8.928571428571429,53.57142857142857,1.0,follow
Jack,Cole,2.083333333333333,27.083333333333332,54.166666666666664,0.07692307692307693,rip
Jack,Will,4.545454545454546,2.272727272727273,47.72727272727273,2.0,be wait
Erin,Johnsons,2.8846153846153846,2.8846153846153846,30.76923076923077,1.0,extend read
Erin,Johnsons,2.8846153846153846,2.8846153846153846,30.76923076923077,1.0,extend read
Erin,Frank,2.8846153846153846,2.8846153846153846,30.76923076923077,1.0,extend read
Erin,Kathleen Jenkins,2.8846153846153846,2.8846153846153846,30.76923076923077,1.0,extend read
Erin,Brodi Ashton,2.8846153846153846,2.8846153846153846,30.76923076923077,1.0,extend read
Johnsons,Frank,2.8846153846153846,2.8846153846153846,30.76923076923077,1.0,extend read
Johnsons,Kathleen Jenkins,2.8846153846153846,2.8846153846153846,30.76923076923077,1.0,extend read
Johnsons,Brodi Ashton,2.8846153846153846,2.8846153846153846,30.76923076923077,1.0,extend read
Johnsons,Frank,2.8846153846153846,2.8846153846153846,30.76923076923077,1.0,extend read
Johnsons,Kathleen Jenkins,2.8846153846153846,2.8846153846153846,30.76923076923077,1.0,extend read
Johnsons,Brodi Ashton,2.8846153846153846,2.8846153846153846,30.76923076923077,1.0,extend read
Frank,Kathleen Jenkins,2.8846153846153846,2.8846153846153846,30.76923076923077,1.0,extend read
Frank,Brodi Ashton,2.8846153846153846,2.8846153846153846,30.76923076923077,1.0,extend read
Kathleen Jenkins,Brodi Ashton,2.8846153846153846,2.8846153846153846,30.76923076923077,1.0,extend read
Nikki,Jack,0.4807692307692308,0.4807692307692308,45.19230769230769,1.0,cm take provide
