NAME 1,NAME 2,% POS,% NEG,% NEUTRAL,POS:NEG,VERBS
Zeke,Shauna,2.34375,0.0,53.90625,INF,teach initiate do invite spend
Zeke,Shauna,3.0303030303030303,1.1363636363636365,53.40909090909091,2.6666666666666665,smile have spend talk sit listen
Max,Jeanine,4.166666666666666,0.3205128205128205,46.794871794871796,13.0,realize be work begin suspect have do have be look investigate
Max,Amar,4.166666666666666,0.3205128205128205,46.794871794871796,13.0,realize be work begin suspect have do have be look investigate
Jeanine,Amar,4.166666666666666,0.3205128205128205,46.794871794871796,13.0,realize be work begin suspect have do have be look investigate
Max,Gus,1.3888888888888888,0.0,54.166666666666664,INF,take see play
Lauren,Zeke,2.6785714285714284,0.8928571428571428,46.42857142857143,3.0,ask make want prank be
Gus,Max,0.0,0.0,70.0,INF,do see break
Jeanine,Max,2.6785714285714284,3.125,51.33928571428571,0.8571428571428571,have be chastise pull feed watch
Jeanine,Max,2.6785714285714284,3.125,51.33928571428571,0.8571428571428571,have be chastise pull feed watch
Jeanine,Eric,2.6785714285714284,3.125,51.33928571428571,0.8571428571428571,have be chastise pull feed watch
Max,Eric,2.6785714285714284,3.125,51.33928571428571,0.8571428571428571,have be chastise pull feed watch
Max,Eric,2.6785714285714284,3.125,51.33928571428571,0.8571428571428571,have be chastise pull feed watch
Max,Jeanine,5.357142857142857,0.0,58.92857142857143,INF,find be
Max,Zeke,0.0,0.0,63.1578947368421,INF,pound wake wake
Eric,Max,3.5000000000000004,5.5,43.0,0.6363636363636364,do think be get hurt say cross
Eric,Max,3.5000000000000004,5.5,43.0,0.6363636363636364,do think be get hurt say cross
Eric,Max,1.5,3.0,35.5,0.5,have happen say say
Max,Jeanine,2.754237288135593,3.6016949152542375,49.57627118644068,0.7647058823529411,be remember be like be be work appoint have do
Max,Eric,2.754237288135593,3.6016949152542375,49.57627118644068,0.7647058823529411,be remember be like be be work appoint have do
Max,Amar,2.754237288135593,3.6016949152542375,49.57627118644068,0.7647058823529411,be remember be like be be work appoint have do
Max,Jeanine,2.754237288135593,3.6016949152542375,49.57627118644068,0.7647058823529411,be remember be like be be work appoint have do
Max,Eric,2.754237288135593,3.6016949152542375,49.57627118644068,0.7647058823529411,be remember be like be be work appoint have do
Max,Amar,2.754237288135593,3.6016949152542375,49.57627118644068,0.7647058823529411,be remember be like be be work appoint have do
Max,Jeanine,2.754237288135593,3.6016949152542375,49.57627118644068,0.7647058823529411,be remember be like be be work appoint have do
Max,Eric,2.754237288135593,3.6016949152542375,49.57627118644068,0.7647058823529411,be remember be like be be work appoint have do
Max,Amar,2.754237288135593,3.6016949152542375,49.57627118644068,0.7647058823529411,be remember be like be be work appoint have do
Jeanine,Eric,2.754237288135593,3.6016949152542375,49.57627118644068,0.7647058823529411,be remember be like be be work appoint have do
Jeanine,Amar,2.754237288135593,3.6016949152542375,49.57627118644068,0.7647058823529411,be remember be like be be work appoint have do
Eric,Amar,2.754237288135593,3.6016949152542375,49.57627118644068,0.7647058823529411,be remember be like be be work appoint have do
Tris,Christina,0.6818181818181818,1.5909090909090908,52.27272727272727,0.42857142857142855,earn jump challenge be deter speak stare throw
Tris,Christina,0.6818181818181818,1.5909090909090908,52.27272727272727,0.42857142857142855,earn jump challenge be deter speak stare throw
Tris,Christina,0.6818181818181818,1.5909090909090908,52.27272727272727,0.42857142857142855,earn jump challenge be deter speak stare throw
Tris,Christina,0.6818181818181818,1.5909090909090908,52.27272727272727,0.42857142857142855,earn jump challenge be deter speak stare throw
Tris,Christina,0.6818181818181818,1.5909090909090908,52.27272727272727,0.42857142857142855,earn jump challenge be deter speak stare throw
Tris,Al,0.6818181818181818,1.5909090909090908,52.27272727272727,0.42857142857142855,earn jump challenge be deter speak stare throw
Tris,Christina,0.6818181818181818,1.5909090909090908,52.27272727272727,0.42857142857142855,earn jump challenge be deter speak stare throw
Christina,Al,0.6818181818181818,1.5909090909090908,52.27272727272727,0.42857142857142855,earn jump challenge be deter speak stare throw
Christina,Al,0.6818181818181818,1.5909090909090908,52.27272727272727,0.42857142857142855,earn jump challenge be deter speak stare throw
Christina,Al,0.6818181818181818,1.5909090909090908,52.27272727272727,0.42857142857142855,earn jump challenge be deter speak stare throw
Christina,Al,0.6818181818181818,1.5909090909090908,52.27272727272727,0.42857142857142855,earn jump challenge be deter speak stare throw
Christina,Al,0.6818181818181818,1.5909090909090908,52.27272727272727,0.42857142857142855,earn jump challenge be deter speak stare throw
Al,Christina,0.6818181818181818,1.5909090909090908,52.27272727272727,0.42857142857142855,earn jump challenge be deter speak stare throw
Christina,Eric,0.0,7.291666666666667,34.375,0.0,be learn want learn
Eric,Christina,0.0,7.291666666666667,34.375,0.0,be learn want learn
Eric,Amar,0.0,0.0,64.28571428571429,INF,be come come
Christina,Amar,1.4705882352941175,2.696078431372549,64.4607843137255,0.5454545454545454,be see be be be favor be position take
Christina,Amar,1.4705882352941175,2.696078431372549,64.4607843137255,0.5454545454545454,be see be be be favor be position take
Christina,Max,1.4705882352941175,2.696078431372549,64.4607843137255,0.5454545454545454,be see be be be favor be position take
Christina,Amar,1.4705882352941175,2.696078431372549,64.4607843137255,0.5454545454545454,be see be be be favor be position take
Amar,Max,1.4705882352941175,2.696078431372549,64.4607843137255,0.5454545454545454,be see be be be favor be position take
Amar,Max,1.4705882352941175,2.696078431372549,64.4607843137255,0.5454545454545454,be see be be be favor be position take
Max,Amar,1.4705882352941175,2.696078431372549,64.4607843137255,0.5454545454545454,be see be be be favor be position take
Max,Jeanine,0.0,1.25,38.75,0.0,bother attack
Max,Jeanine,3.3333333333333335,1.6666666666666667,48.333333333333336,2.0,be have be
Eric,Max,8.653846153846153,0.0,52.88461538461539,INF,believe
Max,Jeanine,3.90625,0.0,33.59375,INF,be plan know
Evelyn,Max,0.0,0.0,55.55555555555556,INF,tell see
Marcus,Evelyn,0.0,6.944444444444445,15.277777777777779,0.0,be
Shauna,Zeke,0.21929824561403508,0.8771929824561403,60.30701754385965,0.25,walk update be start freak see turn be slide
Shauna,Zeke,0.21929824561403508,0.8771929824561403,60.30701754385965,0.25,walk update be start freak see turn be slide
Shauna,Zeke,0.21929824561403508,0.8771929824561403,60.30701754385965,0.25,walk update be start freak see turn be slide
Zeke,Shauna,0.21929824561403508,0.8771929824561403,60.30701754385965,0.25,walk update be start freak see turn be slide
Zeke,Shauna,0.21929824561403508,0.8771929824561403,60.30701754385965,0.25,walk update be start freak see turn be slide
Shauna,Zeke,0.21929824561403508,0.8771929824561403,60.30701754385965,0.25,walk update be start freak see turn be slide
Shauna,Zeke,0.21929824561403508,0.8771929824561403,60.30701754385965,0.25,walk update be start freak see turn be slide
Zeke,Shauna,0.21929824561403508,0.8771929824561403,60.30701754385965,0.25,walk update be start freak see turn be slide
Zeke,Shauna,0.21929824561403508,0.8771929824561403,60.30701754385965,0.25,walk update be start freak see turn be slide
Lynn,Uriah,0.9615384615384616,0.0,29.807692307692307,INF,stand be
Lynn,Marlene,0.9615384615384616,0.0,29.807692307692307,INF,stand be
Lynn,Tris,0.9615384615384616,0.0,29.807692307692307,INF,stand be
Uriah,Marlene,0.9615384615384616,0.0,29.807692307692307,INF,stand be
Uriah,Tris,0.9615384615384616,0.0,29.807692307692307,INF,stand be
Marlene,Tris,0.9615384615384616,0.0,29.807692307692307,INF,stand be
Uriah,Zeke,3.9893617021276597,0.5319148936170213,55.053191489361694,7.5,be keep know do own be be chew
Uriah,Marlene,3.9893617021276597,0.5319148936170213,55.053191489361694,7.5,be keep know do own be be chew
Uriah,Zeke,3.9893617021276597,0.5319148936170213,55.053191489361694,7.5,be keep know do own be be chew
Uriah,Marlene,3.9893617021276597,0.5319148936170213,55.053191489361694,7.5,be keep know do own be be chew
Zeke,Marlene,3.9893617021276597,0.5319148936170213,55.053191489361694,7.5,be keep know do own be be chew
Marlene,Lynn,0.78125,0.0,30.46875,INF,pass say tell
Marlene,Eric,0.78125,0.0,30.46875,INF,pass say tell
Lynn,Eric,0.78125,0.0,30.46875,INF,pass say tell
Tris,Lynn,5.113636363636364,2.272727272727273,60.79545454545454,2.25,pass put fit
Uriah,Zeke,1.4285714285714286,0.7142857142857143,52.142857142857146,2.0,start forget start bicker share
Uriah,Shauna,1.4285714285714286,0.7142857142857143,52.142857142857146,2.0,start forget start bicker share
Uriah,Marlene,1.4285714285714286,0.7142857142857143,52.142857142857146,2.0,start forget start bicker share
Zeke,Shauna,1.4285714285714286,0.7142857142857143,52.142857142857146,2.0,start forget start bicker share
Zeke,Marlene,1.4285714285714286,0.7142857142857143,52.142857142857146,2.0,start forget start bicker share
Shauna,Marlene,1.4285714285714286,0.7142857142857143,52.142857142857146,2.0,start forget start bicker share
Drew,Peter,1.3157894736842104,3.289473684210526,58.55263157894737,0.4,be have be be
Peter,Al,0.0,0.0,60.0,INF,run
Eric,Tobias,2.083333333333333,0.5208333333333333,47.39583333333333,4.0,lean say be hiss
Tobias,Eric,2.083333333333333,0.5208333333333333,47.39583333333333,4.0,lean say be hiss
Eric,Edward,1.953125,2.34375,42.578125,0.8333333333333334,rush advocate do leave
Eric,Edward,1.953125,2.34375,42.578125,0.8333333333333334,rush advocate do leave
Eric,Edward,1.953125,2.34375,42.578125,0.8333333333333334,rush advocate do leave
Eric,Edward,1.953125,2.34375,42.578125,0.8333333333333334,rush advocate do leave
Eric,Edward,1.953125,2.34375,42.578125,0.8333333333333334,rush advocate do leave
Eric,Edward,1.953125,2.34375,42.578125,0.8333333333333334,rush advocate do leave
Eric,Peter,0.0,1.293103448275862,43.53448275862069,0.0,do do step suffer
Eric,Drew,0.0,1.293103448275862,43.53448275862069,0.0,do do step suffer
Eric,Al,0.0,1.293103448275862,43.53448275862069,0.0,do do step suffer
Peter,Drew,0.0,1.293103448275862,43.53448275862069,0.0,do do step suffer
Peter,Al,0.0,1.293103448275862,43.53448275862069,0.0,do do step suffer
Drew,Al,0.0,1.293103448275862,43.53448275862069,0.0,do do step suffer
Zeke,Shauna,4.166666666666666,0.5952380952380952,38.095238095238095,7.0,put say need
Zeke,Shauna,0.0,0.0,42.857142857142854,INF,contain
Zeke,Peter,1.6666666666666667,1.6666666666666667,43.333333333333336,1.0,lurch slam
Peter,Zeke,1.6666666666666667,1.6666666666666667,43.333333333333336,1.0,lurch slam
Zeke,Shauna,0.5952380952380952,0.0,37.5,INF,say move spin
Zeke,Shauna,0.5952380952380952,0.0,37.5,INF,say move spin
Peter,Shauna,0.8333333333333334,4.166666666666666,55.00000000000001,0.2,do look catch handle create
Shauna,Peter,0.8333333333333334,4.166666666666666,55.00000000000001,0.2,do look catch handle create
Shauna,Zeke,0.5681818181818182,0.0,53.97727272727273,INF,hold bring press
Shauna,Zeke,0.5681818181818182,0.0,53.97727272727273,INF,hold bring press
Eric,Zeke,0.8064516129032258,2.0161290322580645,45.564516129032256,0.4,care go say do be
Shauna,Peter,0.0,0.0,50.0,INF,take
Zeke,Peter,1.6666666666666667,0.0,58.333333333333336,INF,let go smooth smile
Shauna,Zeke,7.894736842105263,6.578947368421052,38.15789473684211,1.2,be be threaten
Zeke,Peter,0.0,0.0,54.54545454545454,INF,leave
Drew,Al,1.7857142857142856,3.571428571428571,37.5,0.5,
Peter,Zeke,4.779411764705882,0.0,48.161764705882355,INF,survive fall say make plummet
Peter,Zeke,4.779411764705882,0.0,48.161764705882355,INF,survive fall say make plummet
Peter,Zeke,4.779411764705882,0.0,48.161764705882355,INF,survive fall say make plummet
Peter,Zeke,4.779411764705882,0.0,48.161764705882355,INF,survive fall say make plummet
Peter,Zeke,4.779411764705882,0.0,48.161764705882355,INF,survive fall say make plummet
Peter,Zeke,4.779411764705882,0.0,48.161764705882355,INF,survive fall say make plummet
Max,Jeanine,1.9736842105263157,2.302631578947368,43.09210526315789,0.8571428571428571,fail have be obsess catch blame warn
Max,Eric,1.9736842105263157,2.302631578947368,43.09210526315789,0.8571428571428571,fail have be obsess catch blame warn
Jeanine,Eric,1.9736842105263157,2.302631578947368,43.09210526315789,0.8571428571428571,fail have be obsess catch blame warn
Peter,Eric,0.0,4.464285714285714,52.67857142857143,0.0,throw call brave
Eric,Al,0.0,0.0,53.333333333333336,INF,try have throw
Eric,Tris,1.893939393939394,0.0,52.65151515151515,INF,see call say
Eric,Tris,1.893939393939394,0.0,52.65151515151515,INF,see call say
Eric,Tris,1.893939393939394,0.0,52.65151515151515,INF,see call say
Eric,Tris,1.3157894736842104,3.9473684210526314,68.42105263157895,0.3333333333333333,think be occur end
Max,Jeanine,0.78125,0.0,36.71875,INF,get
Max,Evelyn,0.78125,0.0,36.71875,INF,get
Jeanine,Evelyn,0.78125,0.0,36.71875,INF,get
Evelyn,Drew,0.0,0.0,60.0,INF,fall think punch be
Marcus,Tris,0.0,0.0,53.84615384615385,INF,lunge step
Zeke,Shauna,0.0,0.0,42.857142857142854,INF,take go
Shauna,Max,6.41025641025641,5.128205128205128,39.743589743589745,1.25,be be tell know want keep
Shauna,Jeanine,6.41025641025641,5.128205128205128,39.743589743589745,1.25,be be tell know want keep
Max,Jeanine,6.41025641025641,5.128205128205128,39.743589743589745,1.25,be be tell know want keep
Max,Jeanine,0.0,0.0,55.55555555555556,INF,be go
Max,Jeanine,0.9615384615384616,0.0,45.19230769230769,INF,be go say
Max,Jeanine,1.7045454545454544,3.977272727272727,44.31818181818182,0.42857142857142855,refuse be intimidate do want
Veronica Roth,HarperCollins,0.31645569620253167,1.89873417721519,66.13924050632912,0.16666666666666666,be
Veronica Roth,HarperCollins,0.31645569620253167,1.89873417721519,66.13924050632912,0.16666666666666666,be
