NAME 1,NAME 2,% POS,% NEG,% NEUTRAL,POS:NEG,VERBS
Dad,Una,2.751572327044025,4.088050314465408,52.90880503144654,0.6730769230769231,choose be walk go blow get take be be go play play paint paint be let direct be
David,Jessie,1.0416666666666665,0.5208333333333333,52.604166666666664,2.0,let go see get eat be
Lydia,Edward,1.171875,0.390625,45.3125,3.0,hold read
Lydia,David,1.171875,0.390625,45.3125,3.0,hold read
Lydia,Jessie,1.171875,0.390625,45.3125,3.0,hold read
Edward,David,1.171875,0.390625,45.3125,3.0,hold read
Edward,Jessie,1.171875,0.390625,45.3125,3.0,hold read
David,Jessie,1.171875,0.390625,45.3125,3.0,hold read
Jessie,Grandmama,0.8928571428571428,8.928571428571429,25.892857142857146,0.1,be
Jessie Jasper Lewis,Una,3.3783783783783785,1.3513513513513513,41.21621621621622,2.5,be
Jessie Jasper Lewis,Mark,3.3783783783783785,1.3513513513513513,41.21621621621622,2.5,be
Una,Mark,3.3783783783783785,1.3513513513513513,41.21621621621622,2.5,be
Lydia,Edward,4.166666666666666,0.0,40.27777777777778,INF,
Una,Mark,0.8928571428571428,0.8928571428571428,55.35714285714286,1.0,make stand take
Susie,Trish,0.0,0.0,40.0,INF,have join
University of Minnesota,Lab School,3.571428571428571,0.0,48.80952380952381,INF,be do know continue
Susie,Loretta,0.43103448275862066,3.8793103448275863,50.86206896551724,0.1111111111111111,pull
Susie,Lab School,0.43103448275862066,3.8793103448275863,50.86206896551724,0.1111111111111111,pull
Loretta,Susie,0.43103448275862066,3.8793103448275863,50.86206896551724,0.1111111111111111,pull
Loretta,Lab School,0.43103448275862066,3.8793103448275863,50.86206896551724,0.1111111111111111,pull
Susie,Lab School,0.43103448275862066,3.8793103448275863,50.86206896551724,0.1111111111111111,pull
Loretta,Mom,3.8194444444444446,2.083333333333333,52.43055555555556,1.8333333333333333,stop call try pull intervene
Loretta,Lee,3.8194444444444446,2.083333333333333,52.43055555555556,1.8333333333333333,stop call try pull intervene
Loretta,Mom,3.8194444444444446,2.083333333333333,52.43055555555556,1.8333333333333333,stop call try pull intervene
Loretta,Lee,3.8194444444444446,2.083333333333333,52.43055555555556,1.8333333333333333,stop call try pull intervene
Mom,Lee,3.8194444444444446,2.083333333333333,52.43055555555556,1.8333333333333333,stop call try pull intervene
Auntie Ellie,Loretta,3.804347826086957,2.717391304347826,52.17391304347826,1.4,be be keep call seem do
Auntie Ellie,Loretta,3.804347826086957,2.717391304347826,52.17391304347826,1.4,be be keep call seem do
Edward,Lydia,2.6785714285714284,0.8928571428571428,46.42857142857143,3.0,be
Edward,David,2.6785714285714284,0.8928571428571428,46.42857142857143,3.0,be
Lydia,David,2.6785714285714284,0.8928571428571428,46.42857142857143,3.0,be
David,Bartle,0.0,0.0,71.42857142857143,INF,grab hit
Bartle,David,3.9473684210526314,2.631578947368421,51.31578947368421,1.5,manage say be be
David,Bartle,0.0,0.0,57.14285714285714,INF,mimic
Bartle,Mary,0.4166666666666667,2.5,53.75,0.16666666666666666,be kick tell be
Bartle,Mary,0.4166666666666667,2.5,53.75,0.16666666666666666,be kick tell be
Mary,Bartle,0.4166666666666667,2.5,53.75,0.16666666666666666,be kick tell be
Mary,Bartle,0.4166666666666667,2.5,53.75,0.16666666666666666,be kick tell be
Mary,Bartle,0.4166666666666667,2.5,53.75,0.16666666666666666,be kick tell be
Bartle,Mary,0.4166666666666667,2.5,53.75,0.16666666666666666,be kick tell be
Bartle,Mary,0.4166666666666667,2.5,53.75,0.16666666666666666,be kick tell be
Mary,Bartle,0.4166666666666667,2.5,53.75,0.16666666666666666,be kick tell be
Tim,Bartle,0.0,0.0,28.57142857142857,INF,be
Loretta,Mom,7.236842105263158,2.631578947368421,42.76315789473684,2.75,have write address see
Una,Jessie,1.3157894736842104,0.0,35.526315789473685,INF,thank attend
Una,Jessie,1.3157894736842104,0.0,35.526315789473685,INF,thank attend
Una,Mark,2.1739130434782608,1.0869565217391304,44.565217391304344,2.0,have fall have be
Una,Mark,7.894736842105263,1.3157894736842104,38.15789473684211,6.0,leave join
Auntie Ellie,Mom,5.833333333333333,4.166666666666666,43.333333333333336,1.4,take
Mom,Loretta,12.5,10.0,44.166666666666664,1.25,grumble ruin
Lydia,David,0.0,4.166666666666666,52.976190476190474,0.0,have embrace have say
Lydia,David,0.0,4.166666666666666,52.976190476190474,0.0,have embrace have say
Lydia,Edward,0.7352941176470588,0.0,55.14705882352941,INF,have pull be sit have
Lydia,Auntie Ellie,0.7352941176470588,0.0,55.14705882352941,INF,have pull be sit have
Edward,Auntie Ellie,0.7352941176470588,0.0,55.14705882352941,INF,have pull be sit have
Auntie Ellie,Edward,0.0,0.0,50.0,INF,be pull
Auntie Ellie,Lydia,0.0,0.0,50.0,INF,be pull
Auntie Ellie,Lee,0.0,0.0,50.0,INF,be pull
Edward,Lydia,0.0,0.0,50.0,INF,be pull
Edward,Lee,0.0,0.0,50.0,INF,be pull
Lydia,Lee,0.0,0.0,50.0,INF,be pull
Auntie Ellie,Lydia,0.78125,0.0,42.96875,INF,come say
Auntie Ellie,Lydia,0.78125,0.0,42.96875,INF,come say
Una,Brad,12.5,2.5,25.0,5.0,know
Mark,David,9.868421052631579,1.3157894736842104,36.18421052631579,7.5,mean know know be say
David,Bartle,1.7857142857142856,0.0,36.30952380952381,INF,do think do say agree
David,Bartle,1.7857142857142856,0.0,36.30952380952381,INF,do think do say agree
Bartle,Mary,0.0,0.0,71.42857142857143,INF,move kick
Mary,Bartle,0.0,0.0,71.42857142857143,INF,move kick
Bartle,Grandmama,0.0,0.0,60.0,INF,have go stay come
Grandmama,Bartle,0.0,0.0,60.0,INF,have go stay come
Grandmama,Mary,4.605263157894736,0.0,63.81578947368421,INF,say be be
Auntie Ellie,Lee,0.0,2.717391304347826,49.45652173913043,0.0,be be be
Auntie Ellie,Lee,0.0,2.717391304347826,49.45652173913043,0.0,be be be
Lydia,Edward,0.0,0.0,60.0,INF,
Tim,Bartle,4.166666666666666,8.333333333333332,37.5,0.5,be
Auntie Ellie,Mom,2.0,1.25,50.74999999999999,1.6,go sit talk be come
Auntie Ellie,Mom,2.0,1.25,50.74999999999999,1.6,go sit talk be come
Mom,Auntie Ellie,2.0,1.25,50.74999999999999,1.6,go sit talk be come
Edward,Lydia,1.0,7.5,67.5,0.13333333333333333,have treat be marry
Auntie Ellie,David,0.0,0.0,58.82352941176471,INF,try get go refuse
Auntie Ellie,Mom,8.333333333333332,3.3333333333333335,48.333333333333336,2.5,go get send comfort
Auntie Ellie,Mom,8.333333333333332,3.3333333333333335,48.333333333333336,2.5,go get send comfort
Auntie Ellie,Mom,9.375,0.0,46.875,INF,do come know let
Mom,Auntie Ellie,9.375,0.0,46.875,INF,do come know let
Mark,Jessie,1.3888888888888888,1.3888888888888888,30.555555555555557,1.0,be
Brad,Una,6.25,0.0,43.75,INF,know think
Grandmama,Mary,2.7777777777777777,1.7361111111111112,51.041666666666664,1.6,be say search see have hit
Grandmama,Mary,2.7777777777777777,1.7361111111111112,51.041666666666664,1.6,be say search see have hit
Auntie Ellie,Mom,5.46875,0.0,50.78125,INF,pull
Mom,Auntie Ellie,7.6923076923076925,4.807692307692308,41.34615384615385,1.6,say be
Mom,Loretta,7.6923076923076925,4.807692307692308,41.34615384615385,1.6,say be
Auntie Ellie,Loretta,7.6923076923076925,4.807692307692308,41.34615384615385,1.6,say be
Auntie Ellie,Mom,22.22222222222222,0.0,33.33333333333333,INF,know
Mom,Lydia,6.481481481481481,0.0,49.074074074074076,INF,be head show
Lydia,Mom,6.481481481481481,0.0,49.074074074074076,INF,be head show
Lydia,Mom,5.555555555555555,0.0,57.407407407407405,INF,be dare show
Lydia,Auntie Ellie,8.75,0.0,31.25,INF,go
Lydia,Mom,8.75,0.0,31.25,INF,go
Auntie Ellie,Mom,8.75,0.0,31.25,INF,go
Kate,Mom,3.3653846153846154,0.0,46.63461538461539,INF,enter take shove
Kate,Auntie Ellie,3.3653846153846154,0.0,46.63461538461539,INF,enter take shove
Kate,Auntie Ellie,3.3653846153846154,0.0,46.63461538461539,INF,enter take shove
Kate,Mom,3.3653846153846154,0.0,46.63461538461539,INF,enter take shove
Kate,Auntie Ellie,3.3653846153846154,0.0,46.63461538461539,INF,enter take shove
Kate,Auntie Ellie,3.3653846153846154,0.0,46.63461538461539,INF,enter take shove
Mom,Auntie Ellie,3.3653846153846154,0.0,46.63461538461539,INF,enter take shove
Mom,Auntie Ellie,3.3653846153846154,0.0,46.63461538461539,INF,enter take shove
Edward,Mom,12.5,4.166666666666666,58.333333333333336,3.0,be be give
Elyot,Sybil,3.75,0.625,45.625,6.0,be go
Mom,Amanda,12.5,0.8928571428571428,43.75,14.0,be
Mom,Amanda,12.5,0.8928571428571428,43.75,14.0,be
Mom,Victor,12.5,0.8928571428571428,43.75,14.0,be
Amanda,Victor,12.5,0.8928571428571428,43.75,14.0,be
Amanda,Victor,12.5,0.8928571428571428,43.75,14.0,be
Amanda,Noël Coward,8.0,3.5000000000000004,56.49999999999999,2.2857142857142856,have think be run know be talk
Victor,Elyot,5.932203389830509,4.23728813559322,50.847457627118644,1.4,be hold know leave come discover realize be
Victor,Amanda,5.932203389830509,4.23728813559322,50.847457627118644,1.4,be hold know leave come discover realize be
Elyot,Victor,5.932203389830509,4.23728813559322,50.847457627118644,1.4,be hold know leave come discover realize be
Elyot,Amanda,5.932203389830509,4.23728813559322,50.847457627118644,1.4,be hold know leave come discover realize be
Victor,Amanda,5.932203389830509,4.23728813559322,50.847457627118644,1.4,be hold know leave come discover realize be
Lydia,Amanda,2.302631578947368,0.6578947368421052,41.776315789473685,3.5,open be transport love
Lydia,Amanda,2.302631578947368,0.6578947368421052,41.776315789473685,3.5,open be transport love
Lydia,Amanda,2.302631578947368,0.6578947368421052,41.776315789473685,3.5,open be transport love
Lydia,Amanda,2.302631578947368,0.6578947368421052,41.776315789473685,3.5,open be transport love
Lydia,Amanda,2.302631578947368,0.6578947368421052,41.776315789473685,3.5,open be transport love
Lydia,Amanda,2.302631578947368,0.6578947368421052,41.776315789473685,3.5,open be transport love
Bartle,David,3.3333333333333335,1.6666666666666667,61.66666666666667,2.0,be talk
Bette Midler,Mom,8.088235294117647,0.0,53.67647058823529,INF,be buy
Bette Midler,Dad,8.088235294117647,0.0,53.67647058823529,INF,be buy
Bette Midler,Mom,8.088235294117647,0.0,53.67647058823529,INF,be buy
Mom,Dad,8.088235294117647,0.0,53.67647058823529,INF,be buy
Dad,Mom,8.088235294117647,0.0,53.67647058823529,INF,be buy
Loretta,CLP,2.857142857142857,2.142857142857143,52.142857142857146,1.3333333333333333,be think be live look
Mom,Loretta,10.9375,10.9375,28.125,1.0,deny send
Loretta,CLP,1.5625,0.625,42.8125,2.5,have notice send be be be call have be come
Mom,Bartle,8.152173913043478,1.6304347826086956,42.391304347826086,5.0,stay do know be be
Mom,Bartle,8.152173913043478,1.6304347826086956,42.391304347826086,5.0,stay do know be be
Lydia,Una,3.0303030303030303,1.1363636363636365,35.22727272727273,2.6666666666666665,be call need mean do finish be go say
Lydia,Auntie Ellie,3.0303030303030303,1.1363636363636365,35.22727272727273,2.6666666666666665,be call need mean do finish be go say
Lydia,Auntie Ellie,3.0303030303030303,1.1363636363636365,35.22727272727273,2.6666666666666665,be call need mean do finish be go say
Una,Auntie Ellie,3.0303030303030303,1.1363636363636365,35.22727272727273,2.6666666666666665,be call need mean do finish be go say
Una,Auntie Ellie,3.0303030303030303,1.1363636363636365,35.22727272727273,2.6666666666666665,be call need mean do finish be go say
Lydia,Mom,3.75,0.0,32.916666666666664,INF,be be hold be get
Lydia,Kate,3.75,0.0,32.916666666666664,INF,be be hold be get
Lydia,Mom,3.75,0.0,32.916666666666664,INF,be be hold be get
Lydia,Kate,3.75,0.0,32.916666666666664,INF,be be hold be get
Mom,Lydia,3.75,0.0,32.916666666666664,INF,be be hold be get
Mom,Kate,3.75,0.0,32.916666666666664,INF,be be hold be get
Mom,Lydia,3.75,0.0,32.916666666666664,INF,be be hold be get
Lydia,Kate,3.75,0.0,32.916666666666664,INF,be be hold be get
Kate,Lydia,3.75,0.0,32.916666666666664,INF,be be hold be get
Brad,Mom,8.75,0.0,51.24999999999999,INF,carry
Mom,Lydia,7.638888888888889,7.638888888888889,51.388888888888886,1.0,be run warn
Brad,Kate,0.6944444444444444,0.0,60.416666666666664,INF,go leave
Brad,Mom,9.558823529411764,2.941176470588235,69.85294117647058,3.25,be hold wave
Brad,Bartle,1.7857142857142856,0.0,62.5,INF,look whisper
Kate,Bartle,4.166666666666666,4.861111111111112,46.52777777777778,0.8571428571428571,know use babysit move
Bartle,Kate,1.0869565217391304,3.804347826086957,60.32608695652174,0.2857142857142857,start talk have see have catch do
Mom,Lydia,5.88235294117647,0.0,64.70588235294117,INF,come fly escape
Brad,Mom,8.75,0.0,51.24999999999999,INF,be clutch
Brad,Dad,2.272727272727273,0.0,47.72727272727273,INF,do help be twine
Brad,Maggie,2.272727272727273,0.0,47.72727272727273,INF,do help be twine
Dad,Maggie,2.272727272727273,0.0,47.72727272727273,INF,do help be twine
Dad,Brad,2.272727272727273,0.0,47.72727272727273,INF,do help be twine
Maggie,Brad,2.272727272727273,0.0,47.72727272727273,INF,do help be twine
Una,Amanda,0.0,6.944444444444445,4.166666666666666,0.0,be be
Brad,Mom,6.666666666666667,0.0,33.33333333333333,INF,say drip
Brad,Kate,0.0,0.0,60.0,INF,do
Kate,Brad,0.0,0.0,50.0,INF,let do
Brad,Kate,0.0,0.0,50.0,INF,let do
Kate,Brad,0.0,3.977272727272727,50.56818181818182,0.0,do think be poke
Bartle,Kate,7.638888888888889,2.7777777777777777,56.25,2.75,make have
Lydia,Edward,9.210526315789473,3.289473684210526,55.92105263157895,2.8,tell give cancel say
Lydia,Mom,9.210526315789473,3.289473684210526,55.92105263157895,2.8,tell give cancel say
Lydia,Mom,9.210526315789473,3.289473684210526,55.92105263157895,2.8,tell give cancel say
Lydia,Edward,9.210526315789473,3.289473684210526,55.92105263157895,2.8,tell give cancel say
Lydia,Mom,9.210526315789473,3.289473684210526,55.92105263157895,2.8,tell give cancel say
Lydia,Mom,9.210526315789473,3.289473684210526,55.92105263157895,2.8,tell give cancel say
Edward,Mom,9.210526315789473,3.289473684210526,55.92105263157895,2.8,tell give cancel say
Edward,Mom,9.210526315789473,3.289473684210526,55.92105263157895,2.8,tell give cancel say
Brad,Bartle,3.804347826086957,1.0869565217391304,47.28260869565217,3.5,find become
Bartle,Brad,3.804347826086957,1.0869565217391304,47.28260869565217,3.5,find become
Edward,Mom,12.5,0.0,44.642857142857146,INF,take
David,Mom,8.75,1.25,50.0,7.0,drag
Auntie Ellie,Mom,7.6923076923076925,3.8461538461538463,34.61538461538461,2.0,be know handle be have drink
Bartle,Tim,3.4090909090909087,1.1363636363636365,59.09090909090909,3.0,have go
Lydia,Mom,14.84375,5.46875,48.4375,2.7142857142857144,be
David,Mom,5.0,0.625,59.375,8.0,sit drag
Edward,Lydia,0.0,0.0,47.61904761904761,INF,gear
Mom,David,5.932203389830509,1.4830508474576272,51.90677966101694,4.0,close dump lock manage call wish let say go
Mom,Una,11.363636363636363,0.0,29.545454545454547,INF,do know pull
Mom,Una,11.363636363636363,0.0,29.545454545454547,INF,do know pull
Jess,Una,0.0,4.310344827586207,43.96551724137931,0.0,be pay
David,Edward,0.0,0.0,56.25,INF,have go visit
David,Lydia,0.0,0.0,56.25,INF,have go visit
David,Lydia,0.0,0.0,56.25,INF,have go visit
Edward,Lydia,0.0,0.0,56.25,INF,have go visit
Edward,Lydia,0.0,0.0,56.25,INF,have go visit
Bartle,Brad,0.0,0.0,61.111111111111114,INF,get pay clean organize
Brad,HGTV,2.5,3.3333333333333335,40.833333333333336,0.75,be be pretend be
Brad,HGTV,2.5,3.3333333333333335,40.833333333333336,0.75,be be pretend be
Bartle,Brad,8.75,8.75,47.5,1.0,entertain fall run
Mom,Grandmama,2.9166666666666665,2.5,54.58333333333333,1.1666666666666667,keep suppose
Mom,Loretta,14.583333333333334,0.0,18.75,INF,
Mom,Loretta,10.833333333333334,5.0,40.833333333333336,2.1666666666666665,be forget say forget
Una,Grandmama,2.1739130434782608,0.5434782608695652,40.76086956521739,4.0,say lean peer
Mom,Grandmama,6.388888888888888,2.2222222222222223,38.05555555555556,2.875,know hate be be go realize be do have talk be happen
Mary,Grandmama,6.25,0.8928571428571428,35.714285714285715,7.0,be snap
Loretta,Grandmama,1.25,7.5,31.25,0.16666666666666666,say shake
Loretta,Grandmama,1.25,7.5,31.25,0.16666666666666666,say shake
Brad,Bartle,4.6875,0.78125,50.78125,6.0,be get be
Jess,Bartle,1.7045454545454544,2.840909090909091,45.45454545454545,0.6,welcome say polish reach
Jess,Bartle,1.7045454545454544,2.840909090909091,45.45454545454545,0.6,welcome say polish reach
Mark,Bartle,5.0,3.0,44.0,1.6666666666666667,see do worry say nod
Mom,Loretta,7.142857142857142,1.7857142857142856,43.452380952380956,4.0,come be have claim
Brad,Bartle,0.9615384615384616,0.0,37.5,INF,be help say
Mom,Brad,9.722222222222223,0.0,45.83333333333333,INF,stiffen hear
Mom,Susie,7.954545454545454,0.0,28.40909090909091,INF,be load
Bartle,Mom,7.6923076923076925,0.0,38.46153846153847,INF,look
Bartle,Grandmama,0.0,1.7857142857142856,41.07142857142857,0.0,go start unload
Una,Mark,2.941176470588235,0.7352941176470588,43.38235294117647,4.0,work say stare
Una,Bartle,2.941176470588235,0.7352941176470588,43.38235294117647,4.0,work say stare
Mark,Bartle,2.941176470588235,0.7352941176470588,43.38235294117647,4.0,work say stare
Lee,Loretta,0.4166666666666667,0.4166666666666667,49.166666666666664,1.0,have manage get let move
Mom,Brad,8.653846153846153,0.9615384615384616,59.61538461538461,9.0,spend act be
Dad,Brad,4.861111111111112,0.0,56.25,INF,go celebrate
Dad,Mom,4.861111111111112,0.0,56.25,INF,go celebrate
Brad,Mom,4.861111111111112,0.0,56.25,INF,go celebrate
David,Lydia,0.0,0.9615384615384616,68.26923076923077,0.0,ask go
Mom,Susie,4.545454545454546,0.5681818181818182,58.52272727272727,8.0,wrap wrap
Mom,Brad,4.545454545454546,0.5681818181818182,58.52272727272727,8.0,wrap wrap
Susie,Brad,4.545454545454546,0.5681818181818182,58.52272727272727,8.0,wrap wrap
Edward,Lydia,1.9230769230769231,0.0,59.61538461538461,INF,have
Edward,David,1.9230769230769231,0.0,59.61538461538461,INF,have
Lydia,David,1.9230769230769231,0.0,59.61538461538461,INF,have
Mom,Brad,6.481481481481481,4.166666666666666,52.31481481481482,1.5555555555555556,do invite be guess be have
Bartle,Tim,3.571428571428571,1.7857142857142856,37.5,2.0,be
Mom,CLP,6.0344827586206895,0.8620689655172413,62.06896551724138,7.0,let pour let tell have be raise
Mom,Loretta,6.578947368421052,0.6578947368421052,66.44736842105263,10.0,be bear say be turn
Mom,Loretta,5.555555555555555,2.083333333333333,42.36111111111111,2.6666666666666665,say die go
Lab School,David,0.6578947368421052,0.0,57.23684210526315,INF,leave
Dad,Brad,5.357142857142857,0.0,66.07142857142857,INF,act
Mom,Lydia,3.4375000000000004,4.0625,57.49999999999999,0.8461538461538461,wander be
Mom,Edward,3.4375000000000004,4.0625,57.49999999999999,0.8461538461538461,wander be
Lydia,Edward,3.4375000000000004,4.0625,57.49999999999999,0.8461538461538461,wander be
Bruce,Arthur,1.3888888888888888,1.0416666666666665,58.68055555555556,1.3333333333333333,use have be attend stop come
Bruce,Arthur,1.3888888888888888,1.0416666666666665,58.68055555555556,1.3333333333333333,use have be attend stop come
Bruce,Arthur,1.3888888888888888,1.0416666666666665,58.68055555555556,1.3333333333333333,use have be attend stop come
Bruce,Arthur,1.3888888888888888,1.0416666666666665,58.68055555555556,1.3333333333333333,use have be attend stop come
Arthur,Grandmama,3.125,0.0,46.875,INF,be
Grandmama,Arthur,3.125,0.0,46.875,INF,be
Arthur,Mr. Rasmussen,0.0,0.0,61.53846153846154,INF,start call
Arthur,Mr. Rasmussen,0.0,0.0,61.53846153846154,INF,start call
Bruce,Arthur,7.142857142857142,0.5952380952380952,58.92857142857143,12.0,have be invite take
Arthur,Bruce,0.0,0.8928571428571428,49.107142857142854,0.0,be call
Bruce,Dad,1.7857142857142856,0.8928571428571428,58.03571428571429,2.0,follow get be get reacquaint tell
Bruce,Brad,1.7857142857142856,0.8928571428571428,58.03571428571429,2.0,follow get be get reacquaint tell
Bruce,Dad,1.7857142857142856,0.8928571428571428,58.03571428571429,2.0,follow get be get reacquaint tell
Bruce,Brad,1.7857142857142856,0.8928571428571428,58.03571428571429,2.0,follow get be get reacquaint tell
Bruce,Dad,1.7857142857142856,0.8928571428571428,58.03571428571429,2.0,follow get be get reacquaint tell
Bruce,Brad,1.7857142857142856,0.8928571428571428,58.03571428571429,2.0,follow get be get reacquaint tell
Dad,Brad,1.7857142857142856,0.8928571428571428,58.03571428571429,2.0,follow get be get reacquaint tell
Mark,Brad,2.272727272727273,1.1363636363636365,60.22727272727273,2.0,come say
Arthur,Bruce,5.769230769230769,2.8846153846153846,68.26923076923077,2.0,walk think be
Arthur,Bruce,2.083333333333333,2.9166666666666665,45.0,0.7142857142857143,feel have keep be be go help
Bruce,Arthur,1.25,0.0,48.75,INF,say
Bruce,Arthur,2.34375,5.46875,60.9375,0.42857142857142855,do want be
Bartle,Mom,5.88235294117647,0.0,52.94117647058824,INF,run make ask ask borrow take mean pay
Mom,Bartle,5.88235294117647,0.0,52.94117647058824,INF,run make ask ask borrow take mean pay
Mom,Bartle,5.603448275862069,0.8620689655172413,55.603448275862064,6.5,have stash grab pay
Bartle,Jessie,3.5000000000000004,1.5,51.0,2.3333333333333335,pause do say
Mark,Una,0.5952380952380952,1.7857142857142856,54.761904761904766,0.3333333333333333,be call
Jessie,James,3.0172413793103448,1.293103448275862,37.06896551724138,2.3333333333333335,be be be
Jessie,James,3.0172413793103448,1.293103448275862,37.06896551724138,2.3333333333333335,be be be
Jessie,Tim,3.0172413793103448,1.293103448275862,37.06896551724138,2.3333333333333335,be be be
Jessie,Tim,3.0172413793103448,1.293103448275862,37.06896551724138,2.3333333333333335,be be be
James,Tim,3.0172413793103448,1.293103448275862,37.06896551724138,2.3333333333333335,be be be
James,Tim,3.0172413793103448,1.293103448275862,37.06896551724138,2.3333333333333335,be be be
James,Tim,3.0172413793103448,1.293103448275862,37.06896551724138,2.3333333333333335,be be be
James,Tim,3.0172413793103448,1.293103448275862,37.06896551724138,2.3333333333333335,be be be
Tim,Bartle,0.5434782608695652,1.0869565217391304,54.891304347826086,0.5,have join clutch
Tim,Bartle,0.5434782608695652,1.0869565217391304,54.891304347826086,0.5,have join clutch
Tim,Bartle,0.5434782608695652,1.0869565217391304,54.891304347826086,0.5,have join clutch
Bartle,Tim,5.555555555555555,0.0,27.77777777777778,INF,help
Tim,Bartle,5.555555555555555,0.0,27.77777777777778,INF,help
Bartle,Tim,2.083333333333333,0.0,47.91666666666667,INF,put set correct
Bartle,Tim,1.488095238095238,0.2976190476190476,52.976190476190474,5.0,gather scramble sit pretend do know sit sit
Bev,Mary,1.3888888888888888,0.6944444444444444,42.36111111111111,2.0,mean be be
Emily,James,3.90625,0.78125,39.0625,5.0,be join say smile
Mark,Bartle,1.3392857142857142,0.4464285714285714,44.642857142857146,3.0,glance be wait correct do
Mark,Bartle,1.3392857142857142,0.4464285714285714,44.642857142857146,3.0,glance be wait correct do
Mark,Bartle,1.3392857142857142,0.4464285714285714,44.642857142857146,3.0,glance be wait correct do
Mom,Dad,12.5,1.4705882352941175,38.970588235294116,8.5,wonder be go happen
Mom,Brad,12.5,1.4705882352941175,38.970588235294116,8.5,wonder be go happen
Dad,Brad,12.5,1.4705882352941175,38.970588235294116,8.5,wonder be go happen
Brad,Bartle,2.34375,0.78125,53.125,3.0,be say
Brad,Bartle,2.34375,0.78125,53.125,3.0,be say
Brad,Bartle,4.276315789473684,0.9868421052631579,47.368421052631575,4.333333333333333,rent be afford buy suppose think say
David,Bartle,1.5625,1.171875,56.640625,1.3333333333333333,tell hear be seem be combust
Mom,Bartle,6.730769230769231,0.0,54.807692307692314,INF,choose tell tell
Dad,Brad,2.4390243902439024,1.524390243902439,47.256097560975604,1.6,flip be get be promise reveal come
Mom,Dad,5.288461538461538,4.326923076923077,67.3076923076923,1.2222222222222223,go say be have talk
Mom,Brad,5.288461538461538,4.326923076923077,67.3076923076923,1.2222222222222223,go say be have talk
Dad,Brad,5.288461538461538,4.326923076923077,67.3076923076923,1.2222222222222223,go say be have talk
Brad,Una,9.913793103448276,0.8620689655172413,37.5,11.5,do know feel live know
Brad,Mom,9.913793103448276,0.8620689655172413,37.5,11.5,do know feel live know
Una,Mom,9.913793103448276,0.8620689655172413,37.5,11.5,do know feel live know
Mom,Dad,7.608695652173914,0.5434782608695652,39.67391304347826,14.0,be do be be run
Mom,Bartle,7.608695652173914,0.5434782608695652,39.67391304347826,14.0,be do be be run
Mom,Brad,7.608695652173914,0.5434782608695652,39.67391304347826,14.0,be do be be run
Dad,Bartle,7.608695652173914,0.5434782608695652,39.67391304347826,14.0,be do be be run
Dad,Brad,7.608695652173914,0.5434782608695652,39.67391304347826,14.0,be do be be run
Bartle,Brad,7.608695652173914,0.5434782608695652,39.67391304347826,14.0,be do be be run
Jess,Bartle,5.0,0.0,41.66666666666667,INF,run find say
Dad,Brad,0.0,0.0,66.66666666666666,INF,
Bartle,Brad,3.125,0.625,46.25,5.0,get be glue
Bartle,Brad,3.125,0.625,46.25,5.0,get be glue
St. Paul,David,1.5625,4.6875,43.75,0.3333333333333333,hope do get blow say hand
Mark,Brad,2.083333333333333,1.0416666666666665,38.54166666666667,2.0,have commit say
Brad,Una,3.125,0.0,46.875,INF,do like
Bartle,Lydia,2.6785714285714284,0.0,61.60714285714286,INF,ask
Bartle,Lydia,2.6785714285714284,0.0,61.60714285714286,INF,ask
Mom,Edward,10.9375,0.0,26.5625,INF,ask
Bartle,Mom,6.5,3.5000000000000004,57.99999999999999,1.8571428571428572,grab sit
Lydia,Bartle,5.0,3.0,48.0,1.6666666666666667,sit pull be
Lydia,Bartle,5.0,3.0,48.0,1.6666666666666667,sit pull be
Lydia,Bartle,5.0,3.0,48.0,1.6666666666666667,sit pull be
Lydia,Mom,5.0,3.0,48.0,1.6666666666666667,sit pull be
Bartle,Lydia,5.0,3.0,48.0,1.6666666666666667,sit pull be
Bartle,Mom,5.0,3.0,48.0,1.6666666666666667,sit pull be
Lydia,Bartle,5.0,3.0,48.0,1.6666666666666667,sit pull be
Lydia,Bartle,5.0,3.0,48.0,1.6666666666666667,sit pull be
Lydia,Mom,5.0,3.0,48.0,1.6666666666666667,sit pull be
Bartle,Mom,5.0,3.0,48.0,1.6666666666666667,sit pull be
Bartle,Mom,5.0,3.0,48.0,1.6666666666666667,sit pull be
Mom,Edward,4.583333333333333,2.5,49.583333333333336,1.8333333333333333,let go say look
Mom,Lydia,4.583333333333333,2.5,49.583333333333336,1.8333333333333333,let go say look
Edward,Lydia,4.583333333333333,2.5,49.583333333333336,1.8333333333333333,let go say look
Bartle,Bev,0.0,0.0,33.33333333333333,INF,draw
Bev,Bartle,0.0,0.0,33.33333333333333,INF,draw
Bartle,Brad,0.0,2.7777777777777777,30.555555555555557,0.0,be
David,Tony,1.3888888888888888,1.3888888888888888,56.481481481481474,1.0,give have rename know
David,Maria,1.3888888888888888,1.3888888888888888,56.481481481481474,1.0,give have rename know
Tony,Maria,1.3888888888888888,1.3888888888888888,56.481481481481474,1.0,give have rename know
Bartle,Anne,0.78125,1.171875,51.171875,0.6666666666666666,say hand anne look be burst
Bartle,Anne,0.78125,1.171875,51.171875,0.6666666666666666,say hand anne look be burst
Emily,Tim,3.8461538461538463,0.0,50.0,INF,have write be use act
Bartle,Bev,0.7352941176470588,0.0,46.32352941176471,INF,be work
Bev,Bartle,5.833333333333333,4.166666666666666,36.666666666666664,1.4,be
Tim,Bartle,5.681818181818182,3.977272727272727,53.97727272727273,1.4285714285714286,hear be be
Anne,Troy,0.0,1.7857142857142856,69.64285714285714,0.0,be read
Anne,Troy,3.8461538461538463,0.9615384615384616,56.730769230769226,4.0,turn be
Tony,Maria,1.8292682926829267,0.9146341463414633,55.79268292682927,2.0,be get know work picture
Tony,David,1.8292682926829267,0.9146341463414633,55.79268292682927,2.0,be get know work picture
Maria,David,1.8292682926829267,0.9146341463414633,55.79268292682927,2.0,be get know work picture
Emily,Bartle,2.564102564102564,2.8846153846153846,48.3974358974359,0.8888888888888888,move take walk be rave
Emily,Tim,2.564102564102564,2.8846153846153846,48.3974358974359,0.8888888888888888,move take walk be rave
Emily,Bartle,2.564102564102564,2.8846153846153846,48.3974358974359,0.8888888888888888,move take walk be rave
Emily,Tim,2.564102564102564,2.8846153846153846,48.3974358974359,0.8888888888888888,move take walk be rave
Bartle,Tim,2.564102564102564,2.8846153846153846,48.3974358974359,0.8888888888888888,move take walk be rave
Dad,Brad,9.615384615384617,0.0,67.3076923076923,INF,find snap
Dad,Brad,4.375,6.875000000000001,53.75,0.6363636363636364,be want know do
Bruce,Arthur,8.035714285714286,8.035714285714286,55.35714285714286,1.0,say be respond be
Bruce,Arthur,8.035714285714286,8.035714285714286,55.35714285714286,1.0,say be respond be
Brad,Mom,7.142857142857142,2.976190476190476,47.023809523809526,2.4,be be go choose thank
Dad,Brad,1.0,1.5,61.5,0.6666666666666666,seem be handle be act
Brad,Bartle,2.272727272727273,0.0,70.45454545454545,INF,be look sweep push gather stir
Brad,Bartle,2.272727272727273,0.0,70.45454545454545,INF,be look sweep push gather stir
David,Bartle,3.289473684210526,0.6578947368421052,48.68421052631579,5.0,have grab run
Chris,Brad,0.0,0.0,52.63157894736842,INF,paint help
Chris,Bartle,0.0,0.0,52.63157894736842,INF,paint help
Brad,Bartle,0.0,0.0,52.63157894736842,INF,paint help
Lydia,Dad,0.0,2.5,57.49999999999999,0.0,have take call
Lydia,Brad,0.0,2.5,57.49999999999999,0.0,have take call
Lydia,Bartle,0.0,2.5,57.49999999999999,0.0,have take call
Dad,Brad,0.0,2.5,57.49999999999999,0.0,have take call
Dad,Bartle,0.0,2.5,57.49999999999999,0.0,have take call
Brad,Bartle,0.0,2.5,57.49999999999999,0.0,have take call
Dad,Brad,0.0,0.0,64.28571428571429,INF,be move
Mom,Bartle,3.7037037037037033,0.0,55.55555555555556,INF,put run keep
David,Mom,6.730769230769231,0.0,39.42307692307692,INF,tell
Brad,Bartle,0.78125,0.0,42.96875,INF,come
Brad,Tim,0.78125,0.0,42.96875,INF,come
Bartle,Tim,0.78125,0.0,42.96875,INF,come
Mom,Edward,12.5,0.0,50.0,INF,come
Mom,Edward,10.0,0.0,60.0,INF,ask look
HGTV,Brad,1.6304347826086956,1.0869565217391304,58.152173913043484,1.5,have be addict show be aim
David,Bartle,2.380952380952381,0.0,45.23809523809524,INF,get hurry beat help
David,Bartle,2.380952380952381,0.0,45.23809523809524,INF,get hurry beat help
Brad,Bartle,0.0,0.0,52.17391304347826,INF,begin load
Brad,Edward,0.0,0.0,52.17391304347826,INF,begin load
Bartle,Edward,0.0,0.0,52.17391304347826,INF,begin load
Bartle,Brad,0.0,0.0,52.17391304347826,INF,begin load
Edward,Brad,0.0,0.0,52.17391304347826,INF,begin load
Lydia,Edward,4.6875,0.5208333333333333,53.125,9.0,be go have give realize be
Lydia,David,4.6875,0.5208333333333333,53.125,9.0,be go have give realize be
Edward,David,4.6875,0.5208333333333333,53.125,9.0,be go have give realize be
Mom,Tennessee Williams,8.5,4.5,55.00000000000001,1.8888888888888888,play name play
Brad,Dad,0.9375,0.9375,63.125,1.0,come be have get move clean get depend
Brad,David,0.9375,0.9375,63.125,1.0,come be have get move clean get depend
Dad,Brad,0.9375,0.9375,63.125,1.0,come be have get move clean get depend
Dad,David,0.9375,0.9375,63.125,1.0,come be have get move clean get depend
Brad,David,0.9375,0.9375,63.125,1.0,come be have get move clean get depend
Dad,Brad,0.0,0.0,58.82352941176471,INF,run
Edward,Blanche,1.6129032258064515,1.2096774193548387,39.11290322580645,1.3333333333333333,be rehearse name
Mom,Blanche,14.583333333333334,0.0,18.75,INF,
Blanche,Edward,0.0,0.0,40.0,INF,wait be
Tennessee Williams,Mom,4.3478260869565215,3.804347826086957,48.369565217391305,1.1428571428571428,be play say sound
Bartle,Tennessee Williams,5.0,2.5,62.5,2.0,be try remember be
Mom,Brad,11.11111111111111,0.0,44.44444444444444,INF,shoot kill
Bartle,Brad,2.0,3.0,59.0,0.6666666666666666,disappear be freeze stare look
Bartle,Dad,2.0,3.0,59.0,0.6666666666666666,disappear be freeze stare look
Brad,Dad,2.0,3.0,59.0,0.6666666666666666,disappear be freeze stare look
Mom,Tim,9.375,1.5625,32.8125,6.0,say fixate
Bartle,Tim,2.6785714285714284,2.6785714285714284,44.642857142857146,1.0,come see be make
Mom,Tim,4.934210526315789,3.289473684210526,54.93421052631579,1.5,have rush be try get be pose cover
Mom,Tim,4.934210526315789,3.289473684210526,54.93421052631579,1.5,have rush be try get be pose cover
Mom,Tim,4.934210526315789,3.289473684210526,54.93421052631579,1.5,have rush be try get be pose cover
Mom,Tim,3.8194444444444446,1.0416666666666665,56.25,3.6666666666666665,suppose hope hustle see be do
Mom,Loretta,3.8194444444444446,1.0416666666666665,56.25,3.6666666666666665,suppose hope hustle see be do
Mom,Loretta,3.8194444444444446,1.0416666666666665,56.25,3.6666666666666665,suppose hope hustle see be do
Tim,Loretta,3.8194444444444446,1.0416666666666665,56.25,3.6666666666666665,suppose hope hustle see be do
Tim,Loretta,3.8194444444444446,1.0416666666666665,56.25,3.6666666666666665,suppose hope hustle see be do
Dad,Brad,11.538461538461538,7.6923076923076925,50.0,1.5,be do know
Loretta,Bartle,10.714285714285714,0.0,32.142857142857146,INF,do know
Mom,Dad,2.586206896551724,2.3706896551724137,53.66379310344828,1.0909090909090908,drag stick be have swallow hear give do say
Mom,Dad,2.586206896551724,2.3706896551724137,53.66379310344828,1.0909090909090908,drag stick be have swallow hear give do say
Mom,Brad,2.586206896551724,2.3706896551724137,53.66379310344828,1.0909090909090908,drag stick be have swallow hear give do say
Mom,Brad,2.586206896551724,2.3706896551724137,53.66379310344828,1.0909090909090908,drag stick be have swallow hear give do say
Mom,Brad,2.586206896551724,2.3706896551724137,53.66379310344828,1.0909090909090908,drag stick be have swallow hear give do say
Dad,Brad,2.586206896551724,2.3706896551724137,53.66379310344828,1.0909090909090908,drag stick be have swallow hear give do say
Dad,Brad,2.586206896551724,2.3706896551724137,53.66379310344828,1.0909090909090908,drag stick be have swallow hear give do say
Dad,Brad,2.586206896551724,2.3706896551724137,53.66379310344828,1.0909090909090908,drag stick be have swallow hear give do say
Dad,Brad,2.586206896551724,2.3706896551724137,53.66379310344828,1.0909090909090908,drag stick be have swallow hear give do say
Dad,Brad,2.586206896551724,2.3706896551724137,53.66379310344828,1.0909090909090908,drag stick be have swallow hear give do say
Dad,Brad,2.586206896551724,2.3706896551724137,53.66379310344828,1.0909090909090908,drag stick be have swallow hear give do say
Lee,Auntie Ellie,3.289473684210526,0.3289473684210526,49.01315789473684,10.0,break do mean drag shake
Lee,Auntie Ellie,3.289473684210526,0.3289473684210526,49.01315789473684,10.0,break do mean drag shake
Lee,Auntie Ellie,2.976190476190476,3.571428571428571,50.595238095238095,0.8333333333333334,shout follow
Auntie Ellie,Lee,2.8846153846153846,1.9230769230769231,64.42307692307693,1.5,climb be
Lee,Auntie Ellie,2.8846153846153846,1.9230769230769231,64.42307692307693,1.5,climb be
Loretta,Auntie Ellie,0.9615384615384616,0.9615384615384616,48.07692307692308,1.0,prune look have see
Brad,Dad,0.8333333333333334,0.0,59.166666666666664,INF,hear sneak
Auntie Ellie,Mom,5.357142857142857,3.125,52.23214285714286,1.7142857142857142,be ignore be pay
Mom,Auntie Ellie,5.357142857142857,3.125,52.23214285714286,1.7142857142857142,be ignore be pay
Mom,Auntie Ellie,5.357142857142857,3.125,52.23214285714286,1.7142857142857142,be ignore be pay
Auntie Ellie,Brad,3.7037037037037033,4.166666666666666,40.27777777777778,0.8888888888888888,add say do get move
Auntie Ellie,Mark,3.7037037037037033,4.166666666666666,40.27777777777778,0.8888888888888888,add say do get move
Brad,Mark,3.7037037037037033,4.166666666666666,40.27777777777778,0.8888888888888888,add say do get move
Mom,Auntie Ellie,5.978260869565218,2.1739130434782608,57.065217391304344,2.75,roll open speak come
Mom,Auntie Ellie,5.978260869565218,2.1739130434782608,57.065217391304344,2.75,roll open speak come
Mom,Auntie Ellie,5.978260869565218,2.1739130434782608,57.065217391304344,2.75,roll open speak come
Loretta,Auntie Ellie,3.571428571428571,1.7857142857142856,16.071428571428573,2.0,keep move
Loretta,Tim,3.571428571428571,1.7857142857142856,16.071428571428573,2.0,keep move
Loretta,Tim,3.571428571428571,1.7857142857142856,16.071428571428573,2.0,keep move
Loretta,Auntie Ellie,3.571428571428571,1.7857142857142856,16.071428571428573,2.0,keep move
Auntie Ellie,Tim,3.571428571428571,1.7857142857142856,16.071428571428573,2.0,keep move
Auntie Ellie,Tim,3.571428571428571,1.7857142857142856,16.071428571428573,2.0,keep move
Tim,Auntie Ellie,3.571428571428571,1.7857142857142856,16.071428571428573,2.0,keep move
Tim,Auntie Ellie,3.571428571428571,1.7857142857142856,16.071428571428573,2.0,keep move
Lee,Auntie Ellie,0.8333333333333334,1.6666666666666667,57.49999999999999,0.5,snort give
Auntie Ellie,Lee,0.8333333333333334,1.6666666666666667,57.49999999999999,0.5,snort give
Loretta,Auntie Ellie,4.5,0.5,43.0,9.0,be say reach tote keep
Loretta,Auntie Ellie,4.5,0.5,43.0,9.0,be say reach tote keep
Loretta,CLP,4.5,0.5,43.0,9.0,be say reach tote keep
Auntie Ellie,CLP,4.5,0.5,43.0,9.0,be say reach tote keep
Auntie Ellie,CLP,4.5,0.5,43.0,9.0,be say reach tote keep
Auntie Ellie,Mom,7.5,1.25,44.583333333333336,6.0,predict be say try hand appear be freeze bulge
Auntie Ellie,Loretta,7.954545454545454,0.0,28.40909090909091,INF,do mean ask
Auntie Ellie,Mom,7.954545454545454,0.0,28.40909090909091,INF,do mean ask
Loretta,Mom,7.954545454545454,0.0,28.40909090909091,INF,do mean ask
Mom,Edward,6.071428571428571,0.7142857142857143,44.642857142857146,8.5,help say shift gaze call yell do
Loretta,Mom,5.681818181818182,2.840909090909091,46.02272727272727,2.0,ask stare be force look
Mark,Mom,5.434782608695652,0.5434782608695652,46.19565217391305,10.0,help move say turn gaze
Mark,Mom,5.434782608695652,0.5434782608695652,46.19565217391305,10.0,help move say turn gaze
Auntie Ellie,Loretta,8.333333333333332,1.3888888888888888,23.61111111111111,6.0,know
Mom,Auntie Ellie,5.263157894736842,0.0,47.368421052631575,INF,say swing look
Auntie Ellie,Mom,5.5,4.5,46.0,1.2222222222222223,say send
Auntie Ellie,Mom,5.5,4.5,46.0,1.2222222222222223,say send
Mom,Auntie Ellie,5.147058823529411,0.0,47.794117647058826,INF,
Mom,Loretta,5.147058823529411,0.0,47.794117647058826,INF,
Auntie Ellie,Loretta,5.147058823529411,0.0,47.794117647058826,INF,
Grandmama,Mom,4.6875,3.6458333333333335,41.66666666666667,1.2857142857142858,be say point be see
Mary,Mom,6.875000000000001,5.625,67.5,1.2222222222222223,buy be leave
Mary,Mom,6.875000000000001,5.625,67.5,1.2222222222222223,buy be leave
Mary,Mom,6.875000000000001,5.625,67.5,1.2222222222222223,buy be leave
Grandmama,Mom,14.423076923076922,0.0,54.807692307692314,INF,
Grandmama,Mom,14.423076923076922,0.0,54.807692307692314,INF,
Loretta,Grandmama,0.78125,2.34375,59.375,0.3333333333333333,
Lee,Loretta,2.7777777777777777,0.0,47.22222222222222,INF,be be
Mark,Brad,4.166666666666666,2.7777777777777777,59.72222222222222,1.5,be plug
Loretta,Una,1.0416666666666665,0.0,48.95833333333333,INF,hear say
Bartle,Loretta,1.4423076923076923,0.0,56.25,INF,freeze stay stay reach
Loretta,Brad,0.0,0.0,50.0,INF,be tell be happen go get
Loretta,Brad,0.0,0.0,50.0,INF,be tell be happen go get
Bartle,Dad,0.0,0.0,60.0,INF,be cower
Bartle,Brad,0.0,0.0,60.0,INF,be cower
Dad,Brad,0.0,0.0,60.0,INF,be cower
Loretta,Auntie Ellie,0.0,0.0,30.0,INF,interrupt
Una,Loretta,1.5625,1.5625,28.125,1.0,have go say
Dad,Brad,8.928571428571429,0.0,41.07142857142857,INF,look
Dad,Loretta,8.928571428571429,0.0,41.07142857142857,INF,look
Brad,Loretta,8.928571428571429,0.0,41.07142857142857,INF,look
Loretta,Una,2.604166666666667,0.0,30.729166666666668,INF,please have try try bring
Mom,Loretta,5.46875,0.0,38.28125,INF,do turn interrupt
Loretta,Grandmama,2.5,1.6666666666666667,29.166666666666668,1.5,be disfellowshipp say harden
Loretta,Grandmama,5.921052631578947,1.3157894736842104,34.868421052631575,4.5,know be look
Loretta,Mom,6.081081081081082,0.0,45.27027027027027,INF,take open act know know
Bartle,Dad,2.5,0.0,44.166666666666664,INF,move stand
Bartle,Brad,2.5,0.0,44.166666666666664,INF,move stand
Dad,Brad,2.5,0.0,44.166666666666664,INF,move stand
Lee,Loretta,3.90625,2.34375,56.25,1.6666666666666667,be grab
Jessie,Grandmama,2.6785714285714284,0.0,33.035714285714285,INF,say go get
David,Jessie,4.166666666666666,0.8333333333333334,41.66666666666667,5.0,be
Dad,Brad,0.0,0.0,60.0,INF,move have fly
Lee,Auntie Ellie,3.8461538461538463,0.9615384615384616,33.65384615384615,4.0,get
Lee,Auntie Ellie,3.8461538461538463,0.9615384615384616,33.65384615384615,4.0,get
Mom,Auntie Ellie,6.25,1.3888888888888888,53.47222222222222,4.5,be
Lydia,David,0.0,0.0,50.0,INF,
Lydia,David,0.0,0.0,50.0,INF,
Lee,Auntie Ellie,0.0,0.0,66.66666666666666,INF,arrive
Brad,Mom,10.576923076923077,4.807692307692308,38.46153846153847,2.2,say
David,Lydia,0.5681818181818182,0.0,53.97727272727273,INF,have stuff assure adopt slave eat arrive
David,Lydia,0.5681818181818182,0.0,53.97727272727273,INF,have stuff assure adopt slave eat arrive
David,Bartle,0.5681818181818182,0.0,53.97727272727273,INF,have stuff assure adopt slave eat arrive
Lydia,Bartle,0.5681818181818182,0.0,53.97727272727273,INF,have stuff assure adopt slave eat arrive
Lydia,Bartle,0.5681818181818182,0.0,53.97727272727273,INF,have stuff assure adopt slave eat arrive
Lee,Auntie Ellie,3.125,0.0,59.375,INF,say grin
Auntie Ellie,Mom,6.875000000000001,0.0,43.125,INF,say
Auntie Ellie,Mom,6.875000000000001,0.0,43.125,INF,say
Jessie,David,0.5434782608695652,0.0,47.28260869565217,INF,let say be blow
Lydia,David,1.3888888888888888,1.3888888888888888,80.55555555555556,1.0,insist get
Jessie,Una,2.5,1.25,26.25,2.0,have be text
Loretta,Jessie,0.6578947368421052,1.3157894736842104,45.39473684210527,0.5,think say be
Dad,Brad,1.4705882352941175,0.0,63.23529411764706,INF,out have
Edward,Lydia,2.1875,1.5625,56.25,1.4,figure take set get take
Lydia,Edward,0.0,2.5,57.49999999999999,0.0,
Ms. Patterson,Mom,8.333333333333332,0.6944444444444444,40.97222222222222,12.0,be say smile
Mom,Dad,7.5,0.0,32.5,INF,know
Mom,Ms. Patterson,7.5,0.0,32.5,INF,know
Dad,Ms. Patterson,7.5,0.0,32.5,INF,know
Lee,Brad,0.0,0.0,41.66666666666667,INF,have do
Lee,Bartle,0.0,0.0,41.66666666666667,INF,have do
Brad,Bartle,0.0,0.0,41.66666666666667,INF,have do
Mom,Jessie,4.166666666666666,1.9230769230769231,50.32051282051282,2.1666666666666665,be act wait say do forget act
David,Emily,6.944444444444445,0.0,48.61111111111111,INF,do know exist
Auntie Ellie,Lee,0.0,0.0,53.84615384615385,INF,be
Auntie Ellie,Mom,9.821428571428571,4.464285714285714,42.857142857142854,2.2,miss help
Mom,Auntie Ellie,9.821428571428571,4.464285714285714,42.857142857142854,2.2,miss help
Dad,Brad,1.7857142857142856,2.976190476190476,61.904761904761905,0.6,be expect have happen run find kiss
Mom,Edward,9.375,3.90625,42.96875,2.4,like work use
Mom,Brad,3.5000000000000004,0.0,52.5,INF,get run
Dad,Brad,0.8928571428571428,0.0,63.39285714285714,INF,say keep go
Mom,Loretta,6.5,0.0,45.5,INF,get know go end give
Loretta,Lee,2.5,1.25,56.25,2.0,be
Brad,Bartle,0.0,0.78125,49.21875,0.0,be
Lee,Auntie Ellie,0.0,0.0,52.38095238095239,INF,make
Lee,David,0.0,0.0,52.38095238095239,INF,make
Lee,Lydia,0.0,0.0,52.38095238095239,INF,make
Auntie Ellie,David,0.0,0.0,52.38095238095239,INF,make
Auntie Ellie,Lydia,0.0,0.0,52.38095238095239,INF,make
David,Lydia,0.0,0.0,52.38095238095239,INF,make
Lydia,Grandmama,5.0,2.5,62.5,2.0,drive get
Blanche,Mom,5.172413793103448,1.293103448275862,45.258620689655174,4.0,create do do give
Blanche,Tennessee Williams,5.172413793103448,1.293103448275862,45.258620689655174,4.0,create do do give
Mom,Blanche,5.172413793103448,1.293103448275862,45.258620689655174,4.0,create do do give
Mom,Tennessee Williams,5.172413793103448,1.293103448275862,45.258620689655174,4.0,create do do give
Blanche,Tennessee Williams,5.172413793103448,1.293103448275862,45.258620689655174,4.0,create do do give
David,Bartle,1.9230769230769231,0.7211538461538461,55.04807692307693,2.6666666666666665,be hash be think be do win pull dance
Bartle,Tim,5.660377358490567,2.358490566037736,46.69811320754717,2.4,turn serve keep have race
Bartle,Tim,5.660377358490567,2.358490566037736,46.69811320754717,2.4,turn serve keep have race
Mark,Grandmama,7.065217391304348,1.0869565217391304,48.369565217391305,6.5,be hear say walk talk
Mark,Mom,7.065217391304348,1.0869565217391304,48.369565217391305,6.5,be hear say walk talk
Grandmama,Mom,7.065217391304348,1.0869565217391304,48.369565217391305,6.5,be hear say walk talk
Mom,Auntie Ellie,4.0,4.0,48.0,1.0,start get haul have embarrass be
Mom,Auntie Ellie,4.0,4.0,48.0,1.0,start get haul have embarrass be
Mom,Auntie Ellie,4.0,4.0,48.0,1.0,start get haul have embarrass be
David,Grandmama,1.3888888888888888,0.6944444444444444,59.02777777777778,2.0,be do have take
Dad,Brad,0.0,0.0,66.66666666666666,INF,forego settle
Loretta,Una,4.934210526315789,0.9868421052631579,46.71052631578947,5.0,come tell read be act be
Mom,Lydia,8.125,3.75,58.12500000000001,2.1666666666666665,be whisper be
Jessie,Lydia,2.5,0.0,49.5,INF,do know tell be go
Lydia,Mom,8.522727272727272,4.545454545454546,41.47727272727273,1.875,be make do close
Bartle,Mom,9.210526315789473,0.0,64.47368421052632,INF,hear drum guarantee make
Mom,Bartle,10.9375,0.0,26.5625,INF,turn
Una,Jessie,2.5,1.25,16.25,2.0,be
Lydia,Mom,14.285714285714285,3.571428571428571,46.42857142857143,4.0,be whisper
Lydia,Edward,0.0,0.0,55.55555555555556,INF,be
Lydia,David,0.0,0.0,55.55555555555556,INF,be
Edward,David,0.0,0.0,55.55555555555556,INF,be
Lydia,Mom,9.166666666666666,1.6666666666666667,49.166666666666664,5.5,be concern be
Mom,Lydia,6.730769230769231,0.0,54.807692307692314,INF,be include
Anne,Bev,1.0,0.5,46.5,2.0,notice be write be
Anne,Bev,0.0,4.166666666666666,62.5,0.0,ignore wiggle
Anne,Bev,0.0,4.166666666666666,62.5,0.0,ignore wiggle
Lydia,Pamela,1.3888888888888888,0.0,20.833333333333336,INF,continue share
Lydia,Una,1.3888888888888888,0.0,20.833333333333336,INF,continue share
Lydia,Jessie,1.3888888888888888,0.0,20.833333333333336,INF,continue share
Pamela,Una,1.3888888888888888,0.0,20.833333333333336,INF,continue share
Pamela,Jessie,1.3888888888888888,0.0,20.833333333333336,INF,continue share
Una,Jessie,1.3888888888888888,0.0,20.833333333333336,INF,continue share
Pamela,Lydia,2.7777777777777777,0.0,30.555555555555557,INF,say
Lydia,Renee,2.083333333333333,0.5208333333333333,51.5625,4.0,consult say be get name
Lydia,Renee,2.083333333333333,0.5208333333333333,51.5625,4.0,consult say be get name
David,Lydia,1.3888888888888888,0.5555555555555556,58.05555555555556,2.5,be stand see have block see
David,Lydia,1.3888888888888888,0.5555555555555556,58.05555555555556,2.5,be stand see have block see
Anne,University of Minnesota,1.1363636363636365,1.1363636363636365,52.27272727272727,1.0,cite do
Jessie,Mary,0.0,4.464285714285714,38.392857142857146,0.0,handle
Mary,Jessie,0.0,0.78125,46.09375,0.0,kick come live be
Mary,Jessie,0.0,0.78125,46.09375,0.0,kick come live be
Lydia,Mom,10.833333333333334,0.8333333333333334,41.66666666666667,13.0,hold stop be
Lydia,Mom,10.833333333333334,0.8333333333333334,41.66666666666667,13.0,hold stop be
Mom,Lydia,10.833333333333334,0.8333333333333334,41.66666666666667,13.0,hold stop be
Lydia,Edward,4.62962962962963,0.4629629629629629,57.870370370370374,10.0,have model say
Lydia,Mom,4.62962962962963,0.4629629629629629,57.870370370370374,10.0,have model say
Lydia,Edward,4.62962962962963,0.4629629629629629,57.870370370370374,10.0,have model say
Lydia,Mom,4.62962962962963,0.4629629629629629,57.870370370370374,10.0,have model say
Edward,Mom,4.62962962962963,0.4629629629629629,57.870370370370374,10.0,have model say
Una,Lydia,0.8333333333333334,1.6666666666666667,44.166666666666664,0.5,say sound
Lydia,David,4.807692307692308,0.0,64.42307692307693,INF,serve make
Lydia,Una,1.5625,0.78125,28.90625,2.0,say have get leave
Lydia,Jessie,2.403846153846154,0.0,55.28846153846154,INF,sit nod say be live
Lydia,Edward,5.0,0.35714285714285715,40.35714285714286,14.0,spin say do know have sleep
Mark,Brad,4.435483870967742,5.241935483870968,51.61290322580645,0.8461538461538461,be have make buy
Mom,Lydia,9.090909090909092,1.1363636363636365,62.5,8.0,convince be do
Mom,Lydia,6.875000000000001,0.9375,59.68750000000001,7.333333333333333,be be know be speak
David,Mom,13.750000000000002,2.5,63.74999999999999,5.5,tell
David,Edward,13.750000000000002,2.5,63.74999999999999,5.5,tell
Mom,Edward,13.750000000000002,2.5,63.74999999999999,5.5,tell
Edward,Lydia,5.681818181818182,0.0,67.04545454545455,INF,say know
Lydia,Mom,4.044117647058823,0.3676470588235294,57.35294117647059,11.0,show be avoid sit
Lydia,Una,0.0,0.0,28.57142857142857,INF,hold
Lydia,Mom,4.375,0.0,45.625,INF,be picture wait
Lydia,Una,2.403846153846154,5.769230769230769,30.288461538461537,0.4166666666666667,be
Una,Lydia,2.403846153846154,5.769230769230769,30.288461538461537,0.4166666666666667,be
Una,Edward,3.75,3.75,52.5,1.0,be have be have do feel be
Edward,Lydia,7.317073170731707,1.2195121951219512,59.756097560975604,6.0,mean thank have start note gasp gasp have be hear
Lydia,Edward,0.0,10.9375,39.0625,0.0,
Edward,Lydia,6.597222222222222,5.208333333333334,38.19444444444444,1.2666666666666666,be do think be tell be be
Lydia,Edward,6.597222222222222,5.208333333333334,38.19444444444444,1.2666666666666666,be do think be tell be be
Lydia,Edward,6.8181818181818175,0.0,47.72727272727273,INF,say be
Lydia,Edward,6.8181818181818175,0.0,47.72727272727273,INF,say be
Lydia,Edward,0.0,3.90625,52.34375,0.0,nod say be
Edward,Lydia,0.3125,1.875,47.8125,0.16666666666666666,hear do seem notice be
Edward,Lydia,0.3125,1.875,47.8125,0.16666666666666666,hear do seem notice be
Edward,Lydia,0.3125,1.875,47.8125,0.16666666666666666,hear do seem notice be
Mark,Brad,3.90625,5.46875,59.375,0.7142857142857143,be be have be
Auntie Ellie,Lee,0.0,0.0,54.54545454545454,INF,take use be do
Jess,Mom,7.6923076923076925,0.0,38.46153846153847,INF,say stop
Ted,Edward,6.944444444444445,0.0,48.61111111111111,INF,like
Edward,Una,1.3888888888888888,0.6944444444444444,47.91666666666667,2.0,come say have talk
Edward,Una,1.3888888888888888,0.6944444444444444,47.91666666666667,2.0,come say have talk
Edward,David,1.25,2.5,39.58333333333333,0.5,be be say ask want go
Edward,David,1.25,2.5,39.58333333333333,0.5,be be say ask want go
Ted,Edward,2.34375,6.25,35.15625,0.375,be
Mom,Lydia,4.605263157894736,0.6578947368421052,36.84210526315789,7.0,go see
Neil Simon,Shakespeare,3.8461538461538463,0.9615384615384616,49.03846153846153,4.0,say be
Mom,Neil Simon,7.8125,2.34375,49.21875,3.3333333333333335,say be go be talk
Lydia,Mom,7.142857142857142,1.7857142857142856,43.452380952380956,4.0,give be concern pick
Lydia,James,0.8333333333333334,0.8333333333333334,38.333333333333336,1.0,be invite do
Lydia,James,0.8333333333333334,0.8333333333333334,38.333333333333336,1.0,be invite do
Lydia,James,1.25,0.0,58.75,INF,say be e-mail
Brad,Bartle,0.0,0.8333333333333334,52.5,0.0,do
Dell,Mom,8.552631578947368,0.6578947368421052,43.42105263157895,13.0,be let say
Dell,Mom,8.552631578947368,0.6578947368421052,43.42105263157895,13.0,be let say
Mark,Una,0.6578947368421052,1.3157894736842104,55.92105263157895,0.5,be be
Ms. Jasper Lewis,Ms. Patterson,0.0,0.4166666666666667,52.916666666666664,0.0,do have be choke
Ms. Patterson,Ted,0.9615384615384616,1.282051282051282,54.166666666666664,0.75,play realize select start do
Ms. Patterson,Dorine,2.717391304347826,2.1739130434782608,51.63043478260869,1.25,occur watch be have play
Ms. Patterson,Dorine,2.717391304347826,2.1739130434782608,51.63043478260869,1.25,occur watch be have play
Lydia,Edward,0.0,0.0,50.0,INF,be have
Mom,Bartle,15.0,3.3333333333333335,41.66666666666667,4.5,force make be
Mom,Ms. Patterson,8.333333333333332,1.0416666666666665,40.625,8.0,invite
Ms. Patterson,Bartle,4.166666666666666,2.083333333333333,43.75,2.0,forget tell
Ms. Patterson,Mom,3.0,2.0,55.00000000000001,1.5,have be concern be bring grab incorporate
Ms. Patterson,Mom,3.0,2.0,55.00000000000001,1.5,have be concern be bring grab incorporate
Ms. Patterson,Mom,6.5,2.0,47.5,3.25,join come see be hoot
Mom,Ms. Patterson,11.637931034482758,1.7241379310344827,38.362068965517246,6.75,drag help finish say wonder help
Mom,Mark,11.637931034482758,1.7241379310344827,38.362068965517246,6.75,drag help finish say wonder help
Mom,Una,11.637931034482758,1.7241379310344827,38.362068965517246,6.75,drag help finish say wonder help
Ms. Patterson,Mark,11.637931034482758,1.7241379310344827,38.362068965517246,6.75,drag help finish say wonder help
Ms. Patterson,Una,11.637931034482758,1.7241379310344827,38.362068965517246,6.75,drag help finish say wonder help
Mark,Una,11.637931034482758,1.7241379310344827,38.362068965517246,6.75,drag help finish say wonder help
Ms. Patterson,Dell,0.7142857142857143,1.7857142857142856,46.07142857142857,0.4,be have put call say smile
Dell,Ms. Patterson,0.7142857142857143,1.7857142857142856,46.07142857142857,0.4,be have put call say smile
Dell,Loretta,0.9615384615384616,3.8461538461538463,56.730769230769226,0.25,say blame
Dell,Ms. Patterson,2.604166666666667,1.3020833333333335,50.260416666666664,2.0,believe be have turn monopolize leave talk be do
Dell,Ms. Patterson,2.604166666666667,1.3020833333333335,50.260416666666664,2.0,believe be have turn monopolize leave talk be do
Dell,Ms. Patterson,2.604166666666667,1.3020833333333335,50.260416666666664,2.0,believe be have turn monopolize leave talk be do
Dell,Ms. Patterson,2.604166666666667,1.3020833333333335,50.260416666666664,2.0,believe be have turn monopolize leave talk be do
Ms. Patterson,Dell,2.604166666666667,1.3020833333333335,50.260416666666664,2.0,believe be have turn monopolize leave talk be do
Ms. Patterson,Dell,2.604166666666667,1.3020833333333335,50.260416666666664,2.0,believe be have turn monopolize leave talk be do
Dell,Ms. Patterson,2.604166666666667,1.3020833333333335,50.260416666666664,2.0,believe be have turn monopolize leave talk be do
Dell,Ms. Patterson,2.604166666666667,1.3020833333333335,50.260416666666664,2.0,believe be have turn monopolize leave talk be do
Lydia,Mom,7.291666666666667,0.0,42.70833333333333,INF,help
Grandmama,Lydia,1.1363636363636365,0.0,57.95454545454546,INF,spend try
Grandmama,Lydia,1.1363636363636365,0.0,57.95454545454546,INF,spend try
David,Lydia,2.631578947368421,3.9473684210526314,46.05263157894737,0.6666666666666666,want think convince give
David,Lydia,0.0,0.0,57.14285714285714,INF,have come watch do
Loretta,Lydia,4.861111111111112,0.6944444444444444,55.55555555555556,7.0,use send
Loretta,Mom,4.861111111111112,0.6944444444444444,55.55555555555556,7.0,use send
Lydia,Mom,4.861111111111112,0.6944444444444444,55.55555555555556,7.0,use send
Jess,Carol,0.0,0.9259259259259258,47.22222222222222,0.0,hear decide go begin
Jess,Lydia,0.0,0.9259259259259258,47.22222222222222,0.0,hear decide go begin
Carol,Lydia,0.0,0.9259259259259258,47.22222222222222,0.0,hear decide go begin
Guthrie,Carol,3.5000000000000004,2.0,54.50000000000001,1.75,know do do
Carol,David,5.263157894736842,2.631578947368421,44.73684210526316,2.0,be tell walk
Carol,Emily,5.263157894736842,2.631578947368421,44.73684210526316,2.0,be tell walk
David,Emily,5.263157894736842,2.631578947368421,44.73684210526316,2.0,be tell walk
David,Emily,2.380952380952381,0.0,30.952380952380953,INF,want introduce say
Emily,David,2.5,0.0,50.83333333333333,INF,say say
David,Emily,2.5,0.0,50.83333333333333,INF,say say
Emily,Jessie,1.25,0.0,18.75,INF,say
David,Emily,9.615384615384617,1.9230769230769231,50.0,5.0,mean wonder be tell
Grandmama,Emily,0.0,0.0,66.66666666666666,INF,be hold
Emily,David,1.25,3.125,45.625,0.4,mean be be be
Emily,David,1.25,3.125,45.625,0.4,mean be be be
David,Snelling,3.1914893617021276,1.3297872340425532,61.43617021276596,2.4,be work blather meet go see
David,Snelling,3.1914893617021276,1.3297872340425532,61.43617021276596,2.4,be work blather meet go see
David,Emily,3.1914893617021276,1.3297872340425532,61.43617021276596,2.4,be work blather meet go see
David,Snelling,3.1914893617021276,1.3297872340425532,61.43617021276596,2.4,be work blather meet go see
David,Snelling,3.1914893617021276,1.3297872340425532,61.43617021276596,2.4,be work blather meet go see
David,Emily,3.1914893617021276,1.3297872340425532,61.43617021276596,2.4,be work blather meet go see
Snelling,Emily,3.1914893617021276,1.3297872340425532,61.43617021276596,2.4,be work blather meet go see
Snelling,Emily,3.1914893617021276,1.3297872340425532,61.43617021276596,2.4,be work blather meet go see
Emily,Snelling,1.9230769230769231,3.8461538461538463,48.07692307692308,0.5,be have be go put be
David,Jess,5.0,2.5,32.5,2.0,tell
Tony,Maria,3.75,0.0,26.25,INF,
David,Emily,0.5952380952380952,2.976190476190476,48.80952380952381,0.2,catch say let pull
Emily,David,7.352941176470589,3.6764705882352944,47.794117647058826,2.0,see do know know
David,Emily,1.1363636363636365,1.1363636363636365,52.27272727272727,1.0,be be be
University of Minnesota,James,0.5952380952380952,0.0,51.78571428571429,INF,teach say
Bartle,Bev,1.8867924528301887,0.4716981132075472,44.81132075471698,4.0,blurt write add start write keep write do put keep write be
Bartle,Tim,1.8867924528301887,0.4716981132075472,44.81132075471698,4.0,blurt write add start write keep write do put keep write be
Bev,Tim,1.8867924528301887,0.4716981132075472,44.81132075471698,4.0,blurt write add start write keep write do put keep write be
Tim,Bartle,2.1739130434782608,1.0869565217391304,31.521739130434785,2.0,say be expect say
Bumble,Bartle,0.0,12.5,27.500000000000004,0.0,
Auntie Ellie,Lee,0.0,0.0,53.333333333333336,INF,be play sing be eat
Lee,Auntie Ellie,1.6666666666666667,0.8333333333333334,37.5,2.0,be be
Lee,Auntie Ellie,0.8333333333333334,0.8333333333333334,71.66666666666667,1.0,seem be morph
Lee,Auntie Ellie,0.0,0.0,50.0,INF,be join
Bartle,Brad,1.1627906976744187,0.872093023255814,70.05813953488372,1.3333333333333333,be help prop have be wear hear be consider go
Bartle,Lady Gaga,1.1627906976744187,0.872093023255814,70.05813953488372,1.3333333333333333,be help prop have be wear hear be consider go
Brad,Bartle,1.1627906976744187,0.872093023255814,70.05813953488372,1.3333333333333333,be help prop have be wear hear be consider go
Brad,Bartle,1.1627906976744187,0.872093023255814,70.05813953488372,1.3333333333333333,be help prop have be wear hear be consider go
Brad,Lady Gaga,1.1627906976744187,0.872093023255814,70.05813953488372,1.3333333333333333,be help prop have be wear hear be consider go
Bartle,Lady Gaga,1.1627906976744187,0.872093023255814,70.05813953488372,1.3333333333333333,be help prop have be wear hear be consider go
Bartle,Lady Gaga,1.1627906976744187,0.872093023255814,70.05813953488372,1.3333333333333333,be help prop have be wear hear be consider go
Dad,Brad,3.9473684210526314,1.3157894736842104,36.84210526315789,3.0,contribute
Edward,Lydia,0.0,3.571428571428571,39.285714285714285,0.0,be judge
Edward,Ms. Patterson,0.0,3.571428571428571,39.285714285714285,0.0,be judge
Edward,Bartle,0.0,3.571428571428571,39.285714285714285,0.0,be judge
Edward,Ted,0.0,3.571428571428571,39.285714285714285,0.0,be judge
Lydia,Ms. Patterson,0.0,3.571428571428571,39.285714285714285,0.0,be judge
Lydia,Bartle,0.0,3.571428571428571,39.285714285714285,0.0,be judge
Lydia,Ted,0.0,3.571428571428571,39.285714285714285,0.0,be judge
Ms. Patterson,Bartle,0.0,3.571428571428571,39.285714285714285,0.0,be judge
Ms. Patterson,Ted,0.0,3.571428571428571,39.285714285714285,0.0,be judge
Bartle,Ted,0.0,3.571428571428571,39.285714285714285,0.0,be judge
David,Emily,0.0,0.0,40.0,INF,be arrive
David,Emily,1.0416666666666665,0.0,57.291666666666664,INF,be smile glare
Susie,Troy,3.571428571428571,5.357142857142857,33.92857142857143,0.6666666666666666,win
Susie,Anita,3.571428571428571,5.357142857142857,33.92857142857143,0.6666666666666666,win
Troy,Susie,3.571428571428571,5.357142857142857,33.92857142857143,0.6666666666666666,win
Troy,Anita,3.571428571428571,5.357142857142857,33.92857142857143,0.6666666666666666,win
Susie,Anita,3.571428571428571,5.357142857142857,33.92857142857143,0.6666666666666666,win
Anita,Lee,2.272727272727273,2.272727272727273,54.54545454545454,1.0,be focus do think be notice be
Anita,Lee,2.272727272727273,2.272727272727273,54.54545454545454,1.0,be focus do think be notice be
Loretta,Anita,5.859375,1.5625,48.828125,3.75,be admonish be do celebrate be stop
Loretta,Mom,5.859375,1.5625,48.828125,3.75,be admonish be do celebrate be stop
Anita,Mom,5.859375,1.5625,48.828125,3.75,be admonish be do celebrate be stop
Loretta,Anita,1.25,0.0,48.75,INF,act do hear
Loretta,Anita,1.25,0.0,48.75,INF,act do hear
Loretta,Anita,0.0,0.8333333333333334,52.5,0.0,call snap see
Loretta,Lee,0.0,0.8333333333333334,52.5,0.0,call snap see
Anita,Lee,0.0,0.8333333333333334,52.5,0.0,call snap see
Auntie Ellie,Mom,7.386363636363637,0.5681818181818182,51.13636363636363,13.0,be freeze be be block
Mom,Loretta,5.241935483870968,1.6129032258064515,51.20967741935484,3.25,escalate shake go be fight
Loretta,Mom,3.804347826086957,0.5434782608695652,52.17391304347826,7.0,have do let go
Lee,Loretta,0.0,0.0,70.0,INF,see start move
Emily,David,1.5625,0.78125,47.65625,2.0,be crouch be take
David,Emily,1.5625,0.78125,47.65625,2.0,be crouch be take
Lee,Lydia,2.6515151515151514,0.7575757575757576,51.13636363636363,3.5,grab yank let pull
Lee,Loretta,2.6515151515151514,0.7575757575757576,51.13636363636363,3.5,grab yank let pull
Lee,Lydia,2.6515151515151514,0.7575757575757576,51.13636363636363,3.5,grab yank let pull
Lee,Lydia,2.6515151515151514,0.7575757575757576,51.13636363636363,3.5,grab yank let pull
Lee,Mom,2.6515151515151514,0.7575757575757576,51.13636363636363,3.5,grab yank let pull
Lee,Auntie Ellie,2.6515151515151514,0.7575757575757576,51.13636363636363,3.5,grab yank let pull
Lydia,Lee,2.6515151515151514,0.7575757575757576,51.13636363636363,3.5,grab yank let pull
Lydia,Loretta,2.6515151515151514,0.7575757575757576,51.13636363636363,3.5,grab yank let pull
Lydia,Mom,2.6515151515151514,0.7575757575757576,51.13636363636363,3.5,grab yank let pull
Lydia,Auntie Ellie,2.6515151515151514,0.7575757575757576,51.13636363636363,3.5,grab yank let pull
Lee,Loretta,2.6515151515151514,0.7575757575757576,51.13636363636363,3.5,grab yank let pull
Lee,Lydia,2.6515151515151514,0.7575757575757576,51.13636363636363,3.5,grab yank let pull
Lee,Lydia,2.6515151515151514,0.7575757575757576,51.13636363636363,3.5,grab yank let pull
Lee,Mom,2.6515151515151514,0.7575757575757576,51.13636363636363,3.5,grab yank let pull
Lee,Auntie Ellie,2.6515151515151514,0.7575757575757576,51.13636363636363,3.5,grab yank let pull
Loretta,Lydia,2.6515151515151514,0.7575757575757576,51.13636363636363,3.5,grab yank let pull
Loretta,Lydia,2.6515151515151514,0.7575757575757576,51.13636363636363,3.5,grab yank let pull
Loretta,Mom,2.6515151515151514,0.7575757575757576,51.13636363636363,3.5,grab yank let pull
Loretta,Auntie Ellie,2.6515151515151514,0.7575757575757576,51.13636363636363,3.5,grab yank let pull
Lydia,Mom,2.6515151515151514,0.7575757575757576,51.13636363636363,3.5,grab yank let pull
Lydia,Auntie Ellie,2.6515151515151514,0.7575757575757576,51.13636363636363,3.5,grab yank let pull
Lydia,Mom,2.6515151515151514,0.7575757575757576,51.13636363636363,3.5,grab yank let pull
Lydia,Auntie Ellie,2.6515151515151514,0.7575757575757576,51.13636363636363,3.5,grab yank let pull
Mom,Auntie Ellie,2.6515151515151514,0.7575757575757576,51.13636363636363,3.5,grab yank let pull
Lee,Loretta,0.0,1.5625,48.4375,0.0,escort
Lee,Lydia,0.0,1.5625,48.4375,0.0,escort
Loretta,Lydia,0.0,1.5625,48.4375,0.0,escort
Loretta,Lee,0.0,5.681818181818182,57.95454545454546,0.0,come
Lee,Auntie Ellie,2.2058823529411766,2.941176470588235,59.55882352941176,0.75,be shake take
Lee,Auntie Ellie,2.2058823529411766,2.941176470588235,59.55882352941176,0.75,be shake take
Brad,Bartle,0.0,0.0,50.0,INF,stay wrap
Bartle,Lady Gaga,1.3157894736842104,5.263157894736842,51.31578947368421,0.25,have manage pull
Bartle,Lady Gaga,1.5625,1.5625,63.541666666666664,1.0,be copy wear have
Lydia,Carol,2.380952380952381,1.1904761904761905,63.095238095238095,2.0,be head
Lydia,Carol,2.380952380952381,1.1904761904761905,63.095238095238095,2.0,be head
Lydia,Auntie Ellie,0.0,0.3205128205128205,43.269230769230774,0.0,do give count be provide
Lydia,Lee,0.0,0.3205128205128205,43.269230769230774,0.0,do give count be provide
Auntie Ellie,Lee,0.0,0.3205128205128205,43.269230769230774,0.0,do give count be provide
Bartle,Brad,0.0,0.0,42.857142857142854,INF,share
Una,Lydia,2.142857142857143,1.0714285714285714,53.92857142857142,2.0,be have get keep say lower hear
Una,Lydia,2.142857142857143,1.0714285714285714,53.92857142857142,2.0,be have get keep say lower hear
Ms. Jasper Lewis,Ms. Patterson,0.78125,0.390625,45.703125,2.0,say change let respond drum
Jessie,Ms. Patterson,2.840909090909091,3.4090909090909087,39.20454545454545,0.8333333333333334,be say dress
Loretta,Lydia,0.7142857142857143,4.285714285714286,49.28571428571429,0.16666666666666666,be threaten let go move
Loretta,CLP,0.7142857142857143,4.285714285714286,49.28571428571429,0.16666666666666666,be threaten let go move
Lydia,CLP,0.7142857142857143,4.285714285714286,49.28571428571429,0.16666666666666666,be threaten let go move
Lydia,Lee,5.357142857142857,1.1904761904761905,50.595238095238095,4.5,drag hear
Lydia,Auntie Ellie,5.357142857142857,1.1904761904761905,50.595238095238095,4.5,drag hear
Lydia,Mom,5.357142857142857,1.1904761904761905,50.595238095238095,4.5,drag hear
Lee,Auntie Ellie,5.357142857142857,1.1904761904761905,50.595238095238095,4.5,drag hear
Lee,Mom,5.357142857142857,1.1904761904761905,50.595238095238095,4.5,drag hear
Auntie Ellie,Mom,5.357142857142857,1.1904761904761905,50.595238095238095,4.5,drag hear
Loretta,Lydia,8.928571428571429,0.5952380952380952,42.857142857142854,15.0,worry have be
Loretta,Lydia,8.928571428571429,0.5952380952380952,42.857142857142854,15.0,worry have be
Loretta,Lydia,8.928571428571429,0.5952380952380952,42.857142857142854,15.0,worry have be
Mom,Lydia,7.5,0.8333333333333334,65.0,9.0,say call find
Edward,Scrooge,0.0,2.5,57.49999999999999,0.0,
Edward,Ms. Patterson,3.515625,3.90625,42.578125,0.9,be work
Edward,Ted,3.515625,3.90625,42.578125,0.9,be work
Ms. Patterson,Ted,3.515625,3.90625,42.578125,0.9,be work
Susie,Anita,5.263157894736842,0.6578947368421052,36.18421052631579,8.0,
Brad,Bartle,0.0,0.0,50.0,INF,be do be do
Brad,Auntie Ellie,0.0,0.0,50.0,INF,be do be do
Brad,Lee,0.0,0.0,50.0,INF,be do be do
Bartle,Auntie Ellie,0.0,0.0,50.0,INF,be do be do
Bartle,Lee,0.0,0.0,50.0,INF,be do be do
Auntie Ellie,Lee,0.0,0.0,50.0,INF,be do be do
Brad,Bartle,0.5434782608695652,2.717391304347826,53.2608695652174,0.2,go vote get
Bartle,Brad,2.7777777777777777,1.3888888888888888,62.5,2.0,be plan go
Bruce,Arthur,0.33783783783783783,0.33783783783783783,61.48648648648649,1.0,have talk get be decide pop
Arthur,Bruce,2.8846153846153846,0.0,54.807692307692314,INF,be be keep go say choke
Arthur,Bruce,2.8846153846153846,0.0,54.807692307692314,INF,be be keep go say choke
Jessie,Arthur,6.25,3.75,30.0,1.6666666666666667,be fail
Arthur,Bruce,0.8928571428571428,0.0,41.964285714285715,INF,ask see say
Bruce,Arthur,2.734375,1.953125,54.6875,1.4,say go give be
Grandmama,Obama,0.0,0.0,42.857142857142854,INF,cry win
Jessie,Dell,3.804347826086957,2.1739130434782608,37.5,1.75,say interrupt want ask
Lydia,Carol,1.0416666666666665,1.0416666666666665,60.416666666666664,1.0,focus use
Jessie,Dell,2.1739130434782608,0.0,28.26086956521739,INF,start stop be decide be go say
Jessie,Dell,2.1739130434782608,0.0,28.26086956521739,INF,start stop be decide be go say
Jessie,Dell,2.1739130434782608,0.0,28.26086956521739,INF,start stop be decide be go say
Bartle,Brad,2.027027027027027,1.3513513513513513,53.37837837837838,1.5,be say be see dye
Lydia,Carol,3.6764705882352944,2.2058823529411766,70.58823529411765,1.6666666666666667,be focus
Dell,Lydia,4.464285714285714,0.4464285714285714,52.23214285714286,10.0,be work be be work
Dell,Lydia,4.464285714285714,0.4464285714285714,52.23214285714286,10.0,be work be be work
Dell,Lydia,4.464285714285714,0.4464285714285714,52.23214285714286,10.0,be work be be work
Mom,Edward,2.82258064516129,2.4193548387096775,59.2741935483871,1.1666666666666667,go work go work
Mom,Scrooge,2.82258064516129,2.4193548387096775,59.2741935483871,1.1666666666666667,go work go work
Mom,Dad,2.82258064516129,2.4193548387096775,59.2741935483871,1.1666666666666667,go work go work
Mom,Dell,2.82258064516129,2.4193548387096775,59.2741935483871,1.1666666666666667,go work go work
Mom,Tim,2.82258064516129,2.4193548387096775,59.2741935483871,1.1666666666666667,go work go work
Edward,Scrooge,2.82258064516129,2.4193548387096775,59.2741935483871,1.1666666666666667,go work go work
Edward,Dad,2.82258064516129,2.4193548387096775,59.2741935483871,1.1666666666666667,go work go work
Edward,Dell,2.82258064516129,2.4193548387096775,59.2741935483871,1.1666666666666667,go work go work
Edward,Tim,2.82258064516129,2.4193548387096775,59.2741935483871,1.1666666666666667,go work go work
Scrooge,Dad,2.82258064516129,2.4193548387096775,59.2741935483871,1.1666666666666667,go work go work
Scrooge,Dell,2.82258064516129,2.4193548387096775,59.2741935483871,1.1666666666666667,go work go work
Scrooge,Tim,2.82258064516129,2.4193548387096775,59.2741935483871,1.1666666666666667,go work go work
Dad,Dell,2.82258064516129,2.4193548387096775,59.2741935483871,1.1666666666666667,go work go work
Dad,Tim,2.82258064516129,2.4193548387096775,59.2741935483871,1.1666666666666667,go work go work
Dell,Tim,2.82258064516129,2.4193548387096775,59.2741935483871,1.1666666666666667,go work go work
Scrooge,Lydia,2.0161290322580645,0.8064516129032258,39.11290322580645,2.5,look knock run add
Edward,Lydia,1.9230769230769231,4.807692307692308,70.1923076923077,0.4,see be think
Lydia,Brad,8.75,0.0,51.24999999999999,INF,call do know
Mom,Dad,5.681818181818182,0.5681818181818182,57.38636363636363,10.0,be say be
Mom,Brad,5.681818181818182,0.5681818181818182,57.38636363636363,10.0,be say be
Mom,Bartle,5.681818181818182,0.5681818181818182,57.38636363636363,10.0,be say be
Dad,Brad,5.681818181818182,0.5681818181818182,57.38636363636363,10.0,be say be
Dad,Bartle,5.681818181818182,0.5681818181818182,57.38636363636363,10.0,be say be
Brad,Bartle,5.681818181818182,0.5681818181818182,57.38636363636363,10.0,be say be
Dell,Jessie,2.0,0.5,41.5,4.0,be go start say be go participate be
Dell,Alvin Ailey,1.0,0.5,62.5,2.0,be tell feel be
Mom,Bartle,5.0,2.5,45.0,2.0,drive take say do know tell be go
Mom,Bartle,5.0,2.5,45.0,2.0,drive take say do know tell be go
Mom,Tim,5.0,2.5,45.0,2.0,drive take say do know tell be go
Bartle,Tim,5.0,2.5,45.0,2.0,drive take say do know tell be go
Bartle,Tim,5.0,2.5,45.0,2.0,drive take say do know tell be go
Bartle,Tim,1.6304347826086956,0.5434782608695652,45.65217391304348,3.0,be join have document
Auntie Ellie,Mom,5.0,0.0,55.00000000000001,INF,decide dress
Mary,Bartle,4.6875,2.083333333333333,47.39583333333333,2.25,be disown be speak alternate
Mary,Grandmama,4.6875,2.083333333333333,47.39583333333333,2.25,be disown be speak alternate
Bartle,Mary,4.6875,2.083333333333333,47.39583333333333,2.25,be disown be speak alternate
Bartle,Grandmama,4.6875,2.083333333333333,47.39583333333333,2.25,be disown be speak alternate
Mary,Grandmama,4.6875,2.083333333333333,47.39583333333333,2.25,be disown be speak alternate
David,Mom,7.142857142857142,1.7857142857142856,48.214285714285715,4.0,want grill say
Mom,David,6.944444444444445,1.3888888888888888,36.11111111111111,5.0,say grin
Mary,Mom,5.88235294117647,2.2058823529411766,44.85294117647059,2.6666666666666665,stay say nod
David,Lydia,5.357142857142857,4.464285714285714,47.32142857142857,1.2,run tell
David,Emily,5.357142857142857,4.464285714285714,47.32142857142857,1.2,run tell
Lydia,Emily,5.357142857142857,4.464285714285714,47.32142857142857,1.2,run tell
Emily,Auntie Ellie,3.8793103448275863,1.7241379310344827,42.672413793103445,2.25,suggest put be wash be do
Auntie Ellie,Emily,3.8793103448275863,1.7241379310344827,42.672413793103445,2.25,suggest put be wash be do
Lydia,Edward,5.172413793103448,3.8793103448275863,56.46551724137932,1.3333333333333333,tell be be dub
Lydia,Edward,5.172413793103448,3.8793103448275863,56.46551724137932,1.3333333333333333,tell be be dub
Edward,Lydia,5.172413793103448,3.8793103448275863,56.46551724137932,1.3333333333333333,tell be be dub
Edward,Lydia,5.172413793103448,3.8793103448275863,56.46551724137932,1.3333333333333333,tell be be dub
Lydia,Edward,5.172413793103448,3.8793103448275863,56.46551724137932,1.3333333333333333,tell be be dub
Edward,Lydia,5.172413793103448,3.8793103448275863,56.46551724137932,1.3333333333333333,tell be be dub
Bartle,Tim,4.017857142857143,1.7857142857142856,58.48214285714286,2.25,get
Bartle,Carol,4.017857142857143,1.7857142857142856,58.48214285714286,2.25,get
Tim,Carol,4.017857142857143,1.7857142857142856,58.48214285714286,2.25,get
Dad,Brad,1.7857142857142856,0.0,58.92857142857143,INF,be hype throw yell come
Tim,Bartle,1.059322033898305,0.423728813559322,57.83898305084746,2.5,have do have stay get have interrupt sound talk be get say
Bartle,Tim,1.059322033898305,0.423728813559322,57.83898305084746,2.5,have do have stay get have interrupt sound talk be get say
Bartle,Tim,1.059322033898305,0.423728813559322,57.83898305084746,2.5,have do have stay get have interrupt sound talk be get say
Emily,David,4.166666666666666,0.0,40.27777777777778,INF,shrug tell go find be bore
David,Emily,4.166666666666666,0.0,40.27777777777778,INF,shrug tell go find be bore
Lydia,Brad,2.272727272727273,0.0,56.81818181818182,INF,be write be tell
David,Emily,0.0,2.2058823529411766,50.73529411764706,0.0,come get be assume take
David,Emily,0.0,2.2058823529411766,50.73529411764706,0.0,come get be assume take
Jess,Lydia,1.0,0.0,55.00000000000001,INF,be go be say give head
Bartle,Tim,2.717391304347826,3.260869565217391,50.54347826086957,0.8333333333333334,have do get
Edward,Lydia,3.7037037037037033,2.7777777777777777,45.370370370370374,1.3333333333333333,have think be do collide
David,Emily,5.0,2.5,42.5,2.0,be talk be start notice sit
Bartle,Tim,0.8333333333333334,0.8333333333333334,48.333333333333336,1.0,be bless be
Bartle,Tim,0.8333333333333334,0.8333333333333334,48.333333333333336,1.0,be bless be
Bartle,Mary,0.8333333333333334,0.8333333333333334,48.333333333333336,1.0,be bless be
Tim,Mary,0.8333333333333334,0.8333333333333334,48.333333333333336,1.0,be bless be
Tim,Mary,0.8333333333333334,0.8333333333333334,48.333333333333336,1.0,be bless be
Auntie Ellie,Lee,0.0,0.0,60.0,INF,be
Auntie Ellie,Lee,3.571428571428571,1.7857142857142856,58.92857142857143,2.0,be be
Edward,Scrooge,4.166666666666666,4.166666666666666,75.0,1.0,be
Edward,Scrooge,5.803571428571429,1.3392857142857142,53.57142857142857,4.333333333333333,use make make care be be
David,Emily,2.7777777777777777,0.4629629629629629,52.31481481481482,6.0,have do bake be teach make be
Emily,David,2.7777777777777777,0.4629629629629629,52.31481481481482,6.0,have do bake be teach make be
Jessie,David,1.4705882352941175,1.4705882352941175,44.11764705882353,1.0,make say
Bartle,Loretta,0.6578947368421052,3.9473684210526314,58.55263157894737,0.16666666666666666,say remember blow
Loretta,Emily,2.564102564102564,0.641025641025641,55.769230769230774,4.0,be see know do make wonder mean
Emily,David,3.214285714285714,0.7142857142857143,41.785714285714285,4.5,love say grab pull be be dance
Emily,Bartle,3.214285714285714,0.7142857142857143,41.785714285714285,4.5,love say grab pull be be dance
Emily,Tim,3.214285714285714,0.7142857142857143,41.785714285714285,4.5,love say grab pull be be dance
Emily,David,3.214285714285714,0.7142857142857143,41.785714285714285,4.5,love say grab pull be be dance
Emily,Bartle,3.214285714285714,0.7142857142857143,41.785714285714285,4.5,love say grab pull be be dance
Emily,Tim,3.214285714285714,0.7142857142857143,41.785714285714285,4.5,love say grab pull be be dance
David,Bartle,3.214285714285714,0.7142857142857143,41.785714285714285,4.5,love say grab pull be be dance
David,Tim,3.214285714285714,0.7142857142857143,41.785714285714285,4.5,love say grab pull be be dance
Bartle,Tim,3.214285714285714,0.7142857142857143,41.785714285714285,4.5,love say grab pull be be dance
David,Mom,2.82258064516129,0.8064516129032258,51.20967741935484,3.5,see be do grab be notice be talk
David,Mom,2.82258064516129,0.8064516129032258,51.20967741935484,3.5,see be do grab be notice be talk
Emily,Lydia,5.0,1.875,43.125,2.6666666666666665,say come
Bartle,Emily,0.0,0.0,44.44444444444444,INF,ask
Dell,Edward,1.5,4.0,66.5,0.375,have be lurk talk grab pull
Dell,Bumble,1.5,4.0,66.5,0.375,have be lurk talk grab pull
Edward,Bumble,1.5,4.0,66.5,0.375,have be lurk talk grab pull
David,Bette Midler,1.5625,1.5625,59.375,1.0,join be
Lee,Auntie Ellie,2.5,7.5,50.0,0.3333333333333333,think be
CLP,Carol,3.289473684210526,3.289473684210526,56.57894736842105,1.0,
Auntie Ellie,Mom,5.851063829787234,2.127659574468085,47.340425531914896,2.75,be wear be have get do take make say run
Auntie Ellie,Mom,5.851063829787234,2.127659574468085,47.340425531914896,2.75,be wear be have get do take make say run
Mom,Auntie Ellie,5.851063829787234,2.127659574468085,47.340425531914896,2.75,be wear be have get do take make say run
Grandmama,Brad,0.0,0.0,42.857142857142854,INF,be
Lee,Loretta,5.0,0.0,65.0,INF,make shout
Loretta,Lee,0.0,0.8333333333333334,65.83333333333333,0.0,stand watch brew shout
Auntie Ellie,Loretta,0.0,4.521276595744681,48.67021276595745,0.0,draw see shove shout do get be call
Loretta,Auntie Ellie,0.0,4.521276595744681,48.67021276595745,0.0,draw see shove shout do get be call
Lee,Auntie Ellie,3.3333333333333335,0.8333333333333334,42.5,4.0,have be console
Lee,Auntie Ellie,3.3333333333333335,0.8333333333333334,42.5,4.0,have be console
Loretta,Bartle,2.1739130434782608,3.260869565217391,42.391304347826086,0.6666666666666666,get be pull say
Tim,Bartle,0.0,0.0,55.55555555555556,INF,push
Loretta,Auntie Ellie,2.272727272727273,2.272727272727273,50.0,1.0,watch hang sob
Mom,Auntie Ellie,10.9375,0.0,39.0625,INF,stay
Grandmama,Emily,3.90625,0.0,52.34375,INF,say raise be
Grandmama,Emily,3.90625,0.0,52.34375,INF,say raise be
David,Mom,2.1341463414634148,1.8292682926829267,52.13414634146341,1.1666666666666667,work
David,Emily,2.5,0.8333333333333334,63.33333333333333,3.0,be
Una,Mark,1.5151515151515151,0.3787878787878788,46.590909090909086,4.0,say make reintroduce decide wait see remember
Mark,Dell,2.7777777777777777,1.3888888888888888,40.27777777777778,2.0,say
Dell,Jessie,3.125,0.0,36.875,INF,say change show
Bartle,Tim,6.25,0.0,31.25,INF,drag help
Tim,Bartle,6.25,0.0,31.25,INF,drag help
Bruce,Arthur,6.944444444444445,2.7777777777777777,56.94444444444444,2.5,have be want check have be
Arthur,Emily,0.625,0.0,39.375,INF,think be turn
Emily,Arthur,0.625,0.0,39.375,INF,think be turn
Emily,Arthur,0.625,0.0,39.375,INF,think be turn
Arthur,Bruce,2.586206896551724,0.43103448275862066,59.05172413793104,6.0,pass sag give feel
Arthur,Bruce,2.586206896551724,0.43103448275862066,59.05172413793104,6.0,pass sag give feel
Arthur,Bruce,2.586206896551724,0.43103448275862066,59.05172413793104,6.0,pass sag give feel
Emily,Bruce,0.0,0.0,54.54545454545454,INF,
Emily,Bruce,0.0,0.0,54.54545454545454,INF,
Emily,Bruce,0.0,0.0,54.54545454545454,INF,
Jessie,Arthur,8.75,0.0,41.25,INF,be
Emily,Bruce,2.976190476190476,0.0,49.404761904761905,INF,say smile
Emily,Brad,6.61764705882353,1.4705882352941175,50.73529411764706,4.5,do know
Bruce,Arthur,0.0,0.0,58.333333333333336,INF,bet sell go get
Emily,Bruce,1.7857142857142856,0.0,55.35714285714286,INF,be look
Emily,Brad,3.804347826086957,2.717391304347826,50.0,1.4,tell
Emily,Bartle,1.25,0.0,48.75,INF,do defend do
Arthur,Bruce,3.289473684210526,2.631578947368421,67.76315789473685,1.25,die need unload
Arthur,Bruce,3.289473684210526,2.631578947368421,67.76315789473685,1.25,die need unload
Brad,Bruce,2.34375,0.78125,65.625,3.0,look say be sell be
Bartle,Tim,7.142857142857142,3.571428571428571,17.857142857142858,2.0,shout
Auntie Ellie,Lee,4.807692307692308,1.9230769230769231,54.807692307692314,2.5,look
Mom,Brad,10.576923076923077,1.9230769230769231,56.730769230769226,5.5,be look look
Auntie Ellie,Mom,6.730769230769231,0.0,47.11538461538461,INF,figure be go
Brad,Mom,7.065217391304348,1.6304347826086956,52.17391304347826,4.333333333333333,want know recite glance
Arthur,Bruce,1.1363636363636365,0.0,71.5909090909091,INF,be call say
Bruce,Jessie,1.0416666666666665,3.125,20.833333333333336,0.3333333333333333,have get do
Tim,Mary,0.0,0.0,40.0,INF,ask
Jessie,Emily,2.5,0.8333333333333334,36.666666666666664,3.0,say smile
Lee,Loretta,6.944444444444445,4.861111111111112,54.861111111111114,1.4285714285714286,fret have take
Loretta,CLP,4.619565217391304,2.717391304347826,44.83695652173913,1.7,do show be be mean seem be be know
Dad,Brad,0.0,0.0,48.275862068965516,INF,drag go sign do
Bartle,Tim,0.0,15.625,21.875,0.0,
Auntie Ellie,Lee,1.3888888888888888,2.7777777777777777,51.388888888888886,0.5,be go
Brad,Emily,3.5000000000000004,1.0,51.5,3.5,be bask look find
Brad,Emily,1.3157894736842104,1.3157894736842104,44.73684210526316,1.0,be want wear
Brad,Emily,1.3157894736842104,1.3157894736842104,44.73684210526316,1.0,be want wear
Brad,Emily,1.3157894736842104,1.3157894736842104,44.73684210526316,1.0,be want wear
Emily,Brad,1.3157894736842104,1.3157894736842104,44.73684210526316,1.0,be want wear
Brad,Emily,1.3157894736842104,1.3157894736842104,44.73684210526316,1.0,be want wear
Brad,Emily,1.3157894736842104,1.3157894736842104,44.73684210526316,1.0,be want wear
Auntie Ellie,Lee,7.352941176470589,1.4705882352941175,44.11764705882353,5.0,be sit eat get
Auntie Ellie,Loretta,1.9230769230769231,0.9615384615384616,35.57692307692308,2.0,be listen
Bartle,Tim,0.0,0.0,20.0,INF,come
Auntie Ellie,Lee,0.0,0.0,64.28571428571429,INF,be sit
Loretta,Lydia,0.6944444444444444,3.4722222222222223,51.388888888888886,0.2,look see come be
Dell,Alvin Ailey,4.464285714285714,1.7857142857142856,58.03571428571429,2.5,manage get
Lydia,Edward,0.5597014925373134,2.6119402985074625,47.57462686567165,0.21428571428571427,have slide be envelop shout make
Lydia,Brad,0.5597014925373134,2.6119402985074625,47.57462686567165,0.21428571428571427,have slide be envelop shout make
Lydia,Bartle,0.5597014925373134,2.6119402985074625,47.57462686567165,0.21428571428571427,have slide be envelop shout make
Lydia,Tim,0.5597014925373134,2.6119402985074625,47.57462686567165,0.21428571428571427,have slide be envelop shout make
Lydia,Grandmama,0.5597014925373134,2.6119402985074625,47.57462686567165,0.21428571428571427,have slide be envelop shout make
Lydia,David,0.5597014925373134,2.6119402985074625,47.57462686567165,0.21428571428571427,have slide be envelop shout make
Lydia,Emily,0.5597014925373134,2.6119402985074625,47.57462686567165,0.21428571428571427,have slide be envelop shout make
Lydia,Lee,0.5597014925373134,2.6119402985074625,47.57462686567165,0.21428571428571427,have slide be envelop shout make
Lydia,Auntie Ellie,0.5597014925373134,2.6119402985074625,47.57462686567165,0.21428571428571427,have slide be envelop shout make
Edward,Brad,0.5597014925373134,2.6119402985074625,47.57462686567165,0.21428571428571427,have slide be envelop shout make
Edward,Bartle,0.5597014925373134,2.6119402985074625,47.57462686567165,0.21428571428571427,have slide be envelop shout make
Edward,Tim,0.5597014925373134,2.6119402985074625,47.57462686567165,0.21428571428571427,have slide be envelop shout make
Edward,Grandmama,0.5597014925373134,2.6119402985074625,47.57462686567165,0.21428571428571427,have slide be envelop shout make
Edward,David,0.5597014925373134,2.6119402985074625,47.57462686567165,0.21428571428571427,have slide be envelop shout make
Edward,Emily,0.5597014925373134,2.6119402985074625,47.57462686567165,0.21428571428571427,have slide be envelop shout make
Edward,Lee,0.5597014925373134,2.6119402985074625,47.57462686567165,0.21428571428571427,have slide be envelop shout make
Edward,Auntie Ellie,0.5597014925373134,2.6119402985074625,47.57462686567165,0.21428571428571427,have slide be envelop shout make
Brad,Bartle,0.5597014925373134,2.6119402985074625,47.57462686567165,0.21428571428571427,have slide be envelop shout make
Brad,Tim,0.5597014925373134,2.6119402985074625,47.57462686567165,0.21428571428571427,have slide be envelop shout make
Brad,Grandmama,0.5597014925373134,2.6119402985074625,47.57462686567165,0.21428571428571427,have slide be envelop shout make
Brad,David,0.5597014925373134,2.6119402985074625,47.57462686567165,0.21428571428571427,have slide be envelop shout make
Brad,Emily,0.5597014925373134,2.6119402985074625,47.57462686567165,0.21428571428571427,have slide be envelop shout make
Brad,Lee,0.5597014925373134,2.6119402985074625,47.57462686567165,0.21428571428571427,have slide be envelop shout make
Brad,Auntie Ellie,0.5597014925373134,2.6119402985074625,47.57462686567165,0.21428571428571427,have slide be envelop shout make
Bartle,Tim,0.5597014925373134,2.6119402985074625,47.57462686567165,0.21428571428571427,have slide be envelop shout make
Bartle,Grandmama,0.5597014925373134,2.6119402985074625,47.57462686567165,0.21428571428571427,have slide be envelop shout make
Bartle,David,0.5597014925373134,2.6119402985074625,47.57462686567165,0.21428571428571427,have slide be envelop shout make
Bartle,Emily,0.5597014925373134,2.6119402985074625,47.57462686567165,0.21428571428571427,have slide be envelop shout make
Bartle,Lee,0.5597014925373134,2.6119402985074625,47.57462686567165,0.21428571428571427,have slide be envelop shout make
Bartle,Auntie Ellie,0.5597014925373134,2.6119402985074625,47.57462686567165,0.21428571428571427,have slide be envelop shout make
Tim,Grandmama,0.5597014925373134,2.6119402985074625,47.57462686567165,0.21428571428571427,have slide be envelop shout make
Tim,David,0.5597014925373134,2.6119402985074625,47.57462686567165,0.21428571428571427,have slide be envelop shout make
Tim,Emily,0.5597014925373134,2.6119402985074625,47.57462686567165,0.21428571428571427,have slide be envelop shout make
Tim,Lee,0.5597014925373134,2.6119402985074625,47.57462686567165,0.21428571428571427,have slide be envelop shout make
Tim,Auntie Ellie,0.5597014925373134,2.6119402985074625,47.57462686567165,0.21428571428571427,have slide be envelop shout make
Grandmama,David,0.5597014925373134,2.6119402985074625,47.57462686567165,0.21428571428571427,have slide be envelop shout make
Grandmama,Emily,0.5597014925373134,2.6119402985074625,47.57462686567165,0.21428571428571427,have slide be envelop shout make
Grandmama,Lee,0.5597014925373134,2.6119402985074625,47.57462686567165,0.21428571428571427,have slide be envelop shout make
Grandmama,Auntie Ellie,0.5597014925373134,2.6119402985074625,47.57462686567165,0.21428571428571427,have slide be envelop shout make
David,Emily,0.5597014925373134,2.6119402985074625,47.57462686567165,0.21428571428571427,have slide be envelop shout make
David,Lee,0.5597014925373134,2.6119402985074625,47.57462686567165,0.21428571428571427,have slide be envelop shout make
David,Auntie Ellie,0.5597014925373134,2.6119402985074625,47.57462686567165,0.21428571428571427,have slide be envelop shout make
Emily,Lee,0.5597014925373134,2.6119402985074625,47.57462686567165,0.21428571428571427,have slide be envelop shout make
Emily,Auntie Ellie,0.5597014925373134,2.6119402985074625,47.57462686567165,0.21428571428571427,have slide be envelop shout make
Lee,Auntie Ellie,0.5597014925373134,2.6119402985074625,47.57462686567165,0.21428571428571427,have slide be envelop shout make
Brad,Jessie,0.4166666666666667,0.0,56.25,INF,hear say try learn get believe
Jessie,Grandmama,0.8333333333333334,2.5,23.333333333333332,0.3333333333333333,be be say
Jessie,Dell,0.0,1.6891891891891893,55.067567567567565,0.0,be retrieve skirt take find tell do
Auntie Ellie,Lee,1.7857142857142856,0.7142857142857143,57.49999999999999,2.5,believe be say plump
Auntie Ellie,Lee,1.7857142857142856,0.7142857142857143,57.49999999999999,2.5,believe be say plump
Lee,Auntie Ellie,1.7857142857142856,0.7142857142857143,57.49999999999999,2.5,believe be say plump
Jessie,Auntie Ellie,4.6875,3.90625,22.65625,1.2,be say catch
David,Emily,3.75,0.0,56.25,INF,
Mom,Dad,5.921052631578947,0.0,51.973684210526315,INF,be go eat say have come
Lee,Auntie Ellie,0.8333333333333334,0.0,45.83333333333333,INF,plunk
Lee,Auntie Ellie,0.8333333333333334,0.0,45.83333333333333,INF,plunk
Auntie Ellie,Lee,1.5625,0.78125,53.90625,2.0,have say look
Lee,Mark,0.6578947368421052,0.6578947368421052,46.05263157894737,1.0,be move move
Lee,Brad,0.6578947368421052,0.6578947368421052,46.05263157894737,1.0,be move move
Mark,Brad,0.6578947368421052,0.6578947368421052,46.05263157894737,1.0,be move move
UPS,Al,0.0,0.0,50.0,INF,be deliver
Dell,Al,1.3888888888888888,4.166666666666666,50.0,0.3333333333333333,be look be hide
Dell,Al,1.3888888888888888,4.166666666666666,50.0,0.3333333333333333,be look be hide
Dell,Bumble,1.3888888888888888,4.166666666666666,50.0,0.3333333333333333,be look be hide
Al,Bumble,1.3888888888888888,4.166666666666666,50.0,0.3333333333333333,be look be hide
Al,Bumble,1.3888888888888888,4.166666666666666,50.0,0.3333333333333333,be look be hide
Auntie Ellie,Lee,0.78125,0.0,74.21875,INF,move sit
Auntie Ellie,Dell,0.78125,0.0,74.21875,INF,move sit
Lee,Dell,0.78125,0.0,74.21875,INF,move sit
Lydia,Edward,0.7142857142857143,0.0,56.42857142857143,INF,come be play have pop eat
Lydia,Dell,2.604166666666667,0.0,55.729166666666664,INF,do say wave make
Lydia,Dell,2.604166666666667,0.0,55.729166666666664,INF,do say wave make
Dell,Lydia,3.9473684210526314,0.0,38.15789473684211,INF,come say
Dell,Lydia,4.166666666666666,1.8518518518518516,53.24074074074075,2.25,get go get help keep go
Dell,Mom,4.166666666666666,1.8518518518518516,53.24074074074075,2.25,get go get help keep go
Lydia,Mom,4.166666666666666,1.8518518518518516,53.24074074074075,2.25,get go get help keep go
Dell,Mom,6.854838709677419,1.2096774193548387,50.0,5.666666666666667,have be wonder say take leave
Dell,Anya,0.0,0.0,44.44444444444444,INF,be be
Anya,Mom,7.291666666666667,0.0,51.041666666666664,INF,remember nod
Lydia,Anya,0.0,0.0,44.44444444444444,INF,do remember be
Lydia,Anya,0.0,0.0,44.44444444444444,INF,do remember be
Edward,Lydia,0.0,0.0,55.55555555555556,INF,see watch
Edward,Lydia,0.0,0.0,55.55555555555556,INF,see watch
Edward,Lydia,0.0,0.0,55.55555555555556,INF,see watch
Dell,Lydia,4.545454545454546,2.272727272727273,56.81818181818182,2.0,ask watch look
Mom,Lydia,13.750000000000002,8.75,47.5,1.5714285714285714,take
Lydia,Dell,6.25,1.4423076923076923,57.692307692307686,4.333333333333333,have be show turn say remember
Mom,Dell,8.333333333333332,0.0,50.0,INF,be stand
Brad,Mom,4.044117647058823,1.4705882352941175,56.25,2.75,be talk have hear do think hear turn walk
Mom,Mark,10.294117647058822,1.4705882352941175,35.294117647058826,7.0,say tell tell
Anya,Jessie,7.758620689655173,0.8620689655172413,43.103448275862064,9.0,tell say make pay
Anya,Mom,7.758620689655173,0.8620689655172413,43.103448275862064,9.0,tell say make pay
Anya,Jessie,7.758620689655173,0.8620689655172413,43.103448275862064,9.0,tell say make pay
Anya,Mom,7.758620689655173,0.8620689655172413,43.103448275862064,9.0,tell say make pay
Jessie,Mom,7.758620689655173,0.8620689655172413,43.103448275862064,9.0,tell say make pay
Anya,Jessie,2.5,1.875,40.625,1.3333333333333333,tell be be
Anya,Jessie,2.5,1.875,40.625,1.3333333333333333,tell be be
Jessie,Anya,2.5,1.875,40.625,1.3333333333333333,tell be be
Jess,Dell,0.9615384615384616,0.0,52.88461538461539,INF,say turn be know be
Jess,Dell,0.9615384615384616,0.0,52.88461538461539,INF,say turn be know be
Jess,Dell,0.9615384615384616,0.0,52.88461538461539,INF,say turn be know be
Dell,Lydia,0.0,0.0,75.0,INF,ask
Anya,Lydia,0.8928571428571428,0.0,56.25,INF,let go say
Jess,Mom,8.333333333333332,5.208333333333334,19.791666666666664,1.6,say say
David,Emily,0.0,0.0,63.63636363636363,INF,be play
David,Emily,0.78125,0.0,49.21875,INF,think say ask go
Jess,Emily,3.4482758620689653,2.586206896551724,45.689655172413794,1.3333333333333333,happen ask tell tell like do know say look
Jess,Emily,3.4482758620689653,2.586206896551724,45.689655172413794,1.3333333333333333,happen ask tell tell like do know say look
Jess,Emily,3.4482758620689653,2.586206896551724,45.689655172413794,1.3333333333333333,happen ask tell tell like do know say look
Jess,Emily,3.4482758620689653,2.586206896551724,45.689655172413794,1.3333333333333333,happen ask tell tell like do know say look
David,Emily,1.3392857142857142,1.7857142857142856,46.875,0.75,see say walk look
David,Emily,8.333333333333332,2.083333333333333,39.58333333333333,4.0,be say
David,Emily,0.0,0.0,45.45454545454545,INF,tell laugh
Jess,David,6.25,2.083333333333333,25.0,3.0,
David,Jess,6.25,2.083333333333333,25.0,3.0,
David,Jess,7.142857142857142,0.0,42.857142857142854,INF,go
David,Jess,5.769230769230769,0.0,48.07692307692308,INF,do think have
David,Jess,5.769230769230769,0.0,48.07692307692308,INF,do think have
Jess,Emily,5.681818181818182,0.0,44.31818181818182,INF,do know be focus act go pause
David,Loretta,5.357142857142857,0.0,37.5,INF,sound
David,Emily,1.6666666666666667,0.8333333333333334,50.83333333333333,2.0,mean be
Emily,Dell,5.603448275862069,1.293103448275862,48.275862068965516,4.333333333333333,tell do be have
Emily,Dell,5.603448275862069,1.293103448275862,48.275862068965516,4.333333333333333,tell do be have
Jessie,Emily,2.7960526315789473,3.289473684210526,46.54605263157895,0.85,need see add get be remember read add say
Jessie,Emily,1.1904761904761905,0.0,41.66666666666667,INF,think be say put
Jessie,Emily,1.1904761904761905,0.0,41.66666666666667,INF,think be say put
Jessie,Emily,1.1904761904761905,0.0,41.66666666666667,INF,think be say put
Jessie,David,0.8333333333333334,0.0,39.166666666666664,INF,be say
Jessie,Emily,7.352941176470589,1.4705882352941175,38.23529411764706,5.0,let go find do want see
David,Brad,0.0,0.0,55.55555555555556,INF,ask shake
David,Brad,0.0,0.0,55.55555555555556,INF,ask shake
Lydia,Edward,0.0,0.0,52.94117647058824,INF,be
Bartle,Tim,3.804347826086957,0.5434782608695652,60.86956521739131,7.0,be sit play be queen
Bartle,Grandmama,3.804347826086957,0.5434782608695652,60.86956521739131,7.0,be sit play be queen
Tim,Grandmama,3.804347826086957,0.5434782608695652,60.86956521739131,7.0,be sit play be queen
Auntie Ellie,Lee,0.0,1.3888888888888888,54.166666666666664,0.0,be talk
Auntie Ellie,Dell,0.0,1.3888888888888888,54.166666666666664,0.0,be talk
Lee,Dell,0.0,1.3888888888888888,54.166666666666664,0.0,be talk
Loretta,Jessie,1.1363636363636365,0.0,44.31818181818182,INF,say leave
Mom,David,6.4655172413793105,0.0,55.603448275862064,INF,see say look know be
Mom,David,6.4655172413793105,0.0,55.603448275862064,INF,see say look know be
Mom,David,6.4655172413793105,0.0,55.603448275862064,INF,see say look know be
Mom,David,6.4655172413793105,0.0,55.603448275862064,INF,see say look know be
Emily,Loretta,5.769230769230769,2.403846153846154,45.67307692307692,2.4,let be
Emily,Loretta,5.769230769230769,2.403846153846154,45.67307692307692,2.4,let be
Emily,Loretta,5.769230769230769,2.403846153846154,45.67307692307692,2.4,let be
Loretta,Emily,6.944444444444445,0.0,37.5,INF,do know
David,Emily,4.166666666666666,5.208333333333334,48.95833333333333,0.8,grab come help
Emily,David,0.0,0.0,37.5,INF,be take
Emily,David,2.1341463414634148,1.8292682926829267,54.57317073170732,1.1666666666666667,be stumble slip pick carry
Emily,David,2.1341463414634148,1.8292682926829267,54.57317073170732,1.1666666666666667,be stumble slip pick carry
David,Emily,2.1341463414634148,1.8292682926829267,54.57317073170732,1.1666666666666667,be stumble slip pick carry
David,Emily,2.1341463414634148,1.8292682926829267,54.57317073170732,1.1666666666666667,be stumble slip pick carry
David,Emily,2.1341463414634148,1.8292682926829267,54.57317073170732,1.1666666666666667,be stumble slip pick carry
Emily,David,2.1341463414634148,1.8292682926829267,54.57317073170732,1.1666666666666667,be stumble slip pick carry
Emily,David,2.1341463414634148,1.8292682926829267,54.57317073170732,1.1666666666666667,be stumble slip pick carry
David,Emily,2.1341463414634148,1.8292682926829267,54.57317073170732,1.1666666666666667,be stumble slip pick carry
Bartle,Tim,2.272727272727273,1.1363636363636365,51.13636363636363,2.0,be suit come get
Auntie Ellie,Lee,0.0,1.1363636363636365,53.40909090909091,0.0,throw
Mom,Auntie Ellie,6.25,0.625,48.125,10.0,take rub get
Mom,Auntie Ellie,6.25,0.625,48.125,10.0,take rub get
Mom,Auntie Ellie,6.25,0.625,48.125,10.0,take rub get
Lee,Auntie Ellie,0.7352941176470588,0.0,46.32352941176471,INF,call come
Auntie Ellie,Mom,3.2407407407407405,1.8518518518518516,54.166666666666664,1.75,try get crash insist stay
Mom,Auntie Ellie,3.2407407407407405,1.8518518518518516,54.166666666666664,1.75,try get crash insist stay
Edward,Brad,7.291666666666667,0.0,59.375,INF,go make
Grandmama,David,0.0,0.0,66.66666666666666,INF,be make
Lee,Auntie Ellie,6.25,1.7857142857142856,56.25,3.5,be curl
David,Emily,0.0,0.6578947368421052,57.23684210526315,0.0,be lie
