NAME 1,NAME 2,% POS,% NEG,% NEUTRAL,POS:NEG,VERBS
Joe,Sacco,0.7575757575757576,0.0,62.878787878787875,INF,have occur be attract see listen
Joe,Vanzetti,0.7575757575757576,0.0,62.878787878787875,INF,have occur be attract see listen
Joe,Sacco,0.7575757575757576,0.0,62.878787878787875,INF,have occur be attract see listen
Joe,Vanzetti,0.7575757575757576,0.0,62.878787878787875,INF,have occur be attract see listen
Sacco,Vanzetti,0.7575757575757576,0.0,62.878787878787875,INF,have occur be attract see listen
Betsy,Norman,3.289473684210526,1.9736842105263157,57.89473684210527,1.6666666666666667,be start go have share name name
Betsy,Richard,3.289473684210526,1.9736842105263157,57.89473684210527,1.6666666666666667,be start go have share name name
Betsy,Richard,3.289473684210526,1.9736842105263157,57.89473684210527,1.6666666666666667,be start go have share name name
Betsy,Bakunin,3.289473684210526,1.9736842105263157,57.89473684210527,1.6666666666666667,be start go have share name name
Norman,Richard,3.289473684210526,1.9736842105263157,57.89473684210527,1.6666666666666667,be start go have share name name
Norman,Richard,3.289473684210526,1.9736842105263157,57.89473684210527,1.6666666666666667,be start go have share name name
Norman,Bakunin,3.289473684210526,1.9736842105263157,57.89473684210527,1.6666666666666667,be start go have share name name
Richard,Bakunin,3.289473684210526,1.9736842105263157,57.89473684210527,1.6666666666666667,be start go have share name name
Richard,Bakunin,3.289473684210526,1.9736842105263157,57.89473684210527,1.6666666666666667,be start go have share name name
Joe,Richard,0.5681818181818182,0.0,35.79545454545455,INF,say do catch steal
Dorothy,Richard,2.717391304347826,0.5434782608695652,44.565217391304344,5.0,like drink say have be
Forster,Dorothy,2.272727272727273,1.1363636363636365,60.22727272727273,2.0,name stay be work
Dorothy,Forster,2.272727272727273,1.1363636363636365,60.22727272727273,2.0,name stay be work
Dorothy,Joe,1.694915254237288,2.9661016949152543,49.57627118644068,0.5714285714285714,have say be roll be think enter
Joe,Forster,2.631578947368421,4.605263157894736,55.92105263157895,0.5714285714285714,be talk keep say be live
Joe,Forster,2.631578947368421,4.605263157894736,55.92105263157895,0.5714285714285714,be talk keep say be live
Joe,Goya,2.631578947368421,4.605263157894736,55.92105263157895,0.5714285714285714,be talk keep say be live
Forster,Goya,2.631578947368421,4.605263157894736,55.92105263157895,0.5714285714285714,be talk keep say be live
Forster,Goya,2.631578947368421,4.605263157894736,55.92105263157895,0.5714285714285714,be talk keep say be live
Dorothy,Goya,0.0,0.0,61.53846153846154,INF,say get
Dorothy,Joe,0.0,0.0,40.0,INF,do
Dorothy,Forster,5.555555555555555,0.0,38.88888888888889,INF,flirt love
Dorothy,Forster,5.555555555555555,0.0,38.88888888888889,INF,flirt love
Richard,Forster,0.0,1.25,61.25000000000001,0.0,turn be end walk do want bother go run
Bakunin,Forster,1.3888888888888888,0.0,54.166666666666664,INF,be investigate
Dorothy,Forster,0.0,5.208333333333334,53.125,0.0,have say
Bakunin,Forster,0.0,7.142857142857142,57.14285714285714,0.0,bark let
Bakunin,Forster,0.0,0.0,40.0,INF,get say
Dorothy,Forster,11.25,6.875000000000001,51.87500000000001,1.6363636363636365,have be
Forster,Dorothy,0.6578947368421052,0.0,41.44736842105263,INF,be do like find dance
Forster,Richard,0.6578947368421052,0.0,41.44736842105263,INF,be do like find dance
Forster,Dorothy,0.6578947368421052,0.0,41.44736842105263,INF,be do like find dance
Forster,Richard,0.6578947368421052,0.0,41.44736842105263,INF,be do like find dance
Dorothy,Richard,0.6578947368421052,0.0,41.44736842105263,INF,be do like find dance
Joe,Dorothy,0.9375,3.125,53.43750000000001,0.3,keep mean visit do get be be
Forster,Dorothy,0.3048780487804878,0.6097560975609756,57.62195121951219,0.5,be get be stay dive keep tease pop be
Forster,John,0.3048780487804878,0.6097560975609756,57.62195121951219,0.5,be get be stay dive keep tease pop be
Forster,John,0.3048780487804878,0.6097560975609756,57.62195121951219,0.5,be get be stay dive keep tease pop be
Dorothy,John,0.3048780487804878,0.6097560975609756,57.62195121951219,0.5,be get be stay dive keep tease pop be
Dorothy,John,0.3048780487804878,0.6097560975609756,57.62195121951219,0.5,be get be stay dive keep tease pop be
Forster,Dorothy,2.083333333333333,1.8518518518518516,53.47222222222222,1.125,be have drag skate be pile be write
Forster,Dorothy,3.0303030303030303,1.5151515151515151,74.24242424242425,2.0,have catch look say eat have say think be
Vera,Joe,0.5681818181818182,2.840909090909091,46.590909090909086,0.2,do be say decide be
Forster,Dorothy,7.5,1.25,36.25,6.0,live look
Forster,Dorothy,1.9230769230769231,0.0,36.53846153846153,INF,get use say
Joe,Forster,7.738095238095238,5.952380952380952,57.738095238095234,1.3,be talk have punch like
Vanzetti,Forster,1.0,2.0,65.0,0.5,be come have be be sell
Vanzetti,Forster,1.0,2.0,65.0,0.5,be come have be be sell
Dorothy,John,1.3392857142857142,1.3392857142857142,65.17857142857143,1.0,think be poke move
Forster,John,0.0,0.0,50.0,INF,say live be say
Dorothy,Forster,1.6304347826086956,1.6304347826086956,40.21739130434783,1.0,see say
Forster,Dorothy,3.125,1.5625,32.8125,2.0,be say
Dorothy,Forster,14.772727272727273,2.272727272727273,28.40909090909091,6.5,have say
Forster,Joe,0.0,0.0,45.45454545454545,INF,go shell say
Joe,Forster,4.166666666666666,0.5208333333333333,61.979166666666664,8.0,be imitate pick
Betsy,Dorothy,1.7857142857142856,0.0,41.07142857142857,INF,say be look
Richard,Forster,1.9230769230769231,0.4807692307692308,43.75,4.0,report be have start walk go
Richard,Dorothy,1.9230769230769231,0.4807692307692308,43.75,4.0,report be have start walk go
Richard,Dorothy,1.9230769230769231,0.4807692307692308,43.75,4.0,report be have start walk go
Forster,Dorothy,1.9230769230769231,0.4807692307692308,43.75,4.0,report be have start walk go
Forster,Dorothy,1.9230769230769231,0.4807692307692308,43.75,4.0,report be have start walk go
Dorothy,Forster,0.0,0.0,62.5,INF,do be be horrify
Dorothy,Forster,0.0,0.0,62.5,INF,do be be horrify
Dorothy,Forster,6.25,7.386363636363637,45.45454545454545,0.8461538461538461,be bother tell
Forster,Dorothy,0.0,5.208333333333334,28.125,0.0,agree say
Forster,Richard,0.0,5.208333333333334,28.125,0.0,agree say
Dorothy,Richard,0.0,5.208333333333334,28.125,0.0,agree say
Dorothy,Norman,0.0,0.0,40.0,INF,be become say
Sacco,Vanzetti,3.77906976744186,4.069767441860465,47.96511627906977,0.9285714285714286,have be wail wait be
Dorothy,Forster,0.0,0.0,36.84210526315789,INF,move
Dorothy,Della,0.0,0.0,36.84210526315789,INF,move
Forster,Dorothy,0.0,0.0,36.84210526315789,INF,move
Forster,Della,0.0,0.0,36.84210526315789,INF,move
Dorothy,Della,0.0,0.0,36.84210526315789,INF,move
Della,Dorothy,2.6785714285714284,0.8928571428571428,53.57142857142857,3.0,like be staunch
Della,Dorothy,1.3888888888888888,0.0,48.61111111111111,INF,be go come
Joe,Dorothy,0.0,1.0416666666666665,46.18055555555556,0.0,visit be hold rest walk
Joe,Dorothy,0.0,1.0416666666666665,46.18055555555556,0.0,visit be hold rest walk
Joe,Della,0.0,1.0416666666666665,46.18055555555556,0.0,visit be hold rest walk
Joe,Della,0.0,1.0416666666666665,46.18055555555556,0.0,visit be hold rest walk
Joe,Della,0.0,1.0416666666666665,46.18055555555556,0.0,visit be hold rest walk
Joe,Della,0.0,1.0416666666666665,46.18055555555556,0.0,visit be hold rest walk
Dorothy,Della,0.0,1.0416666666666665,46.18055555555556,0.0,visit be hold rest walk
Dorothy,Della,0.0,1.0416666666666665,46.18055555555556,0.0,visit be hold rest walk
Dorothy,Della,0.0,1.0416666666666665,46.18055555555556,0.0,visit be hold rest walk
Dorothy,Della,0.0,1.0416666666666665,46.18055555555556,0.0,visit be hold rest walk
Dorothy,Della,0.0,1.0416666666666665,46.18055555555556,0.0,visit be hold rest walk
Dorothy,Della,0.0,1.0416666666666665,46.18055555555556,0.0,visit be hold rest walk
Dorothy,Della,0.0,1.0416666666666665,46.18055555555556,0.0,visit be hold rest walk
Dorothy,Della,0.0,1.0416666666666665,46.18055555555556,0.0,visit be hold rest walk
Dorothy,Forster,0.0,0.0,69.23076923076923,INF,be lie hover
Della,Dorothy,1.5625,1.5625,55.208333333333336,1.0,put be hold think
Della,Dorothy,1.5625,1.5625,55.208333333333336,1.0,put be hold think
Joe,Dorothy,0.0,0.0,36.36363636363637,INF,say look settle
Tamar,Della,0.0,1.1904761904761905,36.904761904761905,0.0,say
Dorothy,Forster,0.0,0.0,33.33333333333333,INF,say
Della,Dorothy,1.6304347826086956,2.1739130434782608,44.02173913043478,0.75,take begin fuss get take
Della,Dorothy,1.6304347826086956,2.1739130434782608,44.02173913043478,0.75,take begin fuss get take
Joe,Dorothy,10.0,1.875,43.125,5.333333333333333,say be think look
Richard,Dorothy,0.0,0.0,46.666666666666664,INF,do have rain say
Richard,Betsy,0.0,0.0,46.666666666666664,INF,do have rain say
Dorothy,Betsy,0.0,0.0,46.666666666666664,INF,do have rain say
Richard,Dorothy,1.9230769230769231,1.9230769230769231,34.61538461538461,1.0,do matter like
Richard,Jesus,1.9230769230769231,1.9230769230769231,34.61538461538461,1.0,do matter like
Dorothy,Jesus,1.9230769230769231,1.9230769230769231,34.61538461538461,1.0,do matter like
Jesus,Richard,0.0,0.0,50.0,INF,leave say
Joe,Sacco,0.0,0.0,54.285714285714285,INF,stand try get sign beg stop
Joe,Vanzetti,0.0,0.0,54.285714285714285,INF,stand try get sign beg stop
Joe,Sacco,0.0,0.0,54.285714285714285,INF,stand try get sign beg stop
Joe,Vanzetti,0.0,0.0,54.285714285714285,INF,stand try get sign beg stop
Sacco,Vanzetti,0.0,0.0,54.285714285714285,INF,stand try get sign beg stop
Sacco,Vanzetti,2.8846153846153846,1.9230769230769231,56.730769230769226,1.5,look cuff stare know say be have shoot
Sacco,Vanzetti,3.125,7.03125,39.84375,0.4444444444444444,be
Betsy,Dorothy,1.1363636363636365,0.5681818181818182,52.84090909090909,2.0,say be paint tie do believe
Betsy,Dorothy,1.1363636363636365,0.5681818181818182,52.84090909090909,2.0,say be paint tie do believe
Forster,Dorothy,0.0,0.0,50.0,INF,keep leave come
Dorothy,Forster,0.0,2.7777777777777777,41.66666666666667,0.0,do want have
Forster,Jesus,0.8928571428571428,7.142857142857142,49.107142857142854,0.125,put
Forster,Della,1.893939393939394,0.0,46.590909090909086,INF,get stick go act do share be
Forster,Dorothy,1.893939393939394,0.0,46.590909090909086,INF,get stick go act do share be
Della,Dorothy,1.893939393939394,0.0,46.590909090909086,INF,get stick go act do share be
Joe,Forster,1.3392857142857142,0.4464285714285714,48.214285714285715,3.0,believe use be run
Dorothy,Joe,2.083333333333333,0.0,39.58333333333333,INF,do say
Tamar,Joe,2.7777777777777777,1.3888888888888888,29.166666666666668,2.0,be say
Tamar,Joe,5.357142857142857,0.8928571428571428,29.464285714285715,6.0,know be say say
Vera,Joe,0.0,0.0,22.22222222222222,INF,say
Vera,Joe,2.941176470588235,1.4705882352941175,36.76470588235294,2.0,pray visit say
Vera,Joe,2.941176470588235,1.4705882352941175,36.76470588235294,2.0,pray visit say
Vera,Joe,2.941176470588235,1.4705882352941175,36.76470588235294,2.0,pray visit say
Forster,Joe,0.78125,0.0,58.59375,INF,think set give be try save get
Sacco,Vanzetti,0.78125,2.734375,49.609375,0.2857142857142857,be put take be
Sacco,Forster,0.78125,2.734375,49.609375,0.2857142857142857,be put take be
Vanzetti,Forster,0.78125,2.734375,49.609375,0.2857142857142857,be put take be
Forster,Dorothy,0.625,0.0,59.375,INF,be go speak take
Dorothy,Forster,0.625,0.0,59.375,INF,be go speak take
Dorothy,Forster,5.0,1.5,49.5,3.3333333333333335,have be take walk
Dorothy,Joe,5.0,1.5,49.5,3.3333333333333335,have be take walk
Forster,Dorothy,5.0,1.5,49.5,3.3333333333333335,have be take walk
Forster,Dorothy,5.0,1.5,49.5,3.3333333333333335,have be take walk
Forster,Joe,5.0,1.5,49.5,3.3333333333333335,have be take walk
Forster,Dorothy,5.0,1.5,49.5,3.3333333333333335,have be take walk
Dorothy,Joe,5.0,1.5,49.5,3.3333333333333335,have be take walk
Dorothy,Joe,5.0,1.5,49.5,3.3333333333333335,have be take walk
Joe,Dorothy,5.0,1.5,49.5,3.3333333333333335,have be take walk
Joe,Dorothy,0.0,0.0,42.857142857142854,INF,come let
Dorothy,Joe,0.0,0.0,42.857142857142854,INF,come let
Dorothy,Joe,0.0,0.0,28.57142857142857,INF,lock
Norman,Della,2.2058823529411766,0.0,56.61764705882353,INF,hear have be
Forster,Betsy,0.0,0.0,30.0,INF,have say
Dorothy,Jesus,4.166666666666666,2.083333333333333,49.30555555555556,2.0,want think have let go
Dorothy,Forster,4.166666666666666,2.083333333333333,49.30555555555556,2.0,want think have let go
Jesus,Forster,4.166666666666666,2.083333333333333,49.30555555555556,2.0,want think have let go
Bakunin,Forster,2.1739130434782608,0.5434782608695652,58.152173913043484,4.0,do care walk see be
Joe,Forster,0.0,0.0,53.57142857142857,INF,go look see
Joe,Forster,0.0,0.0,53.57142857142857,INF,go look see
Forster,Dorothy,0.0,0.0,44.44444444444444,INF,come
Forster,Joe,1.0416666666666665,0.0,32.29166666666667,INF,like say
Forster,Joe,0.0,2.5,37.5,0.0,wear say
Betsy,Norman,3.6458333333333335,5.208333333333334,49.47916666666667,0.7,make run own
Betsy,Norman,3.6458333333333335,5.208333333333334,49.47916666666667,0.7,make run own
Norman,Betsy,5.0,3.125,41.875,1.6,be have
Betsy,Norman,1.953125,2.734375,42.1875,0.7142857142857143,see refer mock make
Betsy,Norman,1.953125,2.734375,42.1875,0.7142857142857143,see refer mock make
Betsy,Norman,1.953125,2.734375,42.1875,0.7142857142857143,see refer mock make
Betsy,Norman,1.953125,2.734375,42.1875,0.7142857142857143,see refer mock make
Norman,Betsy,1.953125,2.734375,42.1875,0.7142857142857143,see refer mock make
Norman,Betsy,1.953125,2.734375,42.1875,0.7142857142857143,see refer mock make
Dorothy,Norman,2.272727272727273,1.1363636363636365,60.22727272727273,2.0,be devote do remember be
Dorothy,Jesus,5.208333333333334,1.3888888888888888,57.291666666666664,3.75,sell be teach be
Jesus,Dorothy,5.208333333333334,1.3888888888888888,57.291666666666664,3.75,sell be teach be
Forster,Tamar,0.4166666666666667,1.6666666666666667,61.25000000000001,0.25,see take know be
Forster,Vera,0.0,0.0,16.666666666666664,INF,say
Forster,Barbara,0.3472222222222222,0.0,46.875,INF,roar buy get
Forster,Barbara,0.3472222222222222,0.0,46.875,INF,roar buy get
Louise,Barbara,0.0,0.0,50.0,INF,be dare put
Louise,Barbara,0.0,0.0,50.0,INF,be dare put
Forster,Barbara,4.166666666666666,0.5952380952380952,52.38095238095239,7.0,have take be try clean
Gigi,Ellen,3.804347826086957,1.358695652173913,53.53260869565217,2.8,have like work smile recognize be be
Melanie,Joe,3.5000000000000004,1.0,47.5,3.5,love know do introduce
Melanie,Joe,3.5000000000000004,1.0,47.5,3.5,love know do introduce
Debbie,Melanie,0.8333333333333334,11.666666666666666,54.166666666666664,0.07142857142857142,be
Debbie,Melanie,0.4032258064516129,0.0,57.66129032258065,INF,leave go share be lie
Melanie,Debbie,4.166666666666666,2.083333333333333,38.19444444444444,2.0,get confess do know be
Melanie,Debbie,4.166666666666666,2.083333333333333,38.19444444444444,2.0,get confess do know be
Debbie,Melanie,4.166666666666666,2.083333333333333,38.19444444444444,2.0,get confess do know be
Melanie,Debbie,4.166666666666666,2.083333333333333,38.19444444444444,2.0,get confess do know be
Liliane,Melanie,3.4375000000000004,3.4375000000000004,45.625,1.0,be want see think admire give take
Liliane,Melanie,3.4375000000000004,3.4375000000000004,45.625,1.0,be want see think admire give take
Liliane,Melanie,3.4375000000000004,3.4375000000000004,45.625,1.0,be want see think admire give take
Jean-Pierre,Yvette,1.25,0.625,48.125,2.0,see have meet
Jean-Pierre,Liliane,2.8846153846153846,0.0,43.269230769230774,INF,say want lift show stop
Josette,Norman,5.0,2.5,62.5,2.0,think be
Norman,Josette,3.125,1.5625,57.8125,2.0,be go
Norman,Josette,4.411764705882353,2.5735294117647056,54.779411764705884,1.7142857142857142,do live come find wait take
Yvette,Jean-Pierre,3.9473684210526314,1.9736842105263157,36.18421052631579,2.0,tell sight bring
Ellen,Gigi,3.7037037037037033,0.23148148148148145,53.47222222222222,16.0,be invest send see have add be be drive
Ellen,Gigi,3.7037037037037033,0.23148148148148145,53.47222222222222,16.0,be invest send see have add be be drive
Barbara,Maxie,1.6666666666666667,0.0,56.111111111111114,INF,make tell do have learn have come think be
Maxie,Barbara,1.6666666666666667,0.0,56.111111111111114,INF,make tell do have learn have come think be
Ruthie,Hitler,0.0,1.9230769230769231,51.92307692307693,0.0,say do want kill
Ruthie,Alan,1.5625,1.0416666666666665,26.5625,1.5,say get like want say
Ted,Ricky,1.2096774193548387,0.0,50.403225806451616,INF,send report crow be
Ted,Ricky,1.2096774193548387,0.0,50.403225806451616,INF,send report crow be
Ted,Tolstoy,4.285714285714286,0.7142857142857143,57.85714285714286,6.0,want read want win let
Ted,Tolstoy,4.285714285714286,0.7142857142857143,57.85714285714286,6.0,want read want win let
Ted,Tolstoy,4.285714285714286,0.7142857142857143,57.85714285714286,6.0,want read want win let
Ted,Tolstoy,4.285714285714286,0.7142857142857143,57.85714285714286,6.0,want read want win let
Ted,Tolstoy,4.285714285714286,0.7142857142857143,57.85714285714286,6.0,want read want win let
Ted,Tolstoy,4.285714285714286,0.7142857142857143,57.85714285714286,6.0,want read want win let
Maxie,Louise,2.5,1.25,41.25,2.0,tell pick be
Ted,Ruthie,7.8125,6.25,23.4375,1.25,love say
Ruthie,Ted,0.4629629629629629,1.8518518518518516,49.53703703703704,0.25,be sort give come shout do believe
Ted,Louise,3.4482758620689653,3.8793103448275863,61.63793103448276,0.8888888888888888,have come have reside be refuse
Ted,Barbara,3.8793103448275863,3.0172413793103448,48.275862068965516,1.2857142857142858,write be want be
Ted,Ruthie,0.0,3.3333333333333335,56.666666666666664,0.0,come
Mick,Mrs. Plymouth,1.7361111111111112,1.3888888888888888,52.43055555555556,1.25,get vote
Mick,Ted,1.25,2.5,56.25,0.5,have announce be show
Ted,Mick,6.547619047619048,9.523809523809524,60.11904761904761,0.6875,be seem go
Louise,Mick,1.25,0.0,18.75,INF,say
Marcus,Jesus,2.430555555555556,0.0,58.68055555555556,INF,agree say be believe be do believe
Marcus,Jesus,2.430555555555556,0.0,58.68055555555556,INF,agree say be believe be do believe
Marcus,Jesus,2.430555555555556,0.0,58.68055555555556,INF,agree say be believe be do believe
Marcus,Jesus,2.430555555555556,0.0,58.68055555555556,INF,agree say be believe be do believe
Jesus,Casey,3.0172413793103448,3.4482758620689653,52.1551724137931,0.875,come tell find make
Jesus,Carol,3.0172413793103448,3.4482758620689653,52.1551724137931,0.875,come tell find make
Jesus,Casey,3.0172413793103448,3.4482758620689653,52.1551724137931,0.875,come tell find make
Jesus,Carol,3.0172413793103448,3.4482758620689653,52.1551724137931,0.875,come tell find make
Casey,Carol,3.0172413793103448,3.4482758620689653,52.1551724137931,0.875,come tell find make
Casey,Jesus,3.0172413793103448,3.4482758620689653,52.1551724137931,0.875,come tell find make
Casey,Jesus,3.0172413793103448,3.4482758620689653,52.1551724137931,0.875,come tell find make
Carol,Jesus,3.0172413793103448,3.4482758620689653,52.1551724137931,0.875,come tell find make
Carol,Jesus,3.0172413793103448,3.4482758620689653,52.1551724137931,0.875,come tell find make
Marcus,Casey,0.0,1.3157894736842104,51.31578947368421,0.0,do work
Marcus,Carol,0.0,1.3157894736842104,51.31578947368421,0.0,do work
Casey,Carol,0.0,1.3157894736842104,51.31578947368421,0.0,do work
Casey,Marcus,6.25,2.5,46.25,2.5,have accuse think be understand
Casey,Marcus,6.25,2.5,46.25,2.5,have accuse think be understand
Marcus,Nico,1.25,0.0,38.75,INF,be do keep want
Marcus,Nico,1.25,0.0,38.75,INF,be do keep want
Casey,Carol,2.604166666666667,1.5625,41.66666666666667,1.6666666666666667,have be console
Casey,Nico,2.604166666666667,1.5625,41.66666666666667,1.6666666666666667,have be console
Carol,Casey,2.604166666666667,1.5625,41.66666666666667,1.6666666666666667,have be console
Carol,Casey,2.604166666666667,1.5625,41.66666666666667,1.6666666666666667,have be console
Carol,Nico,2.604166666666667,1.5625,41.66666666666667,1.6666666666666667,have be console
Casey,Nico,2.604166666666667,1.5625,41.66666666666667,1.6666666666666667,have be console
Casey,Nico,2.604166666666667,1.5625,41.66666666666667,1.6666666666666667,have be console
Marcus,Betsy,1.1029411764705883,1.1029411764705883,53.67647058823529,1.0,reach suspect be sleep share
Betsy,Richard,0.6944444444444444,2.7777777777777777,40.97222222222222,0.25,be fool be
Betsy,Joe,0.6944444444444444,2.7777777777777777,40.97222222222222,0.25,be fool be
Richard,Joe,0.6944444444444444,2.7777777777777777,40.97222222222222,0.25,be fool be
Richard,Joe,0.6944444444444444,1.3888888888888888,42.36111111111111,0.5,borrow include suspect
Richard,Joe,0.6944444444444444,1.3888888888888888,42.36111111111111,0.5,borrow include suspect
Marcus,Gandhi,3.571428571428571,1.7857142857142856,66.07142857142857,2.0,be
Marcus,Gandhi,0.0,2.272727272727273,61.36363636363637,0.0,make want take
Marcus,Gandhi,6.944444444444445,1.3888888888888888,58.333333333333336,5.0,get check
Casey,Marcus,3.618421052631579,3.289473684210526,56.25,1.1,drive have clamber stop be get glint
Marcus,Casey,1.3888888888888888,2.083333333333333,56.25,0.6666666666666666,see stand buy take stroll love have think be have guess be wallow be wait be get
Marcus,Carol,1.3888888888888888,2.083333333333333,56.25,0.6666666666666666,see stand buy take stroll love have think be have guess be wallow be wait be get
Marcus,Casey,1.3888888888888888,2.083333333333333,56.25,0.6666666666666666,see stand buy take stroll love have think be have guess be wallow be wait be get
Marcus,Casey,1.3888888888888888,2.083333333333333,56.25,0.6666666666666666,see stand buy take stroll love have think be have guess be wallow be wait be get
Marcus,Casey,1.3888888888888888,2.083333333333333,56.25,0.6666666666666666,see stand buy take stroll love have think be have guess be wallow be wait be get
Marcus,Casey,1.3888888888888888,2.083333333333333,56.25,0.6666666666666666,see stand buy take stroll love have think be have guess be wallow be wait be get
Casey,Carol,1.3888888888888888,2.083333333333333,56.25,0.6666666666666666,see stand buy take stroll love have think be have guess be wallow be wait be get
Carol,Casey,1.3888888888888888,2.083333333333333,56.25,0.6666666666666666,see stand buy take stroll love have think be have guess be wallow be wait be get
Carol,Casey,1.3888888888888888,2.083333333333333,56.25,0.6666666666666666,see stand buy take stroll love have think be have guess be wallow be wait be get
Carol,Casey,1.3888888888888888,2.083333333333333,56.25,0.6666666666666666,see stand buy take stroll love have think be have guess be wallow be wait be get
Carol,Casey,1.3888888888888888,2.083333333333333,56.25,0.6666666666666666,see stand buy take stroll love have think be have guess be wallow be wait be get
Casey,Norman,3.125,1.7361111111111112,50.69444444444444,1.8,manage open have name have become go consult
Casey,Norman,3.125,1.7361111111111112,50.69444444444444,1.8,manage open have name have become go consult
Casey,Dorothy,3.125,1.7361111111111112,50.69444444444444,1.8,manage open have name have become go consult
Norman,Dorothy,3.125,1.7361111111111112,50.69444444444444,1.8,manage open have name have become go consult
Norman,Dorothy,3.125,1.7361111111111112,50.69444444444444,1.8,manage open have name have become go consult
Marcus,Dorothy,2.0,0.5,49.5,4.0,know be be start
Marcus,Dorothy,2.0,0.5,49.5,4.0,know be be start
Marcus,Dorothy,2.0,0.5,49.5,4.0,know be be start
Dorothy,Betsy,6.944444444444445,7.4074074074074066,44.907407407407405,0.9375,be blab happen know be sleep hope slip
Dorothy,Betsy,6.944444444444445,7.4074074074074066,44.907407407407405,0.9375,be blab happen know be sleep hope slip
Dorothy,Betsy,6.944444444444445,7.4074074074074066,44.907407407407405,0.9375,be blab happen know be sleep hope slip
Dorothy,Betsy,6.944444444444445,7.4074074074074066,44.907407407407405,0.9375,be blab happen know be sleep hope slip
Casey,Betsy,5.0,3.5000000000000004,47.5,1.4285714285714286,admire say mean come
Betsy,Dorothy,2.34375,0.0,44.53125,INF,have tell do believe be drive see feel have cover
Betsy,Dorothy,2.34375,0.0,44.53125,INF,have tell do believe be drive see feel have cover
Betsy,Dorothy,2.34375,0.0,44.53125,INF,have tell do believe be drive see feel have cover
Betsy,Dorothy,2.34375,0.0,44.53125,INF,have tell do believe be drive see feel have cover
Betsy,Dorothy,2.34375,0.0,44.53125,INF,have tell do believe be drive see feel have cover
Betsy,Dorothy,2.34375,0.0,44.53125,INF,have tell do believe be drive see feel have cover
Dorothy,Tamar,3.6290322580645165,2.0161290322580645,45.96774193548387,1.8,fail reply bustle fetch have be help
Dorothy,Tamar,3.6290322580645165,2.0161290322580645,45.96774193548387,1.8,fail reply bustle fetch have be help
Dorothy,Tamar,3.6290322580645165,2.0161290322580645,45.96774193548387,1.8,fail reply bustle fetch have be help
Dorothy,Tamar,3.6290322580645165,2.0161290322580645,45.96774193548387,1.8,fail reply bustle fetch have be help
Norman,Dorothy,6.547619047619048,4.761904761904762,41.07142857142857,1.375,end behave condescend complain
Dorothy,Norman,6.547619047619048,4.761904761904762,41.07142857142857,1.375,end behave condescend complain
Norman,Dorothy,6.117021276595745,0.0,51.329787234042556,INF,go help think have act leave have avoid make be do
Norman,Dorothy,6.117021276595745,0.0,51.329787234042556,INF,go help think have act leave have avoid make be do
Norman,Dorothy,6.117021276595745,0.0,51.329787234042556,INF,go help think have act leave have avoid make be do
Norman,Dorothy,6.117021276595745,0.0,51.329787234042556,INF,go help think have act leave have avoid make be do
Norman,Dorothy,6.117021276595745,0.0,51.329787234042556,INF,go help think have act leave have avoid make be do
Norman,Dorothy,6.117021276595745,0.0,51.329787234042556,INF,go help think have act leave have avoid make be do
Norman,Dorothy,6.117021276595745,0.0,51.329787234042556,INF,go help think have act leave have avoid make be do
Norman,Dorothy,6.117021276595745,0.0,51.329787234042556,INF,go help think have act leave have avoid make be do
Tamar,Marcus,3.571428571428571,6.25,40.17857142857143,0.5714285714285714,be howl say
Tamar,Marcus,3.571428571428571,6.25,40.17857142857143,0.5714285714285714,be howl say
Tamar,Marcus,0.0,0.0,46.666666666666664,INF,think be go punch say
Tamar,Marcus,0.0,0.0,46.666666666666664,INF,think be go punch say
Marcus,Nico,8.333333333333332,6.25,46.52777777777778,1.3333333333333333,have be be
Nico,Marcus,0.0,1.0135135135135136,63.85135135135135,0.0,be be
Marcus,Nico,2.380952380952381,6.547619047619048,43.452380952380956,0.36363636363636365,have believe last compound
Marcus,Nico,2.380952380952381,6.547619047619048,43.452380952380956,0.36363636363636365,have believe last compound
Marcus,Carol,2.631578947368421,1.3157894736842104,69.73684210526315,2.0,do hear tell get
Marcus,Carol,2.631578947368421,1.3157894736842104,69.73684210526315,2.0,do hear tell get
Marcus,Casey,1.7361111111111112,2.083333333333333,48.95833333333333,0.8333333333333334,play run jump horse be
Marcus,Betsy,3.977272727272727,2.840909090909091,47.72727272727273,1.4,like have be
Marcus,Joe,1.0714285714285714,1.7857142857142856,54.285714285714285,0.6,think ask have stoop borrow
Marcus,Vera,1.0714285714285714,1.7857142857142856,54.285714285714285,0.6,think ask have stoop borrow
Marcus,Joe,1.0714285714285714,1.7857142857142856,54.285714285714285,0.6,think ask have stoop borrow
Marcus,Vera,1.0714285714285714,1.7857142857142856,54.285714285714285,0.6,think ask have stoop borrow
Joe,Vera,1.0714285714285714,1.7857142857142856,54.285714285714285,0.6,think ask have stoop borrow
Joe,Marcus,1.0714285714285714,1.7857142857142856,54.285714285714285,0.6,think ask have stoop borrow
Vera,Marcus,1.0714285714285714,1.7857142857142856,54.285714285714285,0.6,think ask have stoop borrow
Betsy,Marcus,3.125,7.8125,47.39583333333333,0.4,be thank mention
Marcus,Nico,2.0161290322580645,0.4032258064516129,62.096774193548384,5.0,have pick imitate be
Marcus,Nico,2.0161290322580645,0.4032258064516129,62.096774193548384,5.0,have pick imitate be
Marcus,Nico,5.357142857142857,0.0,51.78571428571429,INF,wonder spend act keep
Marcus,Nico,5.357142857142857,0.0,51.78571428571429,INF,wonder spend act keep
Marcus,Nico,5.357142857142857,0.0,51.78571428571429,INF,wonder spend act keep
Marcus,Nico,5.357142857142857,0.0,51.78571428571429,INF,wonder spend act keep
Gandhi,Kallenbach,4.017857142857143,0.0,63.83928571428571,INF,have donate set
Kallenbach,Gandhi,4.017857142857143,0.0,63.83928571428571,INF,have donate set
Marcus,Kallenbach,4.3478260869565215,4.891304347826087,51.63043478260869,0.8888888888888888,have be try
Kallenbach,Marcus,4.3478260869565215,4.891304347826087,51.63043478260869,0.8888888888888888,have be try
Marcus,Gandhi,1.3513513513513513,0.0,63.51351351351351,INF,take say be be have do
Gandhi,Marcus,1.3513513513513513,0.0,63.51351351351351,INF,take say be be have do
Gandhi,Marcus,1.3513513513513513,0.0,63.51351351351351,INF,take say be be have do
Gandhi,Marcus,4.285714285714286,0.35714285714285715,63.92857142857142,12.0,be have stay cram use pitch
Marcus,Gandhi,2.0161290322580645,0.0,65.7258064516129,INF,listen tell purify fast make be shoot
Gandhi,Marcus,2.0161290322580645,0.0,65.7258064516129,INF,listen tell purify fast make be shoot
Gandhi,Marcus,2.0161290322580645,0.0,65.7258064516129,INF,listen tell purify fast make be shoot
Gandhi,Marcus,1.3157894736842104,2.4671052631578947,50.164473684210535,0.5333333333333333,move diorama mold depict steal repent look leave say join
Marcus,Nico,2.083333333333333,2.083333333333333,51.388888888888886,1.0,remember live
Marcus,Nico,3.4090909090909087,7.954545454545454,52.27272727272727,0.42857142857142855,speak have
Marcus,Nico,6.666666666666667,3.3333333333333335,50.0,2.0,be have
Marcus,Nico,2.5,2.5,55.00000000000001,1.0,believe be raise think be
Marcus,Nico,2.5,2.5,55.00000000000001,1.0,believe be raise think be
Marcus,Jesus,0.0,0.0,56.25,INF,say be be go
Marcus,Nico,0.0,0.0,56.25,INF,say be be go
Jesus,Nico,0.0,0.0,56.25,INF,say be be go
Marcus,Jesus,2.083333333333333,2.380952380952381,52.67857142857143,0.875,have march be dress have nothing lose
Casey,Carol,0.43103448275862066,0.43103448275862066,54.310344827586206,1.0,sit read do speak
Casey,Marcus,6.985294117647059,1.1029411764705883,50.73529411764706,6.333333333333333,have stay come have be
Casey,Carol,6.985294117647059,1.1029411764705883,50.73529411764706,6.333333333333333,have stay come have be
Casey,Marcus,6.985294117647059,1.1029411764705883,50.73529411764706,6.333333333333333,have stay come have be
Marcus,Carol,6.985294117647059,1.1029411764705883,50.73529411764706,6.333333333333333,have stay come have be
Marcus,Casey,6.985294117647059,1.1029411764705883,50.73529411764706,6.333333333333333,have stay come have be
Carol,Marcus,6.985294117647059,1.1029411764705883,50.73529411764706,6.333333333333333,have stay come have be
Carol,Casey,6.985294117647059,1.1029411764705883,50.73529411764706,6.333333333333333,have stay come have be
Marcus,Casey,6.985294117647059,1.1029411764705883,50.73529411764706,6.333333333333333,have stay come have be
Marcus,Nico,3.3333333333333335,0.0,46.666666666666664,INF,cut have bandage have find move
Marcus,Nico,3.3333333333333335,0.0,46.666666666666664,INF,cut have bandage have find move
Nico,Marcus,3.3333333333333335,0.0,46.666666666666664,INF,cut have bandage have find move
Nico,Marcus,3.3333333333333335,0.0,46.666666666666664,INF,cut have bandage have find move
Marcus,Norman,1.9230769230769231,1.9230769230769231,46.15384615384615,1.0,be have use
Marcus,Gandhi,0.0,0.0,68.75,INF,decide look be
Gandhi,Marcus,0.0,0.0,68.75,INF,decide look be
Marcus,Gandhi,4.924242424242424,0.3787878787878788,64.39393939393939,13.0,be quote say think have be attract vow
Marcus,Kallenbach,4.924242424242424,0.3787878787878788,64.39393939393939,13.0,be quote say think have be attract vow
Gandhi,Kallenbach,4.924242424242424,0.3787878787878788,64.39393939393939,13.0,be quote say think have be attract vow
Marcus,Casey,0.4807692307692308,0.0,45.67307692307692,INF,notice be think swipe care take
Marcus,Nico,0.4807692307692308,0.0,45.67307692307692,INF,notice be think swipe care take
Marcus,Casey,0.4807692307692308,0.0,45.67307692307692,INF,notice be think swipe care take
Marcus,Nico,0.4807692307692308,0.0,45.67307692307692,INF,notice be think swipe care take
Casey,Nico,0.4807692307692308,0.0,45.67307692307692,INF,notice be think swipe care take
Marcus,Casey,5.769230769230769,1.9230769230769231,53.84615384615385,3.0,have be be play
Nico,Marcus,2.232142857142857,1.7857142857142856,63.83928571428571,1.25,use drag walk check
Nico,Marcus,2.232142857142857,1.7857142857142856,63.83928571428571,1.25,use drag walk check
Marcus,Nico,0.0,2.403846153846154,36.05769230769231,0.0,get peer
Marcus,Nico,2.7439024390243905,1.524390243902439,59.14634146341463,1.8,have refuse get go come thrill see
Nico,Marcus,5.729166666666666,5.208333333333334,51.5625,1.1,be have buy
Marcus,Nico,4.6875,1.5625,56.25,3.0,remember be sit
Nico,Marcus,3.532608695652174,2.717391304347826,52.44565217391305,1.3,have laugh make say have see gather
Nico,Marcus,3.532608695652174,2.717391304347826,52.44565217391305,1.3,have laugh make say have see gather
Nico,Marcus,3.532608695652174,2.717391304347826,52.44565217391305,1.3,have laugh make say have see gather
Nico,Marcus,3.532608695652174,2.717391304347826,52.44565217391305,1.3,have laugh make say have see gather
Nico,Marcus,3.532608695652174,2.717391304347826,52.44565217391305,1.3,have laugh make say have see gather
Marcus,Nico,3.532608695652174,2.717391304347826,52.44565217391305,1.3,have laugh make say have see gather
Marcus,Nico,3.532608695652174,2.717391304347826,52.44565217391305,1.3,have laugh make say have see gather
Marcus,Nico,3.532608695652174,2.717391304347826,52.44565217391305,1.3,have laugh make say have see gather
Marcus,Nico,3.532608695652174,2.717391304347826,52.44565217391305,1.3,have laugh make say have see gather
Nico,Marcus,3.532608695652174,2.717391304347826,52.44565217391305,1.3,have laugh make say have see gather
Marcus,Gandhi,2.380952380952381,2.380952380952381,50.0,1.0,turn walk be think be have get be
Gandhi,Marcus,2.380952380952381,2.380952380952381,50.0,1.0,turn walk be think be have get be
Gandhi,Marcus,0.8064516129032258,0.8064516129032258,56.451612903225815,1.0,be harvest
Dick,Alan,1.0638297872340425,1.0638297872340425,53.191489361702125,1.0,show break hot-wire park take blast
Dick,Alan,2.5,1.0,64.5,2.5,be fool have draw
Luís,Sandie,2.2125,6.492857142857143,52.00892857142857,0.3407590759075907,make decide put run
Sandie,Adinah,2.1226415094339623,1.4150943396226416,60.613207547169814,1.5,get leave have help pony move
Adinah,Becky,5.555555555555555,0.9259259259259258,45.370370370370374,6.0,be use be get have expect
Adinah,Becky,5.555555555555555,0.9259259259259258,45.370370370370374,6.0,be use be get have expect
Becky,Adinah,1.1627906976744187,0.5813953488372093,44.76744186046512,2.0,try bring want show be take have take start bawl
Becky,Adinah,1.1627906976744187,0.5813953488372093,44.76744186046512,2.0,try bring want show be take have take start bawl
Adinah,Becky,1.1627906976744187,0.5813953488372093,44.76744186046512,2.0,try bring want show be take have take start bawl
Adinah,Becky,1.1627906976744187,0.5813953488372093,44.76744186046512,2.0,try bring want show be take have take start bawl
Adinah,Becky,1.1627906976744187,0.5813953488372093,44.76744186046512,2.0,try bring want show be take have take start bawl
Becky,Adinah,1.1627906976744187,0.5813953488372093,44.76744186046512,2.0,try bring want show be take have take start bawl
Adinah,Becky,1.1627906976744187,0.5813953488372093,44.76744186046512,2.0,try bring want show be take have take start bawl
Adinah,Becky,1.1627906976744187,0.5813953488372093,44.76744186046512,2.0,try bring want show be take have take start bawl
Adinah,Becky,0.7352941176470588,0.0,46.32352941176471,INF,look martyr stand jiggle
Becky,Adinah,0.9615384615384616,0.4807692307692308,48.55769230769231,2.0,make stay feel retune
Adinah,Becky,0.9615384615384616,0.4807692307692308,48.55769230769231,2.0,make stay feel retune
Adinah,Becky,0.0,0.0,55.55555555555556,INF,talk let step
Adinah,Becky,0.5434782608695652,0.0,42.934782608695656,INF,look say see like tell
Adinah,Becky,0.5434782608695652,0.0,42.934782608695656,INF,look say see like tell
Becky,Adinah,5.0,0.4166666666666667,47.91666666666667,12.0,take make have
Becky,Adinah,4.017857142857143,1.3392857142857142,53.57142857142857,3.0,want be cuddle want be want want be
Becky,Adinah,4.017857142857143,1.3392857142857142,53.57142857142857,3.0,want be cuddle want be want want be
Becky,Dad,3.571428571428571,0.0,82.14285714285714,INF,call forget be
Adinah,Becky,1.644736842105263,1.644736842105263,59.86842105263158,1.0,live stay yell phone take experiment be
Adinah,Becky,1.644736842105263,1.644736842105263,59.86842105263158,1.0,live stay yell phone take experiment be
Becky,Adinah,1.6304347826086956,4.891304347826087,50.0,0.3333333333333333,wake beg see let
Adinah,Becky,0.0,0.0,57.14285714285714,INF,be
Adinah,Becky,3.571428571428571,0.0,32.142857142857146,INF,call call
Becky,Marty,4.017857142857143,2.232142857142857,43.75,1.8,like talk whistle tell
Becky,Marty,4.017857142857143,2.232142857142857,43.75,1.8,like talk whistle tell
Marty,Becky,4.017857142857143,2.232142857142857,43.75,1.8,like talk whistle tell
Marty,Becky,4.017857142857143,2.232142857142857,43.75,1.8,like talk whistle tell
Becky,Adinah,4.276315789473684,0.3289473684210526,50.6578947368421,13.0,be switch like give have have keep
Adinah,Becky,4.276315789473684,0.3289473684210526,50.6578947368421,13.0,be switch like give have have keep
Becky,Dad,3.2407407407407405,0.9259259259259258,43.98148148148148,3.5,be be ask want be be be
Becky,Dad,3.2407407407407405,0.9259259259259258,43.98148148148148,3.5,be be ask want be be be
Becky,Dad,3.2407407407407405,0.9259259259259258,43.98148148148148,3.5,be be ask want be be be
Adinah,Becky,4.72972972972973,2.364864864864865,46.95945945945946,2.0,think be fill be go have be envy
Adinah,Marty,4.72972972972973,2.364864864864865,46.95945945945946,2.0,think be fill be go have be envy
Adinah,Becky,4.72972972972973,2.364864864864865,46.95945945945946,2.0,think be fill be go have be envy
Becky,Marty,4.72972972972973,2.364864864864865,46.95945945945946,2.0,think be fill be go have be envy
Marty,Becky,4.72972972972973,2.364864864864865,46.95945945945946,2.0,think be fill be go have be envy
Becky,Frances,2.717391304347826,0.0,53.80434782608695,INF,take come say know be go
Becky,Frances,2.7777777777777777,0.0,58.333333333333336,INF,be use call
Frances,Adinah,1.4423076923076923,0.4807692307692308,48.07692307692308,3.0,be move find talk
Adinah,Becky,0.0,3.8461538461538463,34.61538461538461,0.0,provide board
Frances,Becky,2.272727272727273,1.7045454545454544,64.20454545454545,1.3333333333333333,do give say be be
Frances,Becky,2.4193548387096775,2.620967741935484,57.86290322580645,0.9230769230769231,get make be call tell be start flash keep think have get protect
Frances,Becky,2.4193548387096775,2.620967741935484,57.86290322580645,0.9230769230769231,get make be call tell be start flash keep think have get protect
Frances,Adinah,2.4193548387096775,2.620967741935484,57.86290322580645,0.9230769230769231,get make be call tell be start flash keep think have get protect
Frances,Becky,2.4193548387096775,2.620967741935484,57.86290322580645,0.9230769230769231,get make be call tell be start flash keep think have get protect
Becky,Adinah,2.4193548387096775,2.620967741935484,57.86290322580645,0.9230769230769231,get make be call tell be start flash keep think have get protect
Becky,Adinah,2.4193548387096775,2.620967741935484,57.86290322580645,0.9230769230769231,get make be call tell be start flash keep think have get protect
Adinah,Becky,2.4193548387096775,2.620967741935484,57.86290322580645,0.9230769230769231,get make be call tell be start flash keep think have get protect
Adinah,Becky,0.8333333333333334,0.0,45.83333333333333,INF,get say
Adinah,Becky,4.166666666666666,0.0,45.83333333333333,INF,say be make
Adinah,Becky,4.166666666666666,0.0,45.83333333333333,INF,say be make
Becky,Adinah,3.977272727272727,3.4090909090909087,28.97727272727273,1.1666666666666667,be be
Becky,Adinah,3.977272727272727,3.4090909090909087,28.97727272727273,1.1666666666666667,be be
Adinah,Becky,1.3157894736842104,1.3157894736842104,50.0,1.0,have be write
Adinah,Frances,3.3653846153846154,0.0,54.32692307692307,INF,have say be get
Adinah,Frances,3.3653846153846154,0.0,54.32692307692307,INF,have say be get
Adinah,Frances,3.3653846153846154,0.0,54.32692307692307,INF,have say be get
Becky,Adinah,8.333333333333332,1.1904761904761905,38.095238095238095,7.0,be bear get be
Adinah,Becky,8.333333333333332,1.1904761904761905,38.095238095238095,7.0,be bear get be
Frances,Becky,2.976190476190476,4.761904761904762,54.166666666666664,0.625,know get be
Frances,Becky,2.976190476190476,4.761904761904762,54.166666666666664,0.625,know get be
Becky,Adinah,1.7045454545454544,5.681818181818182,60.79545454545454,0.3,have pick glide
Adinah,Becky,1.7045454545454544,5.681818181818182,60.79545454545454,0.3,have pick glide
Becky,Adinah,3.804347826086957,2.717391304347826,45.65217391304348,1.4,vow phone make be get
Becky,Adinah,3.804347826086957,2.717391304347826,45.65217391304348,1.4,vow phone make be get
Rudy,Berry,0.5102040816326531,1.2755102040816326,57.39795918367348,0.4,meet be volunteer enlist get run
Rudy,Berry,0.5102040816326531,1.2755102040816326,57.39795918367348,0.4,meet be volunteer enlist get run
Rudy,Berry,2.7777777777777777,0.6944444444444444,63.19444444444444,4.0,be get post write say notice be double triple be pour
Berry,Hansen,1.4150943396226416,2.1226415094339623,51.17924528301887,0.6666666666666666,get take be
Berry,Hansen,1.4150943396226416,2.1226415094339623,51.17924528301887,0.6666666666666666,get take be
Berry,Hansen,1.4150943396226416,2.1226415094339623,51.17924528301887,0.6666666666666666,get take be
Berry,Hansen,1.4150943396226416,2.1226415094339623,51.17924528301887,0.6666666666666666,get take be
Rudy,Deedee,4.25531914893617,0.26595744680851063,46.54255319148936,16.0,get be have bring
Rudy,Deedee,4.25531914893617,0.26595744680851063,46.54255319148936,16.0,get be have bring
Deedee,Rudy,4.25531914893617,0.26595744680851063,46.54255319148936,16.0,get be have bring
Liliane,Deedee,0.0,3.6764705882352944,37.5,0.0,remember agree come
Deedee,Hansen,1.4423076923076923,3.8461538461538463,44.71153846153847,0.375,be know compare serve
Deedee,Emile,0.0,2.8846153846153846,35.57692307692308,0.0,tell be
Emile,Deedee,0.0,2.8846153846153846,35.57692307692308,0.0,tell be
Emile,Deedee,0.0,2.8846153846153846,35.57692307692308,0.0,tell be
Deedee,Emile,3.125,9.375,37.5,0.3333333333333333,be know
Deedee,Emile,3.125,9.375,37.5,0.3333333333333333,be know
Emile,Deedee,3.125,9.375,37.5,0.3333333333333333,be know
Emile,Deedee,3.125,9.375,37.5,0.3333333333333333,be know
Deedee,Emile,3.4090909090909087,5.681818181818182,51.515151515151516,0.6,have be ignore be make help
Emile,Deedee,3.4090909090909087,5.681818181818182,51.515151515151516,0.6,have be ignore be make help
Emile,Deedee,3.4090909090909087,5.681818181818182,51.515151515151516,0.6,have be ignore be make help
Deedee,Emile,3.9473684210526314,3.289473684210526,50.6578947368421,1.2,be be take
Emile,Deedee,3.9473684210526314,3.289473684210526,50.6578947368421,1.2,be be take
Emile,Ahmed,0.0,2.083333333333333,51.24999999999999,0.0,be be be happen be ahm
Emile,Ahmed,0.0,2.083333333333333,51.24999999999999,0.0,be be be happen be ahm
Emile,Ahmed,0.0,2.083333333333333,51.24999999999999,0.0,be be be happen be ahm
Emile,Ahmed,0.0,2.083333333333333,51.24999999999999,0.0,be be be happen be ahm
Emile,Liliane,0.8928571428571428,0.4464285714285714,55.80357142857143,2.0,have be bear own be meet
Emile,Liliane,0.8928571428571428,0.4464285714285714,55.80357142857143,2.0,have be bear own be meet
Liliane,Emile,0.8928571428571428,0.4464285714285714,55.80357142857143,2.0,have be bear own be meet
Emile,Liliane,0.0,4.807692307692308,49.03846153846153,0.0,get
Liliane,Emile,1.3392857142857142,0.4464285714285714,58.92857142857143,3.0,live be work wait
Emile,Liliane,2.1739130434782608,4.891304347826087,42.934782608695656,0.4444444444444444,be go be complain have quarrel keep
Emile,Liliane,2.1739130434782608,4.891304347826087,42.934782608695656,0.4444444444444444,be go be complain have quarrel keep
Emile,Liliane,2.1739130434782608,4.891304347826087,42.934782608695656,0.4444444444444444,be go be complain have quarrel keep
Emile,Liliane,2.1739130434782608,4.891304347826087,42.934782608695656,0.4444444444444444,be go be complain have quarrel keep
Ahmed,Liliane,2.0161290322580645,1.2096774193548387,54.83870967741935,1.6666666666666667,have like bother go have be rage
Ahmed,Liliane,2.0161290322580645,1.2096774193548387,54.83870967741935,1.6666666666666667,have like bother go have be rage
Ahmed,Liliane,2.0161290322580645,1.2096774193548387,54.83870967741935,1.6666666666666667,have like bother go have be rage
Liliane,Deedee,3.7037037037037033,0.9259259259259258,50.92592592592593,4.0,be have spend be give
Liliane,Deedee,3.7037037037037033,0.9259259259259258,50.92592592592593,4.0,be have spend be give
Liliane,Deedee,3.7037037037037033,0.9259259259259258,50.92592592592593,4.0,be have spend be give
Deedee,Liliane,2.604166666666667,3.6458333333333335,52.083333333333336,0.7142857142857143,get be go
Rudy,Veena,2.272727272727273,1.1363636363636365,46.590909090909086,2.0,linger be go be
Rudy,Veena,2.272727272727273,1.1363636363636365,46.590909090909086,2.0,linger be go be
Barbara,Emile,4.296875,3.515625,67.1875,1.2222222222222223,have spend have be be
Barbara,Emile,4.296875,3.515625,67.1875,1.2222222222222223,have spend have be be
Barbara,Liliane,7.291666666666667,6.25,53.125,1.1666666666666667,remember have forget
Barbara,Liliane,0.0,2.1551724137931036,46.12068965517241,0.0,be have know go begin
Liliane,Barbara,0.0,2.1551724137931036,46.12068965517241,0.0,be have know go begin
Liliane,Barbara,0.0,2.1551724137931036,46.12068965517241,0.0,be have know go begin
Barbara,Liliane,1.0714285714285714,2.142857142857143,53.92857142857142,0.5,have go sleep keep think see have steal
Liliane,Barbara,1.0714285714285714,2.142857142857143,53.92857142857142,0.5,have go sleep keep think see have steal
Liliane,Barbara,1.0714285714285714,2.142857142857143,53.92857142857142,0.5,have go sleep keep think see have steal
Liliane,Barbara,3.3333333333333335,5.833333333333333,57.49999999999999,0.5714285714285714,have be insult
Rudy,Deedee,0.7352941176470588,0.3676470588235294,54.779411764705884,2.0,be feel do remember have call do
Rudy,Deedee,0.7352941176470588,0.3676470588235294,54.779411764705884,2.0,be feel do remember have call do
Rudy,Deedee,0.7352941176470588,0.3676470588235294,54.779411764705884,2.0,be feel do remember have call do
Deedee,Rudy,0.7352941176470588,0.3676470588235294,54.779411764705884,2.0,be feel do remember have call do
Deedee,Rudy,2.8846153846153846,0.9615384615384616,61.53846153846154,3.0,be go linger answer
Rudy,Deedee,2.8846153846153846,0.9615384615384616,61.53846153846154,3.0,be go linger answer
Rudy,Deedee,2.8846153846153846,0.9615384615384616,61.53846153846154,3.0,be go linger answer
Liliane,Rudy,5.769230769230769,1.9230769230769231,38.46153846153847,3.0,want ask say
Liliane,Muslim,3.4090909090909087,1.1363636363636365,40.909090909090914,3.0,be be fund
Rudy,Bamala,5.555555555555555,1.3888888888888888,59.72222222222222,4.0,be have write
Rudy,Pandi,5.555555555555555,1.3888888888888888,59.72222222222222,4.0,be have write
Bamala,Pandi,5.555555555555555,1.3888888888888888,59.72222222222222,4.0,be have write
Hansen,Pandi,6.944444444444445,4.861111111111112,54.861111111111114,1.4285714285714286,meet be
Pandi,Bamala,6.25,0.5681818181818182,56.81818181818182,11.0,be do have grow be plan marry
Rudy,Berry,7.4074074074074066,0.0,44.44444444444444,INF,have resist have love want settle
Berry,Rudy,7.4074074074074066,0.0,44.44444444444444,INF,have resist have love want settle
Berry,Rudy,7.4074074074074066,0.0,44.44444444444444,INF,have resist have love want settle
Rudy,Liliane,4.6875,5.46875,49.21875,0.8571428571428571,think be get go
Rudy,Liliane,2.7777777777777777,0.0,60.18518518518518,INF,hear say be
Clara,Rudy,1.4705882352941175,0.0,51.470588235294116,INF,be have tell have
Clara,Rudy,1.4705882352941175,0.0,51.470588235294116,INF,be have tell have
Rudy,Clara,2.976190476190476,4.166666666666666,45.23809523809524,0.7142857142857143,have be
Rudy,Clara,2.976190476190476,4.166666666666666,45.23809523809524,0.7142857142857143,have be
Rudy,Clara,0.9868421052631579,2.9605263157894735,43.42105263157895,0.3333333333333333,tell have say talk be think have visit
Rudy,Jesus,0.9868421052631579,2.9605263157894735,43.42105263157895,0.3333333333333333,tell have say talk be think have visit
Clara,Jesus,0.9868421052631579,2.9605263157894735,43.42105263157895,0.3333333333333333,tell have say talk be think have visit
Clara,Rudy,3.289473684210526,2.631578947368421,67.76315789473685,1.25,have be weep say be
Clara,Rudy,3.289473684210526,2.631578947368421,67.76315789473685,1.25,have be weep say be
Rudy,Clara,4.891304347826087,4.891304347826087,46.73913043478261,1.0,be have see be get
Rudy,Clara,4.891304347826087,4.891304347826087,46.73913043478261,1.0,be have see be get
Liliane,Rudy,6.944444444444445,2.7777777777777777,34.72222222222222,2.5,tell
Rudy,Liliane,6.666666666666667,3.3333333333333335,46.666666666666664,2.0,take join
Rudy,Deedee,6.666666666666667,3.3333333333333335,46.666666666666664,2.0,take join
Liliane,Deedee,6.666666666666667,3.3333333333333335,46.666666666666664,2.0,take join
Rudy,Liliane,4.166666666666666,2.604166666666667,51.5625,1.6,call tell be go skip get
Rudy,Deedee,4.166666666666666,2.604166666666667,51.5625,1.6,call tell be go skip get
Rudy,Deedee,4.166666666666666,2.604166666666667,51.5625,1.6,call tell be go skip get
Liliane,Deedee,4.166666666666666,2.604166666666667,51.5625,1.6,call tell be go skip get
Liliane,Deedee,4.166666666666666,2.604166666666667,51.5625,1.6,call tell be go skip get
Rudy,John,2.295918367346939,1.0204081632653061,49.744897959183675,2.25,have begin die have cook play
Rudy,Joe,2.295918367346939,1.0204081632653061,49.744897959183675,2.25,have begin die have cook play
Rudy,John,2.295918367346939,1.0204081632653061,49.744897959183675,2.25,have begin die have cook play
Rudy,Joe,2.295918367346939,1.0204081632653061,49.744897959183675,2.25,have begin die have cook play
Rudy,John,2.295918367346939,1.0204081632653061,49.744897959183675,2.25,have begin die have cook play
Rudy,Joe,2.295918367346939,1.0204081632653061,49.744897959183675,2.25,have begin die have cook play
Rudy,John,2.295918367346939,1.0204081632653061,49.744897959183675,2.25,have begin die have cook play
Rudy,Joe,2.295918367346939,1.0204081632653061,49.744897959183675,2.25,have begin die have cook play
John,Joe,2.295918367346939,1.0204081632653061,49.744897959183675,2.25,have begin die have cook play
Rudy,Liliane,1.9736842105263157,5.921052631578947,44.73684210526316,0.3333333333333333,be have see
Liliane,Rudy,1.9736842105263157,5.921052631578947,44.73684210526316,0.3333333333333333,be have see
Rudy,Liliane,7.6923076923076925,1.4423076923076923,52.40384615384615,5.333333333333333,think walk find complicate be disguise
Rudy,Muslim,7.6923076923076925,1.4423076923076923,52.40384615384615,5.333333333333333,think walk find complicate be disguise
Rudy,Liliane,7.6923076923076925,1.4423076923076923,52.40384615384615,5.333333333333333,think walk find complicate be disguise
Rudy,Muslim,7.6923076923076925,1.4423076923076923,52.40384615384615,5.333333333333333,think walk find complicate be disguise
Liliane,Muslim,7.6923076923076925,1.4423076923076923,52.40384615384615,5.333333333333333,think walk find complicate be disguise
Liliane,Ahmed,2.272727272727273,1.7045454545454544,55.11363636363637,1.3333333333333333,have see wear have buy
Liliane,Ahmed,2.272727272727273,1.7045454545454544,55.11363636363637,1.3333333333333333,have see wear have buy
Bloomingdale,Emile,5.603448275862069,4.310344827586207,52.1551724137931,1.3,have like buy
Rudy,Liliane,0.0,0.0,33.33333333333333,INF,wait call do
Rudy,Yvette,0.0,0.0,33.33333333333333,INF,wait call do
Liliane,Yvette,0.0,0.0,33.33333333333333,INF,wait call do
Yvette,Rudy,0.8333333333333334,2.5,43.333333333333336,0.3333333333333333,do hate remind do
Rudy,Yvette,0.8333333333333334,2.5,43.333333333333336,0.3333333333333333,do hate remind do
Rudy,Yvette,10.15625,3.90625,60.9375,2.6,remember hug
Rudy,Yvette,10.15625,3.90625,60.9375,2.6,remember hug
Yvette,Rudy,10.15625,3.90625,60.9375,2.6,remember hug
Rudy,Yvette,10.15625,3.90625,60.9375,2.6,remember hug
Rudy,Muslim,6.875000000000001,1.875,56.25,3.6666666666666665,think do know go hug
Rudy,Muslim,6.875000000000001,1.875,56.25,3.6666666666666665,think do know go hug
Rudy,Veena,0.0,0.0,53.57142857142857,INF,be tell be
Rudy,Liliane,0.0,0.0,53.57142857142857,INF,be tell be
Rudy,Veena,0.0,0.0,53.57142857142857,INF,be tell be
Rudy,Liliane,0.0,0.0,53.57142857142857,INF,be tell be
Veena,Rudy,0.0,0.0,53.57142857142857,INF,be tell be
Veena,Rudy,0.0,0.0,53.57142857142857,INF,be tell be
Veena,Liliane,0.0,0.0,53.57142857142857,INF,be tell be
Rudy,Liliane,0.0,0.0,53.57142857142857,INF,be tell be
Rudy,Liliane,0.0,0.0,53.57142857142857,INF,be tell be
Rudy,Liliane,6.25,1.0416666666666665,55.208333333333336,6.0,think look put want
Rudy,Veena,6.25,1.0416666666666665,55.208333333333336,6.0,think look put want
Liliane,Veena,6.25,1.0416666666666665,55.208333333333336,6.0,think look put want
Rudy,Veena,5.625,1.5625,52.81249999999999,3.6,bring hover make have make be
Rudy,Veena,5.625,1.5625,52.81249999999999,3.6,bring hover make have make be
Rudy,Veena,5.625,1.5625,52.81249999999999,3.6,bring hover make have make be
Rudy,Veena,5.625,1.5625,52.81249999999999,3.6,bring hover make have make be
Veena,Rudy,5.625,1.5625,52.81249999999999,3.6,bring hover make have make be
Veena,Rudy,5.625,1.5625,52.81249999999999,3.6,bring hover make have make be
Rudy,Veena,5.625,1.5625,52.81249999999999,3.6,bring hover make have make be
Rudy,Veena,5.625,1.5625,52.81249999999999,3.6,bring hover make have make be
Rudy,Liliane,2.5,2.142857142857143,63.92857142857142,1.1666666666666667,have show move be be
Liliane,Rudy,2.5,2.142857142857143,63.92857142857142,1.1666666666666667,have show move be be
Rudy,Veena,0.0,0.0,57.14285714285714,INF,be
Rudy,Deedee,4.166666666666666,4.761904761904762,38.69047619047619,0.875,hear know say
Rudy,Deedee,4.166666666666666,4.761904761904762,38.69047619047619,0.875,hear know say
Rudy,Liliane,4.166666666666666,4.761904761904762,38.69047619047619,0.875,hear know say
Deedee,Liliane,4.166666666666666,4.761904761904762,38.69047619047619,0.875,hear know say
Deedee,Liliane,4.166666666666666,4.761904761904762,38.69047619047619,0.875,hear know say
Rudy,Veena,1.6203703703703702,3.4722222222222223,50.46296296296296,0.4666666666666667,have be think be look buzz tell be
Rudy,Liliane,1.6203703703703702,3.4722222222222223,50.46296296296296,0.4666666666666667,have be think be look buzz tell be
Rudy,Veena,1.6203703703703702,3.4722222222222223,50.46296296296296,0.4666666666666667,have be think be look buzz tell be
Rudy,Liliane,1.6203703703703702,3.4722222222222223,50.46296296296296,0.4666666666666667,have be think be look buzz tell be
Veena,Rudy,1.6203703703703702,3.4722222222222223,50.46296296296296,0.4666666666666667,have be think be look buzz tell be
Veena,Liliane,1.6203703703703702,3.4722222222222223,50.46296296296296,0.4666666666666667,have be think be look buzz tell be
Rudy,Liliane,1.6203703703703702,3.4722222222222223,50.46296296296296,0.4666666666666667,have be think be look buzz tell be
Veena,Barbara,0.6578947368421052,0.6578947368421052,51.31578947368421,1.0,be cancel go
Veena,Barbara,0.6578947368421052,0.6578947368421052,51.31578947368421,1.0,be cancel go
Bamala,Pandi,0.0,0.0,0.0,INF,
Pandi,Bamala,1.4705882352941175,1.1029411764705883,56.25,1.3333333333333333,have wear wrap be glower
Pandi,Veena,1.4705882352941175,1.1029411764705883,56.25,1.3333333333333333,have wear wrap be glower
Pandi,Bamala,1.4705882352941175,1.1029411764705883,56.25,1.3333333333333333,have wear wrap be glower
Pandi,Veena,1.4705882352941175,1.1029411764705883,56.25,1.3333333333333333,have wear wrap be glower
Bamala,Veena,1.4705882352941175,1.1029411764705883,56.25,1.3333333333333333,have wear wrap be glower
Bamala,Pandi,8.333333333333332,0.0,36.11111111111111,INF,be have do
Emile,Rudy,3.2407407407407405,6.018518518518518,46.2962962962963,0.5384615384615384,let sleep be break
Emile,Rudy,3.2407407407407405,6.018518518518518,46.2962962962963,0.5384615384615384,let sleep be break
Liliane,Rudy,4.0,0.0,48.0,INF,realize say be go see go
Rudy,Bamala,3.977272727272727,0.0,46.02272727272727,INF,say know have do
