NAME 1,NAME 2,% POS,% NEG,% NEUTRAL,POS:NEG,VERBS
FBI,Preston,2.0,2.5,45.5,0.8,be spend prowl draw try get confess
Parvati,Gonzalez,1.1363636363636365,5.681818181818182,47.72727272727273,0.2,tip say
McGhee,Gonzalez,3.125,2.34375,57.03125,1.3333333333333333,hear crash
Erickson,Parvati,1.6666666666666667,4.166666666666666,47.5,0.4,call rattle
Parvati,Preston,4.166666666666666,1.3888888888888888,50.0,3.0,be
Parvati,Cassie,9.375,0.0,53.125,INF,have see
Preston,Parvati,0.0,0.0,57.14285714285714,INF,turn
Parvati,Pres,0.8928571428571428,0.0,63.39285714285714,INF,fake be go karate chop
Parvati,Pres,0.8928571428571428,0.0,63.39285714285714,INF,fake be go karate chop
Darla,Ben,2.272727272727273,0.0,47.72727272727273,INF,own call
Parvati,Amy,5.263157894736842,1.3157894736842104,56.57894736842105,4.0,stare be endanger want eat
Amy,Parvati,5.263157894736842,1.3157894736842104,56.57894736842105,4.0,stare be endanger want eat
Quinn,Amy,0.0,0.0,37.5,INF,be
Max,Preston,0.0,1.1363636363636365,53.40909090909091,0.0,take say
Preston,Parvati,0.0,0.0,60.0,INF,look
Max,Amy,2.083333333333333,0.6944444444444444,47.22222222222222,3.0,chirp slip slip
Max,Amy,2.083333333333333,0.6944444444444444,47.22222222222222,3.0,chirp slip slip
Nate,Preston,1.6666666666666667,0.0,51.66666666666667,INF,name look
Parvati,Preston,1.7857142857142856,8.928571428571429,60.71428571428571,0.2,give
Parvati,CIA,0.78125,2.34375,59.375,0.3333333333333333,be work be do need be lie
CIA,Parvati,0.78125,2.34375,59.375,0.3333333333333333,be work be do need be lie
Parvati,Preston,1.7857142857142856,0.0,55.35714285714286,INF,follow
Pres,Preston,0.0,0.0,50.0,INF,thump
Pres,Preston,0.0,0.0,50.0,INF,thump
Parvati,Preston,4.435483870967742,2.4193548387096775,51.20967741935484,1.8333333333333333,lower smolder run turn
Parvati,Preston,4.435483870967742,2.4193548387096775,51.20967741935484,1.8333333333333333,lower smolder run turn
Preston,Parvati,4.435483870967742,2.4193548387096775,51.20967741935484,1.8333333333333333,lower smolder run turn
Parvati,Preston,1.9736842105263157,2.9605263157894735,50.32894736842105,0.6666666666666666,start pull have offer
Pres,Parvati,2.8846153846153846,0.9615384615384616,57.692307692307686,3.0,be know
Pres,Parvati,2.302631578947368,0.6578947368421052,49.67105263157895,3.5,claim explain steal
Parvati,Preston,3.205128205128205,3.8461538461538463,54.48717948717948,0.8333333333333334,ask get imagine culminate have
Parvati,Preston,3.205128205128205,3.8461538461538463,54.48717948717948,0.8333333333333334,ask get imagine culminate have
Jonas,Vista P,0.0,0.0,56.25,INF,belong surf
Pres,Jacobsens,1.5,0.5,26.0,3.0,like be
Parvati,Preston,3.571428571428571,0.5952380952380952,48.214285714285715,6.0,have convince be go homecome
Parvati,Preston,3.571428571428571,0.5952380952380952,48.214285714285715,6.0,have convince be go homecome
Parvati,Preston,3.571428571428571,0.5952380952380952,48.214285714285715,6.0,have convince be go homecome
Preston,Parvati,3.888888888888889,1.3888888888888888,59.166666666666664,2.8,have turn be get set tell get piss think
Preston,Parvati,3.888888888888889,1.3888888888888888,59.166666666666664,2.8,have turn be get set tell get piss think
Dad,Pres,3.3333333333333335,2.5,67.5,1.3333333333333333,have get expel
Dad,Parvati,3.3333333333333335,2.5,67.5,1.3333333333333333,have get expel
Dad,Bristol Academy,3.3333333333333335,2.5,67.5,1.3333333333333333,have get expel
Pres,Parvati,3.3333333333333335,2.5,67.5,1.3333333333333333,have get expel
Pres,Bristol Academy,3.3333333333333335,2.5,67.5,1.3333333333333333,have get expel
Parvati,Bristol Academy,3.3333333333333335,2.5,67.5,1.3333333333333333,have get expel
Preston,Pres,5.0675675675675675,1.0135135135135136,53.37837837837838,5.0,have donate finish announce be switch play
Preston,Vista P,5.0675675675675675,1.0135135135135136,53.37837837837838,5.0,have donate finish announce be switch play
Preston,Pres,5.0675675675675675,1.0135135135135136,53.37837837837838,5.0,have donate finish announce be switch play
Preston,Vista P,5.0675675675675675,1.0135135135135136,53.37837837837838,5.0,have donate finish announce be switch play
Pres,Vista P,5.0675675675675675,1.0135135135135136,53.37837837837838,5.0,have donate finish announce be switch play
Pres,Preston,5.0675675675675675,1.0135135135135136,53.37837837837838,5.0,have donate finish announce be switch play
Vista P,Preston,5.0675675675675675,1.0135135135135136,53.37837837837838,5.0,have donate finish announce be switch play
Parvati,Pres,0.8333333333333334,0.8333333333333334,65.0,1.0,be be get feel
Parvati,Pres,9.868421052631579,5.263157894736842,37.5,1.875,wonder have be have be drink
Parvati,Pres,9.868421052631579,5.263157894736842,37.5,1.875,wonder have be have be drink
Preston,Parvati,0.5952380952380952,1.7857142857142856,54.761904761904766,0.3333333333333333,pick manage hit
Preston,Parvati,1.1363636363636365,1.1363636363636365,52.27272727272727,1.0,give do say
Preston,Parvati,0.0,0.0,60.0,INF,glance
Pres,Parvati,1.5625,7.8125,65.625,0.2,invite
Pres,Parvati,5.46875,7.421875,52.734375,0.7368421052631579,be feel take be go get be
Parvati,Preston,0.0,2.6785714285714284,47.32142857142857,0.0,turn flutter
Parvati,Preston,0.0,2.6785714285714284,47.32142857142857,0.0,turn flutter
Preston,Parvati,0.0,2.6785714285714284,47.32142857142857,0.0,turn flutter
Parvati,Preston,0.0,2.6785714285714284,47.32142857142857,0.0,turn flutter
Parvati,Preston,0.0,1.875,68.125,0.0,throw take
Parvati,Preston,0.0,1.875,68.125,0.0,throw take
Parvati,Preston,1.6304347826086956,2.1739130434782608,65.76086956521739,0.75,follow creep run
Parvati,Esmeralda,1.6304347826086956,2.1739130434782608,65.76086956521739,0.75,follow creep run
Preston,Esmeralda,1.6304347826086956,2.1739130434782608,65.76086956521739,0.75,follow creep run
Max,Parvati,0.0,0.0,37.5,INF,murmur
Preston,Parvati,1.7045454545454544,0.5681818181818182,38.63636363636363,3.0,feel be be say
Preston,Parvati,1.7045454545454544,0.5681818181818182,38.63636363636363,3.0,feel be be say
Pres,Esmeralda,2.5,1.25,56.25,2.0,hope have
Preston,Parvati,3.3333333333333335,2.9166666666666665,50.416666666666664,1.1428571428571428,take spread
Preston,"Liars , Inc.",3.3333333333333335,2.9166666666666665,50.416666666666664,1.1428571428571428,take spread
Parvati,"Liars , Inc.",3.3333333333333335,2.9166666666666665,50.416666666666664,1.1428571428571428,take spread
"Liars , Inc.",Parvati,2.142857142857143,3.571428571428571,60.0,0.6,be make know be go spend
Parvati,"Liars , Inc.",3.125,3.6458333333333335,59.895833333333336,0.8571428571428571,be chat spread
Pres,Preston,0.0,0.0,42.857142857142854,INF,look
Pres,Preston,4.166666666666666,6.944444444444445,44.44444444444444,0.6,stare
Preston,Astrid,5.729166666666666,0.5208333333333333,60.416666666666664,11.0,glance be give
Astrid,Preston,2.272727272727273,1.1363636363636365,42.04545454545455,2.0,be make say
Preston,Pres,2.083333333333333,2.9166666666666665,61.66666666666667,0.7142857142857143,have be seem
Preston,Parvati,2.083333333333333,2.9166666666666665,61.66666666666667,0.7142857142857143,have be seem
Pres,Parvati,2.083333333333333,2.9166666666666665,61.66666666666667,0.7142857142857143,have be seem
Pres,Preston,2.7777777777777777,6.25,57.638888888888886,0.4444444444444444,reflect make look
Preston,Parvati,0.0,0.0,80.0,INF,bet do have
Parvati,Preston,2.083333333333333,5.208333333333334,59.375,0.4,have have
Parvati,Preston,1.4705882352941175,3.6764705882352944,47.794117647058826,0.4,have start date think like
Preston,Parvati,1.4705882352941175,3.6764705882352944,47.794117647058826,0.4,have start date think like
Preston,Parvati,0.0,0.0,60.0,INF,know
Parvati,Preston,0.8928571428571428,0.0,63.39285714285714,INF,nod be like rat
Pres,Parvati,3.289473684210526,1.3157894736842104,53.289473684210535,2.5,do want think go rebind
Pres,Preston,3.289473684210526,1.3157894736842104,53.289473684210535,2.5,do want think go rebind
Parvati,Preston,3.289473684210526,1.3157894736842104,53.289473684210535,2.5,do want think go rebind
Pres,Preston,1.3157894736842104,0.0,51.31578947368421,INF,see watch plummet
Pres,Preston,1.25,3.75,55.00000000000001,0.3333333333333333,manage get pull get
Parvati,Pres,2.1739130434782608,5.978260869565218,48.369565217391305,0.36363636363636365,pause want lie want betray
Darla,Ben,6.25,5.0,48.75,1.25,want go pressure
Darla,Ben,6.770833333333333,4.166666666666666,47.39583333333333,1.625,seem let get
Darla,Ji,2.7777777777777777,0.4629629629629629,48.61111111111111,6.0,adopt be try untie
Darla,Jo,2.7777777777777777,0.4629629629629629,48.61111111111111,6.0,adopt be try untie
Darla,Jo,2.7777777777777777,0.4629629629629629,48.61111111111111,6.0,adopt be try untie
Ji,Jo,2.7777777777777777,0.4629629629629629,48.61111111111111,6.0,adopt be try untie
Ji,Jo,2.7777777777777777,0.4629629629629629,48.61111111111111,6.0,adopt be try untie
Ben,Max,3.6764705882352944,0.0,49.26470588235294,INF,have go say
Ben,Darla,3.6764705882352944,0.0,49.26470588235294,INF,have go say
Max,Darla,3.6764705882352944,0.0,49.26470588235294,INF,have go say
Darla,Ben,4.375,3.75,56.875,1.1666666666666667,have be observe drop
Darla,Ben,0.5952380952380952,1.7857142857142856,59.523809523809526,0.3333333333333333,be draw come
Darla,Ben,0.5952380952380952,1.7857142857142856,59.523809523809526,0.3333333333333333,be draw come
Mandy,Ji,1.9230769230769231,0.9615384615384616,35.57692307692308,2.0,be watch
Mandy,Jo,1.9230769230769231,0.9615384615384616,35.57692307692308,2.0,be watch
Ji,Jo,1.9230769230769231,0.9615384615384616,35.57692307692308,2.0,be watch
Max,Darla,0.5208333333333333,0.0,49.47916666666667,INF,add grab be toss
Max,Jo,0.0,0.0,45.45454545454545,INF,have
Jo,Amanda,0.0,0.0,44.44444444444444,INF,be go try eat say
Ben,Darla,2.586206896551724,3.0172413793103448,42.672413793103445,0.8571428571428571,think adopt fall
Ji,Jo,0.0,0.0,50.0,INF,do go play suggest
Pres,Parvati,3.804347826086957,0.0,57.065217391304344,INF,forget be talk do
Jacobsens,Preston,0.0,0.0,33.33333333333333,INF,be
Preston,DeWitt Firearms,3.1976744186046515,0.5813953488372093,54.360465116279066,5.5,have get do sit be jump rip
Preston,DeWitt Firearms,3.1976744186046515,0.5813953488372093,54.360465116279066,5.5,have get do sit be jump rip
Preston,DeWitt Firearms,3.1976744186046515,0.5813953488372093,54.360465116279066,5.5,have get do sit be jump rip
Preston,DeWitt Firearms,3.1976744186046515,0.5813953488372093,54.360465116279066,5.5,have get do sit be jump rip
Pres,DeWitt Firearms,3.5000000000000004,2.5,66.0,1.4,do seem be upset have start crop hide
Violet Cain,Preston,5.88235294117647,7.352941176470589,45.588235294117645,0.8,hope be hit
Preston,Parvati,4.326923076923077,0.9615384615384616,52.40384615384615,4.5,be have go
Preston,Parvati,4.326923076923077,0.9615384615384616,52.40384615384615,4.5,be have go
UCLA,Jonas,1.6666666666666667,0.0,51.66666666666667,INF,lose be look collect
Dad,Preston,2.083333333333333,0.0,64.58333333333334,INF,want say
Pres,Preston,7.5,4.166666666666666,55.00000000000001,1.8,be have pitch
Violet Cain,Preston,3.571428571428571,0.8928571428571428,59.82142857142857,4.0,do
Violet Cain,Parvati,3.571428571428571,0.8928571428571428,59.82142857142857,4.0,do
Preston,Parvati,3.571428571428571,0.8928571428571428,59.82142857142857,4.0,do
Jasper,Jared,2.083333333333333,2.083333333333333,45.83333333333333,1.0,be
Jonas,Vista P,0.0,8.333333333333332,69.44444444444444,0.0,be
Jared,Jonas,0.5681818181818182,1.1363636363636365,61.93181818181818,0.5,cruise be paddle
Jared,Jasper,2.083333333333333,2.083333333333333,54.166666666666664,1.0,be watch
Jacobsens,Preston,2.083333333333333,0.6944444444444444,63.888888888888886,3.0,do mention be do like
Jared,Jasper,1.0,1.5,53.5,0.6666666666666666,follow paddle head bob
Jared,Jonas,1.0,1.5,53.5,0.6666666666666666,follow paddle head bob
Jasper,Jonas,1.0,1.5,53.5,0.6666666666666666,follow paddle head bob
Pres,Preston,0.0,0.0,61.53846153846154,INF,send tell be head
Preston,Violet Cain,6.547619047619048,4.761904761904762,69.64285714285714,1.375,have let die be have be bother
Preston,Violet Cain,6.547619047619048,4.761904761904762,69.64285714285714,1.375,have let die be have be bother
Preston,Violet Cain,6.547619047619048,4.761904761904762,69.64285714285714,1.375,have let die be have be bother
Amanda,Parvati,1.3392857142857142,1.3392857142857142,65.17857142857143,1.0,be go inspire have cook
Amanda,Darla,1.3392857142857142,1.3392857142857142,65.17857142857143,1.0,be go inspire have cook
Amanda,Darla,1.3392857142857142,1.3392857142857142,65.17857142857143,1.0,be go inspire have cook
Parvati,Darla,1.3392857142857142,1.3392857142857142,65.17857142857143,1.0,be go inspire have cook
Parvati,Darla,1.3392857142857142,1.3392857142857142,65.17857142857143,1.0,be go inspire have cook
Max,Amanda,0.0,0.0,22.22222222222222,INF,say
Quinn,Amy,0.0,0.8333333333333334,52.5,0.0,hear talk
Amy,Troff,1.7857142857142856,0.0,33.92857142857143,INF,be want go
Amy,Quinn,0.0,0.0,50.0,INF,nod pull
Preston,Quinn,1.639344262295082,2.0491803278688523,53.68852459016394,0.8,turn head wonder be have head debate keep have cover care
Preston,Quinn,1.639344262295082,2.0491803278688523,53.68852459016394,0.8,turn head wonder be have head debate keep have cover care
Preston,Quinn,1.639344262295082,2.0491803278688523,53.68852459016394,0.8,turn head wonder be have head debate keep have cover care
Preston,Quinn,1.639344262295082,2.0491803278688523,53.68852459016394,0.8,turn head wonder be have head debate keep have cover care
Preston,Quinn,1.639344262295082,2.0491803278688523,53.68852459016394,0.8,turn head wonder be have head debate keep have cover care
Preston,Quinn,1.639344262295082,2.0491803278688523,53.68852459016394,0.8,turn head wonder be have head debate keep have cover care
Pres,"Liars , Inc.",3.90625,10.15625,48.4375,0.38461538461538464,be be do thrill
Ben,Darla,2.6785714285714284,5.357142857142857,34.82142857142857,0.5,be watch
"Liars , Inc.",Violet Cain,3.3333333333333335,2.9166666666666665,40.416666666666664,1.1428571428571428,have be do
"Liars , Inc.",Parvati,0.0,4.464285714285714,52.67857142857143,0.0,have do mention
McGhee,Gonzalez,0.0,2.083333333333333,47.91666666666667,0.0,give
Max,Preston,4.166666666666666,0.0,62.5,INF,be tell leave
Darla,Ben,3.4090909090909087,0.0,51.13636363636363,INF,clear look
Darla,Ben,3.4090909090909087,0.0,51.13636363636363,INF,clear look
Max,McGhee,0.0,0.0,45.45454545454545,INF,say
Preston,Jonas,2.380952380952381,0.0,50.0,INF,make think have want be avoid
Preston,Jonas,2.380952380952381,0.0,50.0,INF,make think have want be avoid
Preston,Jonas,2.380952380952381,0.0,50.0,INF,make think have want be avoid
Jonas,Jared,0.0,0.5681818181818182,63.06818181818182,0.0,stand fiddle make
Jonas,Jared,0.0,0.5681818181818182,63.06818181818182,0.0,stand fiddle make
Preston,Jonas,5.769230769230769,0.9615384615384616,31.73076923076923,6.0,make think be do
Jonas,UCLA,0.0,0.0,50.0,INF,tell be avoid
Jonas,UCLA,0.0,0.0,50.0,INF,tell be avoid
Preston,Jonas,4.166666666666666,0.0,55.833333333333336,INF,know have invest
Astrid,Preston,4.3478260869565215,1.6304347826086956,63.58695652173913,2.6666666666666665,be feel invite
Pres,David,2.272727272727273,0.0,43.18181818181818,INF,be suppose swap
Parvati,Cassie,1.5625,7.03125,60.15625,0.2222222222222222,wait have towel disappear continue
Parvati,Raymond,4.166666666666666,1.1363636363636365,64.39393939393939,3.6666666666666665,take coach appear
Darla,Ji,0.0,0.0,50.0,INF,dodge
Darla,Ji,4.741379310344827,0.0,64.22413793103449,INF,sprawl squeal kick think be dress be
Darla,Ji,4.741379310344827,0.0,64.22413793103449,INF,sprawl squeal kick think be dress be
Darla,Ji,4.741379310344827,0.0,64.22413793103449,INF,sprawl squeal kick think be dress be
Ji,Darla,0.8620689655172413,0.8620689655172413,50.0,1.0,pin pout wrestle
Ji,Darla,0.8620689655172413,0.8620689655172413,50.0,1.0,pin pout wrestle
Ji,Darla,0.8620689655172413,0.8620689655172413,50.0,1.0,pin pout wrestle
Ji,Darla,0.8620689655172413,0.8620689655172413,50.0,1.0,pin pout wrestle
Ben,Darla,1.1363636363636365,1.1363636363636365,61.36363636363637,1.0,wink show be kid
Ben,Darla,1.1363636363636365,1.1363636363636365,61.36363636363637,1.0,wink show be kid
Darla,Ben,1.1363636363636365,1.1363636363636365,61.36363636363637,1.0,wink show be kid
Darla,Ben,1.1363636363636365,1.1363636363636365,61.36363636363637,1.0,wink show be kid
Ben,Jo,0.0,0.0,63.63636363636363,INF,dangle pick spin
Ben,Jo,0.0,0.0,63.63636363636363,INF,dangle pick spin
Ben,Jo,0.0,0.0,63.63636363636363,INF,dangle pick spin
Ben,Jo,0.0,0.0,63.63636363636363,INF,dangle pick spin
Darla,Amanda,1.0416666666666665,4.166666666666666,47.56944444444444,0.25,do hate have ride crowd pick
Amanda,Darla,1.0416666666666665,4.166666666666666,47.56944444444444,0.25,do hate have ride crowd pick
Amanda,Darla,1.0416666666666665,4.166666666666666,47.56944444444444,0.25,do hate have ride crowd pick
Amanda,Darla,1.0416666666666665,4.166666666666666,47.56944444444444,0.25,do hate have ride crowd pick
Amanda,Darla,1.0416666666666665,4.166666666666666,47.56944444444444,0.25,do hate have ride crowd pick
Amanda,FBI,4.310344827586207,0.8620689655172413,60.3448275862069,5.0,do know be be pick do say drop
Amanda,Preston,3.571428571428571,3.571428571428571,42.857142857142854,1.0,find be miss want help investigate
Preston,Amanda,3.571428571428571,3.571428571428571,42.857142857142854,1.0,find be miss want help investigate
McGhee,Amanda,1.3888888888888888,0.6944444444444444,64.58333333333334,2.0,give have pick
Pres,Preston,3.125,9.375,37.5,0.3333333333333333,be separate
McGhee,Gonzalez,8.333333333333332,2.083333333333333,56.25,4.0,be go sit worry want
"Liars , Inc.",McGhee,6.25,8.333333333333332,52.083333333333336,0.75,be blab ask
"Liars , Inc.",Gonzalez,6.25,8.333333333333332,52.083333333333336,0.75,be blab ask
McGhee,Gonzalez,6.25,8.333333333333332,52.083333333333336,0.75,be blab ask
McGhee,Gonzalez,7.142857142857142,0.8928571428571428,56.25,8.0,sound be keep
DeWitts,McGhee,0.0,2.6785714285714284,40.17857142857143,0.0,run call
Parvati,Preston,0.0,0.0,57.89473684210527,INF,hop head live
Parvati,Preston,0.0,0.0,50.0,INF,be insinuate tell
Parvati,Preston,2.34375,0.0,66.40625,INF,wait find press
Preston,Parvati,2.34375,0.0,66.40625,INF,wait find press
Parvati,Preston,5.0,0.0,55.00000000000001,INF,call
Max,Parvati,0.0,0.0,28.57142857142857,INF,start
Pres,Parvati,3.0303030303030303,0.0,51.515151515151516,INF,transfer take bring smell
Pres,Parvati,3.0303030303030303,0.0,51.515151515151516,INF,transfer take bring smell
Pres,Parvati,3.0303030303030303,0.0,51.515151515151516,INF,transfer take bring smell
Alexis Destroyer,Preston,1.0869565217391304,1.0869565217391304,54.347826086956516,1.0,start drop
Pres,Violet Cain,3.787878787878788,2.272727272727273,57.57575757575758,1.6666666666666667,fess go meet be have
Pres,Violet Cain,3.787878787878788,2.272727272727273,57.57575757575758,1.6666666666666667,fess go meet be have
Pres,Violet Cain,3.787878787878788,2.272727272727273,57.57575757575758,1.6666666666666667,fess go meet be have
Pres,Preston,1.8518518518518516,0.0,53.70370370370371,INF,have get mix bring be get
FBI,Parvati,3.125,5.46875,47.65625,0.5714285714285714,tell mention
FBI,"Liars , Inc.",3.125,5.46875,47.65625,0.5714285714285714,tell mention
Parvati,"Liars , Inc.",3.125,5.46875,47.65625,0.5714285714285714,tell mention
Violet Cain,Preston,3.571428571428571,3.571428571428571,53.57142857142857,1.0,make check see break get arrest
Violet Cain,Preston,3.571428571428571,3.571428571428571,53.57142857142857,1.0,make check see break get arrest
Gonzalez,McGhee,1.25,1.875,46.875,0.6666666666666666,sit plunk
Gonzalez,McGhee,1.0416666666666665,5.208333333333334,35.41666666666667,0.2,start say cut
Gonzalez,McGhee,1.0416666666666665,5.208333333333334,35.41666666666667,0.2,start say cut
Ms. Amos,Preston,2.5,1.25,46.25,2.0,be date
Max,McGhee,0.0,5.208333333333334,28.125,0.0,be say
McGhee,Darla,3.125,0.0,53.125,INF,have set be leave
McGhee,Ben,3.125,0.0,53.125,INF,have set be leave
Darla,Ben,3.125,0.0,53.125,INF,have set be leave
McGhee,Gonzalez,0.6578947368421052,0.0,46.71052631578947,INF,look do say
McGhee,Preston,1.5625,0.0,52.604166666666664,INF,tell have ask cover go meet
McGhee,Preston,1.5625,0.0,52.604166666666664,INF,tell have ask cover go meet
McGhee,Preston,1.5625,0.0,52.604166666666664,INF,tell have ask cover go meet
McGhee,Gonzalez,0.0,0.0,58.333333333333336,INF,talk make make
Gonzalez,McGhee,10.0,5.0,25.0,2.0,narrow
Max,McGhee,1.9230769230769231,0.0,36.53846153846153,INF,call
McGhee,Gonzalez,0.0,1.3888888888888888,48.61111111111111,0.0,fish leave
FBI,Preston,5.952380952380952,4.166666666666666,51.78571428571429,1.4285714285714286,have be tell be park overlook
Violet Cain,Preston,0.0,0.9615384615384616,45.19230769230769,0.0,hire get
FBI,Preston,2.8846153846153846,0.9615384615384616,50.0,3.0,be snatch
Pres,Preston,4.166666666666666,0.0,35.833333333333336,INF,do have know
Preston,Jonas,0.0,0.625,59.375,0.0,tell owe accord be
Preston,Jared,0.0,0.625,59.375,0.0,tell owe accord be
Preston,Jonas,0.0,0.625,59.375,0.0,tell owe accord be
Preston,Jared,0.0,0.625,59.375,0.0,tell owe accord be
Jonas,Jared,0.0,0.625,59.375,0.0,tell owe accord be
Ben,Darla,2.6785714285714284,2.6785714285714284,44.642857142857146,1.0,be come arrest
Ben,Darla,1.5,0.0,46.5,INF,start flip go tell worry
Amanda,Parvati,0.0,0.0,40.0,INF,get say
Amanda,Parvati,6.547619047619048,4.166666666666666,46.42857142857143,1.5714285714285714,tell need hop
FBI,Preston,1.3157894736842104,7.894736842105263,64.47368421052632,0.16666666666666666,be take keep hide
FBI,Preston,1.3157894736842104,7.894736842105263,64.47368421052632,0.16666666666666666,be take keep hide
McGhee,Gonzalez,4.910714285714286,2.232142857142857,60.71428571428571,2.2,do know take get have be see
McGhee,Gonzalez,10.526315789473683,2.631578947368421,39.473684210526315,4.0,be isolate have know
Pres,Esmeralda,0.0,0.5434782608695652,42.934782608695656,0.0,go let continue
Pres,Parvati,0.0,0.5434782608695652,42.934782608695656,0.0,go let continue
Esmeralda,Parvati,0.0,0.5434782608695652,42.934782608695656,0.0,go let continue
Darla,Ben,1.7857142857142856,2.295918367346939,63.26530612244898,0.7777777777777778,scribble note leave go help pack need go
Darla,Preston,1.7857142857142856,2.295918367346939,63.26530612244898,0.7777777777777778,scribble note leave go help pack need go
Darla,Parvati,1.7857142857142856,2.295918367346939,63.26530612244898,0.7777777777777778,scribble note leave go help pack need go
Ben,Preston,1.7857142857142856,2.295918367346939,63.26530612244898,0.7777777777777778,scribble note leave go help pack need go
Ben,Parvati,1.7857142857142856,2.295918367346939,63.26530612244898,0.7777777777777778,scribble note leave go help pack need go
Preston,Parvati,1.7857142857142856,2.295918367346939,63.26530612244898,0.7777777777777778,scribble note leave go help pack need go
Parvati,Amanda,2.34375,0.0,53.90625,INF,go pick head
Jared,Preston,8.035714285714286,5.357142857142857,50.89285714285714,1.5,say have move
Preston,Ravens,2.6785714285714284,0.8928571428571428,57.14285714285714,3.0,have lie fight plant
Preston,Pres,2.6785714285714284,0.8928571428571428,57.14285714285714,3.0,have lie fight plant
Ravens,Pres,2.6785714285714284,0.8928571428571428,57.14285714285714,3.0,have lie fight plant
Darla,Ben,5.46875,1.953125,55.078125,2.8,wonder have regret adopt be be be want
McGhee,Gonzalez,0.0,4.166666666666666,45.83333333333333,0.0,have keep move do want catch
McGhee,Gonzalez,12.5,8.333333333333332,12.5,1.5,understand
Parvati,Pres,3.260869565217391,3.260869565217391,45.65217391304348,1.0,wonder have manage be
Pres,Parvati,3.260869565217391,3.260869565217391,45.65217391304348,1.0,wonder have manage be
Pres,Parvati,3.260869565217391,3.260869565217391,45.65217391304348,1.0,wonder have manage be
David,Preston,4.166666666666666,2.083333333333333,43.75,2.0,be
Preston,David,4.166666666666666,2.083333333333333,43.75,2.0,be
David,Preston,1.3157894736842104,0.6578947368421052,63.81578947368421,2.0,have bet do say be surprise do show
David,Preston,1.3157894736842104,0.6578947368421052,63.81578947368421,2.0,have bet do say be surprise do show
Quinn,Pres,5.357142857142857,6.25,41.964285714285715,0.8571428571428571,have pre forget have have
Quinn,Max,4.375,2.5,33.125,1.75,do want be get get
Parvati,Preston,4.3478260869565215,1.6304347826086956,50.54347826086957,2.6666666666666665,say be get be know
Astrid,Vista P,1.7241379310344827,3.4482758620689653,53.44827586206896,0.5,hear say be search think get push
Astrid,Preston,1.7241379310344827,3.4482758620689653,53.44827586206896,0.5,hear say be search think get push
Astrid,Ravens,1.7241379310344827,3.4482758620689653,53.44827586206896,0.5,hear say be search think get push
Vista P,Preston,1.7241379310344827,3.4482758620689653,53.44827586206896,0.5,hear say be search think get push
Vista P,Ravens,1.7241379310344827,3.4482758620689653,53.44827586206896,0.5,hear say be search think get push
Preston,Ravens,1.7241379310344827,3.4482758620689653,53.44827586206896,0.5,hear say be search think get push
Astrid,Preston,2.272727272727273,5.681818181818182,37.5,0.4,be tell kill
Parvati,Preston,0.0,0.0,57.14285714285714,INF,flip point
Parvati,Preston,6.547619047619048,1.7857142857142856,63.095238095238095,3.6666666666666665,look have be have
FBI,Preston,5.681818181818182,0.0,48.86363636363637,INF,do find
Parvati,Preston,0.0,0.0,36.36363636363637,INF,plug
Parvati,Pres,0.0,0.0,42.857142857142854,INF,point
Parvati,Pres,0.0,0.0,42.857142857142854,INF,point
Parvati,Preston,0.0,0.0,42.857142857142854,INF,feel
Pres,Preston,5.405405405405405,3.040540540540541,53.71621621621622,1.7777777777777777,be be have bother know do
Parvati,Violet Cain,5.113636363636364,2.272727272727273,60.79545454545454,2.25,abandon find type
Pres,Violet Cain,0.43103448275862066,0.8620689655172413,57.327586206896555,0.5,do come freak have find
McGhee,Gonzalez,10.416666666666668,2.083333333333333,31.944444444444443,5.0,stay be find
Parvati,FBI,0.0,1.9230769230769231,44.230769230769226,0.0,be run
Parvati,Preston,0.0,6.896551724137931,55.172413793103445,0.0,get ship do come feel
Amanda,Ji,1.5625,0.0,51.5625,INF,want spend plan put try eat
Amanda,Jo,1.5625,0.0,51.5625,INF,want spend plan put try eat
Ji,Jo,1.5625,0.0,51.5625,INF,want spend plan put try eat
Max,Parvati,0.0,0.0,37.5,INF,say
Preston,FBI,5.357142857142857,1.7857142857142856,50.0,3.0,quit worry
Preston,Violet Cain,1.0869565217391304,3.804347826086957,55.97826086956522,0.2857142857142857,go browse pore look
Pres,Preston,0.8928571428571428,1.3392857142857142,54.91071428571429,0.6666666666666666,wish get crack be
Darla,Ben,0.4807692307692308,0.0,53.36538461538461,INF,be do remember take
Darla,Preston,0.4807692307692308,0.0,53.36538461538461,INF,be do remember take
Ben,Preston,0.4807692307692308,0.0,53.36538461538461,INF,be do remember take
Pres,Preston,1.7241379310344827,0.43103448275862066,63.36206896551724,4.0,be pose scrunch pre have snap
Pres,Preston,0.0,0.0,70.0,INF,be know
Violet Cain,Parvati,1.3888888888888888,2.7777777777777777,62.5,0.5,be be
Preston,Parvati,5.0,0.0,55.00000000000001,INF,have have
Parvati,Preston,0.0,9.090909090909092,45.45454545454545,0.0,disappear replace
Preston,Parvati,0.0,0.0,66.66666666666666,INF,have mean
Pres,Parvati,0.78125,0.0,49.21875,INF,escape
Pres,Parvati,4.166666666666666,3.125,63.541666666666664,1.3333333333333333,be have pull do seem
Pres,Parvati,1.2096774193548387,1.2096774193548387,62.096774193548384,1.0,dump proceed stop have stencil
Pres,Parvati,0.0,0.0,58.333333333333336,INF,turn work
Pres,Parvati,0.0,0.0,58.333333333333336,INF,turn work
Pres,Parvati,1.9230769230769231,0.9615384615384616,50.96153846153846,2.0,peer be go
McGhee,Gonzalez,4.0625,1.875,51.5625,2.1666666666666665,slide grab head get fuck
McGhee,Gonzalez,1.0416666666666665,2.083333333333333,67.70833333333334,0.5,call set
McGhee,Gonzalez,0.3289473684210526,1.9736842105263157,74.01315789473685,0.16666666666666666,think fall seem pass find be
McGhee,Gonzalez,1.3157894736842104,0.0,61.8421052631579,INF,see think go do
McGhee,Gonzalez,1.8518518518518516,0.9259259259259258,49.074074074074076,2.0,have keep remind be close stand
McGhee,Gonzalez,0.0,1.9230769230769231,44.230769230769226,0.0,do want leave
McGhee,Gonzalez,0.0,0.0,45.45454545454545,INF,interrupt
Amanda,FBI,10.294117647058822,0.7352941176470588,41.911764705882355,14.0,wonder be think know run
Amanda,FBI,10.294117647058822,0.7352941176470588,41.911764705882355,14.0,wonder be think know run
Preston,FBI,4.807692307692308,7.6923076923076925,49.03846153846153,0.625,be miss be act kill
FBI,Preston,4.807692307692308,7.6923076923076925,49.03846153846153,0.625,be miss be act kill
Parvati,Honda,8.653846153846153,0.9615384615384616,51.92307692307693,9.0,be park
McGhee,Gonzalez,0.0,0.0,44.44444444444444,INF,do get give hide
Pres,Parvati,2.2058823529411766,4.411764705882353,52.20588235294118,0.5,have
McGhee,Gonzalez,6.25,3.571428571428571,61.60714285714286,1.75,swear feel bust
Parvati,Honda,0.5434782608695652,3.804347826086957,52.17391304347826,0.14285714285714285,wake be miss call
McGhee,Gonzalez,2.295918367346939,2.806122448979592,56.12244897959183,0.8181818181818182,have be point mention have tack find
McGhee,FBI,2.295918367346939,2.806122448979592,56.12244897959183,0.8181818181818182,have be point mention have tack find
Gonzalez,FBI,2.295918367346939,2.806122448979592,56.12244897959183,0.8181818181818182,have be point mention have tack find
Parvati,Violet Cain,2.083333333333333,0.8333333333333334,57.08333333333333,2.5,yank be stand make
McGhee,Honda,4.166666666666666,0.0,29.166666666666668,INF,have
Ben,Darla,2.083333333333333,0.4166666666666667,60.83333333333333,5.0,come get lose mill
Max,Gonzalez,1.7361111111111112,0.6944444444444444,55.90277777777778,2.5,bark be be audition
Max,Gonzalez,1.7361111111111112,0.6944444444444444,55.90277777777778,2.5,bark be be audition
Max,Gonzalez,1.7361111111111112,0.6944444444444444,55.90277777777778,2.5,bark be be audition
Gonzalez,McGhee,0.8064516129032258,6.451612903225806,44.354838709677416,0.125,have ask listen haul pack
FBI,Preston,0.7352941176470588,0.3676470588235294,60.66176470588235,2.0,opt take be commit be
Max,Gonzalez,0.78125,1.5625,35.15625,0.5,be ask inform
Max,Kathleen,0.0,1.1363636363636365,35.22727272727273,0.0,do mean interject
Ms. Amos,Gonzalez,1.25,1.25,32.5,1.0,answer tell happen say
Parvati,Preston,2.083333333333333,5.555555555555555,47.91666666666667,0.375,do work be
Preston,Parvati,0.0,0.0,33.33333333333333,INF,
Preston,Parvati,2.083333333333333,0.0,53.47222222222222,INF,meet
DeWitts,Bristol Academy,3.571428571428571,0.4464285714285714,56.69642857142857,8.0,spend swill wander check
Preston,Ms. Amos,1.6666666666666667,5.833333333333333,45.83333333333333,0.2857142857142857,be say be
Parvati,Preston,0.0,0.0,44.44444444444444,INF,be
Parvati,Preston,0.0,0.0,44.44444444444444,INF,be
Parvati,Preston,2.272727272727273,6.25,59.65909090909091,0.36363636363636365,train catch
Preston,Parvati,0.0,0.0,52.38095238095239,INF,have have
Parvati,Preston,0.0,0.0,52.38095238095239,INF,have have
Preston,Parvati,11.71875,1.5625,49.21875,7.5,mean have lie
Pres,Parvati,2.7777777777777777,0.9259259259259258,59.25925925925925,3.0,be go look look be
Pres,Parvati,2.7777777777777777,0.9259259259259258,59.25925925925925,3.0,be go look look be
Bristol Academy,Preston,1.6666666666666667,3.3333333333333335,55.00000000000001,0.5,have be mean have hook lie have hook
Bristol Academy,Parvati,1.6666666666666667,3.3333333333333335,55.00000000000001,0.5,have be mean have hook lie have hook
Preston,Parvati,1.6666666666666667,3.3333333333333335,55.00000000000001,0.5,have be mean have hook lie have hook
Preston,Violet Cain,2.272727272727273,3.4090909090909087,30.681818181818183,0.6666666666666666,be
Preston,Violet Cain,0.0,0.0,61.53846153846154,INF,say be meet
Violet Cain,Preston,0.0,0.0,61.53846153846154,INF,say be meet
Violet Cain,Preston,5.681818181818182,0.0,39.77272727272727,INF,do know be
Parvati,Preston,2.8846153846153846,0.0,58.65384615384615,INF,be position make seem have spend
Max,McGhee,1.1363636363636365,5.681818181818182,29.545454545454547,0.2,be say
Max,Gonzalez,2.083333333333333,2.083333333333333,37.5,1.0,do matter say
Pres,Parvati,3.90625,7.03125,64.0625,0.5555555555555556,be be
McGhee,Gonzalez,1.9230769230769231,0.3205128205128205,61.858974358974365,6.0,be do grill inform be charge aid abet bail file restrain
Parvati,Pres,5.0,3.5000000000000004,55.50000000000001,1.4285714285714286,have manage think come rush
Darla,Ben,4.513888888888888,0.0,56.59722222222222,INF,have live do think have spend know
Langston,Marcus,2.272727272727273,1.1363636363636365,14.772727272727273,2.0,be be
Darla,Langston,5.5,0.0,50.5,INF,feel call do seem explain
Ji,Jo,1.0416666666666665,0.0,48.95833333333333,INF,be do scream
Ben,Darla,6.578947368421052,1.3157894736842104,60.526315789473685,5.0,be get do have
Preston,DeWitts,5.7629629629629635,3.033333333333333,35.648148148148145,1.8998778998779,have task follow
Preston,Marcus,5.7629629629629635,3.033333333333333,35.648148148148145,1.8998778998779,have task follow
DeWitts,Marcus,5.7629629629629635,3.033333333333333,35.648148148148145,1.8998778998779,have task follow
Langston,Pres,2.941176470588235,2.941176470588235,47.05882352941176,1.0,tell pretend go
Langston,Parvati,0.0,0.0,75.0,INF,do tell be take
Pres,Langston,2.604166666666667,0.0,68.22916666666666,INF,be stay enrol take
Preston,Langston,0.625,3.125,46.25,0.2,be discuss be be say
Ms. Amos,Preston,2.083333333333333,0.0,47.91666666666667,INF,know
Preston,Pres,5.241935483870968,3.6290322580645165,58.87096774193549,1.4444444444444444,take tell claim be fight show
Parvati,FBI,1.9736842105263157,2.631578947368421,63.81578947368421,0.75,get leave be have
Langston,Marcus,4.779411764705882,1.1029411764705883,47.05882352941176,4.333333333333333,seem be put sit rely find
Langston,Preston,4.779411764705882,1.1029411764705883,47.05882352941176,4.333333333333333,seem be put sit rely find
Langston,Marcus,4.779411764705882,1.1029411764705883,47.05882352941176,4.333333333333333,seem be put sit rely find
Langston,Preston,4.779411764705882,1.1029411764705883,47.05882352941176,4.333333333333333,seem be put sit rely find
Langston,Marcus,4.779411764705882,1.1029411764705883,47.05882352941176,4.333333333333333,seem be put sit rely find
Langston,Preston,4.779411764705882,1.1029411764705883,47.05882352941176,4.333333333333333,seem be put sit rely find
Langston,Marcus,4.779411764705882,1.1029411764705883,47.05882352941176,4.333333333333333,seem be put sit rely find
Langston,Preston,4.779411764705882,1.1029411764705883,47.05882352941176,4.333333333333333,seem be put sit rely find
Marcus,Preston,4.779411764705882,1.1029411764705883,47.05882352941176,4.333333333333333,seem be put sit rely find
Pres,Langston,6.666666666666667,5.0,38.333333333333336,1.3333333333333333,be be help find do know do
Parvati,Preston,1.2096774193548387,3.6290322580645165,53.2258064516129,0.3333333333333333,be call think see
Parvati,Preston,1.2096774193548387,3.6290322580645165,53.2258064516129,0.3333333333333333,be call think see
Preston,Langston,2.6785714285714284,0.8928571428571428,32.142857142857146,3.0,need look explain
Marcus,Preston,0.6944444444444444,0.6944444444444444,48.61111111111111,1.0,knock enter
Langston,Preston,1.953125,1.5625,52.734375,1.25,ignore flip pat check be
Preston,Parvati,2.717391304347826,1.0869565217391304,52.71739130434783,2.5,be tuck
Preston,Bristol Academy,2.1739130434782608,0.5434782608695652,66.84782608695652,4.0,bow have read
Preston,Bristol Academy,2.1739130434782608,0.5434782608695652,66.84782608695652,4.0,bow have read
Parvati,Preston,2.430555555555556,1.0416666666666665,54.861111111111114,2.3333333333333335,be clothe be be
Parvati,Preston,2.430555555555556,1.0416666666666665,54.861111111111114,2.3333333333333335,be clothe be be
Parvati,Pres,8.333333333333332,0.0,66.66666666666666,INF,wonder do tell have
Langston,Rosewood,5.303030303030303,4.545454545454546,47.72727272727273,1.1666666666666667,do tell chip be be
Langston,Henry,2.840909090909091,1.9886363636363635,54.26136363636363,1.4285714285714286,do tell hate name set see happen
Pres,Ben,3.125,5.46875,53.90625,0.5714285714285714,guess have make
Pres,Preston,0.0,3.289473684210526,59.86842105263158,0.0,be adopt be share tell
Ben,Darla,0.0,0.0,54.54545454545454,INF,be use buy
Ben,Amanda,0.0,0.0,54.54545454545454,INF,be use buy
Ben,Darla,0.0,0.0,54.54545454545454,INF,be use buy
Ben,Amanda,0.0,0.0,54.54545454545454,INF,be use buy
Ben,Darla,0.0,0.0,54.54545454545454,INF,be use buy
Ben,Amanda,0.0,0.0,54.54545454545454,INF,be use buy
Darla,Amanda,0.0,0.0,54.54545454545454,INF,be use buy
Preston,Senate,1.3888888888888888,0.0,54.166666666666664,INF,show visit
Preston,Senate,1.3888888888888888,0.0,54.166666666666664,INF,show visit
Preston,Remington DeWitt,3.125,0.78125,33.59375,4.0,be
Preston,Remington DeWitt,3.125,0.78125,33.59375,4.0,be
Preston,Claudia,3.125,0.78125,33.59375,4.0,be
Preston,Remington DeWitt,3.125,0.78125,33.59375,4.0,be
Preston,Remington DeWitt,3.125,0.78125,33.59375,4.0,be
Preston,Claudia,3.125,0.78125,33.59375,4.0,be
Remington DeWitt,Claudia,3.125,0.78125,33.59375,4.0,be
Remington DeWitt,Claudia,3.125,0.78125,33.59375,4.0,be
Preston,Rosewood,2.8846153846153846,2.8846153846153846,55.769230769230774,1.0,be adopt be
Preston,Rosewood,2.8846153846153846,2.8846153846153846,55.769230769230774,1.0,be adopt be
Preston,Violet Cain,0.0,0.7352941176470588,58.08823529411765,0.0,think be adopt be
Violet Cain,Preston,0.0,0.7352941176470588,58.08823529411765,0.0,think be adopt be
Parvati,Preston,0.625,0.0,49.375,INF,be try focus keep flash
Darla,Jo,0.0,0.0,45.45454545454545,INF,follow pick get
Darla,Ji,0.0,0.0,45.45454545454545,INF,follow pick get
Darla,Jo,0.0,0.0,45.45454545454545,INF,follow pick get
Darla,Ji,0.0,0.0,45.45454545454545,INF,follow pick get
Jo,Ji,0.0,0.0,45.45454545454545,INF,follow pick get
Jo,Darla,0.0,1.7857142857142856,41.07142857142857,0.0,fuss
Darla,Ji,0.0,0.0,47.05882352941176,INF,do
Darla,Ji,0.0,0.0,47.05882352941176,INF,do
Darla,Jo,3.90625,0.0,46.09375,INF,lay do
Darla,Ji,3.90625,0.0,46.09375,INF,lay do
Jo,Ji,3.90625,0.0,46.09375,INF,lay do
Ji,Darla,0.0,0.0,50.0,INF,do call be
Darla,Amanda,0.0,2.941176470588235,55.88235294117647,0.0,give keep paint
Darla,Rosewood,1.0869565217391304,1.6304347826086956,45.108695652173914,0.6666666666666666,do tell be plan go
Preston,Ravens,2.083333333333333,4.513888888888888,57.291666666666664,0.46153846153846156,believe put call tell be argue
Pres,Parvati,8.333333333333332,1.8518518518518516,60.18518518518518,4.5,shake think sit joke
Darla,Parvati,6.730769230769231,10.576923076923077,51.92307692307693,0.6363636363636364,be hear say
FBI,Pres,0.0,0.0,52.63157894736842,INF,find blurt
FBI,Parvati,0.0,0.0,52.63157894736842,INF,find blurt
Pres,Parvati,0.0,0.0,52.63157894736842,INF,find blurt
Darla,Parvati,6.25,0.8928571428571428,57.14285714285714,7.0,be be talk
Darla,Ben,7.291666666666667,0.5208333333333333,58.854166666666664,14.0,tell cheat be go wonder be crush
Darla,Ben,7.291666666666667,0.5208333333333333,58.854166666666664,14.0,tell cheat be go wonder be crush
Ben,Darla,5.357142857142857,7.142857142857142,58.92857142857143,0.75,complain grow have be
Preston,Parvati,2.272727272727273,1.1363636363636365,73.86363636363636,2.0,think stop play
Ben,Rosewood,1.7361111111111112,4.861111111111112,57.291666666666664,0.35714285714285715,be have sleep do want wreck decide crash drive
Ben,Darla,1.9736842105263157,0.6578947368421052,60.526315789473685,3.0,take be wait be draw
Ben,Darla,1.0416666666666665,0.0,62.84722222222222,INF,order eat help eat have box send
Preston,Rosewood,0.0,2.34375,53.90625,0.0,pull sit step
Adam,Rosewood,0.0,3.75,56.25,0.0,be
Anna,Preston,0.0,0.5208333333333333,53.645833333333336,0.0,do tell think be be
Anna,Preston,0.0,0.5208333333333333,53.645833333333336,0.0,do tell think be be
Parvati,Violet Cain,12.5,1.5625,48.4375,8.0,think be
Parvati,Preston,12.5,1.5625,48.4375,8.0,think be
Violet Cain,Preston,12.5,1.5625,48.4375,8.0,think be
Preston,Adam,4.166666666666666,3.3333333333333335,52.5,1.25,have be
Adam,Preston,4.166666666666666,3.3333333333333335,52.5,1.25,have be
Preston,Violet Cain,3.0172413793103448,3.8793103448275863,55.172413793103445,0.7777777777777778,figure go look know have give
Preston,Violet Cain,3.0172413793103448,3.8793103448275863,55.172413793103445,0.7777777777777778,figure go look know have give
Preston,Violet Cain,3.0172413793103448,3.8793103448275863,55.172413793103445,0.7777777777777778,figure go look know have give
Preston,Violet Cain,3.0172413793103448,3.8793103448275863,55.172413793103445,0.7777777777777778,figure go look know have give
Violet Cain,Preston,5.769230769230769,8.653846153846153,50.96153846153846,0.6666666666666666,have get be find trick meet do end
Violet Cain,Preston,5.769230769230769,8.653846153846153,50.96153846153846,0.6666666666666666,have get be find trick meet do end
Preston,Violet Cain,2.272727272727273,2.272727272727273,50.0,1.0,be blackmail
Violet Cain,Preston,2.272727272727273,2.272727272727273,50.0,1.0,be blackmail
Langston,Adam,5.0,0.625,49.375,8.0,be look think try contact
Langston,Pres,5.0,0.625,49.375,8.0,be look think try contact
Langston,Adam,5.0,0.625,49.375,8.0,be look think try contact
Langston,Pres,5.0,0.625,49.375,8.0,be look think try contact
Langston,Adam,5.0,0.625,49.375,8.0,be look think try contact
Langston,Pres,5.0,0.625,49.375,8.0,be look think try contact
Adam,Pres,5.0,0.625,49.375,8.0,be look think try contact
Preston,Langston,7.5,1.6666666666666667,30.833333333333336,4.5,do kill mean know
Preston,Marcus,7.5,1.6666666666666667,30.833333333333336,4.5,do kill mean know
Preston,Langston,7.5,1.6666666666666667,30.833333333333336,4.5,do kill mean know
Preston,Marcus,7.5,1.6666666666666667,30.833333333333336,4.5,do kill mean know
Langston,Marcus,7.5,1.6666666666666667,30.833333333333336,4.5,do kill mean know
LA Times,Anna,5.0,0.8333333333333334,47.5,6.0,be mention
Adam,Rosewood,1.6129032258064515,3.225806451612903,56.451612903225815,0.5,do say be disappear
Preston,Rosewood,1.875,1.875,36.25,1.0,try
Preston,Adam,1.875,1.875,36.25,1.0,try
Rosewood,Preston,1.875,1.875,36.25,1.0,try
Rosewood,Adam,1.875,1.875,36.25,1.0,try
Preston,Adam,1.875,1.875,36.25,1.0,try
Preston,Rosewood,0.0,7.352941176470589,51.470588235294116,0.0,be link
Preston,Adam,0.0,7.352941176470589,51.470588235294116,0.0,be link
Rosewood,Adam,0.0,7.352941176470589,51.470588235294116,0.0,be link
UCLA,Alexander Keller,0.0,1.1904761904761905,51.19047619047619,0.0,die buzz
FBI,Violet Cain,3.0,3.0,70.0,1.0,access be believe put hit cover have
FBI,Adam,3.0,3.0,70.0,1.0,access be believe put hit cover have
FBI,McGhee,3.0,3.0,70.0,1.0,access be believe put hit cover have
FBI,Gonzalez,3.0,3.0,70.0,1.0,access be believe put hit cover have
FBI,Preston,3.0,3.0,70.0,1.0,access be believe put hit cover have
FBI,Preston,3.0,3.0,70.0,1.0,access be believe put hit cover have
FBI,Preston,3.0,3.0,70.0,1.0,access be believe put hit cover have
Violet Cain,Adam,3.0,3.0,70.0,1.0,access be believe put hit cover have
Violet Cain,McGhee,3.0,3.0,70.0,1.0,access be believe put hit cover have
Violet Cain,Gonzalez,3.0,3.0,70.0,1.0,access be believe put hit cover have
Violet Cain,Preston,3.0,3.0,70.0,1.0,access be believe put hit cover have
Violet Cain,Preston,3.0,3.0,70.0,1.0,access be believe put hit cover have
Violet Cain,Preston,3.0,3.0,70.0,1.0,access be believe put hit cover have
Adam,McGhee,3.0,3.0,70.0,1.0,access be believe put hit cover have
Adam,Gonzalez,3.0,3.0,70.0,1.0,access be believe put hit cover have
Adam,Preston,3.0,3.0,70.0,1.0,access be believe put hit cover have
Adam,Preston,3.0,3.0,70.0,1.0,access be believe put hit cover have
Adam,Preston,3.0,3.0,70.0,1.0,access be believe put hit cover have
McGhee,Gonzalez,3.0,3.0,70.0,1.0,access be believe put hit cover have
McGhee,Preston,3.0,3.0,70.0,1.0,access be believe put hit cover have
McGhee,Preston,3.0,3.0,70.0,1.0,access be believe put hit cover have
McGhee,Preston,3.0,3.0,70.0,1.0,access be believe put hit cover have
Gonzalez,Preston,3.0,3.0,70.0,1.0,access be believe put hit cover have
Gonzalez,Preston,3.0,3.0,70.0,1.0,access be believe put hit cover have
Gonzalez,Preston,3.0,3.0,70.0,1.0,access be believe put hit cover have
Parvati,Pres,3.5000000000000004,5.0,43.5,0.7,be like have tell be have
Parvati,Pres,3.5000000000000004,5.0,43.5,0.7,be like have tell be have
Pres,Parvati,8.653846153846153,0.0,45.19230769230769,INF,meet start feel
Preston,Parvati,6.25,3.3653846153846154,59.61538461538461,1.8571428571428572,be go be make
Marcus,Langston,0.8928571428571428,0.0,41.964285714285715,INF,take say
Pres,Preston,5.555555555555555,0.0,44.44444444444444,INF,pre have blackmail die
Darla,Preston,5.263157894736842,3.9473684210526314,32.89473684210527,1.3333333333333333,be be understand
Darla,Preston,5.263157894736842,3.9473684210526314,32.89473684210527,1.3333333333333333,be be understand
Darla,Preston,8.035714285714286,2.6785714285714284,39.285714285714285,3.0,help find let
Preston,Darla,8.035714285714286,2.6785714285714284,39.285714285714285,3.0,help find let
Pres,FBI,7.03125,5.46875,37.5,1.2857142857142858,find be know
Preston,Darla,1.1363636363636365,2.840909090909091,46.02272727272727,0.4,have want hang know trail
Bristol Academy,Parvati,0.0,0.8928571428571428,49.107142857142854,0.0,have
Pres,Preston,0.5208333333333333,3.125,50.520833333333336,0.16666666666666666,do think be get carry blackmail kill
Parvati,Adam,4.545454545454546,5.681818181818182,62.5,0.8,fill learn
Preston,Violet Cain,2.7777777777777777,2.7777777777777777,50.0,1.0,be think have be
Preston,Adam,2.7777777777777777,2.7777777777777777,50.0,1.0,be think have be
Preston,Pres,2.7777777777777777,2.7777777777777777,50.0,1.0,be think have be
Violet Cain,Adam,2.7777777777777777,2.7777777777777777,50.0,1.0,be think have be
Violet Cain,Pres,2.7777777777777777,2.7777777777777777,50.0,1.0,be think have be
Adam,Pres,2.7777777777777777,2.7777777777777777,50.0,1.0,be think have be
Adam,Pres,4.761904761904762,2.380952380952381,45.23809523809524,2.0,think go
Langston,Marcus,2.34375,5.078125,48.828125,0.46153846153846156,shiver think have kill finish set get convict
Langston,Pres,2.34375,5.078125,48.828125,0.46153846153846156,shiver think have kill finish set get convict
Marcus,Pres,2.34375,5.078125,48.828125,0.46153846153846156,shiver think have kill finish set get convict
McGhee,Gonzalez,3.3333333333333335,3.3333333333333335,46.666666666666664,1.0,be seem do
Parvati,Darla,1.3888888888888888,0.6944444444444444,53.47222222222222,2.0,be say sink want give
Parvati,Darla,1.3888888888888888,0.6944444444444444,53.47222222222222,2.0,be say sink want give
Mrs. Amos,Honda,1.5625,0.78125,60.15625,2.0,be park
Pres,Preston,0.5952380952380952,2.976190476190476,53.57142857142857,0.2,be keep
Preston,Bristol Academy,3.3653846153846154,1.4423076923076923,56.730769230769226,2.3333333333333335,be do recognize
Preston,Bristol Academy,3.3653846153846154,1.4423076923076923,56.730769230769226,2.3333333333333335,be do recognize
Langston,Marcus,4.761904761904762,0.0,42.857142857142854,INF,look be be keep
Quinn,Amy,0.0,3.4090909090909087,46.590909090909086,0.0,stand
Quinn,Vista P,0.0,3.4090909090909087,46.590909090909086,0.0,stand
Amy,Vista P,0.0,3.4090909090909087,46.590909090909086,0.0,stand
David,Preston,2.6595744680851063,2.6595744680851063,54.25531914893617,1.0,cheat be be stand think push get
David,Preston,2.6595744680851063,2.6595744680851063,54.25531914893617,1.0,cheat be be stand think push get
David,Preston,2.6595744680851063,2.6595744680851063,54.25531914893617,1.0,cheat be be stand think push get
David,Preston,2.6595744680851063,2.6595744680851063,54.25531914893617,1.0,cheat be be stand think push get
David,Preston,2.6595744680851063,2.6595744680851063,54.25531914893617,1.0,cheat be be stand think push get
Preston,Parvati,6.578947368421052,8.552631578947368,53.289473684210535,0.7692307692307693,get confront spy
Preston,Parvati,6.578947368421052,8.552631578947368,53.289473684210535,0.7692307692307693,get confront spy
Parvati,Preston,6.578947368421052,8.552631578947368,53.289473684210535,0.7692307692307693,get confront spy
Parvati,Preston,4.642857142857143,2.142857142857143,47.5,2.1666666666666665,do know see kill lure be get
Preston,Parvati,4.642857142857143,2.142857142857143,47.5,2.1666666666666665,do know see kill lure be get
Preston,Parvati,4.642857142857143,2.142857142857143,47.5,2.1666666666666665,do know see kill lure be get
Preston,Parvati,4.642857142857143,2.142857142857143,47.5,2.1666666666666665,do know see kill lure be get
Parvati,Max,5.88235294117647,3.6764705882352944,49.26470588235294,1.6,hear say
Max,Parvati,2.5,0.8333333333333334,36.666666666666664,3.0,need go tell
Max,Parvati,2.5,0.8333333333333334,36.666666666666664,3.0,need go tell
Mrs. Amos,Parvati,3.90625,0.0,64.84375,INF,remind call
Max,Mrs. Amos,2.976190476190476,0.0,30.357142857142854,INF,teach take say
Max,Mrs. Amos,2.976190476190476,0.0,30.357142857142854,INF,teach take say
Max,Mrs. Amos,2.976190476190476,0.0,30.357142857142854,INF,teach take say
Preston,Parvati,1.0416666666666665,5.208333333333334,35.41666666666667,0.2,kill lure snatch
Langston,Marcus,2.272727272727273,6.8181818181818175,54.54545454545454,0.3333333333333333,bet be
McGhee,Gonzalez,0.0,0.0,58.333333333333336,INF,be walk approach
McGhee,Gonzalez,2.5,0.0,67.5,INF,hold let shut try enter
McGhee,Gonzalez,2.5,0.0,67.5,INF,hold let shut try enter
Ji,Jo,2.083333333333333,4.166666666666666,52.083333333333336,0.5,sag be threaten swallow
Darla,FBI,3.260869565217391,0.5434782608695652,65.76086956521739,6.0,bend gather think eat
Darla,FBI,3.260869565217391,0.5434782608695652,65.76086956521739,6.0,bend gather think eat
McGhee,Darla,0.0,0.0,20.0,INF,nod
Ji,Jo,0.0,0.0,50.0,INF,squirm
Ji,Jo,0.0,0.0,50.0,INF,squirm
Jo,McGhee,5.0,2.5,32.5,2.0,say look
Jo,Gonzalez,5.0,2.5,32.5,2.0,say look
McGhee,Gonzalez,5.0,2.5,32.5,2.0,say look
Amanda,Darla,0.9615384615384616,6.730769230769231,38.46153846153847,0.14285714285714285,follow
Parvati,McGhee,0.0,0.0,66.66666666666666,INF,bring get do
Parvati,Preston,2.430555555555556,2.083333333333333,42.70833333333333,1.1666666666666667,rip recover be treat
Parvati,Ms. Amos,2.430555555555556,2.083333333333333,42.70833333333333,1.1666666666666667,rip recover be treat
Parvati,Preston,2.430555555555556,2.083333333333333,42.70833333333333,1.1666666666666667,rip recover be treat
Preston,Ms. Amos,2.430555555555556,2.083333333333333,42.70833333333333,1.1666666666666667,rip recover be treat
Ms. Amos,Preston,2.430555555555556,2.083333333333333,42.70833333333333,1.1666666666666667,rip recover be treat
Violet Cain,Gonzalez,3.75,2.5,43.75,1.5,be say
Violet Cain,Preston,1.953125,6.640625,57.03125,0.29411764705882354,be tell think have have be
Violet Cain,Pres,1.953125,6.640625,57.03125,0.29411764705882354,be tell think have have be
Preston,Pres,1.953125,6.640625,57.03125,0.29411764705882354,be tell think have have be
Ms. Amos,Preston,3.125,3.90625,42.96875,0.8,go put
Gonzalez,McGhee,5.357142857142857,0.0,58.92857142857143,INF,look be try put
Gonzalez,McGhee,5.357142857142857,0.0,58.92857142857143,INF,look be try put
Parvati,Preston,0.0,5.555555555555555,38.88888888888889,0.0,disappear
Parvati,Preston,2.083333333333333,8.333333333333332,39.58333333333333,0.25,be be upset
Max,Darla,6.25,0.0,33.75,INF,be say
"Liars , Inc.",Pres,0.5208333333333333,6.770833333333333,42.70833333333333,0.07692307692307693,be blame have provide
Preston,Violet Cain,1.6304347826086956,0.5434782608695652,58.69565217391305,3.0,want go hang stop be
Preston,Parvati,1.6304347826086956,0.5434782608695652,58.69565217391305,3.0,want go hang stop be
Violet Cain,Parvati,1.6304347826086956,0.5434782608695652,58.69565217391305,3.0,want go hang stop be
Violet Cain,Preston,1.6304347826086956,0.5434782608695652,58.69565217391305,3.0,want go hang stop be
Parvati,Preston,1.6304347826086956,0.5434782608695652,58.69565217391305,3.0,want go hang stop be
Parvati,Pres,1.7045454545454544,1.1363636363636365,65.3409090909091,1.5,be transfer be hang eat watch be addict
Parvati,Preston,1.7045454545454544,1.1363636363636365,65.3409090909091,1.5,be transfer be hang eat watch be addict
Pres,Preston,1.7045454545454544,1.1363636363636365,65.3409090909091,1.5,be transfer be hang eat watch be addict
Pres,Preston,0.0,0.0,50.0,INF,take
Parvati,Pres,3.125,1.5625,7.8125,2.0,be
McGhee,Parvati,0.9259259259259258,0.4629629629629629,61.57407407407407,2.0,leave inform be be hold be
McGhee,Parvati,0.9259259259259258,0.4629629629629629,61.57407407407407,2.0,leave inform be be hold be
McGhee,Parvati,0.9259259259259258,0.4629629629629629,61.57407407407407,2.0,leave inform be be hold be
McGhee,Parvati,0.9259259259259258,0.4629629629629629,61.57407407407407,2.0,leave inform be be hold be
Preston,Parvati,5.0,1.6666666666666667,66.66666666666666,3.0,lie hook videotape have
Preston,DeWitt Firearms,5.833333333333333,0.8333333333333334,33.33333333333333,7.0,know be
Pres,Adam,5.46875,0.78125,43.75,7.0,do get be go
Preston,Adam,5.357142857142857,2.6785714285714284,56.25,2.0,have be
Preston,DeWitts,1.5,0.0,46.5,INF,help run bring start
Adam,Rosewood,5.0,3.3333333333333335,51.66666666666667,1.5,be be
Claudia,Preston,3.125,1.25,50.625,2.5,get drill redril mean be
DeWitts,Adam,4.545454545454546,0.7575757575757576,49.24242424242424,6.0,start talk find give start record say
Claudia,Dad,0.7352941176470588,5.88235294117647,52.20588235294118,0.125,do seem take
Claudia,Dad,0.7352941176470588,5.88235294117647,52.20588235294118,0.125,do seem take
Langston,FBI,2.8846153846153846,1.4423076923076923,49.519230769230774,2.0,be get want
Langston,FBI,2.8846153846153846,1.4423076923076923,49.519230769230774,2.0,be get want
Preston,Adam,7.03125,3.125,46.09375,2.25,let think be
Langston,Marcus,5.208333333333334,0.0,44.79166666666667,INF,do have
Anna,Adam,6.25,0.0,43.75,INF,be say
Max,Parvati,1.5625,4.6875,31.25,0.3333333333333333,say
Preston,Adam,4.6875,0.0,57.8125,INF,have show offer act
Henry,Rosewood,9.090909090909092,2.6515151515151514,54.92424242424242,3.4285714285714284,force choose become get pummel know have jump leave
Henry,Rosewood,9.090909090909092,2.6515151515151514,54.92424242424242,3.4285714285714284,force choose become get pummel know have jump leave
Violet Cain,Preston,5.978260869565218,0.5434782608695652,45.65217391304348,11.0,tell give be pay
Adam,Darla,15.384615384615385,0.9615384615384616,45.19230769230769,16.0,have give be
Darla,Adam,15.384615384615385,0.9615384615384616,45.19230769230769,16.0,have give be
Adam,Parvati,2.5,4.375,58.12500000000001,0.5714285714285714,grit want lunge want get shoot
Parvati,Adam,4.464285714285714,2.6785714285714284,50.0,1.6666666666666667,be talk be be dare
Parvati,Bristol Academy,4.464285714285714,2.6785714285714284,50.0,1.6666666666666667,be talk be be dare
Adam,Bristol Academy,4.464285714285714,2.6785714285714284,50.0,1.6666666666666667,be talk be be dare
Parvati,Adam,8.522727272727272,0.5681818181818182,50.0,15.0,be try keep go find make
Adam,Parvati,8.522727272727272,0.5681818181818182,50.0,15.0,be try keep go find make
Max,Parvati,5.263157894736842,3.9473684210526314,43.42105263157895,1.3333333333333333,be say be be say
Adam,Parvati,0.0,12.5,37.5,0.0,ignore
Adam,Parvati,2.380952380952381,0.0,64.28571428571429,INF,work toss
Parvati,Preston,0.0,0.0,12.5,INF,be
Parvati,Adam,4.605263157894736,0.0,48.026315789473685,INF,be get tuck use do
Parvati,Adam,4.605263157894736,0.0,48.026315789473685,INF,be get tuck use do
Adam,Parvati,4.605263157894736,0.0,48.026315789473685,INF,be get tuck use do
Adam,Parvati,9.375,3.125,50.0,3.0,be be supply
Preston,Parvati,0.0,0.0,63.63636363636363,INF,tuck
Preston,Parvati,0.0,0.0,50.0,INF,
Preston,Parvati,3.8461538461538463,0.0,42.30769230769231,INF,make
Max,Preston,2.5,0.0,47.5,INF,think like say
Parvati,Preston,3.125,0.0,46.875,INF,reach undo
Adam,Parvati,2.083333333333333,5.208333333333334,59.375,0.4,start try hurt have get
Adam,Parvati,2.083333333333333,5.208333333333334,59.375,0.4,start try hurt have get
Adam,Parvati,2.840909090909091,2.272727272727273,58.52272727272727,1.25,have be say be do obey
Adam,Parvati,2.840909090909091,2.272727272727273,58.52272727272727,1.25,have be say be do obey
Parvati,Adam,2.840909090909091,2.272727272727273,58.52272727272727,1.25,have be say be do obey
Parvati,Adam,2.840909090909091,2.272727272727273,58.52272727272727,1.25,have be say be do obey
Adam,Preston,0.5208333333333333,3.6458333333333335,50.0,0.14285714285714285,do decide frame skip
Adam,Preston,0.5208333333333333,3.6458333333333335,50.0,0.14285714285714285,do decide frame skip
Preston,Adam,0.5208333333333333,3.6458333333333335,50.0,0.14285714285714285,do decide frame skip
Preston,Parvati,3.90625,0.0,58.59375,INF,swear do know be plan continue
Adam,Parvati,0.0,0.0,83.33333333333334,INF,glance
Adam,Parvati,3.289473684210526,0.0,59.86842105263158,INF,keep press
Adam,Parvati,1.5625,0.0,56.770833333333336,INF,explain be go show look get
McGhee,Gonzalez,0.0,1.3157894736842104,35.526315789473685,0.0,excuse deal promise return
Ben,Darla,2.34375,0.0,60.15625,INF,be freak be call
Gonzalez,McGhee,0.0,0.0,70.37037037037037,INF,step take have wait return continue
Gonzalez,McGhee,0.0,0.0,70.37037037037037,INF,step take have wait return continue
Adam,McGhee,4.642857142857143,5.0,56.07142857142857,0.9285714285714286,finish plant name say be
Adam,Max,4.642857142857143,5.0,56.07142857142857,0.9285714285714286,finish plant name say be
McGhee,Max,4.642857142857143,5.0,56.07142857142857,0.9285714285714286,finish plant name say be
Adam,Claudia,6.25,4.6875,57.8125,1.3333333333333333,remember say have be
Preston,Adam,4.166666666666666,0.0,69.16666666666667,INF,know be turn
Ms. Amos,Gonzalez,2.5,0.0,37.5,INF,speak say
Ms. Amos,Gonzalez,0.5681818181818182,0.0,40.340909090909086,INF,be be update
Ms. Amos,Gonzalez,0.5681818181818182,0.0,40.340909090909086,INF,be be update
FBI,Parvati,1.293103448275862,1.293103448275862,59.48275862068966,1.0,keep have get be involve
FBI,Preston,1.293103448275862,1.293103448275862,59.48275862068966,1.0,keep have get be involve
Parvati,Preston,1.293103448275862,1.293103448275862,59.48275862068966,1.0,keep have get be involve
Darla,Adam,7.291666666666667,0.0,59.375,INF,have tell be
Darla,Adam,2.0161290322580645,2.82258064516129,50.0,0.7142857142857143,remind do think be contribute become
Darla,Adam,2.0161290322580645,2.82258064516129,50.0,0.7142857142857143,remind do think be contribute become
LA Times,Preston,3.5000000000000004,3.0,41.5,1.1666666666666667,break do
LA Times,Adam,3.5000000000000004,3.0,41.5,1.1666666666666667,break do
Preston,Adam,3.5000000000000004,3.0,41.5,1.1666666666666667,break do
Claudia,DeWitt Firearms,0.0,0.0,38.46153846153847,INF,take testify
McGhee,Parvati,0.0,0.0,62.5,INF,tell be transfer be notify change
McGhee,Parvati,0.0,0.0,62.5,INF,tell be transfer be notify change
Parvati,McGhee,0.0,0.0,62.5,INF,tell be transfer be notify change
Ben,Darla,2.5,0.0,65.5,INF,dig seem cut eat
Ben,Darla,2.5,0.0,65.5,INF,dig seem cut eat
Ben,Darla,1.5625,0.0,48.4375,INF,turn
Ben,Darla,1.25,0.0,28.749999999999996,INF,be
Ben,Amanda,1.25,0.0,28.749999999999996,INF,be
Darla,Amanda,1.25,0.0,28.749999999999996,INF,be
Ben,Darla,4.583333333333333,0.8333333333333334,47.91666666666667,5.5,break tell be drop include get
Ben,Langston,4.583333333333333,0.8333333333333334,47.91666666666667,5.5,break tell be drop include get
Ben,Marcus,4.583333333333333,0.8333333333333334,47.91666666666667,5.5,break tell be drop include get
Darla,Langston,4.583333333333333,0.8333333333333334,47.91666666666667,5.5,break tell be drop include get
Darla,Marcus,4.583333333333333,0.8333333333333334,47.91666666666667,5.5,break tell be drop include get
Langston,Marcus,4.583333333333333,0.8333333333333334,47.91666666666667,5.5,break tell be drop include get
Max,Alexander Keller,3.3783783783783785,0.0,58.78378378378378,INF,enclose find regard be bequeath
Max,Alexander Keller,3.3783783783783785,0.0,58.78378378378378,INF,enclose find regard be bequeath
Alexander Keller,Max,3.3783783783783785,0.0,58.78378378378378,INF,enclose find regard be bequeath
Alexander Keller,Max,3.3783783783783785,0.0,58.78378378378378,INF,enclose find regard be bequeath
Alexander Keller,Max,3.3783783783783785,0.0,58.78378378378378,INF,enclose find regard be bequeath
Max,Alexander Keller,3.3783783783783785,0.0,58.78378378378378,INF,enclose find regard be bequeath
Alexander Keller,Max,3.3783783783783785,0.0,58.78378378378378,INF,enclose find regard be bequeath
Alexander Keller,Max,3.3783783783783785,0.0,58.78378378378378,INF,enclose find regard be bequeath
Parvati,Amanda,0.0,0.0,33.33333333333333,INF,bubble
Darla,Amanda,1.7857142857142856,0.0,26.785714285714285,INF,steer
Parvati,Pres,0.78125,1.5625,53.90625,0.5,look wear
Pres,Adam,0.0,0.0,41.66666666666667,INF,meet
Adam,Parvati,9.375,0.0,53.125,INF,play
