NAME 1,NAME 2,% POS,% NEG,% NEUTRAL,POS:NEG,VERBS
Louis Armstrong,Lula Ann,2.82258064516129,3.6290322580645165,54.83870967741935,0.7777777777777778,have be bear blame treat be
Louis Armstrong,Lula Ann,2.631578947368421,3.289473684210526,46.71052631578947,0.8,get
Decagon,Jaguar,2.7777777777777777,1.3888888888888888,56.94444444444444,2.0,think be stand
Jaguar,Mrs. Huxley,4.166666666666666,0.0,56.94444444444444,INF,step do wonder care recognize
Decagon,Jaguar,3.618421052631579,1.644736842105263,52.63157894736842,2.2,deserve get take see hire choose
Booker,Salvatore Ponti,1.7857142857142856,5.357142857142857,42.857142857142854,0.3333333333333333,be address
Julie,Molly,0.0,1.9230769230769231,44.230769230769226,0.0,whisper
Molly,Julie,0.0,1.9230769230769231,44.230769230769226,0.0,whisper
Mommy,Decagon,8.333333333333332,1.1904761904761905,52.38095238095239,7.0,have admit help survive
Mommy,Decagon,8.333333333333332,1.1904761904761905,52.38095238095239,7.0,have admit help survive
Steve,Evelyn,0.0,0.0,59.45945945945946,INF,seem be convert contain lay
Steve,Dr. Muskie,2.083333333333333,3.4722222222222223,33.33333333333333,0.6,carry squeeze take
Steve,Dr. Muskie,2.083333333333333,3.4722222222222223,33.33333333333333,0.6,carry squeeze take
Dr. Muskie,Steve,2.083333333333333,3.4722222222222223,33.33333333333333,0.6,carry squeeze take
Steve,Dr. Muskie,2.083333333333333,3.4722222222222223,33.33333333333333,0.6,carry squeeze take
Dr. Muskie,Steve,0.8333333333333334,0.8333333333333334,65.0,1.0,be sit allow
Steve,Dr. Muskie,0.8333333333333334,0.8333333333333334,65.0,1.0,be sit allow
Steve,Evelyn,0.78125,1.953125,56.640625,0.4,spend sit strum join
Steve,Evelyn,0.78125,1.953125,56.640625,0.4,spend sit strum join
Evelyn,Steve,0.78125,1.953125,56.640625,0.4,spend sit strum join
Evelyn,Steve,0.78125,1.953125,56.640625,0.4,spend sit strum join
Evelyn,Steve,0.78125,1.953125,56.640625,0.4,spend sit strum join
Steve,Evelyn,0.78125,1.953125,56.640625,0.4,spend sit strum join
Steve,Evelyn,0.78125,1.953125,56.640625,0.4,spend sit strum join
Evelyn,Steve,0.78125,1.953125,56.640625,0.4,spend sit strum join
Steve,Evelyn,2.083333333333333,0.0,47.91666666666667,INF,have graduate
Steve,Evelyn,0.3289473684210526,0.0,54.93421052631579,INF,agree stop meet touch get marry move live
Evelyn,Steve,0.3289473684210526,0.0,54.93421052631579,INF,agree stop meet touch get marry move live
Booker,"Sylvia , Inc.",1.0416666666666665,4.166666666666666,48.95833333333333,0.25,be be confront be confront stand
Evelyn,Steve,0.0,0.0,40.0,INF,promise get mail
Evelyn,Steve,0.0,0.0,40.0,INF,promise get mail
Steve,Evelyn,0.0,0.0,14.285714285714285,INF,mean
Evelyn,Steve,0.9146341463414633,1.524390243902439,41.46341463414634,0.6,be come touch think come have run miss hide
Evelyn,Steve,0.9146341463414633,1.524390243902439,41.46341463414634,0.6,be come touch think come have run miss hide
Steve,Evelyn,0.9146341463414633,1.524390243902439,41.46341463414634,0.6,be come touch think come have run miss hide
Steve,Evelyn,0.9146341463414633,1.524390243902439,41.46341463414634,0.6,be come touch think come have run miss hide
Steve,Evelyn,0.9146341463414633,1.524390243902439,41.46341463414634,0.6,be come touch think come have run miss hide
Steve,Evelyn,0.9146341463414633,1.524390243902439,41.46341463414634,0.6,be come touch think come have run miss hide
Evelyn,Steve,3.532608695652174,3.804347826086957,60.05434782608695,0.9285714285714286,be be frown look say be start tell be be throw
Evelyn,Steve,4.310344827586207,1.293103448275862,56.46551724137932,3.3333333333333335,start walk tell pass
Regis,Steve,6.8181818181818175,0.0,56.81818181818182,INF,point
Steve,Regis,2.272727272727273,2.272727272727273,45.45454545454545,1.0,pick say be go warn
Steve,Regis,2.272727272727273,2.272727272727273,45.45454545454545,1.0,pick say be go warn
Steve,Evelyn,0.5681818181818182,2.840909090909091,64.77272727272727,0.2,mean take put save
Booker,Louis Armstrong,1.0,4.0,63.0,0.25,be lose break crush
Adam,Booker,2.083333333333333,5.208333333333334,59.375,0.4,follow have
Booker,Adam,1.0,2.0,73.0,0.5,see be
Booker,Adam,1.0,2.0,73.0,0.5,see be
Adam,Booker,1.0,2.0,73.0,0.5,see be
Adam,Booker,1.0869565217391304,0.0,51.08695652173913,INF,be have name
Booker,Carole,1.7361111111111112,0.6944444444444444,42.01388888888889,2.5,return try think
Booker,Goodman,1.7361111111111112,0.6944444444444444,42.01388888888889,2.5,return try think
Booker,Carole,1.7361111111111112,0.6944444444444444,42.01388888888889,2.5,return try think
Booker,Goodman,1.7361111111111112,0.6944444444444444,42.01388888888889,2.5,return try think
Carole,Goodman,1.7361111111111112,0.6944444444444444,42.01388888888889,2.5,return try think
Queen,Booker,1.6129032258064515,2.82258064516129,56.85483870967742,0.5714285714285714,visit call be think be
Adam,Booker,5.0675675675675675,3.7162162162162162,47.97297297297297,1.3636363636363635,eliminate play count straighten ask take
Adam,Booker,5.0675675675675675,3.7162162162162162,47.97297297297297,1.3636363636363635,eliminate play count straighten ask take
Adam,Booker,5.0675675675675675,3.7162162162162162,47.97297297297297,1.3636363636363635,eliminate play count straighten ask take
Adam,Booker,5.0675675675675675,3.7162162162162162,47.97297297297297,1.3636363636363635,eliminate play count straighten ask take
Adam,Booker,5.0675675675675675,3.7162162162162162,47.97297297297297,1.3636363636363635,eliminate play count straighten ask take
Booker,Adam,4.025423728813559,0.0,58.686440677966104,INF,be accomplish be catch try convict stimulate include be tattoo
Booker,Felicity,5.357142857142857,1.1904761904761905,41.07142857142857,4.5,think ask accompany decide
Felicity,Booker,5.357142857142857,1.1904761904761905,41.07142857142857,4.5,think ask accompany decide
Felicity,Booker,5.357142857142857,1.1904761904761905,41.07142857142857,4.5,think ask accompany decide
Booker,Adam,3.2407407407407405,0.0,59.72222222222222,INF,be go share
Booker,Adam,3.2407407407407405,0.0,59.72222222222222,INF,be go share
Booker,Adam,3.2407407407407405,0.0,59.72222222222222,INF,be go share
Booker,Adam,3.289473684210526,2.302631578947368,57.56578947368421,1.4285714285714286,be be
Booker,Carole,0.0,3.225806451612903,48.38709677419355,0.0,use be jam hold
Booker,Adam,2.0,6.0,48.0,0.3333333333333333,choke discover disappear be go
Booker,Adam,2.0,6.0,48.0,0.3333333333333333,choke discover disappear be go
Booker,Adam,2.0,6.0,48.0,0.3333333333333333,choke discover disappear be go
Booker,Carole,1.1363636363636365,2.272727272727273,51.13636363636363,0.5,pick quarrel argue
Booker,Carole,1.1363636363636365,2.272727272727273,51.13636363636363,0.5,pick quarrel argue
Adam,Booker,0.0,2.272727272727273,34.090909090909086,0.0,want say
Mr. Starbern,Booker,2.7777777777777777,0.0,52.77777777777778,INF,win leave close
Mr. Starbern,Booker,2.7777777777777777,0.0,52.77777777777778,INF,win leave close
Booker,Carole,3.125,1.953125,48.046875,1.6,quarrel try persuade think
Booker,Adam,3.125,1.953125,48.046875,1.6,quarrel try persuade think
Booker,Carole,3.125,1.953125,48.046875,1.6,quarrel try persuade think
Booker,Adam,3.125,1.953125,48.046875,1.6,quarrel try persuade think
Carole,Booker,3.125,1.953125,48.046875,1.6,quarrel try persuade think
Carole,Adam,3.125,1.953125,48.046875,1.6,quarrel try persuade think
Booker,Adam,3.125,1.953125,48.046875,1.6,quarrel try persuade think
Booker,Carole,1.7857142857142856,5.357142857142857,59.523809523809526,0.3333333333333333,be feel
Carole,Booker,1.7857142857142856,5.357142857142857,59.523809523809526,0.3333333333333333,be feel
Goodman,Booker,3.125,0.625,66.25,5.0,seem want die be
Felicity,Booker,3.6458333333333335,2.604166666666667,43.75,1.4,say ask bunk
Felicity,Booker,3.6458333333333335,2.604166666666667,43.75,1.4,say ask bunk
Booker,Felicity,2.631578947368421,0.0,65.78947368421053,INF,take boast
Booker,Louis Armstrong,0.0,0.0,71.42857142857143,INF,do suggest try dress come
Booker,Louis Armstrong,0.0,0.0,71.42857142857143,INF,do suggest try dress come
Booker,Michael,4.75,3.75,55.50000000000001,1.2666666666666666,break move get begin play dapple
Felicity,Booker,5.921052631578947,3.9473684210526314,63.81578947368421,1.5,enrage wonder meddle do
Felicity,Booker,5.921052631578947,3.9473684210526314,63.81578947368421,1.5,enrage wonder meddle do
Felicity,Booker,2.083333333333333,1.6666666666666667,62.916666666666664,1.25,continue arrive quit take
Booker,Carole,4.166666666666666,0.9259259259259258,54.166666666666664,4.5,change need track address
Carole,Booker,4.166666666666666,0.9259259259259258,54.166666666666664,4.5,change need track address
Carole,Booker,4.166666666666666,0.9259259259259258,54.166666666666664,4.5,change need track address
Booker,Adam,3.90625,3.3854166666666665,57.291666666666664,1.1538461538461537,imagine glitter invite feel haunt have cloud
Booker,Adam,3.90625,3.3854166666666665,57.291666666666664,1.1538461538461537,imagine glitter invite feel haunt have cloud
Booker,Adam,3.90625,3.3854166666666665,57.291666666666664,1.1538461538461537,imagine glitter invite feel haunt have cloud
Booker,Adam,3.90625,3.3854166666666665,57.291666666666664,1.1538461538461537,imagine glitter invite feel haunt have cloud
Booker,Adam,3.90625,3.3854166666666665,57.291666666666664,1.1538461538461537,imagine glitter invite feel haunt have cloud
Booker,Adam,3.90625,3.3854166666666665,57.291666666666664,1.1538461538461537,imagine glitter invite feel haunt have cloud
Booker,Queen,3.6290322580645165,3.225806451612903,60.88709677419355,1.125,be relish scribble be visit read reread have ignore misunderstand
Booker,Queen,3.6290322580645165,3.225806451612903,60.88709677419355,1.125,be relish scribble be visit read reread have ignore misunderstand
Queen,Booker,3.6290322580645165,3.225806451612903,60.88709677419355,1.125,be relish scribble be visit read reread have ignore misunderstand
Queen,Booker,3.6290322580645165,3.225806451612903,60.88709677419355,1.125,be relish scribble be visit read reread have ignore misunderstand
Evelyn,Steve,7.03125,5.46875,43.75,1.2857142857142858,have live
Jeri,Booker,4.435483870967742,2.0161290322580645,45.16129032258064,2.2,have capitalize stress glamorize recall have
Booker,Queen,0.0,0.0,46.15384615384615,INF,go see say
Booker,Queen,0.0,0.0,46.15384615384615,INF,go see say
Queen,Booker,0.0,0.0,52.63157894736842,INF,do knock open step
Queen,Booker,5.921052631578947,0.6578947368421052,46.05263157894737,9.0,work get
Queen,Booker,5.921052631578947,0.6578947368421052,46.05263157894737,9.0,work get
Booker,Queen,2.8125,6.5625,45.625,0.42857142857142855,stare stand take hide say leave slouch
Queen,Booker,2.8125,6.5625,45.625,0.42857142857142855,stare stand take hide say leave slouch
Queen,Booker,2.8125,6.5625,45.625,0.42857142857142855,stare stand take hide say leave slouch
Queen,Booker,1.2096774193548387,1.6129032258064515,52.016129032258064,0.75,haul sleep lay see smooth
Queen,Jesus,3.571428571428571,3.316326530612245,60.45918367346938,1.0769230769230769,have be live knit tat have give comfort
Queen,Jesus,1.3392857142857142,4.910714285714286,47.32142857142857,0.2727272727272727,go sit
Queen,Booker,1.3392857142857142,4.910714285714286,47.32142857142857,0.2727272727272727,go sit
Queen,Booker,1.3392857142857142,4.910714285714286,47.32142857142857,0.2727272727272727,go sit
Jesus,Booker,1.3392857142857142,4.910714285714286,47.32142857142857,0.2727272727272727,go sit
Jesus,Booker,1.3392857142857142,4.910714285714286,47.32142857142857,0.2727272727272727,go sit
Queen,Booker,1.7857142857142856,0.0,55.35714285714286,INF,think
Adam,Queen,2.272727272727273,4.545454545454546,56.81818181818182,0.5,be say be be
Booker,Jaguar,0.8928571428571428,0.0,56.25,INF,shout run
Booker,Queen,1.5625,0.78125,53.90625,2.0,get be stand
Booker,Queen,3.3333333333333335,2.5,60.83333333333333,1.3333333333333333,be force hear
Queen,Booker,3.3333333333333335,2.5,60.83333333333333,1.3333333333333333,be force hear
Booker,Jaguar,0.0,0.0,50.0,INF,run follow
Queen,Booker,2.8846153846153846,0.9615384615384616,53.84615384615385,3.0,be admit spend pass open
Booker,Queen,2.8846153846153846,0.9615384615384616,53.84615384615385,3.0,be admit spend pass open
Queen,Booker,2.2058823529411766,4.411764705882353,55.14705882352941,0.5,leave relieve insist assume
Queen,Booker,2.2058823529411766,4.411764705882353,55.14705882352941,0.5,leave relieve insist assume
Booker,Queen,2.314814814814815,0.4629629629629629,60.18518518518518,5.0,maintain soap massage smell
Booker,Queen,2.0,1.5,52.5,1.3333333333333333,do have feel
Queen,Booker,2.0,1.5,52.5,1.3333333333333333,do have feel
Booker,Queen,0.0,0.0,62.5,INF,lean kiss
Booker,Queen,2.5,0.0,64.16666666666667,INF,reach take
Booker,Queen,2.5,0.0,64.16666666666667,INF,reach take
Hannah,Booker,1.3888888888888888,0.0,43.05555555555556,INF,focus say
Booker,Queen,0.0,2.5,57.49999999999999,0.0,sit listen
Booker,Hannah,0.0,2.5,57.49999999999999,0.0,sit listen
Queen,Hannah,0.0,2.5,57.49999999999999,0.0,sit listen
Queen,Adam,1.0,0.0,55.00000000000001,INF,think explain tell hang keep
Queen,Adam,1.0,0.0,55.00000000000001,INF,think explain tell hang keep
Queen,Hannah,0.9259259259259258,2.7777777777777777,48.148148148148145,0.3333333333333333,be follow seem consist have live address
Queen,Hannah,0.9259259259259258,2.7777777777777777,48.148148148148145,0.3333333333333333,be follow seem consist have live address
Booker,Hannah,8.333333333333332,1.3888888888888888,40.27777777777778,6.0,be please be do
Booker,Queen,0.0,0.0,70.58823529411765,INF,take drop rise
Booker,Queen,4.878048780487805,2.4390243902439024,36.58536585365854,2.0,honor be be toss be
Booker,Queen,4.878048780487805,2.4390243902439024,36.58536585365854,2.0,honor be be toss be
Queen,Booker,4.878048780487805,2.4390243902439024,36.58536585365854,2.0,honor be be toss be
Queen,Booker,4.878048780487805,2.4390243902439024,36.58536585365854,2.0,honor be be toss be
Booker,Adam,3.205128205128205,5.769230769230769,57.692307692307686,0.5555555555555556,cut have feel throw have fail have fail
Booker,Adam,3.205128205128205,5.769230769230769,57.692307692307686,0.5555555555555556,cut have feel throw have fail have fail
Adam,Booker,3.205128205128205,5.769230769230769,57.692307692307686,0.5555555555555556,cut have feel throw have fail have fail
Adam,Booker,3.205128205128205,5.769230769230769,57.692307692307686,0.5555555555555556,cut have feel throw have fail have fail
Adam,Booker,3.205128205128205,5.769230769230769,57.692307692307686,0.5555555555555556,cut have feel throw have fail have fail
Booker,Queen,0.0,4.464285714285714,52.67857142857143,0.0,occur die die
Booker,Jaguar,3.9473684210526314,8.552631578947368,66.44736842105263,0.46153846153846156,feel stand join
Booker,Queen,3.125,3.571428571428571,64.73214285714286,0.875,gaze look float have disappear
