NAME 1,NAME 2,% POS,% NEG,% NEUTRAL,POS:NEG,VERBS
Roxanne,Gordon,1.8518518518518516,3.2407407407407405,46.75925925925926,0.5714285714285714,be name be make
Roxanne,Thomas,1.8518518518518516,3.2407407407407405,46.75925925925926,0.5714285714285714,be name be make
Gordon,Thomas,1.8518518518518516,3.2407407407407405,46.75925925925926,0.5714285714285714,be name be make
Venter,Charlie,2.403846153846154,1.9230769230769231,53.36538461538461,1.25,be explain come have
Mona,Venter,2.430555555555556,3.125,47.22222222222222,0.7777777777777778,be close ramble tell matter
Charlie,Jacob,1.4423076923076923,2.8846153846153846,61.057692307692314,0.5,crack leave be convince have be
Charlie,Mona,0.8064516129032258,2.0161290322580645,61.693548387096776,0.4,be visit take start be shake
Reece,Charlie,5.263157894736842,3.618421052631579,46.381578947368425,1.4545454545454546,know be see have visit bloom raise
Charlie,Mom,7.083333333333333,6.666666666666667,62.916666666666664,1.0625,be go have be forget have call tell be injure
Mom,Charlie,7.083333333333333,6.666666666666667,62.916666666666664,1.0625,be go have be forget have call tell be injure
Henry,Roxy,1.25,0.0,28.749999999999996,INF,be
Henry,Roxy,5.0,3.75,31.25,1.3333333333333333,want make
Charlie,Reece,0.0,0.0,38.46153846153847,INF,happen say
Henry,Charlie,6.25,1.25,52.5,5.0,have get visit
Andrew Jackson,Jax,3.6931818181818183,1.7045454545454544,65.05681818181817,2.1666666666666665,know do have sound belong have clean
Andrew Jackson,Mona,3.6931818181818183,1.7045454545454544,65.05681818181817,2.1666666666666665,know do have sound belong have clean
Jax,Mona,3.6931818181818183,1.7045454545454544,65.05681818181817,2.1666666666666665,know do have sound belong have clean
Avery,Cam,2.083333333333333,1.25,46.666666666666664,1.6666666666666667,have look be walk be
Jase,Cam,1.3888888888888888,2.7777777777777777,51.388888888888886,0.5,be be talk
Jase,Teresa,1.3888888888888888,2.7777777777777777,51.388888888888886,0.5,be be talk
Jase,Jax,1.3888888888888888,2.7777777777777777,51.388888888888886,0.5,be be talk
Jase,Calla,1.3888888888888888,2.7777777777777777,51.388888888888886,0.5,be be talk
Cam,Teresa,1.3888888888888888,2.7777777777777777,51.388888888888886,0.5,be be talk
Cam,Jax,1.3888888888888888,2.7777777777777777,51.388888888888886,0.5,be be talk
Cam,Calla,1.3888888888888888,2.7777777777777777,51.388888888888886,0.5,be be talk
Teresa,Jax,1.3888888888888888,2.7777777777777777,51.388888888888886,0.5,be be talk
Teresa,Calla,1.3888888888888888,2.7777777777777777,51.388888888888886,0.5,be be talk
Jax,Calla,1.3888888888888888,2.7777777777777777,51.388888888888886,0.5,be be talk
Angelina Jolie,Mona,2.083333333333333,0.6944444444444444,47.22222222222222,3.0,be
Calla,Jax,0.9146341463414633,0.3048780487804878,59.756097560975604,3.0,adjust be wear let gaze feel spread reach
Calla,Jack,0.9146341463414633,0.3048780487804878,59.756097560975604,3.0,adjust be wear let gaze feel spread reach
Jax,Jack,0.9146341463414633,0.3048780487804878,59.756097560975604,3.0,adjust be wear let gaze feel spread reach
Shepherd,Jax,3.308823529411765,1.8382352941176472,53.67647058823529,1.8,be leave head have close tell
Shepherd,Charlie,3.308823529411765,1.8382352941176472,53.67647058823529,1.8,be leave head have close tell
Jax,Charlie,3.308823529411765,1.8382352941176472,53.67647058823529,1.8,be leave head have close tell
Jack,Coke,2.142857142857143,1.7857142857142856,61.78571428571429,1.2,pour be have grin wink grab
Jack,Melvin,2.142857142857143,1.7857142857142856,61.78571428571429,1.2,pour be have grin wink grab
Coke,Melvin,2.142857142857143,1.7857142857142856,61.78571428571429,1.2,pour be have grin wink grab
Calla,Jax,0.0,0.0,60.0,INF,speak be play nod
Dennis,Reece,0.0,0.0,41.17647058823529,INF,work be
Reece,Dennis,0.0,0.0,41.17647058823529,INF,work be
Reece,Dennis,0.0,0.0,41.17647058823529,INF,work be
Jax,Charlie,4.464285714285714,0.0,38.392857142857146,INF,take
Calla,Jax,0.625,0.3125,49.0625,2.0,be do need take do get be say
Calla,Melvin,0.625,0.3125,49.0625,2.0,be do need take do get be say
Calla,Melvin,0.625,0.3125,49.0625,2.0,be do need take do get be say
Jax,Melvin,0.625,0.3125,49.0625,2.0,be do need take do get be say
Jax,Melvin,0.625,0.3125,49.0625,2.0,be do need take do get be say
Jax,Nick,2.232142857142857,1.3392857142857142,53.57142857142857,1.6666666666666667,overhear tell ban bang do want see
Jax,Nick,2.232142857142857,1.3392857142857142,53.57142857142857,1.6666666666666667,overhear tell ban bang do want see
Nick,Jax,0.0,0.0,53.84615384615385,INF,grab nod
Nick,Calla,0.0,0.0,57.14285714285714,INF,grin
Jax,Nick,0.625,0.0,54.37499999999999,INF,chuckle drop tuck
Jax,Nick,0.625,0.0,54.37499999999999,INF,chuckle drop tuck
Calla,Nick,0.625,1.25,48.125,0.5,comment cradle
Calla,Nick,0.625,1.25,48.125,0.5,comment cradle
Calla,Jase,0.0,1.1363636363636365,53.40909090909091,0.0,glance be talk
Calla,Cam,0.0,1.1363636363636365,53.40909090909091,0.0,glance be talk
Jase,Cam,0.0,1.1363636363636365,53.40909090909091,0.0,glance be talk
Jax,Jase,0.0,0.0,64.28571428571429,INF,drop press
Jax,Jase,0.0,0.0,64.28571428571429,INF,drop press
Jax,Calla,0.0,0.0,64.28571428571429,INF,drop press
Jase,Calla,0.0,0.0,64.28571428571429,INF,drop press
Jase,Calla,0.0,0.0,64.28571428571429,INF,drop press
Tess,Calla,0.0,0.0,60.0,INF,shake lean
Tess,Calla,0.0,0.0,60.0,INF,shake lean
Tess,Calla,0.0,0.0,60.0,INF,shake lean
Cam,Avery,0.0,0.0,50.0,INF,do
Calla,Jax,2.564102564102564,1.282051282051282,57.692307692307686,2.0,be be come expect be have make be be
Calla,Katie,2.564102564102564,1.282051282051282,57.692307692307686,2.0,be be come expect be have make be be
Calla,Katie,2.564102564102564,1.282051282051282,57.692307692307686,2.0,be be come expect be have make be be
Jax,Katie,2.564102564102564,1.282051282051282,57.692307692307686,2.0,be be come expect be have make be be
Jax,Katie,2.564102564102564,1.282051282051282,57.692307692307686,2.0,be be come expect be have make be be
Henry,Charlie,3.7037037037037033,3.7037037037037033,59.25925925925925,1.0,do want think sound do want think
Reece,Henry,3.4482758620689653,1.7241379310344827,67.24137931034483,2.0,dance have make tell
Reece,Henry,3.4482758620689653,1.7241379310344827,67.24137931034483,2.0,dance have make tell
Reece,Nick,5.0,0.0,60.0,INF,wait decide have get
Mom,Charlie,5.357142857142857,0.4464285714285714,54.91071428571429,12.0,swear be look have grow doubt be
Reece,Nick,2.604166666666667,2.083333333333333,61.979166666666664,1.25,have drop face be grab splash
Reece,Mona,2.604166666666667,2.083333333333333,61.979166666666664,1.25,have drop face be grab splash
Reece,Nick,2.604166666666667,2.083333333333333,61.979166666666664,1.25,have drop face be grab splash
Reece,Mona,2.604166666666667,2.083333333333333,61.979166666666664,1.25,have drop face be grab splash
Reece,Nick,2.604166666666667,2.083333333333333,61.979166666666664,1.25,have drop face be grab splash
Reece,Mona,2.604166666666667,2.083333333333333,61.979166666666664,1.25,have drop face be grab splash
Nick,Mona,2.604166666666667,2.083333333333333,61.979166666666664,1.25,have drop face be grab splash
Calla,Reece,4.166666666666666,0.5208333333333333,49.47916666666667,8.0,gaze drift do need look know have exit
Reece,Cam,0.0,0.0,57.14285714285714,INF,drop
Reece,Cam,0.0,0.0,57.14285714285714,INF,drop
Calla,Jax,0.0,0.0,20.0,INF,be
Calla,Tess,1.3888888888888888,0.0,54.166666666666664,INF,stare
Calla,Avery,1.3888888888888888,0.0,54.166666666666664,INF,stare
Tess,Avery,1.3888888888888888,0.0,54.166666666666664,INF,stare
Avery,Tess,0.0,0.0,57.14285714285714,INF,grin lean
Tess,HUFFLEPUFF,5.0,0.0,60.0,INF,bounce hear be sort be think fall be fool
Tess,Calla,5.0,0.0,60.0,INF,bounce hear be sort be think fall be fool
HUFFLEPUFF,Tess,5.0,0.0,60.0,INF,bounce hear be sort be think fall be fool
HUFFLEPUFF,Calla,5.0,0.0,60.0,INF,bounce hear be sort be think fall be fool
Tess,Calla,5.0,0.0,60.0,INF,bounce hear be sort be think fall be fool
Tess,Avery,0.7352941176470588,0.7352941176470588,57.35294117647059,1.0,nibble watch refill
Tess,Avery,0.7352941176470588,0.7352941176470588,57.35294117647059,1.0,nibble watch refill
Tess,Avery,0.7352941176470588,0.7352941176470588,57.35294117647059,1.0,nibble watch refill
Cam,Jax,1.1627906976744187,0.5813953488372093,56.395348837209305,2.0,appear be be gaze drift forget be do
Cam,Jase,1.1627906976744187,0.5813953488372093,56.395348837209305,2.0,appear be be gaze drift forget be do
Jax,Jase,1.1627906976744187,0.5813953488372093,56.395348837209305,2.0,appear be be gaze drift forget be do
Katie,Reece,2.8301886792452833,1.4150943396226416,46.69811320754717,2.0,do need have be convince fall hit develop know be think stare mean
Katie,Reece,2.8301886792452833,1.4150943396226416,46.69811320754717,2.0,do need have be convince fall hit develop know be think stare mean
Katie,Reece,2.8301886792452833,1.4150943396226416,46.69811320754717,2.0,do need have be convince fall hit develop know be think stare mean
Katie,Reece,2.8301886792452833,1.4150943396226416,46.69811320754717,2.0,do need have be convince fall hit develop know be think stare mean
Katie,Reece,2.8301886792452833,1.4150943396226416,46.69811320754717,2.0,do need have be convince fall hit develop know be think stare mean
Katie,Reece,2.8301886792452833,1.4150943396226416,46.69811320754717,2.0,do need have be convince fall hit develop know be think stare mean
Katie,Reece,2.8301886792452833,1.4150943396226416,46.69811320754717,2.0,do need have be convince fall hit develop know be think stare mean
Katie,Reece,2.8301886792452833,1.4150943396226416,46.69811320754717,2.0,do need have be convince fall hit develop know be think stare mean
Mrs. Silver,James,1.5086206896551724,2.8017241379310347,66.37931034482759,0.5384615384615384,live see have move work live
Mrs. Silver,James,1.5086206896551724,2.8017241379310347,66.37931034482759,0.5384615384615384,live see have move work live
Mrs. Silver,Miriam,1.5086206896551724,2.8017241379310347,66.37931034482759,0.5384615384615384,live see have move work live
James,Miriam,1.5086206896551724,2.8017241379310347,66.37931034482759,0.5384615384615384,live see have move work live
James,Miriam,1.5086206896551724,2.8017241379310347,66.37931034482759,0.5384615384615384,live see have move work live
Dean,Melvin,2.0161290322580645,0.8064516129032258,61.693548387096776,2.5,bring have accord have go hope
Dean,Reece,3.4090909090909087,2.272727272727273,53.40909090909091,1.5,share be be have kiss
Mom,Dad,3.125,0.6944444444444444,51.736111111111114,4.5,thank close need be see
Mom,Reece,3.125,0.6944444444444444,51.736111111111114,4.5,thank close need be see
Dad,Reece,3.125,0.6944444444444444,51.736111111111114,4.5,thank close need be see
Gordon,Thomas,0.9375,1.5625,55.00000000000001,0.6,assume mean be go get
Reece,Henry,5.241935483870968,1.6129032258064515,47.983870967741936,3.25,think be find tell continue punch
Henry,Roxy,0.0,0.0,28.57142857142857,INF,
Henry,Roxy,7.5,0.0,32.5,INF,be
Mom,Reece,9.090909090909092,1.1363636363636365,53.40909090909091,8.0,drone sound
Mona,Mom,5.092592592592593,0.9259259259259258,53.24074074074075,5.5,be get get
Jax,Shepherd,2.083333333333333,0.5208333333333333,59.895833333333336,4.0,be come
Jax,Calla,2.083333333333333,0.5208333333333333,59.895833333333336,4.0,be come
Shepherd,Calla,2.083333333333333,0.5208333333333333,59.895833333333336,4.0,be come
Mack,Isaiah,0.78125,0.0,52.34375,INF,see have work name know stay
Mack,Calla,5.182926829268292,2.1341463414634148,51.21951219512195,2.4285714285714284,gather be mess threaten have get have be be throw
Mack,Isaiah,5.182926829268292,2.1341463414634148,51.21951219512195,2.4285714285714284,gather be mess threaten have get have be be throw
Mack,Isaiah,5.182926829268292,2.1341463414634148,51.21951219512195,2.4285714285714284,gather be mess threaten have get have be be throw
Calla,Isaiah,5.182926829268292,2.1341463414634148,51.21951219512195,2.4285714285714284,gather be mess threaten have get have be be throw
Calla,Isaiah,5.182926829268292,2.1341463414634148,51.21951219512195,2.4285714285714284,gather be mess threaten have get have be be throw
Dean,Katie,7.03125,0.78125,60.9375,9.0,eye be have stroll
Dean,Katie,7.03125,0.78125,60.9375,9.0,eye be have stroll
Katie,Dean,2.941176470588235,2.941176470588235,47.05882352941176,1.0,elbow squeeze
Dean,Katie,2.941176470588235,2.941176470588235,47.05882352941176,1.0,elbow squeeze
Dean,Katie,1.0,2.5,48.5,0.4,cut clamp be touch catch
Dean,Katie,1.0,2.5,48.5,0.4,cut clamp be touch catch
Dean,Katie,1.0,2.5,48.5,0.4,cut clamp be touch catch
Dean,Katie,1.0,2.5,48.5,0.4,cut clamp be touch catch
Dean,Katie,1.0,2.5,48.5,0.4,cut clamp be touch catch
Dean,Katie,1.0,2.5,48.5,0.4,cut clamp be touch catch
Dean,Katie,1.0,2.5,48.5,0.4,cut clamp be touch catch
Dean,Katie,1.0,2.5,48.5,0.4,cut clamp be touch catch
Katie,Dean,3.125,0.0,53.125,INF,arch check drop
Katie,Dean,3.125,0.0,53.125,INF,arch check drop
Katie,Dean,0.0,0.0,66.66666666666666,INF,make
Jax,Nick,1.875,0.625,37.5,3.0,be
Jax,Clyde,1.875,0.625,37.5,3.0,be
Nick,Clyde,1.875,0.625,37.5,3.0,be
Nick,Reece,0.0,0.0,66.66666666666666,INF,clap stroll
Reece,Nick,0.0,0.0,66.66666666666666,INF,clap stroll
Reece,Nick,0.0,0.0,66.66666666666666,INF,clap stroll
Reece,Mona,3.4090909090909087,0.5681818181818182,50.56818181818182,6.0,sit be
Jax,Reece,1.25,0.625,53.125,2.0,be work say
Colton,Reece,3.9634146341463414,5.182926829268292,49.390243902439025,0.7647058823529411,have be be consider be
Colton,Richard,3.9634146341463414,5.182926829268292,49.390243902439025,0.7647058823529411,have be be consider be
Colton,Richard,3.9634146341463414,5.182926829268292,49.390243902439025,0.7647058823529411,have be be consider be
Colton,Reece,3.9634146341463414,5.182926829268292,49.390243902439025,0.7647058823529411,have be be consider be
Colton,Richard,3.9634146341463414,5.182926829268292,49.390243902439025,0.7647058823529411,have be be consider be
Colton,Richard,3.9634146341463414,5.182926829268292,49.390243902439025,0.7647058823529411,have be be consider be
Reece,Richard,3.9634146341463414,5.182926829268292,49.390243902439025,0.7647058823529411,have be be consider be
Reece,Richard,3.9634146341463414,5.182926829268292,49.390243902439025,0.7647058823529411,have be be consider be
Richard,Reece,2.1551724137931036,0.8620689655172413,65.94827586206897,2.5,peek think cut be be involve shoot
Richard,Reece,2.1551724137931036,0.8620689655172413,65.94827586206897,2.5,peek think cut be be involve shoot
Reece,Jax,3.0,1.0,56.00000000000001,3.0,have push have be have pull
Jax,Reece,3.0,1.0,56.00000000000001,3.0,have push have be have pull
Richard,Colton,10.0,0.8333333333333334,35.833333333333336,12.0,be know be
Richard,Colton,10.0,0.8333333333333334,35.833333333333336,12.0,be know be
Jax,Charlie,3.0,2.0,59.0,1.5,do think be go be take
Jax,Charlie,3.0,2.0,59.0,1.5,do think be go be take
Jax,Shepherd,3.0,2.0,59.0,1.5,do think be go be take
Charlie,Shepherd,3.0,2.0,59.0,1.5,do think be go be take
Charlie,Shepherd,3.0,2.0,59.0,1.5,do think be go be take
Jax,Nick,3.3333333333333335,0.4166666666666667,62.916666666666664,8.0,be suppose be doubt make run see
Jax,Charlie,3.3333333333333335,0.4166666666666667,62.916666666666664,8.0,be suppose be doubt make run see
Nick,Charlie,3.3333333333333335,0.4166666666666667,62.916666666666664,8.0,be suppose be doubt make run see
Mrs. Silver,Reece,3.125,1.0416666666666665,56.94444444444444,3.0,take fill place steer
Mrs. Silver,Reece,3.125,1.0416666666666665,56.94444444444444,3.0,take fill place steer
James,Miriam,1.8518518518518516,2.7777777777777777,50.92592592592593,0.6666666666666666,be radiate
Reece,Mona,3.0,0.0,53.0,INF,do get come talk use
Reece,Charlie,5.416666666666667,2.5,45.416666666666664,2.1666666666666665,be stand think have say live
Venter,Charlie,7.291666666666667,3.125,56.25,2.3333333333333335,have explain have check be have get eat
Roxy,Charlie,2.083333333333333,0.0,47.91666666666667,INF,use love suggest near lead wait
Roxy,Venter,0.0,4.6875,32.8125,0.0,whisper
Roxanne,Henry,1.875,0.625,52.5,3.0,say crawl have swarm
Henry,Charlie,5.681818181818182,2.840909090909091,55.11363636363637,2.0,want see be go let happen
Henry,Venter,0.0,1.3888888888888888,65.27777777777779,0.0,glance stand
Roxy,Venter,0.0,5.555555555555555,38.88888888888889,0.0,say
Dennis,Henry,2.717391304347826,0.0,53.80434782608695,INF,sit stare finish
Dennis,Hanner,3.9285714285714284,0.35714285714285715,58.57142857142858,11.0,rain have glare want pick shake
Hanner,Dennis,3.9285714285714284,0.35714285714285715,58.57142857142858,11.0,rain have glare want pick shake
Henry,Hanner,0.0,0.0,54.54545454545454,INF,turn look
Jax,Reece,3.571428571428571,0.0,53.57142857142857,INF,share nod
Jax,Nick,3.571428571428571,0.0,53.57142857142857,INF,share nod
Reece,Nick,3.571428571428571,0.0,53.57142857142857,INF,share nod
Dennis,Reece,1.5625,1.171875,53.515625,1.3333333333333333,pull have continue catch be talk
Dennis,Reece,1.5625,1.171875,53.515625,1.3333333333333333,pull have continue catch be talk
Colton,Reece,4.166666666666666,2.976190476190476,54.761904761904766,1.4,get drop explain
Colton,Reece,4.166666666666666,2.976190476190476,54.761904761904766,1.4,get drop explain
Colton,Reece,4.166666666666666,2.976190476190476,54.761904761904766,1.4,get drop explain
Jax,Nick,4.166666666666666,1.5625,52.604166666666664,2.6666666666666665,do take notice be wait hang
Jax,Reece,4.166666666666666,1.5625,52.604166666666664,2.6666666666666665,do take notice be wait hang
Nick,Reece,4.166666666666666,1.5625,52.604166666666664,2.6666666666666665,do take notice be wait hang
Jax,Reece,5.769230769230769,0.9615384615384616,54.807692307692314,6.0,feel have miss comment glance
Jax,Reece,5.769230769230769,0.9615384615384616,54.807692307692314,6.0,feel have miss comment glance
Jax,Nick,0.0,0.0,62.5,INF,raise grin
Jax,Nick,0.0,0.0,62.5,INF,raise grin
Jax,Reece,2.4193548387096775,1.2096774193548387,47.983870967741936,2.0,be flabbergast seem work fulfil chat
Reece,Jax,0.0,0.0,46.15384615384615,INF,near stop
Jax,Reece,0.0,0.0,40.0,INF,shake
Reece,Jax,8.59375,1.5625,58.59375,5.5,meet forget be stand
Reece,Plymouth Meeting,1.953125,0.390625,63.28125,5.0,have dismiss blurt meet decide sound be
Reece,Roxy,0.8333333333333334,0.0,52.5,INF,believe think be be
Reece,Charlie,3.0,12.5,48.5,0.24,hate see want want hurt
Reece,Charlie,3.0,12.5,48.5,0.24,hate see want want hurt
Henry,Charlie,0.0,0.0,59.09090909090909,INF,pick throw walk
Henry,Reece,0.9259259259259258,4.166666666666666,54.166666666666664,0.2222222222222222,have harm go keep swipe
Henry,Reece,0.9259259259259258,4.166666666666666,54.166666666666664,0.2222222222222222,have harm go keep swipe
Henry,Reece,0.9259259259259258,4.166666666666666,54.166666666666664,0.2222222222222222,have harm go keep swipe
Henry,Charlie,3.125,0.390625,49.609375,8.0,do mean do do make throw
Henry,Charlie,3.125,0.390625,49.609375,8.0,do mean do do make throw
Henry,Charlie,3.125,0.390625,49.609375,8.0,do mean do do make throw
Henry,Charlie,3.125,0.390625,49.609375,8.0,do mean do do make throw
Henry,Charlie,3.125,0.390625,49.609375,8.0,do mean do do make throw
Henry,Charlie,3.125,0.390625,49.609375,8.0,do mean do do make throw
Charlie,Henry,3.125,7.291666666666667,39.58333333333333,0.42857142857142855,be unleash
HGTV,Reece,1.0638297872340425,3.1914893617021276,59.57446808510638,0.3333333333333333,have mean doze watch remodel show fall curl
Calla,Katie,1.7857142857142856,0.0,55.35714285714286,INF,sit
Katie,Calla,0.0,4.166666666666666,54.166666666666664,0.0,ignore nod
Katie,Calla,0.7352941176470588,0.7352941176470588,51.470588235294116,1.0,need say gape
Calla,Katie,0.7352941176470588,0.7352941176470588,51.470588235294116,1.0,need say gape
Katie,Calla,0.0,0.0,40.0,INF,twist
Teresa,Jase,0.0,0.0,58.82352941176471,INF,think be come
Calla,Katie,0.0,0.0,62.5,INF,prop
Jax,Reece,0.0,6.25,43.75,0.0,tell come wait get
Jax,Reece,0.0,6.25,43.75,0.0,tell come wait get
Calla,Katie,0.0,0.0,66.66666666666666,INF,clap bounce
Calla,Katie,0.0,0.0,66.66666666666666,INF,clap bounce
Charlie,Reece,5.859375,4.6875,51.953125,1.25,be have tell have go include
Calla,Katie,0.8333333333333334,0.0,59.166666666666664,INF,stare dangle
Reece,Katie,3.7162162162162162,1.6891891891891893,45.94594594594595,2.2,have know have be insist do protest figure end
Reece,Katie,3.7162162162162162,1.6891891891891893,45.94594594594595,2.2,have know have be insist do protest figure end
Katie,Calla,1.25,0.0,53.75,INF,wave hold make choke reach
Katie,Calla,1.25,0.0,53.75,INF,wave hold make choke reach
Calla,Katie,1.25,0.0,53.75,INF,wave hold make choke reach
Calla,Katie,1.25,0.0,53.75,INF,wave hold make choke reach
Calla,Katie,10.714285714285714,5.357142857142857,55.35714285714286,2.0,turn
Reece,Calla,2.34375,3.125,44.53125,0.75,think regret have toss
Calla,Katie,0.0,1.25,68.75,0.0,nod poke scramble
Calla,Katie,0.0,1.25,68.75,0.0,nod poke scramble
Calla,Katie,3.289473684210526,0.6578947368421052,38.15789473684211,5.0,stifle
Calla,Katie,3.289473684210526,0.6578947368421052,38.15789473684211,5.0,stifle
Reece,Calla,5.769230769230769,0.9615384615384616,31.73076923076923,6.0,need tell advise
Calla,Henry,0.0,8.928571428571429,48.214285714285715,0.0,elbow frown
Calla,Henry,0.0,8.928571428571429,48.214285714285715,0.0,elbow frown
Calla,Katie,0.0,0.0,60.0,INF,clear
Calla,Katie,1.2195121951219512,1.2195121951219512,68.29268292682927,1.0,watch speed have park climb
Calla,Katie,1.2195121951219512,1.2195121951219512,68.29268292682927,1.0,watch speed have park climb
Teresa,Jase,0.0,2.7777777777777777,41.66666666666667,0.0,be
Calla,Katie,2.083333333333333,1.0416666666666665,63.541666666666664,2.0,smile reach give
Dennis,Henry,3.7037037037037033,4.166666666666666,62.5,0.8888888888888888,let know have get be go cost fix
James,Miriam,0.0,0.0,40.0,INF,have tell
Miriam,James,0.0,0.0,40.0,INF,have tell
Melvin,Reece,0.0,3.125,61.875,0.0,tell be see wait get
Dad,Reece,4.807692307692308,5.769230769230769,35.57692307692308,0.8333333333333334,be want adopt
Dad,Colton,4.807692307692308,5.769230769230769,35.57692307692308,0.8333333333333334,be want adopt
Reece,Colton,4.807692307692308,5.769230769230769,35.57692307692308,0.8333333333333334,be want adopt
Reece,Mom,5.625,0.0,29.375,INF,read start plan call
Reece,Mom,5.833333333333333,0.8333333333333334,60.0,7.0,leave be
Reece,Mom,5.833333333333333,0.8333333333333334,60.0,7.0,leave be
Reece,Charlie,1.9230769230769231,7.6923076923076925,51.92307692307693,0.25,lose be lose
Reece,Charlie,2.272727272727273,3.0303030303030303,43.18181818181818,0.75,bear feel understand remind be
Katie,Reece,9.765625,7.421875,45.3125,1.3157894736842106,run have say feel have be
Roxy,Reece,0.0,2.6785714285714284,33.035714285714285,0.0,fuck tell
Reece,Roxy,5.743243243243244,3.040540540540541,53.37837837837838,1.8888888888888888,mean do flip say create be
Reece,Roxy,5.743243243243244,3.040540540540541,53.37837837837838,1.8888888888888888,mean do flip say create be
Reece,Roxy,5.743243243243244,3.040540540540541,53.37837837837838,1.8888888888888888,mean do flip say create be
Brock,Jax,5.263157894736842,4.605263157894736,48.026315789473685,1.1428571428571428,have know seem know
Brock,Jax,5.263157894736842,4.605263157894736,48.026315789473685,1.1428571428571428,have know seem know
Jax,Brock,2.840909090909091,0.0,51.70454545454546,INF,show spend be
Jax,Brock,2.840909090909091,0.0,51.70454545454546,INF,show spend be
Brock,Jax,0.0,0.0,68.42105263157895,INF,take give stroll
Jax,Brock,0.0,0.0,68.42105263157895,INF,take give stroll
Jax,Brock,7.575757575757576,2.272727272727273,62.878787878787875,3.3333333333333335,look be go have change
Jax,Brock,0.0,0.0,37.5,INF,cock
Jax,Brock,0.0,0.0,40.0,INF,shake
Jax,Brock,0.0,1.5625,42.1875,0.0,have hear answer angle
Jax,Reece,3.5000000000000004,0.5,56.00000000000001,7.0,know be be
Isaiah,Calla,4.6875,2.604166666666667,51.041666666666664,1.8,be have steal
Isaiah,Calla,5.978260869565218,1.0869565217391304,53.80434782608695,5.5,reach be be live
Isaiah,Mack,2.0,0.0,62.0,INF,have go be be suppose be handle
Isaiah,Calla,2.0,0.0,62.0,INF,have go be be suppose be handle
Mack,Calla,2.0,0.0,62.0,INF,have go be be suppose be handle
Mack,Isaiah,2.0,0.0,62.0,INF,have go be be suppose be handle
Calla,Isaiah,2.0,0.0,62.0,INF,have go be be suppose be handle
Isaiah,Calla,5.46875,3.125,47.65625,1.75,have be be
Mack,Isaiah,0.7352941176470588,0.7352941176470588,69.11764705882352,1.0,prove be find know have write
Mack,Isaiah,0.7352941176470588,0.7352941176470588,69.11764705882352,1.0,prove be find know have write
Isaiah,Mona,0.0,1.3888888888888888,59.72222222222222,0.0,stroll leave
Mona,Isaiah,0.0,1.3888888888888888,59.72222222222222,0.0,stroll leave
Katie,Jax,0.5952380952380952,4.166666666666666,42.857142857142854,0.14285714285714285,hoist make smile feel
Isaiah,Katie,5.416666666666667,0.0,34.583333333333336,INF,know like love correct throw
Isaiah,Katie,5.416666666666667,0.0,34.583333333333336,INF,know like love correct throw
Calla,Teresa,0.0,2.5,67.5,0.0,be come
Calla,Katie,1.3392857142857142,2.232142857142857,50.0,0.6,leave continue cringe know be head
Calla,Katie,1.3392857142857142,2.232142857142857,50.0,0.6,leave continue cringe know be head
Calla,Teresa,5.769230769230769,3.8461538461538463,51.92307692307693,1.5,do remind be have break stop laugh make be
Dean,Reece,0.7352941176470588,0.7352941176470588,57.35294117647059,1.0,speak hang be send have receive
Katie,Reece,5.357142857142857,0.0,37.5,INF,believe be
Venter,Charlie,4.741379310344827,1.293103448275862,56.03448275862068,3.6666666666666665,stand do reach
Colton,Reece,1.3888888888888888,0.0,67.5,INF,be have start be be be play mean be watch
Colton,Reece,1.3888888888888888,0.0,67.5,INF,be have start be be be play mean be watch
Charlie,Reece,1.0416666666666665,2.083333333333333,55.208333333333336,0.5,make be sit
Charlie,Reece,1.0416666666666665,2.083333333333333,55.208333333333336,0.5,make be sit
Reece,Charlie,2.7777777777777777,1.3888888888888888,34.72222222222222,2.0,involve quip giggle roll
Reece,Charlie,2.7777777777777777,1.3888888888888888,34.72222222222222,2.0,involve quip giggle roll
Charlie,Reece,2.083333333333333,2.7777777777777777,50.69444444444444,0.75,glance sit face
Charlie,Reece,2.083333333333333,2.7777777777777777,50.69444444444444,0.75,glance sit face
Henry,Charlie,2.083333333333333,0.0,59.02777777777778,INF,swagger stand puff
Henry,Charlie,2.083333333333333,0.0,59.02777777777778,INF,swagger stand puff
Nick,Jax,5.092592592592593,2.314814814814815,55.55555555555556,2.2,be have take visit
Nick,Calla,5.092592592592593,2.314814814814815,55.55555555555556,2.2,be have take visit
Jax,Calla,5.092592592592593,2.314814814814815,55.55555555555556,2.2,be have take visit
Reece,Mona,1.3888888888888888,0.0,65.27777777777779,INF,spend
Nick,Dean,5.46875,0.0,53.90625,INF,be block do know be say make leave do care
Nick,Dean,5.46875,0.0,53.90625,INF,be block do know be say make leave do care
Roxy,Henry,6.944444444444445,0.0,26.38888888888889,INF,start
Reece,Dean,1.8867924528301887,0.0,67.9245283018868,INF,see keep wait see come get be have puke offer buy let give head
Reece,Henry,1.8867924528301887,0.0,67.9245283018868,INF,see keep wait see come get be have puke offer buy let give head
Dean,Henry,1.8867924528301887,0.0,67.9245283018868,INF,see keep wait see come get be have puke offer buy let give head
Jax,Reece,0.0,0.0,64.70588235294117,INF,start call remember be
Jesus,Roxy,0.0,0.0,38.46153846153847,INF,be
Jesus,Roxy,2.083333333333333,0.0,47.91666666666667,INF,do think have see
Nick,Reece,0.0,0.0,61.111111111111114,INF,let be recognize
Reece,Nick,0.0,0.0,61.111111111111114,INF,let be recognize
Katie,Hank,0.0,0.0,35.714285714285715,INF,be be engage
Katie,Hank,0.0,0.0,35.714285714285715,INF,be be engage
Hank,Katie,3.571428571428571,2.5,56.785714285714285,1.4285714285714286,think have be let use
Hank,Katie,3.571428571428571,2.5,56.785714285714285,1.4285714285714286,think have be let use
Hank,Mona,3.571428571428571,2.5,56.785714285714285,1.4285714285714286,think have be let use
Katie,Hank,3.571428571428571,2.5,56.785714285714285,1.4285714285714286,think have be let use
Katie,Hank,3.571428571428571,2.5,56.785714285714285,1.4285714285714286,think have be let use
Katie,Mona,3.571428571428571,2.5,56.785714285714285,1.4285714285714286,think have be let use
Hank,Katie,3.571428571428571,2.5,56.785714285714285,1.4285714285714286,think have be let use
Hank,Mona,3.571428571428571,2.5,56.785714285714285,1.4285714285714286,think have be let use
Katie,Hank,3.571428571428571,2.5,56.785714285714285,1.4285714285714286,think have be let use
Katie,Mona,3.571428571428571,2.5,56.785714285714285,1.4285714285714286,think have be let use
Hank,Mona,3.571428571428571,2.5,56.785714285714285,1.4285714285714286,think have be let use
Reece,Hank,0.5952380952380952,2.380952380952381,73.21428571428571,0.25,stretch take raise
James,Kip,0.0,0.0,45.45454545454545,INF,be be
James,Kip,0.0,0.0,45.45454545454545,INF,be be
James,Hank,0.0,1.3888888888888888,59.72222222222222,0.0,see say strain see
James,Hank,0.0,1.3888888888888888,59.72222222222222,0.0,see say strain see
Hank,Nick,0.0,0.6944444444444444,65.97222222222221,0.0,respond give enter
Hank,Nick,0.0,0.6944444444444444,65.97222222222221,0.0,respond give enter
Nick,Hank,0.0,0.6944444444444444,65.97222222222221,0.0,respond give enter
Nick,Reece,2.2058823529411766,0.0,47.794117647058826,INF,take be sleep repeat become have hear
Reece,Hank,7.142857142857142,0.0,50.0,INF,extend
Reece,Hank,7.142857142857142,0.0,50.0,INF,extend
Roxy,Reece,0.5208333333333333,2.083333333333333,30.729166666666668,0.25,think need get snap
Nick,Reece,1.3157894736842104,3.289473684210526,42.76315789473684,0.4,be say draw stare
Hank,Nick,1.5625,0.0,60.9375,INF,be want mention
Jesus,Nick,2.941176470588235,1.4705882352941175,54.41176470588235,2.0,mutter stand scrub
Jesus,Nick,2.941176470588235,1.4705882352941175,54.41176470588235,2.0,mutter stand scrub
Jesus,Nick,2.941176470588235,1.4705882352941175,54.41176470588235,2.0,mutter stand scrub
Jesus,Nick,2.941176470588235,1.4705882352941175,54.41176470588235,2.0,mutter stand scrub
Nick,Reece,5.147058823529411,2.2058823529411766,57.35294117647059,2.3333333333333335,be want leave mean be know have exhaust be
Reece,Nick,5.147058823529411,2.2058823529411766,57.35294117647059,2.3333333333333335,be want leave mean be know have exhaust be
Nick,Reece,0.0,0.0,60.0,INF,glance
Reece,Nick,1.1904761904761905,8.333333333333332,66.66666666666666,0.14285714285714285,become think snap watch saunter
Reece,Nick,1.1904761904761905,8.333333333333332,66.66666666666666,0.14285714285714285,become think snap watch saunter
Brock,Jax,3.125,0.0,46.875,INF,strike
Reece,Jax,2.941176470588235,2.941176470588235,70.58823529411765,1.0,live
Henry,Charlie,4.166666666666666,0.0,54.166666666666664,INF,be satisfy screw
Colton,Reece,1.9736842105263157,0.6578947368421052,76.31578947368422,3.0,drop shoot smirk
Colton,Reece,1.9736842105263157,0.6578947368421052,76.31578947368422,3.0,drop shoot smirk
Colton,Reece,1.3392857142857142,0.6696428571428571,51.5625,2.0,scribble remain get move seek work
Colton,Reece,1.3392857142857142,0.6696428571428571,51.5625,2.0,scribble remain get move seek work
Colton,Reece,1.3392857142857142,0.6696428571428571,51.5625,2.0,scribble remain get move seek work
Colton,Reece,1.3392857142857142,0.6696428571428571,51.5625,2.0,scribble remain get move seek work
Henry,Nick,0.0,4.166666666666666,55.833333333333336,0.0,come run
Henry,Nick,0.0,4.166666666666666,55.833333333333336,0.0,come run
Colton,Reece,0.0,3.125,71.875,0.0,glance answer
Katie,Mona,4.605263157894736,4.934210526315789,37.82894736842105,0.9333333333333333,be be live
Colton,Reece,0.0,0.0,55.55555555555556,INF,leave glance
Reece,Nick,1.5625,1.5625,65.625,1.0,be pull be finish lock
Clyde,Sherwood,6.521739130434782,2.717391304347826,64.67391304347827,2.4,think be come be be have
Clyde,Sherwood,6.521739130434782,2.717391304347826,64.67391304347827,2.4,think be come be be have
Reece,Mom,6.25,1.7857142857142856,56.25,3.5,say do envelop know be hug involve squeeze sway
Reece,Mom,6.25,1.7857142857142856,56.25,3.5,say do envelop know be hug involve squeeze sway
Mom,Reece,6.25,1.7857142857142856,56.25,3.5,say do envelop know be hug involve squeeze sway
Reece,Mom,6.25,1.7857142857142856,56.25,3.5,say do envelop know be hug involve squeeze sway
Dad,Reece,3.3333333333333335,0.8333333333333334,49.166666666666664,4.0,draw nod
Gordon,Reece,1.5625,1.1160714285714286,54.46428571428571,1.4,be do get be make assume be move get pop be
Gordon,Megan,1.5625,1.1160714285714286,54.46428571428571,1.4,be do get be make assume be move get pop be
Gordon,Reece,1.5625,1.1160714285714286,54.46428571428571,1.4,be do get be make assume be move get pop be
Gordon,Megan,1.5625,1.1160714285714286,54.46428571428571,1.4,be do get be make assume be move get pop be
Reece,Megan,1.5625,1.1160714285714286,54.46428571428571,1.4,be do get be make assume be move get pop be
Dad,Gordon,2.1551724137931036,2.586206896551724,40.08620689655172,0.8333333333333334,be sketch have paint
Gordon,Reece,3.125,2.5,49.375,1.25,think want be be bear interject
Gordon,Reece,3.125,2.5,49.375,1.25,think want be be bear interject
Dad,Reece,2.631578947368421,0.6578947368421052,59.86842105263158,4.0,be tense fold explain be be do
Dad,Reece,2.631578947368421,0.6578947368421052,59.86842105263158,4.0,be tense fold explain be be do
Mom,Reece,2.976190476190476,1.1904761904761905,57.738095238095234,2.5,pass fill invite join glance nod feel be go gnaw
Mom,Dad,6.730769230769231,0.9615384615384616,53.84615384615385,7.0,smack
Thomas,Mom,7.03125,5.46875,75.0,1.2857142857142858,bring eye
Reece,Dad,0.5681818181818182,2.840909090909091,69.31818181818183,0.2,be eyeball plop
Henry,Charlie,0.641025641025641,0.3205128205128205,63.141025641025635,2.0,mean have take sleep be run be eat
Henry,Charlie,0.641025641025641,0.3205128205128205,63.141025641025635,2.0,mean have take sleep be run be eat
Mom,Reece,3.869047619047619,1.488095238095238,44.642857142857146,2.6,be be help have disappear be corner
Mom,Dad,3.869047619047619,1.488095238095238,44.642857142857146,2.6,be be help have disappear be corner
Mom,Megan,3.869047619047619,1.488095238095238,44.642857142857146,2.6,be be help have disappear be corner
Mom,Megan,3.869047619047619,1.488095238095238,44.642857142857146,2.6,be be help have disappear be corner
Mom,Megan,3.869047619047619,1.488095238095238,44.642857142857146,2.6,be be help have disappear be corner
Reece,Dad,3.869047619047619,1.488095238095238,44.642857142857146,2.6,be be help have disappear be corner
Reece,Megan,3.869047619047619,1.488095238095238,44.642857142857146,2.6,be be help have disappear be corner
Reece,Megan,3.869047619047619,1.488095238095238,44.642857142857146,2.6,be be help have disappear be corner
Reece,Megan,3.869047619047619,1.488095238095238,44.642857142857146,2.6,be be help have disappear be corner
Dad,Megan,3.869047619047619,1.488095238095238,44.642857142857146,2.6,be be help have disappear be corner
Dad,Megan,3.869047619047619,1.488095238095238,44.642857142857146,2.6,be be help have disappear be corner
Dad,Megan,3.869047619047619,1.488095238095238,44.642857142857146,2.6,be be help have disappear be corner
Kip,James,1.0,0.0,67.0,INF,catch be focus
Roxy,Reece,0.0,10.9375,14.0625,0.0,warn
Reece,Dad,0.0,0.0,50.0,INF,let handle reason plant
Gordon,Reece,3.0,1.0,44.0,3.0,take do want see
Henry,Reece,0.0,1.1363636363636365,62.5,0.0,cast gaze sneer
Kip,Reece,0.0,0.0,60.0,INF,step stop jog
Roxy,Henry,1.7857142857142856,0.0,26.785714285714285,INF,be go defend
Henry,Charlie,5.46875,3.125,47.65625,1.75,do make throw kill
Charlie,Reece,1.5,0.0,46.5,INF,have talk continue shut do
Charlie,Reece,1.5,0.0,46.5,INF,have talk continue shut do
Reece,Charlie,1.5625,3.90625,38.28125,0.4,say be forget do
Thomas,Reece,0.0,2.5,54.166666666666664,0.0,offer come finish announce do ask tag
Thomas,Reece,0.0,2.5,54.166666666666664,0.0,offer come finish announce do ask tag
Reece,Henry,4.25531914893617,1.5957446808510638,55.85106382978723,2.6666666666666665,calm see be fire have come be convince have be
Reece,Henry,4.25531914893617,1.5957446808510638,55.85106382978723,2.6666666666666665,calm see be fire have come be convince have be
Charlie,Reece,1.25,3.75,45.0,0.3333333333333333,have drag catch
Reece,Henry,2.7777777777777777,0.0,69.44444444444444,INF,make be look come
Jax,Reece,3.7698412698412698,1.1904761904761905,61.70634920634921,3.1666666666666665,be be think be be go feel be be step
Jax,Reece,1.0416666666666665,1.3888888888888888,47.56944444444444,0.75,be show have be be do let notice
Jax,Reece,1.0416666666666665,1.3888888888888888,47.56944444444444,0.75,be show have be be do let notice
Reece,Charlie,3.0303030303030303,4.166666666666666,56.439393939393945,0.7272727272727273,keep steer be
Reece,Henry,3.0303030303030303,4.166666666666666,56.439393939393945,0.7272727272727273,keep steer be
Reece,Henry,3.0303030303030303,4.166666666666666,56.439393939393945,0.7272727272727273,keep steer be
Charlie,Henry,3.0303030303030303,4.166666666666666,56.439393939393945,0.7272727272727273,keep steer be
Charlie,Henry,3.0303030303030303,4.166666666666666,56.439393939393945,0.7272727272727273,keep steer be
Colton,Dean,3.90625,2.34375,53.125,1.6666666666666667,accord be be get doubt hear
Colton,Dean,3.90625,2.34375,53.125,1.6666666666666667,accord be be get doubt hear
Colton,Dean,3.90625,2.34375,53.125,1.6666666666666667,accord be be get doubt hear
Colton,Dean,3.90625,2.34375,53.125,1.6666666666666667,accord be be get doubt hear
Colton,Dean,3.90625,2.34375,53.125,1.6666666666666667,accord be be get doubt hear
Reece,Roxy,2.380952380952381,2.976190476190476,47.023809523809526,0.8,link be do
Jax,Reece,2.631578947368421,1.3157894736842104,53.94736842105263,2.0,raise give give
Jax,Reece,2.631578947368421,1.3157894736842104,53.94736842105263,2.0,raise give give
Calla,Katie,2.6785714285714284,2.6785714285714284,66.07142857142857,1.0,walk swish
Reece,Calla,3.0172413793103448,0.43103448275862066,58.620689655172406,7.0,swallow earn pull shoot
Reece,Calla,3.0172413793103448,0.43103448275862066,58.620689655172406,7.0,swallow earn pull shoot
Calla,Reece,3.0172413793103448,0.43103448275862066,58.620689655172406,7.0,swallow earn pull shoot
Avery,Cam,0.0,3.8461538461538463,65.38461538461539,0.0,join drape
Avery,Katie,0.0,3.8461538461538463,65.38461538461539,0.0,join drape
Cam,Katie,0.0,3.8461538461538463,65.38461538461539,0.0,join drape
Avery,Katie,2.8846153846153846,0.0,58.65384615384615,INF,ask stare
Avery,Katie,2.8846153846153846,0.0,58.65384615384615,INF,ask stare
Katie,Avery,1.875,0.0,48.125,INF,nod dip kiss look
Katie,Avery,1.875,0.0,48.125,INF,nod dip kiss look
Avery,Katie,1.875,0.0,48.125,INF,nod dip kiss look
Avery,Katie,1.875,0.0,48.125,INF,nod dip kiss look
Betty Crocker,Cam,0.9615384615384616,6.730769230769231,30.76923076923077,0.14285714285714285,do hate warn
Betty Crocker,Cam,0.9615384615384616,6.730769230769231,30.76923076923077,0.14285714285714285,do hate warn
Reece,Jax,0.0,0.0,40.0,INF,glance
Avery,Teresa,0.0,0.0,22.22222222222222,INF,wrinkle
Jacob,Teresa,4.166666666666666,0.0,62.5,INF,shush grin
Marcus,Reece,5.0,0.0,45.0,INF,say stand offer
Jacob,Jase,2.976190476190476,5.357142857142857,63.095238095238095,0.5555555555555556,say swivel think spin
Cam,Katie,0.0,1.3157894736842104,67.10526315789474,0.0,glance wield cause sidestep
Cam,Jacob,0.0,1.3157894736842104,67.10526315789474,0.0,glance wield cause sidestep
Katie,Jacob,0.0,1.3157894736842104,67.10526315789474,0.0,glance wield cause sidestep
Teresa,Jase,0.0,1.9230769230769231,44.230769230769226,0.0,giggle rise go
Teresa,Jase,0.0,1.9230769230769231,44.230769230769226,0.0,giggle rise go
Teresa,Jase,0.8928571428571428,1.7857142857142856,47.32142857142857,0.5,stretch clasp whisper
Teresa,Jase,0.8928571428571428,1.7857142857142856,47.32142857142857,0.5,stretch clasp whisper
Calla,Avery,0.8928571428571428,2.6785714285714284,53.57142857142857,0.3333333333333333,join remain nurse
Calla,Katie,0.8928571428571428,2.6785714285714284,53.57142857142857,0.3333333333333333,join remain nurse
Calla,Katie,0.8928571428571428,2.6785714285714284,53.57142857142857,0.3333333333333333,join remain nurse
Avery,Katie,0.8928571428571428,2.6785714285714284,53.57142857142857,0.3333333333333333,join remain nurse
Avery,Katie,0.8928571428571428,2.6785714285714284,53.57142857142857,0.3333333333333333,join remain nurse
Avery,Katie,1.7857142857142856,0.8928571428571428,33.035714285714285,2.0,be say shake
Calla,Jacob,3.125,0.78125,58.59375,4.0,ask glance be laugh have say
Katie,Roxy,2.272727272727273,2.272727272727273,40.909090909090914,1.0,say be
Avery,Katie,0.0,0.0,58.333333333333336,INF,tuck
Calla,Katie,0.0,0.0,42.857142857142854,INF,comment raise
Calla,Katie,0.0,0.0,42.857142857142854,INF,comment raise
Jacob,Avery,0.0,0.0,57.14285714285714,INF,ask appear
Avery,Teresa,3.125,0.0,46.875,INF,grip lean
Avery,Teresa,3.125,0.0,46.875,INF,grip lean
Avery,Jacob,0.641025641025641,0.3205128205128205,60.57692307692307,2.0,be go be say smack pick toss
Avery,Teresa,0.641025641025641,0.3205128205128205,60.57692307692307,2.0,be go be say smack pick toss
Avery,Teresa,0.641025641025641,0.3205128205128205,60.57692307692307,2.0,be go be say smack pick toss
Jacob,Avery,0.641025641025641,0.3205128205128205,60.57692307692307,2.0,be go be say smack pick toss
Jacob,Teresa,0.641025641025641,0.3205128205128205,60.57692307692307,2.0,be go be say smack pick toss
Jacob,Teresa,0.641025641025641,0.3205128205128205,60.57692307692307,2.0,be go be say smack pick toss
Avery,Teresa,0.641025641025641,0.3205128205128205,60.57692307692307,2.0,be go be say smack pick toss
Avery,Teresa,0.641025641025641,0.3205128205128205,60.57692307692307,2.0,be go be say smack pick toss
Calla,Teresa,0.9259259259259258,2.7777777777777777,59.25925925925925,0.3333333333333333,be move say look
Calla,Teresa,0.9259259259259258,2.7777777777777777,59.25925925925925,0.3333333333333333,be move say look
Avery,Teresa,0.625,1.25,48.125,0.5,be stick be go miss see
Avery,Teresa,10.0,5.0,25.0,2.0,roll
Jacob,Teresa,0.0,0.0,66.66666666666666,INF,pat
Jase,Jack,2.564102564102564,1.9230769230769231,57.05128205128205,1.3333333333333333,be work be pack be stay continue
Jase,Teresa,2.564102564102564,1.9230769230769231,57.05128205128205,1.3333333333333333,be work be pack be stay continue
Jase,Jack,2.564102564102564,1.9230769230769231,57.05128205128205,1.3333333333333333,be work be pack be stay continue
Jase,Teresa,2.564102564102564,1.9230769230769231,57.05128205128205,1.3333333333333333,be work be pack be stay continue
Jack,Teresa,2.564102564102564,1.9230769230769231,57.05128205128205,1.3333333333333333,be work be pack be stay continue
Roxy,Tess,5.681818181818182,0.0,39.77272727272727,INF,do think know
Jack,Jase,0.0,0.0,28.57142857142857,INF,be
Jase,Cam,2.2058823529411766,0.7352941176470588,73.52941176470588,3.0,glance be hold be heap
Jack,Jase,2.616279069767442,1.1627906976744187,61.337209302325576,2.25,know be be be date get explain turn
Jack,Teresa,2.616279069767442,1.1627906976744187,61.337209302325576,2.25,know be be be date get explain turn
Jase,Jack,2.616279069767442,1.1627906976744187,61.337209302325576,2.25,know be be be date get explain turn
Jase,Teresa,2.616279069767442,1.1627906976744187,61.337209302325576,2.25,know be be be date get explain turn
Jack,Teresa,2.616279069767442,1.1627906976744187,61.337209302325576,2.25,know be be be date get explain turn
Jack,Jase,1.0416666666666665,1.0416666666666665,47.91666666666667,1.0,put adopt raise
Jack,Jase,1.0416666666666665,1.0416666666666665,47.91666666666667,1.0,put adopt raise
Jase,Jack,1.0416666666666665,1.0416666666666665,47.91666666666667,1.0,put adopt raise
Jase,Jack,1.0416666666666665,1.0416666666666665,47.91666666666667,1.0,put adopt raise
Jack,Jase,1.0416666666666665,1.0416666666666665,47.91666666666667,1.0,put adopt raise
Jack,Jase,1.0416666666666665,1.0416666666666665,47.91666666666667,1.0,put adopt raise
Jase,Jack,5.769230769230769,1.9230769230769231,53.84615384615385,3.0,tell
Jack,Jase,2.314814814814815,0.9259259259259258,59.72222222222222,2.5,be get be tell be look be bear
Jack,Jase,2.314814814814815,0.9259259259259258,59.72222222222222,2.5,be get be tell be look be bear
Jack,Jase,2.314814814814815,0.9259259259259258,59.72222222222222,2.5,be get be tell be look be bear
Jack,Jase,2.314814814814815,0.9259259259259258,59.72222222222222,2.5,be get be tell be look be bear
Jack,Jase,2.314814814814815,0.9259259259259258,59.72222222222222,2.5,be get be tell be look be bear
Jase,Jack,6.944444444444445,1.7361111111111112,52.43055555555556,4.0,be have be close be be
Jase,Jack,6.944444444444445,1.7361111111111112,52.43055555555556,4.0,be have be close be be
Jase,Jack,6.944444444444445,1.7361111111111112,52.43055555555556,4.0,be have be close be be
Jase,Jack,6.944444444444445,1.7361111111111112,52.43055555555556,4.0,be have be close be be
Avery,Teresa,0.0,0.0,50.0,INF,shoot
Jax,Reece,0.0,1.893939393939394,67.8030303030303,0.0,think be see be say walk join
Jax,Calla,0.0,1.893939393939394,67.8030303030303,0.0,think be see be say walk join
Reece,Calla,0.0,1.893939393939394,67.8030303030303,0.0,think be see be say walk join
Charlie,Roxy,3.125,7.8125,39.0625,0.4,call
Jax,Reece,1.1904761904761905,4.761904761904762,46.42857142857143,0.25,give have pretend fight
Reece,Charlie,0.0,0.0,51.724137931034484,INF,do cry take stack do
Mom,Dad,7.8125,0.78125,47.65625,10.0,be wait
Mom,Gordon,7.8125,0.78125,47.65625,10.0,be wait
Mom,Thomas,7.8125,0.78125,47.65625,10.0,be wait
Dad,Gordon,7.8125,0.78125,47.65625,10.0,be wait
Dad,Thomas,7.8125,0.78125,47.65625,10.0,be wait
Gordon,Thomas,7.8125,0.78125,47.65625,10.0,be wait
Jax,Calla,4.166666666666666,2.083333333333333,43.75,2.0,be
Henry,Charlie,5.833333333333333,5.0,42.5,1.1666666666666667,be feel come
Charlie,Reece,1.5625,0.0,48.4375,INF,stand see stand
Roxy,Reece,0.0,0.0,25.0,INF,snap
Roxy,Reece,0.7352941176470588,2.2058823529411766,55.88235294117647,0.3333333333333333,say be
Roxy,Reece,1.5,1.5,56.99999999999999,1.0,growl still surround embrace
Roxy,Reece,1.5,1.5,56.99999999999999,1.0,growl still surround embrace
Roxy,Reece,1.5,1.5,56.99999999999999,1.0,growl still surround embrace
Roxy,Charlie,0.0,0.0,41.66666666666667,INF,be hit
Henry,Charlie,8.928571428571429,8.928571428571429,53.57142857142857,1.0,call
Henry,Charlie,2.857142857142857,1.7857142857142856,61.07142857142858,1.6,be seem regret doubt think hurt do change
Henry,Charlie,2.857142857142857,1.7857142857142856,61.07142857142858,1.6,be seem regret doubt think hurt do change
Henry,Charlie,2.857142857142857,1.7857142857142856,61.07142857142858,1.6,be seem regret doubt think hurt do change
Henry,Charlie,2.857142857142857,1.7857142857142856,61.07142857142858,1.6,be seem regret doubt think hurt do change
Henry,Charlie,2.857142857142857,1.7857142857142856,61.07142857142858,1.6,be seem regret doubt think hurt do change
Henry,Charlie,2.857142857142857,1.7857142857142856,61.07142857142858,1.6,be seem regret doubt think hurt do change
Henry,Charlie,2.857142857142857,1.7857142857142856,61.07142857142858,1.6,be seem regret doubt think hurt do change
Henry,Charlie,2.857142857142857,1.7857142857142856,61.07142857142858,1.6,be seem regret doubt think hurt do change
Henry,Charlie,2.857142857142857,1.7857142857142856,61.07142857142858,1.6,be seem regret doubt think hurt do change
Henry,Charlie,2.857142857142857,1.7857142857142856,61.07142857142858,1.6,be seem regret doubt think hurt do change
Henry,Charlie,2.857142857142857,1.7857142857142856,61.07142857142858,1.6,be seem regret doubt think hurt do change
Henry,Charlie,2.857142857142857,1.7857142857142856,61.07142857142858,1.6,be seem regret doubt think hurt do change
Roxy,Reece,0.35714285714285715,0.0,51.07142857142857,INF,change say drop cradle
Roxy,Reece,0.35714285714285715,0.0,51.07142857142857,INF,change say drop cradle
Roxy,Reece,0.35714285714285715,0.0,51.07142857142857,INF,change say drop cradle
Reece,Charlie,4.545454545454546,1.1363636363636365,30.681818181818183,4.0,be have do
Henry,Reece,3.431372549019608,1.2254901960784315,50.245098039215684,2.8,be have wake have open realize throw throw suck be
Henry,Reece,3.431372549019608,1.2254901960784315,50.245098039215684,2.8,be have wake have open realize throw throw suck be
Henry,Reece,3.431372549019608,1.2254901960784315,50.245098039215684,2.8,be have wake have open realize throw throw suck be
Henry,Reece,3.431372549019608,1.2254901960784315,50.245098039215684,2.8,be have wake have open realize throw throw suck be
Henry,Reece,3.431372549019608,1.2254901960784315,50.245098039215684,2.8,be have wake have open realize throw throw suck be
Jax,Mona,5.46875,0.78125,62.5,7.0,be work
Reece,Charlie,3.5984848484848486,0.1893939393939394,49.24242424242424,19.0,carry have cry be try push have smack be know be be fuck let go
Reece,Charlie,3.5984848484848486,0.1893939393939394,49.24242424242424,19.0,carry have cry be try push have smack be know be be fuck let go
Henry,Mona,2.364864864864865,0.6756756756756757,53.71621621621622,3.5,have push hang clear locate wear have come
Henry,Charlie,1.4423076923076923,3.3653846153846154,49.03846153846153,0.42857142857142855,do want see understand cry be hurt
Henry,Charlie,1.4423076923076923,3.3653846153846154,49.03846153846153,0.42857142857142855,do want see understand cry be hurt
Henry,Charlie,1.4423076923076923,3.3653846153846154,49.03846153846153,0.42857142857142855,do want see understand cry be hurt
James,Miriam,2.2058823529411766,0.3676470588235294,47.42647058823529,6.0,be be know lead
Shelly,James,4.545454545454546,0.0,54.54545454545454,INF,doubt show be have do want be
Kip,Shelly,4.310344827586207,2.586206896551724,48.275862068965516,1.6666666666666667,have be identify do sound be walk
Kip,Shelly,4.310344827586207,2.586206896551724,48.275862068965516,1.6666666666666667,have be identify do sound be walk
Kip,Reece,0.625,0.0,64.375,INF,haul hear shout
Kip,Reece,0.0,0.5434782608695652,47.28260869565217,0.0,step do move mirror switch
Kip,Reece,0.0,0.5434782608695652,47.28260869565217,0.0,step do move mirror switch
Kip,Reece,0.0,0.5434782608695652,47.28260869565217,0.0,step do move mirror switch
Kip,Reece,0.0,0.5434782608695652,47.28260869565217,0.0,step do move mirror switch
Reece,Kip,0.0,0.0,69.23076923076923,INF,do look be train
Reece,Kip,0.0,0.0,69.23076923076923,INF,do look be train
Henry,Reece,4.086538461538462,2.644230769230769,49.03846153846153,1.5454545454545454,have answer call find be have make come want miss talk have be walk
Henry,Reece,4.086538461538462,2.644230769230769,49.03846153846153,1.5454545454545454,have answer call find be have make come want miss talk have be walk
Henry,Reece,4.086538461538462,2.644230769230769,49.03846153846153,1.5454545454545454,have answer call find be have make come want miss talk have be walk
Henry,Reece,4.086538461538462,2.644230769230769,49.03846153846153,1.5454545454545454,have answer call find be have make come want miss talk have be walk
Henry,Reece,4.086538461538462,2.644230769230769,49.03846153846153,1.5454545454545454,have answer call find be have make come want miss talk have be walk
Henry,Reece,4.0,1.0,51.0,4.0,have call tell have answer return have try call
Henry,Reece,4.0,1.0,51.0,4.0,have call tell have answer return have try call
Reece,Henry,4.0,1.0,51.0,4.0,have call tell have answer return have try call
Reece,Henry,4.0,1.0,51.0,4.0,have call tell have answer return have try call
Henry,Reece,4.0,1.0,51.0,4.0,have call tell have answer return have try call
Henry,Reece,4.0,1.0,51.0,4.0,have call tell have answer return have try call
Reece,Henry,2.272727272727273,0.2840909090909091,49.715909090909086,8.0,have lead show find unlock grab make hear talk
Reece,Henry,2.272727272727273,0.2840909090909091,49.715909090909086,8.0,have lead show find unlock grab make hear talk
Reece,Henry,2.272727272727273,0.2840909090909091,49.715909090909086,8.0,have lead show find unlock grab make hear talk
Reece,Henry,2.272727272727273,0.2840909090909091,49.715909090909086,8.0,have lead show find unlock grab make hear talk
Reece,Henry,2.272727272727273,0.2840909090909091,49.715909090909086,8.0,have lead show find unlock grab make hear talk
Reece,Kip,2.272727272727273,0.2840909090909091,49.715909090909086,8.0,have lead show find unlock grab make hear talk
Henry,Reece,2.272727272727273,0.2840909090909091,49.715909090909086,8.0,have lead show find unlock grab make hear talk
Henry,Kip,2.272727272727273,0.2840909090909091,49.715909090909086,8.0,have lead show find unlock grab make hear talk
Henry,Reece,2.272727272727273,0.2840909090909091,49.715909090909086,8.0,have lead show find unlock grab make hear talk
Henry,Kip,2.272727272727273,0.2840909090909091,49.715909090909086,8.0,have lead show find unlock grab make hear talk
Henry,Reece,2.272727272727273,0.2840909090909091,49.715909090909086,8.0,have lead show find unlock grab make hear talk
Henry,Kip,2.272727272727273,0.2840909090909091,49.715909090909086,8.0,have lead show find unlock grab make hear talk
Henry,Reece,2.272727272727273,0.2840909090909091,49.715909090909086,8.0,have lead show find unlock grab make hear talk
Henry,Kip,2.272727272727273,0.2840909090909091,49.715909090909086,8.0,have lead show find unlock grab make hear talk
Henry,Reece,2.272727272727273,0.2840909090909091,49.715909090909086,8.0,have lead show find unlock grab make hear talk
Henry,Kip,2.272727272727273,0.2840909090909091,49.715909090909086,8.0,have lead show find unlock grab make hear talk
Reece,Kip,2.272727272727273,0.2840909090909091,49.715909090909086,8.0,have lead show find unlock grab make hear talk
Kip,Colton,3.4090909090909087,1.1363636363636365,50.0,3.0,be be be tell have confess say be charge have explain be charge have be recover
Kip,Shelly,3.4090909090909087,1.1363636363636365,50.0,3.0,be be be tell have confess say be charge have explain be charge have be recover
Kip,Colton,3.4090909090909087,1.1363636363636365,50.0,3.0,be be be tell have confess say be charge have explain be charge have be recover
Kip,Shelly,3.4090909090909087,1.1363636363636365,50.0,3.0,be be be tell have confess say be charge have explain be charge have be recover
Kip,Colton,3.4090909090909087,1.1363636363636365,50.0,3.0,be be be tell have confess say be charge have explain be charge have be recover
Kip,Shelly,3.4090909090909087,1.1363636363636365,50.0,3.0,be be be tell have confess say be charge have explain be charge have be recover
Kip,Colton,3.4090909090909087,1.1363636363636365,50.0,3.0,be be be tell have confess say be charge have explain be charge have be recover
Kip,Shelly,3.4090909090909087,1.1363636363636365,50.0,3.0,be be be tell have confess say be charge have explain be charge have be recover
Kip,Colton,3.4090909090909087,1.1363636363636365,50.0,3.0,be be be tell have confess say be charge have explain be charge have be recover
Kip,Shelly,3.4090909090909087,1.1363636363636365,50.0,3.0,be be be tell have confess say be charge have explain be charge have be recover
Colton,Kip,3.4090909090909087,1.1363636363636365,50.0,3.0,be be be tell have confess say be charge have explain be charge have be recover
Colton,Shelly,3.4090909090909087,1.1363636363636365,50.0,3.0,be be be tell have confess say be charge have explain be charge have be recover
Kip,Shelly,3.4090909090909087,1.1363636363636365,50.0,3.0,be be be tell have confess say be charge have explain be charge have be recover
Kip,Shelly,4.779411764705882,1.1029411764705883,52.94117647058824,4.333333333333333,be tell be try strike get tell be
Reece,Charlie,3.125,3.90625,49.21875,0.8,have work take have pass
Reece,Charlie,3.125,3.90625,49.21875,0.8,have work take have pass
Kip,Reece,4.573170731707317,0.9146341463414633,62.80487804878049,5.0,be go be be have be feel hear talk feel
Kip,Reece,4.573170731707317,0.9146341463414633,62.80487804878049,5.0,be go be be have be feel hear talk feel
Roxy,Reece,0.8333333333333334,5.0,40.833333333333336,0.16666666666666666,cup squeeze
Roxy,Reece,0.8333333333333334,5.0,40.833333333333336,0.16666666666666666,cup squeeze
Colton,Shelly,1.1029411764705883,0.0,45.955882352941174,INF,tell lock be find accord proceed hang
Colton,Shelly,1.1029411764705883,0.0,45.955882352941174,INF,tell lock be find accord proceed hang
Shelly,Colton,1.1029411764705883,0.0,45.955882352941174,INF,tell lock be find accord proceed hang
Isaiah,Kip,1.5625,0.0,64.0625,INF,do think be order get arrest end take
Kip,Isaiah,1.5625,0.0,67.1875,INF,take have take
Kip,Isaiah,1.5625,0.0,67.1875,INF,take have take
Kip,Isaiah,1.5625,0.0,67.1875,INF,take have take
Kip,Isaiah,1.5625,0.0,67.1875,INF,take have take
Katie,Nick,2.5735294117647056,1.8382352941176472,54.41176470588235,1.4,tell meet be go be look want run
Katie,Nick,2.5735294117647056,1.8382352941176472,54.41176470588235,1.4,tell meet be go be look want run
Katie,Nick,2.5735294117647056,1.8382352941176472,54.41176470588235,1.4,tell meet be go be look want run
Katie,Nick,2.5735294117647056,1.8382352941176472,54.41176470588235,1.4,tell meet be go be look want run
Katie,Nick,2.5735294117647056,1.8382352941176472,54.41176470588235,1.4,tell meet be go be look want run
Katie,Reece,2.272727272727273,0.0,47.72727272727273,INF,say love corral
Mona,Jax,2.0348837209302326,4.069767441860465,61.337209302325576,0.5,return insist take need need get need
Calla,Katie,0.0,0.0,53.333333333333336,INF,lean
Avery,Katie,0.0,0.0,63.63636363636363,INF,laugh hold refill
Avery,Coke,0.0,0.0,63.63636363636363,INF,laugh hold refill
Katie,Coke,0.0,0.0,63.63636363636363,INF,laugh hold refill
Avery,Cam,0.0,0.0,33.33333333333333,INF,glance stand
Avery,Jase,0.0,0.0,33.33333333333333,INF,glance stand
Avery,Jax,0.0,0.0,33.33333333333333,INF,glance stand
Cam,Jase,0.0,0.0,33.33333333333333,INF,glance stand
Cam,Jax,0.0,0.0,33.33333333333333,INF,glance stand
Jase,Jax,0.0,0.0,33.33333333333333,INF,glance stand
Calla,Teresa,0.0,0.0,75.0,INF,laugh pour
Katie,Nick,0.0,0.0,50.0,INF,spin appear
Avery,Katie,3.4090909090909087,5.681818181818182,59.09090909090909,0.6,be rise meet stare
Avery,Katie,3.4090909090909087,5.681818181818182,59.09090909090909,0.6,be rise meet stare
Avery,Katie,3.4090909090909087,5.681818181818182,59.09090909090909,0.6,be rise meet stare
Calla,Katie,0.9615384615384616,1.9230769230769231,66.34615384615384,0.5,grin push settle
Katie,Avery,2.8846153846153846,0.0,50.96153846153846,INF,point match
Avery,Katie,2.8846153846153846,0.0,50.96153846153846,INF,point match
Nick,Katie,0.0,0.0,57.14285714285714,INF,beam spin laugh
Katie,Nick,2.314814814814815,1.8518518518518516,51.388888888888886,1.25,watch strut turn tap
Katie,Nick,2.314814814814815,1.8518518518518516,51.388888888888886,1.25,watch strut turn tap
Katie,Nick,2.314814814814815,1.8518518518518516,51.388888888888886,1.25,watch strut turn tap
Katie,Nick,2.314814814814815,1.8518518518518516,51.388888888888886,1.25,watch strut turn tap
Katie,Nick,2.314814814814815,1.8518518518518516,51.388888888888886,1.25,watch strut turn tap
Katie,Nick,2.314814814814815,1.8518518518518516,51.388888888888886,1.25,watch strut turn tap
Jax,Calla,0.0,0.0,46.666666666666664,INF,be come confirm
Calla,Aimee,1.4705882352941175,2.2058823529411766,58.08823529411765,0.6666666666666666,fold start grin eat veer
Calla,Nick,0.0,0.0,36.36363636363637,INF,be say
Avery,Teresa,1.9230769230769231,0.9615384615384616,50.96153846153846,2.0,join have get
Avery,Calla,1.9230769230769231,0.9615384615384616,50.96153846153846,2.0,join have get
Teresa,Calla,1.9230769230769231,0.9615384615384616,50.96153846153846,2.0,join have get
Teresa,Cam,2.7777777777777777,0.0,52.77777777777778,INF,smile glance grow
Teresa,Avery,2.7777777777777777,0.0,52.77777777777778,INF,smile glance grow
Teresa,Cam,2.7777777777777777,0.0,52.77777777777778,INF,smile glance grow
Teresa,Avery,2.7777777777777777,0.0,52.77777777777778,INF,smile glance grow
Cam,Avery,2.7777777777777777,0.0,52.77777777777778,INF,smile glance grow
Steph,Calla,0.0,0.0,61.111111111111114,INF,hear say glance
Teresa,Steph,1.0416666666666665,1.0416666666666665,43.75,1.0,find freak be take call
Teresa,Steph,1.0416666666666665,1.0416666666666665,43.75,1.0,find freak be take call
Teresa,Steph,1.0416666666666665,1.0416666666666665,43.75,1.0,find freak be take call
Teresa,Steph,1.0416666666666665,1.0416666666666665,43.75,1.0,find freak be take call
Teresa,Steph,1.0416666666666665,1.0416666666666665,43.75,1.0,find freak be take call
Teresa,Steph,1.0416666666666665,1.0416666666666665,43.75,1.0,find freak be take call
Steph,Teresa,0.0,9.375,53.125,0.0,turn live see
Steph,Teresa,0.0,9.375,53.125,0.0,turn live see
Angelina Jolie,Megan,2.34375,0.78125,40.625,3.0,be join
Calla,Shepherd,3.5472972972972974,0.33783783783783783,56.92567567567568,10.5,get return help run be find use go be help think have say see grin come get
Calla,Katie,3.5472972972972974,0.33783783783783783,56.92567567567568,10.5,get return help run be find use go be help think have say see grin come get
Calla,Nick,3.5472972972972974,0.33783783783783783,56.92567567567568,10.5,get return help run be find use go be help think have say see grin come get
Calla,Nick,3.5472972972972974,0.33783783783783783,56.92567567567568,10.5,get return help run be find use go be help think have say see grin come get
Calla,Katie,3.5472972972972974,0.33783783783783783,56.92567567567568,10.5,get return help run be find use go be help think have say see grin come get
Calla,Katie,3.5472972972972974,0.33783783783783783,56.92567567567568,10.5,get return help run be find use go be help think have say see grin come get
Shepherd,Katie,3.5472972972972974,0.33783783783783783,56.92567567567568,10.5,get return help run be find use go be help think have say see grin come get
Shepherd,Nick,3.5472972972972974,0.33783783783783783,56.92567567567568,10.5,get return help run be find use go be help think have say see grin come get
Shepherd,Nick,3.5472972972972974,0.33783783783783783,56.92567567567568,10.5,get return help run be find use go be help think have say see grin come get
Shepherd,Katie,3.5472972972972974,0.33783783783783783,56.92567567567568,10.5,get return help run be find use go be help think have say see grin come get
Shepherd,Katie,3.5472972972972974,0.33783783783783783,56.92567567567568,10.5,get return help run be find use go be help think have say see grin come get
Katie,Nick,3.5472972972972974,0.33783783783783783,56.92567567567568,10.5,get return help run be find use go be help think have say see grin come get
Katie,Nick,3.5472972972972974,0.33783783783783783,56.92567567567568,10.5,get return help run be find use go be help think have say see grin come get
Nick,Katie,3.5472972972972974,0.33783783783783783,56.92567567567568,10.5,get return help run be find use go be help think have say see grin come get
Nick,Katie,3.5472972972972974,0.33783783783783783,56.92567567567568,10.5,get return help run be find use go be help think have say see grin come get
Nick,Katie,3.5472972972972974,0.33783783783783783,56.92567567567568,10.5,get return help run be find use go be help think have say see grin come get
Nick,Katie,3.5472972972972974,0.33783783783783783,56.92567567567568,10.5,get return help run be find use go be help think have say see grin come get
Calla,Katie,0.43103448275862066,0.0,51.293103448275865,INF,be be close mean do have hang
Calla,Jax,0.43103448275862066,0.0,51.293103448275865,INF,be be close mean do have hang
Calla,Nick,0.43103448275862066,0.0,51.293103448275865,INF,be be close mean do have hang
Katie,Jax,0.43103448275862066,0.0,51.293103448275865,INF,be be close mean do have hang
Katie,Nick,0.43103448275862066,0.0,51.293103448275865,INF,be be close mean do have hang
Jax,Nick,0.43103448275862066,0.0,51.293103448275865,INF,be be close mean do have hang
Mona,Reece,0.390625,0.390625,55.46875,1.0,do take get engage
Charlie,Henry,0.641025641025641,2.2435897435897436,53.52564102564102,0.2857142857142857,stand shove tip be catch be
Charlie,Henry,0.641025641025641,2.2435897435897436,53.52564102564102,0.2857142857142857,stand shove tip be catch be
Charlie,Henry,0.641025641025641,2.2435897435897436,53.52564102564102,0.2857142857142857,stand shove tip be catch be
Charlie,Henry,0.641025641025641,2.2435897435897436,53.52564102564102,0.2857142857142857,stand shove tip be catch be
Reece,Henry,3.289473684210526,0.6578947368421052,61.8421052631579,5.0,tell want do be talk be be come
Reece,Henry,3.289473684210526,0.6578947368421052,61.8421052631579,5.0,tell want do be talk be be come
Reece,Henry,3.289473684210526,0.6578947368421052,61.8421052631579,5.0,tell want do be talk be be come
Henry,Kip,3.6931818181818183,0.8522727272727272,61.36363636363637,4.333333333333333,appear pull run have grow see have be
Henry,Kip,3.6931818181818183,0.8522727272727272,61.36363636363637,4.333333333333333,appear pull run have grow see have be
Henry,Kip,3.6931818181818183,0.8522727272727272,61.36363636363637,4.333333333333333,appear pull run have grow see have be
