NAME 1,NAME 2,% POS,% NEG,% NEUTRAL,POS:NEG,VERBS
Siri,Daeng,3.75,0.0,56.25,INF,be
Siri,Chanta,0.5434782608695652,2.1739130434782608,45.108695652173914,0.25,see be shrink
Lu,Chanta,0.0,0.0,40.0,INF,be say
Chanta,Daeng,2.1739130434782608,1.0869565217391304,44.565217391304344,2.0,go look see
Siri,Chanta,3.125,0.0,46.875,INF,take
Chanta,Siri,3.125,0.0,46.875,INF,take
Siri,Luang Nam Tha,1.25,3.75,55.00000000000001,0.3333333333333333,have opt ask sever be
Siri,Daeng,0.0,0.0,60.0,INF,return be seat
Inthanet,Rajhid,2.34375,0.78125,51.5625,3.0,be join wander have learn
Siri,Daeng,1.9886363636363635,0.5681818181818182,51.98863636363637,3.5,shock be hear come point chalk have speak
Siri,Daeng,3.125,5.555555555555555,44.09722222222222,0.5625,refuse be be tell expect be live
Siri,Daeng,2.5,0.625,41.875,4.0,sit shuffle make
Daeng,Siri,2.5,0.625,41.875,4.0,sit shuffle make
Luang Nam Tha,Siri,0.0,0.0,10.0,INF,say
Siri,Daeng,0.0,0.0,16.666666666666664,INF,laugh
Haeng,Siri,1.0416666666666665,0.0,32.29166666666667,INF,have rescue say
Daeng,Siri,0.0,0.0,41.66666666666667,INF,be remind
Siri,Pigeon,0.0,0.0,57.14285714285714,INF,ride
Siri,Haeng,1.293103448275862,1.293103448275862,56.03448275862068,1.0,tell
Siri,Pigeon,3.3333333333333335,0.8333333333333334,49.166666666666664,4.0,ride
Siri,Pigeon,3.3333333333333335,0.8333333333333334,49.166666666666664,4.0,ride
Haeng,Siri,1.9230769230769231,7.211538461538461,63.942307692307686,0.26666666666666666,wear have
Siri,Haeng,1.7857142857142856,3.571428571428571,51.78571428571429,0.5,sit enjoy
Siri,Yeh Ming,1.0416666666666665,0.0,57.291666666666664,INF,be
Siri,Auntie Bpoo,0.5,0.5,55.00000000000001,1.0,be crowd hear
Auntie Bpoo,Siri,1.7857142857142856,0.0,55.35714285714286,INF,die step
Siri,Auntie Bpoo,4.6875,1.875,53.43750000000001,2.5,hope act make hear have hit
Siri,Auntie Bpoo,4.6875,1.875,53.43750000000001,2.5,hope act make hear have hit
Auntie Bpoo,Siri,4.6875,1.875,53.43750000000001,2.5,hope act make hear have hit
Auntie Bpoo,Siri,4.6875,1.875,53.43750000000001,2.5,hope act make hear have hit
Siri,Auntie Bpoo,4.6875,1.875,53.43750000000001,2.5,hope act make hear have hit
Siri,Auntie Bpoo,4.6875,1.875,53.43750000000001,2.5,hope act make hear have hit
Siri,Auntie Bpoo,1.171875,3.90625,57.421875,0.3,use government-allocate smuggle say cite have pass pass
Siri,Auntie Bpoo,1.171875,3.90625,57.421875,0.3,use government-allocate smuggle say cite have pass pass
Siri,Haeng,7.5,2.5,50.0,3.0,be remember have
Siri,Pigeon,0.0,0.0,60.0,INF,lean decapitate
Siri,Pigeon,0.0,0.0,60.0,INF,lean decapitate
Siri,Geung,5.0,0.8333333333333334,47.5,6.0,have be remove
Geung,Daeng,5.208333333333334,0.0,44.79166666666667,INF,have work
Siri,Dtui,1.6304347826086956,1.0869565217391304,53.80434782608695,1.5,be have arrange meet
Dtui,Siri,14.583333333333334,1.0416666666666665,42.70833333333333,14.0,have be
Siri,Dtui,0.6578947368421052,0.0,62.5,INF,enter cut discover pluck
Siri,Dtui,6.944444444444445,1.3888888888888888,25.0,5.0,stand admire
Ou,Siri,3.3333333333333335,3.3333333333333335,40.0,1.0,be isolate say
Daeng,Luang Nam Tha,2.7777777777777777,8.333333333333332,11.11111111111111,0.3333333333333333,be
Siri,Haeng,1.0869565217391304,0.0,51.08695652173913,INF,leave look contain
Siri,Miss Singxay,2.083333333333333,6.25,52.77777777777778,0.3333333333333333,be have claim
Haeng,Siri,7.000000000000001,0.0,49.0,INF,have hint be know have change
Siri,Pigeon,0.0,0.0,60.86956521739131,INF,park allocate step
Siri,Pigeon,0.0,0.0,60.86956521739131,INF,park allocate step
Pigeon,Siri,0.0,0.0,60.86956521739131,INF,park allocate step
Siri,Daeng,7.8125,3.125,51.5625,2.5,wonder have buy
Siri,Daeng,5.357142857142857,0.8928571428571428,43.75,6.0,have start melt say
Siri,Miss Singxay,5.0,2.5,45.83333333333333,2.0,tell
Siri,Miss Singxay,5.0,2.5,45.83333333333333,2.0,tell
Rajhid,Siri,1.9230769230769231,1.9230769230769231,46.15384615384615,1.0,grab retreat cause
Rajhid,Daeng,1.9230769230769231,1.9230769230769231,46.15384615384615,1.0,grab retreat cause
Siri,Daeng,1.9230769230769231,1.9230769230769231,46.15384615384615,1.0,grab retreat cause
Siri,Daeng,1.6666666666666667,0.0,51.66666666666667,INF,have put wheel
Siri,Daeng,0.0,0.0,53.84615384615385,INF,sit embed
Luang Nam Tha,Phosy,2.380952380952381,0.5952380952380952,35.11904761904761,4.0,have be
Dtui,Malee,2.083333333333333,0.0,42.36111111111111,INF,enjoy be
Phosy,Dtui,1.0,0.0,51.0,INF,think wake have make
Phosy,Dtui,9.895833333333332,6.25,42.1875,1.5833333333333333,have tangle be do know
Haeng,Siri,3.8461538461538463,1.4423076923076923,48.55769230769231,2.6666666666666665,suppose be be say
Miss Singxay,Haeng,2.7777777777777777,6.25,52.083333333333336,0.4444444444444444,have steal send make
Miss Singxay,Haeng,2.631578947368421,0.0,50.0,INF,drench run beat
Haeng,Daeng,4.166666666666666,0.8333333333333334,38.333333333333336,5.0,remain be be reinstate send assist
Haeng,Luang Nam Tha,4.166666666666666,0.8333333333333334,38.333333333333336,5.0,remain be be reinstate send assist
Haeng,Phosy,4.166666666666666,0.8333333333333334,38.333333333333336,5.0,remain be be reinstate send assist
Daeng,Luang Nam Tha,4.166666666666666,0.8333333333333334,38.333333333333336,5.0,remain be be reinstate send assist
Daeng,Phosy,4.166666666666666,0.8333333333333334,38.333333333333336,5.0,remain be be reinstate send assist
Luang Nam Tha,Phosy,4.166666666666666,0.8333333333333334,38.333333333333336,5.0,remain be be reinstate send assist
Phosy,Siri,5.0,1.5,53.5,3.3333333333333335,have follow drive be lead
Phosy,Teyp,4.166666666666666,0.0,43.452380952380956,INF,have meet attempt convert
Phosy,Teyp,0.0,0.0,41.66666666666667,INF,know yield
Siri,Daeng,2.7027027027027026,3.3783783783783785,53.37837837837838,0.8,be have reach have reconsider
Siri,Daeng,1.6666666666666667,0.0,51.66666666666667,INF,be have find
Daeng,Siri,4.545454545454546,9.090909090909092,50.0,0.5,feel wonder have happen join
Daeng,Siri,4.545454545454546,9.090909090909092,50.0,0.5,feel wonder have happen join
Siri,Daeng,1.3157894736842104,0.6578947368421052,55.92105263157895,2.0,leave burn drop
Daeng,Siri,1.3157894736842104,0.6578947368421052,55.92105263157895,2.0,leave burn drop
Haeng,Dtui,2.941176470588235,2.2058823529411766,53.67647058823529,1.3333333333333333,have be
Siri,Daeng,2.631578947368421,0.6578947368421052,54.60526315789473,4.0,have be recall
Siri,Ou,0.0,0.5434782608695652,34.23913043478261,0.0,come return tell be
Dtui,Phosy,2.083333333333333,0.0,64.58333333333334,INF,be have receive
Siri,Malee,2.364864864864865,2.7027027027027026,51.689189189189186,0.875,have be say move take
Phosy,Siri,5.147058823529411,5.88235294117647,47.794117647058826,0.875,emphasize be be
Dtui,Phosy,2.0,4.5,53.5,0.4444444444444444,be know have insist be
Dtui,Siri,2.0,4.5,53.5,0.4444444444444444,be know have insist be
Dtui,Siri,2.0,4.5,53.5,0.4444444444444444,be know have insist be
Phosy,Siri,2.0,4.5,53.5,0.4444444444444444,be know have insist be
Phosy,Siri,2.0,4.5,53.5,0.4444444444444444,be know have insist be
Dtui,Daeng,1.3888888888888888,0.9259259259259258,53.24074074074075,1.5,have go eat feel
Dtui,Siri,1.3888888888888888,0.9259259259259258,53.24074074074075,1.5,have go eat feel
Dtui,Daeng,1.3888888888888888,0.9259259259259258,53.24074074074075,1.5,have go eat feel
Daeng,Siri,1.3888888888888888,0.9259259259259258,53.24074074074075,1.5,have go eat feel
Siri,Daeng,1.3888888888888888,0.9259259259259258,53.24074074074075,1.5,have go eat feel
Ministry of Justice,Siri,3.7037037037037033,1.8518518518518516,42.592592592592595,2.0,say hold expect walk receive
Siri,Daeng,0.8333333333333334,0.0,52.5,INF,arrive spend
Daeng,Siri,0.8333333333333334,0.0,52.5,INF,arrive spend
Phosy,Luang Nam Tha,8.928571428571429,0.8928571428571428,54.46428571428571,10.0,be investigate
Haeng,Ministry of Justice,7.142857142857142,1.7857142857142856,41.07142857142857,4.0,
Siri,Daeng,1.5625,0.0,29.6875,INF,have learn low-five
Siri,Daeng,3.6764705882352944,2.5735294117647056,37.86764705882353,1.4285714285714286,rip see keep cover say
Siri,Mao,1.1029411764705883,0.3676470588235294,57.35294117647059,3.0,have look
Siri,Mao,1.1029411764705883,0.3676470588235294,57.35294117647059,3.0,have look
Teyp,Phosy,0.6944444444444444,0.0,60.416666666666664,INF,recognize appear consider run put
Xiu Long,Mrs. Loo,4.487179487179487,2.8846153846153846,56.730769230769226,1.5555555555555556,have pick put make
Xiu Long,Mrs. Loo,4.487179487179487,2.8846153846153846,56.730769230769226,1.5555555555555556,have pick put make
Mrs. Loo,Xiu Long,4.487179487179487,2.8846153846153846,56.730769230769226,1.5555555555555556,have pick put make
Phosy,Xiu Long,1.7361111111111112,2.430555555555556,54.166666666666664,0.7142857142857143,have have occur be spare choose pass
Phosy,Mrs. Loo,1.7361111111111112,2.430555555555556,54.166666666666664,0.7142857142857143,have have occur be spare choose pass
Phosy,Mrs. Loo,1.7361111111111112,2.430555555555556,54.166666666666664,0.7142857142857143,have have occur be spare choose pass
Phosy,Mrs. Loo,1.7361111111111112,2.430555555555556,54.166666666666664,0.7142857142857143,have have occur be spare choose pass
Xiu Long,Mrs. Loo,1.7361111111111112,2.430555555555556,54.166666666666664,0.7142857142857143,have have occur be spare choose pass
Xiu Long,Mrs. Loo,1.7361111111111112,2.430555555555556,54.166666666666664,0.7142857142857143,have have occur be spare choose pass
Xiu Long,Mrs. Loo,1.7361111111111112,2.430555555555556,54.166666666666664,0.7142857142857143,have have occur be spare choose pass
Phosy,Xiu Long,2.403846153846154,4.807692307692308,42.78846153846153,0.5,explain send do arrive
Phosy,Mrs. Loo,1.7857142857142856,1.7857142857142856,60.71428571428571,1.0,look translate
Phosy,Mrs. Loo,1.7857142857142856,1.7857142857142856,60.71428571428571,1.0,look translate
Yao,Buri,0.0,2.840909090909091,51.70454545454546,0.0,be speak do
Yao,Headman Panpan,0.0,0.0,40.74074074074074,INF,find lie
Phosy,Teyp,1.4423076923076923,0.0,40.86538461538461,INF,say have get
Phosy,Buri,5.5,1.5,49.0,3.6666666666666665,travel
Phosy,Xiu Long,5.5,1.5,49.0,3.6666666666666665,travel
Phosy,Mrs. Loo,5.5,1.5,49.0,3.6666666666666665,travel
Buri,Xiu Long,5.5,1.5,49.0,3.6666666666666665,travel
Buri,Mrs. Loo,5.5,1.5,49.0,3.6666666666666665,travel
Xiu Long,Mrs. Loo,5.5,1.5,49.0,3.6666666666666665,travel
Phosy,Xiu Long,4.166666666666666,5.0,57.49999999999999,0.8333333333333334,be wonder have cross
Dtui,Malee,0.0,15.0,25.0,0.0,be harm
Luang Nam Tha,Phosy,1.3888888888888888,0.0,48.61111111111111,INF,flee have drive cross
Xiu Long,Mrs. Loo,2.314814814814815,1.3888888888888888,40.74074074074074,1.6666666666666667,hear usher translate
Xiu Long,Phosy,2.5,0.0,45.5,INF,have step hand follow
Xiu Long,Phosy,2.5,0.0,45.5,INF,have step hand follow
Xiu Long,Phosy,2.5,0.0,45.5,INF,have step hand follow
Phosy,Xiu Long,2.5,0.0,45.5,INF,have step hand follow
Yao,Phosy,2.976190476190476,2.976190476190476,51.19047619047619,1.0,be have rely translate
Yao,Buri,2.976190476190476,2.976190476190476,51.19047619047619,1.0,be have rely translate
Phosy,Yao,2.976190476190476,2.976190476190476,51.19047619047619,1.0,be have rely translate
Phosy,Buri,2.976190476190476,2.976190476190476,51.19047619047619,1.0,be have rely translate
Yao,Buri,2.976190476190476,2.976190476190476,51.19047619047619,1.0,be have rely translate
Phosy,Xiu Long,0.0,0.0,40.0,INF,run
Phosy,Teyp,5.0,1.25,38.75,4.0,say be
Siri,Daeng,1.8518518518518516,1.3888888888888888,48.61111111111111,1.3333333333333333,have state be do wait
Siri,Daeng,3.3333333333333335,0.0,50.0,INF,return be
Daeng,Siri,3.3333333333333335,0.0,50.0,INF,return be
Siri,Daeng,0.0,2.840909090909091,47.159090909090914,0.0,place release cast
Xiu Long,Mrs. Loo,4.435483870967742,2.82258064516129,60.483870967741936,1.5714285714285714,have sleep be label
Xiu Long,Mrs. Loo,4.326923076923077,1.9230769230769231,47.59615384615385,2.25,speak pass arise
Civilai,Phosy,9.090909090909092,0.0,45.45454545454545,INF,be
Phosy,Xiu Long,4.545454545454546,4.545454545454546,45.45454545454545,1.0,usher watch wave
Phosy,Mrs. Loo,4.545454545454546,4.545454545454546,45.45454545454545,1.0,usher watch wave
Phosy,Xiu Long,4.545454545454546,4.545454545454546,45.45454545454545,1.0,usher watch wave
Xiu Long,Mrs. Loo,4.545454545454546,4.545454545454546,45.45454545454545,1.0,usher watch wave
Mrs. Loo,Xiu Long,4.545454545454546,4.545454545454546,45.45454545454545,1.0,usher watch wave
Mrs. Loo,Phosy,3.125,2.083333333333333,48.95833333333333,1.5,anchor go peel
Mrs. Loo,Xiu Long,3.125,2.083333333333333,48.95833333333333,1.5,anchor go peel
Phosy,Xiu Long,3.125,2.083333333333333,48.95833333333333,1.5,anchor go peel
Phosy,Siri,0.0,4.166666666666666,45.83333333333333,0.0,be
Phosy,Xiu Long,0.0,4.166666666666666,34.72222222222222,0.0,be recognize
Goi,Phosy,3.260869565217391,1.6304347826086956,51.63043478260869,2.0,look step nod
Goi,Xiu Long,3.260869565217391,1.6304347826086956,51.63043478260869,2.0,look step nod
Goi,Xiu Long,3.260869565217391,1.6304347826086956,51.63043478260869,2.0,look step nod
Phosy,Xiu Long,3.260869565217391,1.6304347826086956,51.63043478260869,2.0,look step nod
Phosy,Xiu Long,3.260869565217391,1.6304347826086956,51.63043478260869,2.0,look step nod
Goi,Xiu Long,2.7777777777777777,3.4722222222222223,65.97222222222221,0.8,have smile be
Phosy,Xiu Long,0.0,1.3888888888888888,48.61111111111111,0.0,push cause take
Teyp,Phosy,7.5,2.5,56.666666666666664,3.0,look
Goi,Yao,0.0,0.0,38.46153846153847,INF,be offer accompany
Goi,Phosy,0.0,2.083333333333333,47.91666666666667,0.0,do say
Xiu Long,Luang Nam Tha,1.5625,2.083333333333333,33.85416666666667,0.75,be go return
Malee,Goi,5.208333333333334,2.083333333333333,34.375,2.5,boast
Luang Nam Tha,Siri,2.083333333333333,5.555555555555555,31.25,0.375,land be
Luang Nam Tha,Daeng,2.083333333333333,5.555555555555555,31.25,0.375,land be
Siri,Daeng,2.083333333333333,5.555555555555555,31.25,0.375,land be
Nang Uma,Chanta,5.0,0.0,41.66666666666667,INF,be be
Nang Uma,Siri,5.681818181818182,0.0,48.86363636363637,INF,take open
Auntie Kwa,Nang Uma,2.083333333333333,1.0416666666666665,38.54166666666667,2.0,be say
Lu,Nang Uma,1.0869565217391304,1.0869565217391304,45.65217391304348,1.0,say have
Lu,Luang Nam Tha,1.0869565217391304,1.0869565217391304,45.65217391304348,1.0,say have
Nang Uma,Luang Nam Tha,1.0869565217391304,1.0869565217391304,45.65217391304348,1.0,say have
Siri,Daeng,0.0,0.0,35.714285714285715,INF,compose
Siri,Phosy,0.0,0.0,35.714285714285715,INF,compose
Daeng,Phosy,0.0,0.0,35.714285714285715,INF,compose
Nang Uma,Phosy,6.25,3.977272727272727,35.22727272727273,1.5714285714285714,receive have go
Nang Uma,Malee,6.25,3.977272727272727,35.22727272727273,1.5714285714285714,receive have go
Phosy,Malee,6.25,3.977272727272727,35.22727272727273,1.5714285714285714,receive have go
Siri,Phosy,7.87037037037037,2.314814814814815,49.074074074074076,3.4,offer help be have be invent
Siri,Haeng,7.87037037037037,2.314814814814815,49.074074074074076,3.4,offer help be have be invent
Phosy,Haeng,7.87037037037037,2.314814814814815,49.074074074074076,3.4,offer help be have be invent
Siri,Phosy,3.125,0.0,56.875,INF,be tag
Phosy,Siri,3.125,0.0,46.875,INF,have spend listen
Muang Xai,Siri,5.434782608695652,1.0869565217391304,50.0,5.0,explain be go hope find visit
Phosy,Mrs. Yoo,2.7777777777777777,0.0,30.555555555555557,INF,say
Siri,Daeng,0.0,0.0,70.0,INF,be arrive sing pull
Siri,Muang Xai,0.0,0.0,70.0,INF,be arrive sing pull
Daeng,Muang Xai,0.0,0.0,70.0,INF,be arrive sing pull
Siri,Dtui,4.166666666666666,0.6944444444444444,39.58333333333333,6.0,examine announce have catch
Siri,Dtui,4.166666666666666,0.6944444444444444,39.58333333333333,6.0,examine announce have catch
Siri,Daeng,0.0,1.0416666666666665,60.06944444444444,0.0,wrap cough splutter do step
Dtui,Inthanet,1.5625,3.90625,50.78125,0.4,be be say
Daeng,Siri,2.1551724137931036,0.8620689655172413,45.258620689655174,2.5,care leave rise have be have sleep
Siri,Auntie Kwa,6.666666666666667,3.3333333333333335,30.0,2.0,ask find
Auntie Kwa,Siri,0.0,0.0,27.77777777777778,INF,be give say hand
Siri,Auntie Kwa,2.631578947368421,3.289473684210526,41.44736842105263,0.8,doubt be
Siri,Auntie Kwa,2.631578947368421,3.289473684210526,41.44736842105263,0.8,doubt be
Siri,Auntie Kwa,0.0,0.8928571428571428,41.964285714285715,0.0,look say hand
Siri,Auntie Kwa,0.8928571428571428,1.7857142857142856,47.32142857142857,0.5,be guess be tell
Siri,Ministry of Justice,3.125,1.5625,39.0625,2.0,say work
Auntie Kwa,Siri,2.6785714285714284,0.8928571428571428,67.85714285714286,3.0,hand
Auntie Kwa,Siri,2.6785714285714284,0.8928571428571428,67.85714285714286,3.0,hand
Auntie Kwa,Siri,1.7045454545454544,0.0,43.75,INF,hand probe
Auntie Kwa,Siri,1.7045454545454544,0.0,43.75,INF,hand probe
Lu,Peu Jin,0.0,0.0,16.666666666666664,INF,
Phosy,Siri,7.142857142857142,0.0,64.28571428571429,INF,have spend
Siri,Yao,1.0416666666666665,1.5625,55.729166666666664,0.6666666666666666,follow have drive cross
Siri,Phosy,1.0416666666666665,1.5625,55.729166666666664,0.6666666666666666,follow have drive cross
Yao,Phosy,1.0416666666666665,1.5625,55.729166666666664,0.6666666666666666,follow have drive cross
Yao,Siri,1.0416666666666665,1.5625,55.729166666666664,0.6666666666666666,follow have drive cross
Phosy,Siri,1.0416666666666665,1.5625,55.729166666666664,0.6666666666666666,follow have drive cross
Tang,Goi,5.0,1.875,53.125,2.6666666666666665,have be hear
Phosy,Tang,3.125,0.0,21.875,INF,like
Phosy,Goi,6.25,1.7857142857142856,49.107142857142854,3.5,hear be call
Phosy,Guan Jin,6.25,1.7857142857142856,49.107142857142854,3.5,hear be call
Goi,Guan Jin,6.25,1.7857142857142856,49.107142857142854,3.5,hear be call
Guan Jin,Lu,0.0,0.0,71.42857142857143,INF,be bear
Phosy,Goi,2.1739130434782608,4.3478260869565215,54.347826086956516,0.5,have feel be be
Goi,Luang Nam Tha,4.605263157894736,4.605263157894736,38.15789473684211,1.0,make extend
Goi,Phosy,7.142857142857142,1.7857142857142856,57.738095238095234,4.0,have have have be gather
Phosy,Goi,1.3888888888888888,2.314814814814815,51.85185185185185,0.6,have call feel need compete
Phosy,Goi,1.3888888888888888,2.314814814814815,51.85185185185185,0.6,have call feel need compete
Phosy,Goi,1.3888888888888888,2.314814814814815,51.85185185185185,0.6,have call feel need compete
Phosy,Goi,1.3888888888888888,2.314814814814815,51.85185185185185,0.6,have call feel need compete
Phosy,Tang,6.944444444444445,3.7037037037037033,56.018518518518526,1.875,have be glean have be
Phosy,Goi,6.944444444444445,3.7037037037037033,56.018518518518526,1.875,have be glean have be
Tang,Goi,6.944444444444445,3.7037037037037033,56.018518518518526,1.875,have be glean have be
Phosy,Tang,2.8846153846153846,8.173076923076923,50.480769230769226,0.35294117647058826,be be excite
Phosy,Siri,3.571428571428571,0.0,60.71428571428571,INF,have
Phosy,Siri,0.35714285714285715,3.571428571428571,50.357142857142854,0.1,walk announce burn pump be solve
Siri,Daeng,2.34375,0.78125,71.875,3.0,have spend thaw pump
Bobby,Lola,0.0,0.0,52.17391304347826,INF,be introduce sing
Lola,Bobby,0.6578947368421052,0.0,51.973684210526315,INF,come cut
Lola,Siri,1.9230769230769231,5.769230769230769,46.15384615384615,0.3333333333333333,bear have be
Lola,Siri,1.9230769230769231,5.769230769230769,46.15384615384615,0.3333333333333333,bear have be
Siri,Daeng,8.333333333333332,1.3888888888888888,40.27777777777778,6.0,have be hug shake squeeze be
Lola,Bobby,4.032258064516129,0.8064516129032258,50.0,5.0,learn have be hole have decide be allow do
Lola,Siri,4.032258064516129,0.8064516129032258,50.0,5.0,learn have be hole have decide be allow do
Bobby,Siri,4.032258064516129,0.8064516129032258,50.0,5.0,learn have be hole have decide be allow do
Siri,Daeng,6.944444444444445,9.027777777777777,28.47222222222222,0.7692307692307693,like
Bobby,Siri,1.953125,1.171875,56.25,1.6666666666666667,give have hear lead
Bobby,Siri,1.953125,1.171875,56.25,1.6666666666666667,give have hear lead
Bobby,Dr. Tom Dooley,3.804347826086957,2.717391304347826,54.347826086956516,1.4,peel explain belong
Bobby,Dr. Tom Dooley,3.804347826086957,2.717391304347826,54.347826086956516,1.4,peel explain belong
Siri,Daeng,1.3157894736842104,0.0,56.57894736842105,INF,feel belong tell
Siri,Daeng,2.6785714285714284,1.7857142857142856,52.67857142857143,1.5,have swaddle
Lola,Siri,0.0,0.0,30.76923076923077,INF,do remind
Lola,Siri,4.464285714285714,7.142857142857142,45.535714285714285,0.625,watch dissipate cough
Lola,Bobby,0.0,4.861111111111112,50.69444444444444,0.0,sob stand wave
Lola,Bobby,0.0,4.861111111111112,50.69444444444444,0.0,sob stand wave
Lola,Bobby,0.0,4.861111111111112,50.69444444444444,0.0,sob stand wave
Daeng,Siri,0.0,0.0,50.0,INF,lean kiss
Daeng,Lola,0.0,0.0,50.0,INF,lean
Siri,Daeng,0.0,0.0,57.14285714285714,INF,put be count lead
Daeng,Siri,0.0,0.0,25.0,INF,ask
Siri,Daeng,0.0,0.4807692307692308,61.057692307692314,0.0,arrive see sit
Daeng,Siri,0.0,0.4807692307692308,61.057692307692314,0.0,arrive see sit
Luang Nam Tha,Civilai,0.0,0.0,18.75,INF,be say
Civilai,Daeng,2.1739130434782608,2.1739130434782608,60.86956521739131,1.0,doubt prevent beat say
Civilai,Daeng,0.0,3.571428571428571,46.42857142857143,0.0,have tell
Teyp,Buri,4.62962962962963,4.166666666666666,43.05555555555556,1.1111111111111112,be have be extend be show
Teyp,Goi,4.62962962962963,4.166666666666666,43.05555555555556,1.1111111111111112,be have be extend be show
Teyp,Phosy,4.62962962962963,4.166666666666666,43.05555555555556,1.1111111111111112,be have be extend be show
Buri,Goi,4.62962962962963,4.166666666666666,43.05555555555556,1.1111111111111112,be have be extend be show
Buri,Phosy,4.62962962962963,4.166666666666666,43.05555555555556,1.1111111111111112,be have be extend be show
Goi,Phosy,4.62962962962963,4.166666666666666,43.05555555555556,1.1111111111111112,be have be extend be show
Siri,Daeng,2.75,3.0,58.25,0.9166666666666666,have see churn fail show deserve
Peu Jin,Civilai,0.0,10.416666666666668,22.916666666666664,0.0,fear have overtax say
Civilai,Siri,10.576923076923077,0.9615384615384616,42.30769230769231,11.0,point lean admire
Daeng,Civilai,0.0,0.0,36.36363636363637,INF,be say take
Civilai,Siri,1.875,0.0,53.125,INF,hold whistle summon jog
Civilai,Siri,1.875,0.0,53.125,INF,hold whistle summon jog
Muang Long,Daeng,7.5,3.3333333333333335,49.166666666666664,2.25,look be say
Muang Long,Muang Xai,2.2058823529411766,2.2058823529411766,54.41176470588235,1.0,be
Auntie Bpoo,Siri,3.0,1.5,47.5,2.0,step have be project
Auntie Bpoo,Siri,3.0,1.5,47.5,2.0,step have be project
Auntie Bpoo,Siri,3.0,1.5,47.5,2.0,step have be project
Siri,Auntie Bpoo,3.0,1.5,47.5,2.0,step have be project
Siri,Auntie Bpoo,3.0,1.5,47.5,2.0,step have be project
Auntie Bpoo,Siri,3.0,1.5,47.5,2.0,step have be project
Auntie Bpoo,Siri,1.6666666666666667,3.3333333333333335,61.66666666666667,0.5,be attempt get be
Auntie Bpoo,Siri,1.3157894736842104,4.605263157894736,51.973684210526315,0.2857142857142857,be prance mean
Auntie Bpoo,Siri,1.3157894736842104,4.605263157894736,51.973684210526315,0.2857142857142857,be prance mean
Siri,Auntie Bpoo,0.0,0.0,47.05882352941176,INF,be go be leave
Siri,Muang Xai,2.083333333333333,1.3888888888888888,40.97222222222222,1.5,drive unfasten
Siri,Daeng,2.083333333333333,1.3888888888888888,40.97222222222222,1.5,drive unfasten
Muang Xai,Daeng,2.083333333333333,1.3888888888888888,40.97222222222222,1.5,drive unfasten
Siri,Daeng,4.6875,1.5625,43.75,3.0,be
Muang Long,Siri,4.807692307692308,3.8461538461538463,45.19230769230769,1.25,be pull
Muang Long,Siri,2.976190476190476,5.357142857142857,48.80952380952381,0.5555555555555556,be have learn stop
Siri,Civilai,2.6785714285714284,0.0,40.17857142857143,INF,leave return
Siri,Daeng,2.6785714285714284,0.0,40.17857142857143,INF,leave return
Civilai,Daeng,2.6785714285714284,0.0,40.17857142857143,INF,leave return
Siri,Civilai,2.314814814814815,3.2407407407407405,50.0,0.7142857142857143,transpire have come see spread-eagle loom
Siri,Civilai,1.5625,0.0,23.4375,INF,return
Sihot,Phosy,3.571428571428571,3.571428571428571,54.761904761904766,1.0,be handle suggest be
Dtui,Siri,3.8461538461538463,5.769230769230769,44.230769230769226,0.6666666666666666,have be stay
Dtui,Ou,10.15625,1.5625,50.78125,6.5,have clear appear have be
Ou,Dtui,0.0,0.0,14.285714285714285,INF,say
Dtui,Ou,0.0,0.0,40.0,INF,kneel take
Siri,Ou,0.0,0.0,14.285714285714285,INF,say
Dtui,Ou,2.083333333333333,11.458333333333332,28.125,0.18181818181818182,be
Siri,Daeng,2.7777777777777777,1.8518518518518516,50.92592592592593,1.5,have sleep park hide
Siri,Civilai,2.7777777777777777,1.8518518518518516,50.92592592592593,1.5,have sleep park hide
Siri,Muang Xai,2.7777777777777777,1.8518518518518516,50.92592592592593,1.5,have sleep park hide
Daeng,Civilai,2.7777777777777777,1.8518518518518516,50.92592592592593,1.5,have sleep park hide
Daeng,Muang Xai,2.7777777777777777,1.8518518518518516,50.92592592592593,1.5,have sleep park hide
Civilai,Muang Xai,2.7777777777777777,1.8518518518518516,50.92592592592593,1.5,have sleep park hide
Mae,Muang Xai,0.0,0.0,42.857142857142854,INF,use live say
Dtui,Geung,3.8461538461538463,0.0,34.61538461538461,INF,have call
Dtui,Geung,3.8461538461538463,0.0,34.61538461538461,INF,have call
Geung,Dtui,6.896551724137931,3.4482758620689653,48.275862068965516,2.0,have set clean have say sit hold
Geung,Ou,0.0,0.0,50.0,INF,let put go
Dtui,Geung,0.0,0.0,43.75,INF,show
Dtui,Ou,0.0,0.0,43.75,INF,show
Geung,Ou,0.0,0.0,43.75,INF,show
Dtui,Geung,6.25,0.0,31.25,INF,find squeeze
Geung,Dtui,5.241935483870968,5.241935483870968,54.03225806451613,1.0,be tell tickle fail make
Geung,Dtui,5.241935483870968,5.241935483870968,54.03225806451613,1.0,be tell tickle fail make
Dtui,Ou,0.0,0.0,50.0,INF,sit look
Siri,Ou,1.3888888888888888,0.0,54.166666666666664,INF,be have leave examine
Siri,Daeng,3.8461538461538463,0.0,26.923076923076923,INF,have
Siri,Daeng,6.944444444444445,7.638888888888889,40.97222222222222,0.9090909090909091,have be be feel
Civilai,Siri,6.0,3.5000000000000004,46.5,1.7142857142857142,insist stay walk
Civilai,Daeng,6.0,3.5000000000000004,46.5,1.7142857142857142,insist stay walk
Civilai,Siri,6.0,3.5000000000000004,46.5,1.7142857142857142,insist stay walk
Civilai,Daeng,6.0,3.5000000000000004,46.5,1.7142857142857142,insist stay walk
Civilai,Siri,6.0,3.5000000000000004,46.5,1.7142857142857142,insist stay walk
Civilai,Daeng,6.0,3.5000000000000004,46.5,1.7142857142857142,insist stay walk
Siri,Daeng,6.0,3.5000000000000004,46.5,1.7142857142857142,insist stay walk
Siri,Daeng,2.083333333333333,6.944444444444445,40.97222222222222,0.3,nibble apologize eat
Dr. Tom Dooley,CIA,2.5,0.0,47.5,INF,call
Siri,Mae,0.0,0.0,50.0,INF,open take
Lu,Siri,0.0,0.0,46.666666666666664,INF,be say recognize
Muang Xai,Mae,0.0,0.0,18.181818181818183,INF,be say
Siri,Mae,0.0,0.0,38.46153846153847,INF,remind
Siri,Civilai,0.4464285714285714,4.464285714285714,45.089285714285715,0.1,be see set
Siri,Mai,0.4464285714285714,4.464285714285714,45.089285714285715,0.1,be see set
Civilai,Mai,0.4464285714285714,4.464285714285714,45.089285714285715,0.1,be see set
Siri,Bobby,0.0,0.8928571428571428,49.107142857142854,0.0,beep poke
Siri,Bobby,0.0,0.8928571428571428,49.107142857142854,0.0,beep poke
Siri,Bobby,0.0,0.8928571428571428,49.107142857142854,0.0,beep poke
Siri,Bobby,0.0,0.8928571428571428,49.107142857142854,0.0,beep poke
Simon,Lola,0.0,0.0,22.22222222222222,INF,say
Bobby,Siri,0.0,1.0416666666666665,57.291666666666664,0.0,be have
Siri,Civilai,0.0,0.0,53.333333333333336,INF,take send ask autograph
Simon,Carbunkle,1.8229166666666667,1.0416666666666665,55.46875,1.75,be sing come say mind shut get sleep want sit smoke
Simon,Carbunkle,0.0,0.0,50.0,INF,do take keep
Carbunkle,Simon,0.0,0.0,50.0,INF,do take keep
Simon,Carbunkle,0.8333333333333334,4.166666666666666,55.00000000000001,0.2,go get shoot
Simon,Carbunkle,0.8333333333333334,4.166666666666666,55.00000000000001,0.2,go get shoot
Daeng,Civilai,2.7777777777777777,2.7777777777777777,16.666666666666664,1.0,be
Phosy,Siri,2.7777777777777777,6.944444444444445,62.5,0.4,come feel be
Mae,Daeng,1.25,3.125,55.625,0.4,near be be
Mae,Daeng,1.25,3.125,55.625,0.4,near be be
Mae,Daeng,1.4705882352941175,2.941176470588235,48.529411764705884,0.5,be see be
Mae,Daeng,0.0,1.4705882352941175,51.470588235294116,0.0,return be be find
Agnes,Muang Xai,2.5,0.0,50.83333333333333,INF,pull
Siri,Civilai,1.4705882352941175,1.4705882352941175,55.88235294117647,1.0,be emerge
Siri,Civilai,1.4705882352941175,1.4705882352941175,55.88235294117647,1.0,be emerge
Siri,Civilai,0.0,6.25,43.75,0.0,decide announce
Civilai,Siri,0.0,0.0,40.0,INF,glare
Siri,Civilai,2.586206896551724,2.1551724137931036,46.98275862068966,1.2,pause look wonder have manage enter
Civilai,Siri,10.0,5.0,25.0,2.0,roll
Ou,Siri,0.0,0.0,40.909090909090914,INF,take have analyze say
Siri,Civilai,4.017857142857143,5.357142857142857,40.625,0.75,inspect go
Siri,Civilai,4.017857142857143,5.357142857142857,40.625,0.75,inspect go
Civilai,Siri,0.0,0.0,53.333333333333336,INF,come watch unroll iron
Civilai,Siri,0.0,0.0,53.333333333333336,INF,come watch unroll iron
Phosy,Goi,0.0,0.0,52.94117647058824,INF,recognize find carve
Phosy,Goi,1.1363636363636365,1.1363636363636365,61.36363636363637,1.0,take drown
Goi,Luang Nam Tha,3.3653846153846154,0.9615384615384616,68.75,3.5,wield have reach
Luang Nam Tha,Goi,3.3653846153846154,0.9615384615384616,68.75,3.5,wield have reach
Luang Nam Tha,Goi,3.3653846153846154,0.9615384615384616,68.75,3.5,wield have reach
Phosy,Goi,1.3888888888888888,9.722222222222223,50.0,0.14285714285714285,be need survive torture
Phosy,Goi,2.083333333333333,0.0,64.58333333333334,INF,slam shut
Daeng,Muang Xai,0.0,0.0,68.18181818181817,INF,be sing be scratch bite
Mae,Daeng,6.25,2.403846153846154,56.730769230769226,2.6,have step claim have teach appreciate
Daeng,Mae,6.25,2.403846153846154,56.730769230769226,2.6,have step claim have teach appreciate
Dtui,Geung,0.78125,0.78125,54.6875,1.0,arrive be
Dtui,Geung,2.2058823529411766,1.4705882352941175,61.029411764705884,1.5,look do miss
Muang Nam,Civilai,1.6666666666666667,0.0,31.666666666666664,INF,have tell say
Mai,Grandmother Amphone,3.977272727272727,1.1363636363636365,53.97727272727273,3.5,need stop pick
Siri,Civilai,4.6875,2.083333333333333,41.14583333333333,2.25,have reach understand be have be put get
Siri,Civilai,1.8518518518518516,2.314814814814815,47.68518518518518,0.8,open see march accompany recognize
Civilai,Bouaphan,0.0,0.0,38.46153846153847,INF,be say
Siri,Bouaphan,0.0,3.3333333333333335,36.666666666666664,0.0,do ignore
Bouaphan,Siri,0.0,0.0,40.0,INF,be leave have create
Siri,Civilai,4.166666666666666,0.0,45.83333333333333,INF,enjoy sigh laugh
Phosy,Siri,0.6756756756756757,1.6891891891891893,46.28378378378378,0.4,attempt get find have deliver poison
Phosy,Dtui,0.6756756756756757,1.6891891891891893,46.28378378378378,0.4,attempt get find have deliver poison
Phosy,Geung,0.6756756756756757,1.6891891891891893,46.28378378378378,0.4,attempt get find have deliver poison
Phosy,Siri,0.6756756756756757,1.6891891891891893,46.28378378378378,0.4,attempt get find have deliver poison
Siri,Dtui,0.6756756756756757,1.6891891891891893,46.28378378378378,0.4,attempt get find have deliver poison
Siri,Geung,0.6756756756756757,1.6891891891891893,46.28378378378378,0.4,attempt get find have deliver poison
Dtui,Geung,0.6756756756756757,1.6891891891891893,46.28378378378378,0.4,attempt get find have deliver poison
Dtui,Siri,0.6756756756756757,1.6891891891891893,46.28378378378378,0.4,attempt get find have deliver poison
Geung,Siri,0.6756756756756757,1.6891891891891893,46.28378378378378,0.4,attempt get find have deliver poison
Siri,Geung,3.4090909090909087,0.0,51.13636363636363,INF,look
Dtui,Siri,1.4705882352941175,0.0,51.470588235294116,INF,ask hold have leave
Agnes,Mai,1.9736842105263157,2.631578947368421,53.289473684210535,0.75,arrive signal
Daeng,Luang Nam Tha,0.390625,0.0,49.609375,INF,arrive take be
Daeng,Lu,0.390625,0.0,49.609375,INF,arrive take be
Luang Nam Tha,Lu,0.390625,0.0,49.609375,INF,arrive take be
Siri,Auntie Bpoo,2.5,0.625,56.875,4.0,be be seat
Siri,Auntie Bpoo,0.0,3.6458333333333335,46.35416666666667,0.0,recognize begin clap egg
Dtui,Luang Nam Tha,3.8461538461538463,0.9615384615384616,52.88461538461539,4.0,talk have be tell be
Siri,Daeng,1.25,3.75,45.0,0.3333333333333333,hate
Dtui,Siri,0.43103448275862066,0.0,47.8448275862069,INF,think be execute base
Dtui,Daeng,0.43103448275862066,0.0,47.8448275862069,INF,think be execute base
Siri,Daeng,0.43103448275862066,0.0,47.8448275862069,INF,think be execute base
Dtui,Lizard,6.25,0.0,56.25,INF,have keep want
Daeng,Siri,0.0,0.0,50.0,INF,
Daeng,Civilai,0.0,0.0,50.0,INF,
Daeng,Siri,0.0,0.0,50.0,INF,
Daeng,Civilai,0.0,0.0,50.0,INF,
Siri,Civilai,0.0,0.0,50.0,INF,
Geung,Lizard,0.0,0.0,37.03703703703704,INF,say do remember celebrate
Lizard,Siri,1.6304347826086956,5.434782608695652,40.76086956521739,0.3,have apologize
Lizard,Daeng,1.6304347826086956,5.434782608695652,40.76086956521739,0.3,have apologize
Siri,Daeng,1.6304347826086956,5.434782608695652,40.76086956521739,0.3,have apologize
Dtui,Siri,3.977272727272727,5.113636363636364,50.0,0.7777777777777778,tell have come kill
Dtui,Daeng,3.977272727272727,5.113636363636364,50.0,0.7777777777777778,tell have come kill
Siri,Daeng,3.977272727272727,5.113636363636364,50.0,0.7777777777777778,tell have come kill
Siri,Daeng,1.9736842105263157,0.0,50.6578947368421,INF,go follow come
Phosy,Buddhist,1.4705882352941175,0.0,57.35294117647059,INF,be have help
Phosy,Buddhist,1.4705882352941175,0.0,57.35294117647059,INF,be have help
Buddhist,Goi,3.4090909090909087,1.5151515151515151,49.621212121212125,2.25,have train look fascinate plot have keep
Buddhist,Goi,3.4090909090909087,1.5151515151515151,49.621212121212125,2.25,have train look fascinate plot have keep
Goi,Buddhist,3.4090909090909087,1.5151515151515151,49.621212121212125,2.25,have train look fascinate plot have keep
Siri,Civilai,0.9615384615384616,0.0,60.57692307692307,INF,arrive plan
Siri,Muang Xai,0.9615384615384616,0.0,60.57692307692307,INF,arrive plan
Civilai,Muang Xai,0.9615384615384616,0.0,60.57692307692307,INF,arrive plan
Siri,Civilai,2.7777777777777777,2.314814814814815,43.05555555555556,1.2,eat drink be regale
Siri,Daeng,2.7777777777777777,2.314814814814815,43.05555555555556,1.2,eat drink be regale
Civilai,Daeng,2.7777777777777777,2.314814814814815,43.05555555555556,1.2,eat drink be regale
Daeng,Siri,4.166666666666666,0.0,40.27777777777778,INF,look
Daeng,Civilai,4.166666666666666,0.0,40.27777777777778,INF,look
Siri,Civilai,4.166666666666666,0.0,40.27777777777778,INF,look
Siri,Civilai,0.0,0.0,46.15384615384615,INF,follow chuckle tag
Siri,Civilai,0.0,0.0,30.0,INF,tell say
Siri,Daeng,2.083333333333333,0.0,56.25,INF,be watch go
Siri,Daeng,0.5208333333333333,0.5208333333333333,61.458333333333336,1.0,sit stare light
Civilai,Daeng,4.545454545454546,0.0,31.818181818181817,INF,say
Daeng,Civilai,1.7857142857142856,4.464285714285714,29.464285714285715,0.4,use remind
Siri,Mai,0.5434782608695652,0.0,38.58695652173913,INF,say have translate
Siri,Daeng,3.6764705882352944,1.4705882352941175,41.911764705882355,2.5,hold enjoy be wrap
Siri,Daeng,2.5,0.0,37.5,INF,do think be say
Gwan Jin,Daeng,1.5625,0.78125,35.15625,2.0,be say
Daeng,Siri,0.0,8.333333333333332,8.333333333333332,0.0,ignore
Daeng,Siri,0.0,8.333333333333332,8.333333333333332,0.0,ignore
Daeng,Civilai,4.166666666666666,1.6666666666666667,27.500000000000004,2.5,say do want know remind
Daeng,Lola,0.4032258064516129,0.0,44.75806451612903,INF,say go decide take stroll see
Daeng,Bobby,0.4032258064516129,0.0,44.75806451612903,INF,say go decide take stroll see
Lola,Bobby,0.4032258064516129,0.0,44.75806451612903,INF,say go decide take stroll see
Bobby,Daeng,3.6764705882352944,0.7352941176470588,48.529411764705884,5.0,be show say
Bobby,Daeng,3.6764705882352944,0.7352941176470588,48.529411764705884,5.0,be show say
Bobby,Siri,0.0,0.0,33.33333333333333,INF,say
Auntie Kwa,Daeng,5.681818181818182,0.0,21.59090909090909,INF,be say
Civilai,Siri,1.4705882352941175,0.0,33.82352941176471,INF,say hand
Siri,Guan Jin,2.1739130434782608,0.0,36.95652173913043,INF,be look
Siri,Guan Jin,2.1739130434782608,0.0,36.95652173913043,INF,be look
Goi,Daeng,0.0,0.0,14.285714285714285,INF,say
Daeng,Civilai,2.976190476190476,2.380952380952381,47.023809523809526,1.25,believe be place say
Goi,Daeng,3.571428571428571,1.7857142857142856,37.5,2.0,collect bring say
Daeng,Siri,0.0,0.0,50.0,INF,forbid
Siri,Civilai,0.0,0.0,33.33333333333333,INF,look say
Civilai,Daeng,1.5625,0.0,48.4375,INF,sit watch
Civilai,Siri,1.5625,0.0,48.4375,INF,sit watch
Daeng,Siri,1.5625,0.0,48.4375,INF,sit watch
Siri,Civilai,0.0,0.8333333333333334,45.83333333333333,0.0,exhibit say
Siri,Daeng,2.8846153846153846,0.0,50.96153846153846,INF,marry say
Civilai,Daeng,3.0172413793103448,1.7241379310344827,57.327586206896555,1.75,do be tell be have
Goi,Siri,7.142857142857142,0.0,42.857142857142854,INF,set
Goi,Siri,7.142857142857142,0.0,42.857142857142854,INF,set
Lu,Siri,1.2096774193548387,1.6129032258064515,55.24193548387096,0.75,be have recognize say
Daeng,Civilai,0.0,0.0,50.0,INF,prop
Daeng,Civilai,0.0,0.0,50.0,INF,prop
Nang Uma,Luang Nam Tha,3.4722222222222223,0.6944444444444444,51.388888888888886,5.0,be run
Nang Uma,Auntie Kwa,0.0,0.0,50.0,INF,be meet
Nang Uma,Muang Xai,0.0,0.0,50.0,INF,be meet
Auntie Kwa,Muang Xai,0.0,0.0,50.0,INF,be meet
Siri,Dtui,0.0,0.0,43.75,INF,have
Chanta,Lu,1.6666666666666667,0.0,51.66666666666667,INF,call speak
Siri,Dtui,3.3333333333333335,0.0,56.666666666666664,INF,bury be
Siri,Dtui,3.3333333333333335,0.0,56.666666666666664,INF,bury be
Daeng,Siri,1.8382352941176472,1.4705882352941175,37.86764705882353,1.25,understand say have come tell suspect
Chanta,Civilai,0.0,0.0,46.15384615384615,INF,go tell
Goi,Lu,1.1904761904761905,2.380952380952381,39.285714285714285,0.5,assume be care happen
Goi,Lu,1.25,10.416666666666668,55.00000000000001,0.12,be accord run be see
Lu,Goi,1.25,10.416666666666668,55.00000000000001,0.12,be accord run be see
Siri,Auntie Kwa,1.3157894736842104,0.6578947368421052,34.868421052631575,2.0,say be do
Siri,Lu,1.3157894736842104,0.6578947368421052,34.868421052631575,2.0,say be do
Auntie Kwa,Lu,1.3157894736842104,0.6578947368421052,34.868421052631575,2.0,say be do
Chanta,Goi,1.171875,2.34375,43.359375,0.5,be continue be
Goi,Siri,0.0,3.125,46.875,0.0,imagine be stop massacre say
Goi,Siri,0.0,3.125,46.875,0.0,imagine be stop massacre say
Daeng,Siri,0.0,0.0,42.857142857142854,INF,look smile
Phosy,Goi,2.2435897435897436,0.9615384615384616,53.205128205128204,2.3333333333333335,result be be convince stop capture
Siri,Luang Nam Tha,6.395348837209303,2.3255813953488373,49.41860465116279,2.75,have be disappoint make be be dispatch attempt make
Siri,Luang Nam Tha,6.395348837209303,2.3255813953488373,49.41860465116279,2.75,have be disappoint make be be dispatch attempt make
Daeng,Chanta,0.0,1.3157894736842104,56.57894736842105,0.0,retire walk
Daeng,Chanta,0.0,0.0,50.0,INF,look lean see
Daeng,Chanta,3.3333333333333335,4.166666666666666,45.83333333333333,0.8,get look
Siri,Auntie Bpoo,2.941176470588235,0.7352941176470588,55.14705882352941,4.0,be sit look
Siri,Daeng,1.6666666666666667,0.0,45.0,INF,see have
Siri,Daeng,1.6666666666666667,0.0,45.0,INF,see have
Siri,Daeng,1.6666666666666667,0.0,45.0,INF,see have
Siri,Daeng,1.6666666666666667,0.0,45.0,INF,see have
Siri,Daeng,1.7857142857142856,0.0,48.214285714285715,INF,have single have attend
Siri,Civilai,1.7857142857142856,0.0,48.214285714285715,INF,have single have attend
Daeng,Civilai,1.7857142857142856,0.0,48.214285714285715,INF,have single have attend
Goi,Phosy,4.411764705882353,8.823529411764707,39.705882352941174,0.5,be say have drown
Daeng,Phosy,0.0,0.0,50.0,INF,be suck
Civilai,Lu,1.3888888888888888,1.3888888888888888,58.333333333333336,1.0,call escort
Civilai,Daeng,1.3888888888888888,1.3888888888888888,58.333333333333336,1.0,call escort
Lu,Daeng,1.3888888888888888,1.3888888888888888,58.333333333333336,1.0,call escort
Goi,Daeng,2.734375,1.5625,45.703125,1.75,run say produce make want get shut
Daeng,Goi,2.734375,1.5625,45.703125,1.75,run say produce make want get shut
Siri,Civilai,0.0,0.0,50.0,INF,be eliminate
Goi,Civilai,0.0,0.0,60.0,INF,point
Paul,Civilai,0.0,0.0,28.57142857142857,INF,say
Paul,Civilai,1.5,2.5,44.0,0.6,say die take
Paul,Muang Xai,1.5,2.5,44.0,0.6,say die take
Civilai,Muang Xai,1.5,2.5,44.0,0.6,say die take
Goi,Muang Xai,0.0,0.0,48.0,INF,hear shoot level
Goi,Civilai,0.0,0.0,48.0,INF,hear shoot level
Muang Xai,Civilai,0.0,0.0,48.0,INF,hear shoot level
Civilai,Goi,1.3392857142857142,3.125,56.25,0.42857142857142855,tell be murder say stare
Daeng,Civilai,0.0,0.0,40.0,INF,lower
Guan Jin,Goi,0.0,0.625,54.37499999999999,0.0,tell work alia
Goi,Guan Jin,1.6666666666666667,1.6666666666666667,43.333333333333336,1.0,have continue
Goi,Civilai,1.6666666666666667,1.6666666666666667,43.333333333333336,1.0,have continue
Guan Jin,Civilai,1.6666666666666667,1.6666666666666667,43.333333333333336,1.0,have continue
Goi,Siri,0.0,0.0,50.0,INF,level
Daeng,Civilai,1.5625,1.5625,34.375,1.0,say get
Daeng,Civilai,1.5625,1.5625,34.375,1.0,say get
Daeng,Siri,1.5,0.0,46.5,INF,wade grab wrestle lay
Daeng,Siri,1.5,0.0,46.5,INF,wade grab wrestle lay
Daeng,Siri,1.5,0.0,46.5,INF,wade grab wrestle lay
Goi,Siri,2.083333333333333,3.125,57.291666666666664,0.6666666666666666,have crawl find
Goi,Siri,2.631578947368421,2.631578947368421,42.10526315789473,1.0,wheeze clutch reach
Goi,Siri,2.631578947368421,2.631578947368421,42.10526315789473,1.0,wheeze clutch reach
Goi,Siri,2.631578947368421,2.631578947368421,42.10526315789473,1.0,wheeze clutch reach
Phosy,Goi,0.0,0.0,53.84615384615385,INF,take sink
Goi,Phosy,1.4423076923076923,0.0,60.09615384615385,INF,arm march swing leave swish
Phosy,Goi,1.4423076923076923,0.0,60.09615384615385,INF,arm march swing leave swish
Phosy,Goi,2.380952380952381,0.0,40.476190476190474,INF,shut say fire
Xiu Long,Goi,2.34375,2.34375,45.3125,1.0,say be go
Daeng,Phosy,0.0,0.0,45.0,INF,speak say
Siri,Daeng,3.571428571428571,1.7857142857142856,66.07142857142857,2.0,be rest
Xiu Long,Civilai,0.0,0.0,41.66666666666667,INF,sit
Xiu Long,Chanta,0.0,0.0,41.66666666666667,INF,sit
Xiu Long,Lu,0.0,0.0,41.66666666666667,INF,sit
Civilai,Chanta,0.0,0.0,41.66666666666667,INF,sit
Civilai,Lu,0.0,0.0,41.66666666666667,INF,sit
Chanta,Lu,0.0,0.0,41.66666666666667,INF,sit
Guan Jin,Goi,2.2058823529411766,0.7352941176470588,50.0,3.0,have be investigate know
Phosy,Guan Jin,2.604166666666667,1.5625,41.66666666666667,1.6666666666666667,clear coordinate collect say
Phosy,Xiu Long,2.604166666666667,1.5625,41.66666666666667,1.6666666666666667,clear coordinate collect say
Guan Jin,Xiu Long,2.604166666666667,1.5625,41.66666666666667,1.6666666666666667,clear coordinate collect say
Goi,Xiu Long,11.76470588235294,2.941176470588235,44.11764705882353,4.0,have receive say
Siri,Civilai,5.921052631578947,1.3157894736842104,40.131578947368425,4.5,have hear
Goi,Phosy,1.25,0.0,58.75,INF,wake extend attend
Phosy,Xiu Long,3.8461538461538463,2.8846153846153846,47.11538461538461,1.3333333333333333,be snore
Phosy,Xiu Long,3.8461538461538463,2.8846153846153846,47.11538461538461,1.3333333333333333,be snore
Civilai,Daeng,0.0,3.4722222222222223,57.638888888888886,0.0,know see
Daeng,Civilai,0.0,3.4722222222222223,57.638888888888886,0.0,know see
Geung,Tukda,2.5735294117647056,0.0,41.544117647058826,INF,have walk reach grab fall
Geung,Tukda,2.5735294117647056,0.0,41.544117647058826,INF,have walk reach grab fall
Tukda,Geung,1.9736842105263157,1.3157894736842104,44.07894736842105,1.5,pull get walk
Tukda,Geung,1.9736842105263157,1.3157894736842104,44.07894736842105,1.5,pull get walk
Daeng,Civilai,2.7027027027027026,0.6756756756756757,47.97297297297297,4.0,sit
Daeng,Phosy,2.7027027027027026,0.6756756756756757,47.97297297297297,4.0,sit
Daeng,Dtui,2.7027027027027026,0.6756756756756757,47.97297297297297,4.0,sit
Civilai,Phosy,2.7027027027027026,0.6756756756756757,47.97297297297297,4.0,sit
Civilai,Dtui,2.7027027027027026,0.6756756756756757,47.97297297297297,4.0,sit
Phosy,Dtui,2.7027027027027026,0.6756756756756757,47.97297297297297,4.0,sit
Siri,Daeng,0.0,0.0,20.0,INF,laugh
Daeng,Civilai,0.0,1.5625,60.9375,0.0,throw
Dtui,Chanta,0.0,0.0,35.714285714285715,INF,send say
Dtui,Siri,0.0,0.0,35.714285714285715,INF,send say
Chanta,Siri,0.0,0.0,35.714285714285715,INF,send say
Geung,Siri,0.0,6.578947368421052,46.05263157894737,0.0,say
Lu,Siri,2.083333333333333,1.3888888888888888,40.97222222222222,1.5,need believe be say
Lu,Daeng,2.083333333333333,1.3888888888888888,40.97222222222222,1.5,need believe be say
Siri,Daeng,2.083333333333333,1.3888888888888888,40.97222222222222,1.5,need believe be say
Siri,Daeng,2.7777777777777777,0.0,19.444444444444446,INF,walk
Siri,Civilai,2.7777777777777777,0.0,19.444444444444446,INF,walk
Daeng,Civilai,2.7777777777777777,0.0,19.444444444444446,INF,walk
Daeng,Siri,2.7777777777777777,0.0,19.444444444444446,INF,walk
Civilai,Siri,2.7777777777777777,0.0,19.444444444444446,INF,walk
Daeng,Siri,3.3333333333333335,0.0,63.33333333333333,INF,ask twiddle
Siri,Marx,1.1627906976744187,2.3255813953488373,52.32558139534884,0.5,laugh slap say be tell be have be
Siri,Marx,1.1627906976744187,2.3255813953488373,52.32558139534884,0.5,laugh slap say be tell be have be
Daeng,Siri,0.0,0.0,54.54545454545454,INF,climb
