NAME 1,NAME 2,% POS,% NEG,% NEUTRAL,POS:NEG,VERBS
Liam,Tate,4.924242424242424,6.8181818181818175,48.86363636363637,0.7222222222222222,whisper be
Tate,Jared,3.125,0.26041666666666663,57.03125,12.0,go start have throw happen be
Jared,Tate,3.125,0.26041666666666663,57.03125,12.0,go start have throw happen be
Tate,Liam,2.142857142857143,0.0,57.85714285714286,INF,be lock do know drive be go do be call
Liam,Tate,0.8620689655172413,0.8620689655172413,67.24137931034483,1.0,do live know be ask be go have wake
Jared,Liam,0.0,1.0416666666666665,73.95833333333334,0.0,be let get
Jaxon Trent,Tate,1.25,2.5,56.25,0.5,be
Jax,Tate,2.734375,0.390625,53.125,7.0,let fall bare sink stare trace
Jax,Tate,2.734375,0.390625,53.125,7.0,let fall bare sink stare trace
Jax,Tate,2.734375,0.390625,53.125,7.0,let fall bare sink stare trace
Liam,Jax,5.5,5.0,53.5,1.1,get do know do know be
Liam,Jax,5.5,5.0,53.5,1.1,get do know do know be
Tate,Jared,0.43103448275862066,1.293103448275862,60.3448275862069,0.3333333333333333,know be stay do want wake let
Tate,Jared,2.314814814814815,2.314814814814815,58.333333333333336,1.0,unlock be have step
Tate,Jared,2.314814814814815,2.314814814814815,58.333333333333336,1.0,unlock be have step
Tate,Jared,2.314814814814815,2.314814814814815,58.333333333333336,1.0,unlock be have step
Jared,Tate,0.0,6.25,38.19444444444444,0.0,do hurt warn cross walk
Jax,Tate,2.5,6.666666666666667,57.49999999999999,0.375,get be
Liam,Tate,0.0,0.0,43.75,INF,thank drive offer hand
K.C.,Tate,0.0,1.0,47.0,0.0,want send suggest step
K.C.,Tate,0.0,1.0,47.0,0.0,want send suggest step
Jax,Tate,0.0,1.4705882352941175,63.23529411764706,0.0,rip bite make sweat
K.C.,Jesus,2.5,0.0,52.5,INF,do worry smile look be
Jax,Jared,16.071428571428573,7.142857142857142,33.92857142857143,2.25,be
Jared,Jax,4.464285714285714,0.8928571428571428,37.5,5.0,have
Jared,Madoc,4.464285714285714,0.8928571428571428,37.5,5.0,have
Jax,Madoc,4.464285714285714,0.8928571428571428,37.5,5.0,have
Jared,Liam,1.1904761904761905,2.976190476190476,52.976190476190474,0.4,hear speed
Tate,Jaxon Trent,4.487179487179487,2.564102564102564,59.61538461538461,1.75,be lie run have touch wonder get know
Tate,Jaxon Trent,4.487179487179487,2.564102564102564,59.61538461538461,1.75,be lie run have touch wonder get know
Jared,Madoc,3.125,3.75,53.125,0.8333333333333334,know have toss
Madoc,Fallon,0.0,0.5434782608695652,47.28260869565217,0.0,leave
Madoc,Jared,0.0,0.5434782608695652,47.28260869565217,0.0,leave
Fallon,Jared,0.0,0.5434782608695652,47.28260869565217,0.0,leave
Jared,Tate,2.8846153846153846,1.9230769230769231,64.42307692307693,1.5,be go
Jared,Madoc,2.1875,0.3125,50.0,7.0,be marry go know
Jared,Tate,2.1875,0.3125,50.0,7.0,be marry go know
Jared,Fallon,2.1875,0.3125,50.0,7.0,be marry go know
Madoc,Jared,2.1875,0.3125,50.0,7.0,be marry go know
Madoc,Tate,2.1875,0.3125,50.0,7.0,be marry go know
Madoc,Jared,2.1875,0.3125,50.0,7.0,be marry go know
Madoc,Fallon,2.1875,0.3125,50.0,7.0,be marry go know
Jared,Tate,2.1875,0.3125,50.0,7.0,be marry go know
Jared,Fallon,2.1875,0.3125,50.0,7.0,be marry go know
Tate,Jared,2.1875,0.3125,50.0,7.0,be marry go know
Tate,Fallon,2.1875,0.3125,50.0,7.0,be marry go know
Jared,Fallon,2.1875,0.3125,50.0,7.0,be marry go know
Tate,Fallon,0.9615384615384616,2.8846153846153846,26.923076923076923,0.3333333333333333,
Tate,Jared,0.9615384615384616,2.8846153846153846,26.923076923076923,0.3333333333333333,
Tate,Madoc,0.9615384615384616,2.8846153846153846,26.923076923076923,0.3333333333333333,
Fallon,Jared,0.9615384615384616,2.8846153846153846,26.923076923076923,0.3333333333333333,
Fallon,Madoc,0.9615384615384616,2.8846153846153846,26.923076923076923,0.3333333333333333,
Jared,Madoc,0.9615384615384616,2.8846153846153846,26.923076923076923,0.3333333333333333,
Tate,Jax,4.0,4.0,44.0,1.0,use live want ask
Jax,Tate,4.0,4.0,44.0,1.0,use live want ask
Jax,Tate,4.0,4.0,44.0,1.0,use live want ask
Tate,Liam,0.0,0.0,20.0,INF,refer
Tate,Dr. Porter,1.6304347826086956,0.0,63.58695652173913,INF,stop use be be
K.C.,Dr. Porter,1.7857142857142856,0.4464285714285714,47.767857142857146,4.0,see leave leave look get
Jared,Jaxon Trent,2.0,8.0,57.99999999999999,0.25,go be have replace
Liam,Jared,1.0416666666666665,0.5208333333333333,56.770833333333336,2.0,use learn
Liam,Tate,1.0416666666666665,0.5208333333333333,56.770833333333336,2.0,use learn
Jared,Tate,1.0416666666666665,0.5208333333333333,56.770833333333336,2.0,use learn
Jax,Liam,1.25,0.0,65.41666666666667,INF,be know be notice read
Jax,Liam,1.25,0.0,65.41666666666667,INF,be know be notice read
Jax,Jared,2.631578947368421,3.289473684210526,41.44736842105263,0.8,eat be see
Jax,Jared,2.631578947368421,3.289473684210526,41.44736842105263,0.8,eat be see
Shane,Juliet,8.333333333333332,3.125,38.54166666666667,2.6666666666666665,be roll
Jax,Juliet,4.166666666666666,0.0,55.833333333333336,INF,wonder notice shake
Jax,Juliet,3.205128205128205,0.641025641025641,50.0,5.0,screw flash think have fist
Clarke,Jaxon Trent,0.0,1.9230769230769231,28.846153846153843,0.0,answer blink
Clarke,Katherine,0.0,0.0,58.333333333333336,INF,live
Katherine,Madoc,0.0,1.3157894736842104,46.05263157894737,0.0,marry move
Katherine,Jax,0.9615384615384616,0.9615384615384616,44.230769230769226,1.0,give graduate
Jared,Tate,3.5256410256410255,0.9615384615384616,69.87179487179486,3.6666666666666665,see have treat be have bring be put
Jax,Liam,1.1904761904761905,3.571428571428571,42.857142857142854,0.3333333333333333,fall be be
K.C.,Liam,3.125,3.90625,30.46875,0.8,stick
K.C.,Liam,3.125,3.90625,30.46875,0.8,stick
K.C.,Liam,3.125,3.90625,30.46875,0.8,stick
Megan,Liam,5.555555555555555,5.555555555555555,40.74074074074074,1.0,arch look have tolerate hood laugh
Megan,Liam,5.555555555555555,5.555555555555555,40.74074074074074,1.0,arch look have tolerate hood laugh
Megan,Liam,5.555555555555555,5.555555555555555,40.74074074074074,1.0,arch look have tolerate hood laugh
Megan,Liam,5.555555555555555,5.555555555555555,40.74074074074074,1.0,arch look have tolerate hood laugh
Liam,Megan,1.25,7.5,61.25000000000001,0.16666666666666666,see give
Liam,Megan,3.571428571428571,3.571428571428571,35.714285714285715,1.0,have tell
Liam,Jax,1.7857142857142856,0.0,48.214285714285715,INF,greet wrap engulf
Liam,Tate,1.7857142857142856,0.0,48.214285714285715,INF,greet wrap engulf
Liam,Tate,1.7857142857142856,0.0,48.214285714285715,INF,greet wrap engulf
Liam,Tate,1.7857142857142856,0.0,48.214285714285715,INF,greet wrap engulf
Liam,Tate,1.7857142857142856,0.0,48.214285714285715,INF,greet wrap engulf
Jax,Tate,1.7857142857142856,0.0,48.214285714285715,INF,greet wrap engulf
Jax,Tate,1.7857142857142856,0.0,48.214285714285715,INF,greet wrap engulf
Jax,Tate,1.7857142857142856,0.0,48.214285714285715,INF,greet wrap engulf
Jax,Tate,1.7857142857142856,0.0,48.214285714285715,INF,greet wrap engulf
Jax,Liam,0.0,10.227272727272728,17.045454545454543,0.0,mutter
Jax,Liam,0.0,10.227272727272728,17.045454545454543,0.0,mutter
Liam,Jax,0.8333333333333334,2.5,43.333333333333336,0.3333333333333333,answer look
Megan,Jax,1.3157894736842104,0.0,56.57894736842105,INF,notice stare
Jax,Megan,1.3157894736842104,0.0,56.57894736842105,INF,notice stare
Megan,Liam,6.25,1.0416666666666665,42.70833333333333,6.0,flare stare shake want lunge
Megan,Jax,6.25,1.0416666666666665,42.70833333333333,6.0,flare stare shake want lunge
Megan,Liam,6.25,1.0416666666666665,42.70833333333333,6.0,flare stare shake want lunge
Megan,Liam,6.25,1.0416666666666665,42.70833333333333,6.0,flare stare shake want lunge
Megan,Liam,6.25,1.0416666666666665,42.70833333333333,6.0,flare stare shake want lunge
Liam,Jax,6.25,1.0416666666666665,42.70833333333333,6.0,flare stare shake want lunge
Jax,Liam,6.25,1.0416666666666665,42.70833333333333,6.0,flare stare shake want lunge
Jax,Liam,6.25,1.0416666666666665,42.70833333333333,6.0,flare stare shake want lunge
Jax,Liam,6.25,1.0416666666666665,42.70833333333333,6.0,flare stare shake want lunge
Jax,Liam,0.0,0.8620689655172413,47.41379310344828,0.0,be know come be
Jax,Liam,0.0,0.8620689655172413,47.41379310344828,0.0,be know come be
Jax,Liam,0.0,0.8620689655172413,47.41379310344828,0.0,be know come be
Jax,Liam,0.0,0.8620689655172413,47.41379310344828,0.0,be know come be
Liam,Megan,5.46875,0.0,50.78125,INF,look grab twist leave
Jax,Liam,0.4464285714285714,4.464285714285714,55.80357142857143,0.1,disappear drop run disappear
Jax,Liam,0.4464285714285714,4.464285714285714,55.80357142857143,0.1,disappear drop run disappear
Jax,Liam,0.4464285714285714,4.464285714285714,55.80357142857143,0.1,disappear drop run disappear
K.C.,Jaxon Trent,0.0,0.0,60.0,INF,be
Jaxon Trent,Liam,6.25,2.5,51.24999999999999,2.5,think be
Jax,Jaxon Trent,3.7037037037037033,0.9259259259259258,54.629629629629626,4.0,take hold point appear
Shane,Jaxon Trent,0.0,6.25,52.083333333333336,0.0,come say
Jared,Tate,2.2058823529411766,0.7352941176470588,55.88235294117647,3.0,have separate be go
Jax,Tate,4.545454545454546,1.1363636363636365,48.86363636363637,4.0,be use
Shane,Tate,1.524390243902439,0.6097560975609756,58.84146341463414,2.5,have resume have be talk let sit follow spread
Shane,Tate,1.524390243902439,0.6097560975609756,58.84146341463414,2.5,have resume have be talk let sit follow spread
Shane,Tate,1.524390243902439,0.6097560975609756,58.84146341463414,2.5,have resume have be talk let sit follow spread
Shane,Jax,1.524390243902439,0.6097560975609756,58.84146341463414,2.5,have resume have be talk let sit follow spread
Shane,Tate,1.524390243902439,0.6097560975609756,58.84146341463414,2.5,have resume have be talk let sit follow spread
Tate,Jax,1.524390243902439,0.6097560975609756,58.84146341463414,2.5,have resume have be talk let sit follow spread
Tate,Jax,1.524390243902439,0.6097560975609756,58.84146341463414,2.5,have resume have be talk let sit follow spread
Tate,Jax,1.524390243902439,0.6097560975609756,58.84146341463414,2.5,have resume have be talk let sit follow spread
Jax,Tate,1.524390243902439,0.6097560975609756,58.84146341463414,2.5,have resume have be talk let sit follow spread
Jax,Tate,2.5,5.0,48.5,0.5,know be doubt do
Jax,Tate,9.166666666666666,0.0,44.166666666666664,INF,do have know know like
Tate,Jared,4.166666666666666,1.7857142857142856,51.19047619047619,2.3333333333333335,be have start take
Jared,Tate,4.166666666666666,1.7857142857142856,51.19047619047619,2.3333333333333335,be have start take
Jared,Jax,5.357142857142857,2.976190476190476,44.047619047619044,1.8,assume be
Jax,Jared,0.9259259259259258,3.7037037037037033,47.22222222222222,0.25,remarry move be survive
Jax,Shane,2.5,0.0,30.833333333333336,INF,greet turn
Jared,Tate,1.3157894736842104,2.631578947368421,53.94736842105263,0.5,gaze drop
Shane,Tate,1.0,1.0,62.0,1.0,look see watch walk raise lick hide
Shane,Tate,1.0,1.0,62.0,1.0,look see watch walk raise lick hide
Shane,Tate,1.0,1.0,62.0,1.0,look see watch walk raise lick hide
K.C.,Tate,0.3289473684210526,0.0,60.19736842105263,INF,sit run lay
Jax,Jared,0.0,0.9615384615384616,14.423076923076922,0.0,
Jax,Madoc,0.0,0.9615384615384616,14.423076923076922,0.0,
Jax,Liam,0.0,0.9615384615384616,14.423076923076922,0.0,
Jared,Madoc,0.0,0.9615384615384616,14.423076923076922,0.0,
Jared,Liam,0.0,0.9615384615384616,14.423076923076922,0.0,
Madoc,Liam,0.0,0.9615384615384616,14.423076923076922,0.0,
Tate,Shane,2.083333333333333,0.0,31.25,INF,
Katherina,Juliet,2.403846153846154,3.8461538461538463,47.59615384615385,0.625,be be do know be
Mary Janes,K.C.,5.625,1.875,47.5,3.0,do have wear be
Jax,Nik,0.0,0.0,57.14285714285714,INF,be douse
Shane,Tate,1.3888888888888888,0.4629629629629629,42.592592592592595,3.0,resist peer be avoid
Shane,Nik,1.3888888888888888,0.4629629629629629,42.592592592592595,3.0,resist peer be avoid
Tate,Nik,1.3888888888888888,0.4629629629629629,42.592592592592595,3.0,resist peer be avoid
Shane,Tate,3.289473684210526,1.3157894736842104,48.026315789473685,2.5,twist look help
Jax,Shane,5.758823529411765,10.049999999999999,40.07352941176471,0.5730172666081358,be flow make masturbate
Ana,Christa,3.125,0.0,63.541666666666664,INF,look smirk challenge
Jake,Christa,5.0,5.0,20.0,1.0,roll whisper
Jake,Christa,5.0,5.0,20.0,1.0,roll whisper
Ana,Jax,2.272727272727273,1.7045454545454544,41.47727272727273,1.3333333333333333,be whisper smooth see
Ana,Jax,2.272727272727273,1.7045454545454544,41.47727272727273,1.3333333333333333,be whisper smooth see
Jax,Ana,2.272727272727273,1.7045454545454544,41.47727272727273,1.3333333333333333,be whisper smooth see
Tate,Jax,16.666666666666664,10.416666666666668,22.916666666666664,1.6,
Liam,Jax,0.0,0.0,50.0,INF,jump
Jax,Liam,0.0,0.0,25.0,INF,jump
Jax,Liam,2.6785714285714284,0.0,47.32142857142857,INF,want act be
Liam,Jax,6.696428571428571,0.4464285714285714,39.285714285714285,15.0,want have be let
Liam,Jax,6.696428571428571,0.4464285714285714,39.285714285714285,15.0,want have be let
Jax,Liam,6.696428571428571,0.4464285714285714,39.285714285714285,15.0,want have be let
Christa,Ana,0.0,0.0,28.57142857142857,INF,
Ana,Christa,5.0,2.0,56.99999999999999,2.5,have spin be stare blush get catch
Christa,Ana,0.0,0.0,29.411764705882355,INF,be start nudge
Christa,Ana,0.0,0.0,29.411764705882355,INF,be start nudge
Christa,Ana,0.0,0.0,29.411764705882355,INF,be start nudge
Penley,Ana,1.0869565217391304,0.5434782608695652,50.54347826086957,2.0,think be be blurt
Penley,Ana,1.0869565217391304,0.5434782608695652,50.54347826086957,2.0,think be be blurt
Jaxon Trent,Christa,0.0,0.0,12.5,INF,deadpan
Jax,Alice,0.0,0.0,57.57575757575758,INF,be be play equip
Tate,Alice,1.875,1.25,56.875,1.5,know listen meet
Jax,Tate,2.2058823529411766,0.9803921568627451,65.44117647058823,2.25,be lie spread bring flex tan
Jax,Tate,2.2058823529411766,0.9803921568627451,65.44117647058823,2.25,be lie spread bring flex tan
Jax,Tate,2.2058823529411766,0.9803921568627451,65.44117647058823,2.25,be lie spread bring flex tan
Jax,Tate,2.2058823529411766,0.9803921568627451,65.44117647058823,2.25,be lie spread bring flex tan
Jesus,Jax,0.0,3.4090909090909087,42.04545454545455,0.0,grumble
Jesus,Tate,0.0,3.4090909090909087,42.04545454545455,0.0,grumble
Jax,Tate,0.0,3.4090909090909087,42.04545454545455,0.0,grumble
Liam,Jax,0.0,0.0,45.45454545454545,INF,handle
Jax,Tate,4.326923076923077,3.8461538461538463,45.67307692307692,1.125,narrow toss head
Jax,Tate,4.326923076923077,3.8461538461538463,45.67307692307692,1.125,narrow toss head
Jax,Jared,3.0303030303030303,1.5151515151515151,59.09090909090909,2.0,be swing slam shut appear be batter get feel be
Jax,Jared,3.0303030303030303,1.5151515151515151,59.09090909090909,2.0,be swing slam shut appear be batter get feel be
Jax,Jared,0.0,0.0,40.0,INF,do respond
Jax,Jared,2.380952380952381,2.380952380952381,47.61904761904761,1.0,move be premeditate calculate
Jax,Jared,4.044117647058823,4.044117647058823,59.55882352941176,1.0,find wonder sleep stay plan anticipate have have take
Jax,Jared,4.044117647058823,4.044117647058823,59.55882352941176,1.0,find wonder sleep stay plan anticipate have have take
Jax,Jared,4.044117647058823,4.044117647058823,59.55882352941176,1.0,find wonder sleep stay plan anticipate have have take
Adam,Jared,3.8461538461538463,0.0,65.38461538461539,INF,move speak
K.C.,Jaxon Trent,2.604166666666667,1.0416666666666665,54.6875,2.5,breathe look see close
K.C.,Jaxon Trent,2.604166666666667,1.0416666666666665,54.6875,2.5,breathe look see close
K.C.,Jaxon Trent,2.604166666666667,1.0416666666666665,54.6875,2.5,breathe look see close
K.C.,Jaxon Trent,2.604166666666667,1.0416666666666665,54.6875,2.5,breathe look see close
K.C.,Jaxon Trent,2.604166666666667,1.0416666666666665,54.6875,2.5,breathe look see close
Jaxon Trent,Adam,0.7352941176470588,0.0,52.20588235294118,INF,go bob
Adam,Jaxon Trent,0.7352941176470588,0.0,52.20588235294118,INF,go bob
Jax,Jaxon Trent,3.6458333333333335,1.5625,57.291666666666664,2.3333333333333335,be narrow watch place
Jax,Jaxon Trent,3.6458333333333335,1.5625,57.291666666666664,2.3333333333333335,be narrow watch place
Jax,Jaxon Trent,2.232142857142857,5.803571428571429,66.96428571428571,0.38461538461538464,have scold act be protect follow be
K.C.,Jesus,0.0,6.8181818181818175,29.545454545454547,0.0,bark wince
Jax,Jared,2.0408163265306123,1.0204081632653061,56.12244897959183,2.0,be think say be be overhear know have do
Jared,Madoc,9.482758620689655,1.293103448275862,44.396551724137936,7.333333333333333,see be find do care
Jared,Tate,9.482758620689655,1.293103448275862,44.396551724137936,7.333333333333333,see be find do care
Madoc,Tate,9.482758620689655,1.293103448275862,44.396551724137936,7.333333333333333,see be find do care
Jax,Jared,0.0,1.0416666666666665,32.29166666666667,0.0,use be
Jax,Jaxon Trent,1.875,2.5,50.625,0.75,chew watch move follow know give watch
Jax,Jaxon Trent,1.875,2.5,50.625,0.75,chew watch move follow know give watch
Jared,Tate,5.952380952380952,3.571428571428571,47.61904761904761,1.6666666666666667,be want learn
Tate,Jax,3.30188679245283,1.650943396226415,55.42452830188679,2.0,be be do swerve spin be press release shift push
Jax,Jesus,0.0,0.0,60.71428571428571,INF,climb scurry see be follow
Jax,Liam,0.0,0.5434782608695652,47.28260869565217,0.0,pant move meet push
Jesus,Liam,0.0,0.0,25.0,INF,
Liam,Jax,0.625,1.25,43.125,0.5,touch whisper plead have feel
Jax,Liam,2.631578947368421,1.3157894736842104,43.42105263157895,2.0,protest slide
K.C.,Liam,0.0,11.538461538461538,42.30769230769231,0.0,want growl
Jax,Liam,0.0,0.0,57.14285714285714,INF,be see drive
Cameron,Jesus,0.0,0.0,16.666666666666664,INF,
K.C.,Cameron,2.8846153846153846,1.6025641025641024,54.48717948717948,1.8,be want remember feel clasp sit
K.C.,Tate,2.8846153846153846,1.6025641025641024,54.48717948717948,1.8,be want remember feel clasp sit
Cameron,Tate,2.8846153846153846,1.6025641025641024,54.48717948717948,1.8,be want remember feel clasp sit
Tate,Liam,7.5,0.0,42.5,INF,do know
K.C.,Simon,0.0,2.314814814814815,49.53703703703704,0.0,come end
K.C.,Simon,0.0,2.314814814814815,49.53703703703704,0.0,come end
Shane,Nik,3.061224489795918,3.061224489795918,53.06122448979592,1.0,opt ignore take walk sit listen
Shane,Tate,3.061224489795918,3.061224489795918,53.06122448979592,1.0,opt ignore take walk sit listen
Nik,Tate,3.061224489795918,3.061224489795918,53.06122448979592,1.0,opt ignore take walk sit listen
Jax,Tate,2.7777777777777777,4.166666666666666,54.166666666666664,0.6666666666666666,be
Jax,Liam,0.0,0.0,58.333333333333336,INF,put
Jax,Liam,2.272727272727273,0.0,61.36363636363637,INF,be have jump
Jax,Liam,0.0,6.25,35.41666666666667,0.0,do get scold
Liam,Madoc,4.861111111111112,6.25,33.33333333333333,0.7777777777777778,have be have be
Liam,Tate,4.807692307692308,0.9615384615384616,48.07692307692308,5.0,continue have be
Tate,Liam,3.125,0.0,46.875,INF,be feel have
Jared,Jax,2.083333333333333,0.6944444444444444,47.22222222222222,3.0,remember be
Jared,Jax,2.083333333333333,0.6944444444444444,47.22222222222222,3.0,remember be
Jax,Jared,2.2435897435897436,3.205128205128205,61.21794871794872,0.7,think have seem double wear try stare
Jax,Jared,2.2435897435897436,3.205128205128205,61.21794871794872,0.7,think have seem double wear try stare
Jared,Jax,8.333333333333332,6.25,52.083333333333336,1.3333333333333333,ask
Jared,Tate,7.954545454545454,13.636363636363635,42.04545454545455,0.5833333333333334,act
Jared,Jax,4.6875,2.34375,49.21875,2.0,suggest get
Jax,Tate,6.081081081081082,2.7027027027027026,58.78378378378378,2.25,walk walk think think tell get think have do
Shane,Juliet,5.769230769230769,4.807692307692308,35.57692307692308,1.2,call
Tate,Jax,0.43103448275862066,0.0,54.741379310344826,INF,walk notice park continue reach
Tate,Madoc,0.43103448275862066,0.0,54.741379310344826,INF,walk notice park continue reach
Tate,GTO,0.43103448275862066,0.0,54.741379310344826,INF,walk notice park continue reach
Jax,Madoc,0.43103448275862066,0.0,54.741379310344826,INF,walk notice park continue reach
Jax,GTO,0.43103448275862066,0.0,54.741379310344826,INF,walk notice park continue reach
Madoc,GTO,0.43103448275862066,0.0,54.741379310344826,INF,walk notice park continue reach
K.C.,Tate,2.34375,2.34375,70.3125,1.0,watch
Liam,Megan,3.125,1.5625,32.8125,2.0,be
Tate,Shane,11.607142857142858,0.8928571428571428,51.78571428571429,13.0,realize be have
Tate,Katy Perry,1.0135135135135136,1.0135135135135136,52.02702702702703,1.0,stomp curl punch look
Jared,Tate,1.0416666666666665,6.25,51.041666666666664,0.16666666666666666,piss beat
Jared,Tate,1.0416666666666665,6.25,51.041666666666664,0.16666666666666666,piss beat
Jax,Tate,0.0,5.208333333333334,53.125,0.0,piss join
Madoc,Fallon,2.6785714285714284,2.380952380952381,56.845238095238095,1.125,stand lean include watch confront stand
Madoc,Tate,2.6785714285714284,2.380952380952381,56.845238095238095,1.125,stand lean include watch confront stand
Fallon,Tate,2.6785714285714284,2.380952380952381,56.845238095238095,1.125,stand lean include watch confront stand
Fallon,Shane,1.7857142857142856,2.232142857142857,49.55357142857143,0.8,twist shove turn have notice have trail
Fallon,K.C.,0.0,0.0,0.0,INF,
K.C.,Fallon,2.5,1.875,50.625,1.3333333333333333,look hood speak
K.C.,Shane,2.5,1.875,50.625,1.3333333333333333,look hood speak
Fallon,Shane,2.5,1.875,50.625,1.3333333333333333,look hood speak
Fallon,Shane,10.887096774193548,0.8064516129032258,49.596774193548384,13.5,be hold be happen have plant
Shane,K.C.,4.573170731707317,2.7439024390243905,53.65853658536586,1.6666666666666667,have trail mention be upset see be get decide lure
Tate,Fallon,1.4423076923076923,5.769230769230769,38.94230769230769,0.25,be
Tate,Shane,1.4423076923076923,5.769230769230769,38.94230769230769,0.25,be
Fallon,Shane,1.4423076923076923,5.769230769230769,38.94230769230769,0.25,be
Fallon,Madoc,6.25,2.5,21.25,2.5,be think
Madoc,Fallon,6.25,0.6944444444444444,48.61111111111111,9.0,help be shock get marry be
Madoc,K.C.,1.9642857142857142,2.6785714285714284,58.214285714285715,0.7333333333333333,raise notice be stare mull be be preoccupy try stare meet know be have say need be say be do want hear
Madoc,K.C.,1.9642857142857142,2.6785714285714284,58.214285714285715,0.7333333333333333,raise notice be stare mull be be preoccupy try stare meet know be have say need be say be do want hear
K.C.,Madoc,1.9642857142857142,2.6785714285714284,58.214285714285715,0.7333333333333333,raise notice be stare mull be be preoccupy try stare meet know be have say need be say be do want hear
K.C.,Madoc,1.9642857142857142,2.6785714285714284,58.214285714285715,0.7333333333333333,raise notice be stare mull be be preoccupy try stare meet know be have say need be say be do want hear
Jared,Katherine,5.952380952380952,2.976190476190476,55.35714285714286,2.0,be have be be know do see
Jax,Madoc,0.0,0.0,12.5,INF,start
Madoc,Tate,3.4482758620689653,2.586206896551724,52.58620689655172,1.3333333333333333,have leave climb have
Madoc,K.C.,8.984375,4.6875,51.953125,1.9166666666666667,have bring do want think want see
Jax,Juliet,0.0,3.571428571428571,10.714285714285714,0.0,whimper
Jax,Juliet,0.0,0.0,0.0,INF,
Jesus,Juliet,0.0,0.0,50.0,INF,keep go beg rub
Jesus,Juliet,0.6944444444444444,6.944444444444445,42.36111111111111,0.1,groan kiss absorb shudder shake
Jesus,Juliet,0.6944444444444444,6.944444444444445,42.36111111111111,0.1,groan kiss absorb shudder shake
Jesus,Juliet,0.6944444444444444,6.944444444444445,42.36111111111111,0.1,groan kiss absorb shudder shake
Jax,Juliet,0.0,0.0,30.0,INF,sound
Juliet,Jax,0.0,0.0,58.333333333333336,INF,shoot fist stride
Juliet,Jax,3.2407407407407405,0.4629629629629629,48.148148148148145,7.0,stay command jerk gaze slam shut
Shane,Madoc,2.380952380952381,5.357142857142857,44.642857142857146,0.4444444444444444,do see be piss
Shane,Fallon,2.380952380952381,5.357142857142857,44.642857142857146,0.4444444444444444,do see be piss
Madoc,Fallon,2.380952380952381,5.357142857142857,44.642857142857146,0.4444444444444444,do see be piss
Liam,Tate,0.7352941176470588,3.6764705882352944,66.17647058823529,0.2,walk say head
Madoc,Shane,0.0,0.0,40.0,INF,get get
Jax,Liam,4.910714285714286,4.464285714285714,54.91071428571429,1.1,have be get pump have be be
Fallon,Madoc,0.0,0.0,50.0,INF,ask bob
K.C.,Shane,1.2096774193548387,2.4193548387096775,35.08064516129033,0.5,have let drive leave pipe round
Fallon,Shane,1.8382352941176472,1.4705882352941175,55.51470588235294,1.25,climb stare wait follow start
Juliet,Tate,1.6666666666666667,5.833333333333333,32.5,0.2857142857142857,be think tease
Tate,Jared,4.6875,6.25,39.0625,0.75,stop antagonize command glow
Shane,Fallon,0.0,0.0,33.33333333333333,INF,look
K.C.,Juliet,2.272727272727273,1.1363636363636365,14.772727272727273,2.0,be
Juliet,Shane,1.7857142857142856,0.0,37.5,INF,hear dart signal stop
Fallon,Shane,1.1363636363636365,0.0,48.86363636363637,INF,look load stare
Cameron,K.C.,2.7777777777777777,4.166666666666666,56.018518518518526,0.6666666666666666,be do crave
Madoc,Fallon,0.8333333333333334,0.8333333333333334,58.333333333333336,1.0,meet get graduate approach
Fallon,Madoc,0.8333333333333334,0.8333333333333334,58.333333333333336,1.0,meet get graduate approach
Ciaran,Fallon,1.25,0.625,68.125,2.0,let take observe look
Fallon,Ciaran,9.166666666666666,3.3333333333333335,47.5,2.75,sport sport
Ciaran,Juliet,4.605263157894736,5.263157894736842,26.973684210526315,0.875,say cage want talk
Juliet,Tate,1.1363636363636365,0.0,71.5909090909091,INF,yell
Juliet,Tate,1.3392857142857142,0.0,48.660714285714285,INF,turn see have move go
Juliet,Tate,1.3392857142857142,0.0,48.660714285714285,INF,turn see have move go
Jax,Juliet,1.7045454545454544,1.7045454545454544,32.95454545454545,1.0,be go keep have take
Tate,Juliet,0.0,0.0,52.94117647058824,INF,smile be walk see
Tate,Juliet,0.0,0.0,52.94117647058824,INF,smile be walk see
Juliet,Tate,0.0,0.0,52.94117647058824,INF,smile be walk see
Juliet,Tate,0.0,0.0,52.94117647058824,INF,smile be walk see
Tate,Juliet,1.0416666666666665,0.0,57.291666666666664,INF,be look touch
Tate,Juliet,3.8793103448275863,0.8620689655172413,50.43103448275862,4.5,hold close look find
Juliet,Tate,3.8793103448275863,0.8620689655172413,50.43103448275862,4.5,hold close look find
Juliet,Tate,3.8793103448275863,0.8620689655172413,50.43103448275862,4.5,hold close look find
Juliet,Tate,3.8793103448275863,0.8620689655172413,50.43103448275862,4.5,hold close look find
Madoc,Fallon,5.555555555555555,0.0,38.88888888888889,INF,see love
Madoc,Fallon,5.555555555555555,0.0,38.88888888888889,INF,see love
Madoc,Juliet,5.0,8.75,26.25,0.5714285714285714,keep
Madoc,Juliet,5.0,8.75,26.25,0.5714285714285714,keep
Madoc,Juliet,4.166666666666666,0.5952380952380952,47.61904761904761,7.0,have walk talk go get do have grab drag be attach
Madoc,Juliet,4.166666666666666,0.5952380952380952,47.61904761904761,7.0,have walk talk go get do have grab drag be attach
Madoc,Juliet,4.166666666666666,0.5952380952380952,47.61904761904761,7.0,have walk talk go get do have grab drag be attach
Madoc,Juliet,4.166666666666666,0.5952380952380952,47.61904761904761,7.0,have walk talk go get do have grab drag be attach
Madoc,Juliet,4.166666666666666,0.5952380952380952,47.61904761904761,7.0,have walk talk go get do have grab drag be attach
Madoc,Juliet,4.166666666666666,0.5952380952380952,47.61904761904761,7.0,have walk talk go get do have grab drag be attach
Juliet,Madoc,4.166666666666666,0.5952380952380952,47.61904761904761,7.0,have walk talk go get do have grab drag be attach
Juliet,Madoc,4.166666666666666,0.5952380952380952,47.61904761904761,7.0,have walk talk go get do have grab drag be attach
Juliet,Madoc,4.166666666666666,0.5952380952380952,47.61904761904761,7.0,have walk talk go get do have grab drag be attach
Madoc,Juliet,0.0,1.3888888888888888,48.61111111111111,0.0,stop
Jaxon Trent,Tate,3.8461538461538463,2.2435897435897436,63.141025641025635,1.7142857142857142,come try smile stare stop
Jaxon Trent,Tate,3.8461538461538463,2.2435897435897436,63.141025641025635,1.7142857142857142,come try smile stare stop
Tate,Jaxon Trent,3.8461538461538463,2.2435897435897436,63.141025641025635,1.7142857142857142,come try smile stare stop
Tate,Jaxon Trent,3.8461538461538463,2.2435897435897436,63.141025641025635,1.7142857142857142,come try smile stare stop
Jax,Liam,0.0,0.0,53.333333333333336,INF,fill gaze turn
Jax,Liam,0.0,0.0,53.333333333333336,INF,fill gaze turn
Jax,Liam,1.0135135135135136,0.0,55.74324324324324,INF,say lean cup swarm crash
Jax,Liam,1.0135135135135136,0.0,55.74324324324324,INF,say lean cup swarm crash
Shane,Liam,0.8333333333333334,1.6666666666666667,37.5,0.5,be want stop
Jared,Tate,2.272727272727273,1.1363636363636365,51.13636363636363,2.0,see continue
Madoc,Fallon,1.7857142857142856,0.0,26.785714285714285,INF,see
Jesus,Juliet,0.0,4.166666666666666,20.833333333333336,0.0,growl
Jesus,Jax,0.0,4.166666666666666,20.833333333333336,0.0,growl
Juliet,Jax,0.0,4.166666666666666,20.833333333333336,0.0,growl
Jax,Tate,0.7352941176470588,2.2058823529411766,47.05882352941176,0.3333333333333333,grab hold overheate see pebble bob
Jax,Tate,0.7352941176470588,2.2058823529411766,47.05882352941176,0.3333333333333333,grab hold overheate see pebble bob
Tate,Jax,1.5625,3.90625,50.78125,0.4,drop start gasp fuck fuck care be be
Jax,Shane,2.976190476190476,0.0,63.69047619047619,INF,sit slip catch pull
Jax,Shane,2.976190476190476,0.0,63.69047619047619,INF,sit slip catch pull
Jaxon Trent,Sam,2.717391304347826,0.0,58.152173913043484,INF,throw gesture help
Jaxon Trent,Sam,2.717391304347826,0.0,58.152173913043484,INF,throw gesture help
Jared,Madoc,5.833333333333333,2.083333333333333,52.083333333333336,2.8,be talk get restrain be release
Jared,Madoc,5.833333333333333,2.083333333333333,52.083333333333336,2.8,be talk get restrain be release
Thomas Trent,Tate,6.730769230769231,2.403846153846154,40.86538461538461,2.8,want welcome
Madoc,GTO,0.390625,2.734375,59.375,0.14285714285714285,pull narrow gaze see
Madoc,Tate,0.390625,2.734375,59.375,0.14285714285714285,pull narrow gaze see
Madoc,Nissan,0.390625,2.734375,59.375,0.14285714285714285,pull narrow gaze see
GTO,Tate,0.390625,2.734375,59.375,0.14285714285714285,pull narrow gaze see
GTO,Nissan,0.390625,2.734375,59.375,0.14285714285714285,pull narrow gaze see
Tate,Nissan,0.390625,2.734375,59.375,0.14285714285714285,pull narrow gaze see
Madoc,Tate,1.5625,0.0,60.9375,INF,be
Madoc,Fallon,0.625,0.3125,56.56250000000001,2.0,climb follow dress
Madoc,Nissan,0.625,0.3125,56.56250000000001,2.0,climb follow dress
Fallon,Madoc,0.625,0.3125,56.56250000000001,2.0,climb follow dress
Fallon,Nissan,0.625,0.3125,56.56250000000001,2.0,climb follow dress
Fallon,Madoc,0.625,0.3125,56.56250000000001,2.0,climb follow dress
Madoc,Nissan,0.625,0.3125,56.56250000000001,2.0,climb follow dress
Nissan,Madoc,0.625,0.3125,56.56250000000001,2.0,climb follow dress
Jared,Madoc,0.5952380952380952,0.5952380952380952,55.952380952380956,1.0,hang head continue
Jared,Fallon,0.5952380952380952,0.5952380952380952,55.952380952380956,1.0,hang head continue
Jared,Tate,0.5952380952380952,0.5952380952380952,55.952380952380956,1.0,hang head continue
Madoc,Fallon,0.5952380952380952,0.5952380952380952,55.952380952380956,1.0,hang head continue
Madoc,Tate,0.5952380952380952,0.5952380952380952,55.952380952380956,1.0,hang head continue
Fallon,Tate,0.5952380952380952,0.5952380952380952,55.952380952380956,1.0,hang head continue
Fallon,K.C.,2.631578947368421,1.3157894736842104,43.42105263157895,2.0,be take think stop listen
Madoc,Juliet,0.0,0.0,54.54545454545454,INF,peer see emerge look be introduce
Madoc,Shane,0.0,0.0,54.54545454545454,INF,peer see emerge look be introduce
Madoc,Fallon,0.0,0.0,54.54545454545454,INF,peer see emerge look be introduce
Juliet,Shane,0.0,0.0,54.54545454545454,INF,peer see emerge look be introduce
Juliet,Fallon,0.0,0.0,54.54545454545454,INF,peer see emerge look be introduce
Shane,Fallon,0.0,0.0,54.54545454545454,INF,peer see emerge look be introduce
Juliet,Fallon,4.166666666666666,0.0,42.5,INF,reach shake see
Juliet,Fallon,4.166666666666666,0.0,42.5,INF,reach shake see
Fallon,Juliet,4.166666666666666,0.0,42.5,INF,reach shake see
K.C.,Fallon,5.952380952380952,2.380952380952381,48.80952380952381,2.5,do want feel
Juliet,Adam,0.625,3.75,60.62499999999999,0.16666666666666666,glance look turn let open
Adam,Juliet,0.625,3.75,60.62499999999999,0.16666666666666666,glance look turn let open
Adam,Juliet,0.625,3.75,60.62499999999999,0.16666666666666666,glance look turn let open
Jared,Tate,0.8928571428571428,0.8928571428571428,62.5,1.0,take pounce challenge
Jared,Madoc,0.8928571428571428,0.8928571428571428,62.5,1.0,take pounce challenge
Tate,Madoc,0.8928571428571428,0.8928571428571428,62.5,1.0,take pounce challenge
Shane,Madoc,1.3157894736842104,1.3157894736842104,28.947368421052634,1.0,climb mean be
Shane,Fallon,1.3157894736842104,1.3157894736842104,28.947368421052634,1.0,climb mean be
Shane,Juliet,1.3157894736842104,1.3157894736842104,28.947368421052634,1.0,climb mean be
Madoc,Fallon,1.3157894736842104,1.3157894736842104,28.947368421052634,1.0,climb mean be
Madoc,Juliet,1.3157894736842104,1.3157894736842104,28.947368421052634,1.0,climb mean be
Fallon,Juliet,1.3157894736842104,1.3157894736842104,28.947368421052634,1.0,climb mean be
Juliet,Shane,0.8928571428571428,0.4464285714285714,41.517857142857146,2.0,get text stuff
Juliet,Fallon,0.8928571428571428,0.4464285714285714,41.517857142857146,2.0,get text stuff
Shane,Fallon,0.8928571428571428,0.4464285714285714,41.517857142857146,2.0,get text stuff
Fallon,Madoc,5.978260869565218,0.0,54.891304347826086,INF,do know get be
Jax,Liam,5.5,2.5,44.0,2.2,suck think be break
Liam,Adam,0.8928571428571428,0.0,41.964285714285715,INF,have think say
Adam,Jax,0.9615384615384616,0.9615384615384616,51.92307692307693,1.0,relax do
Madoc,Adam,1.3888888888888888,4.166666666666666,44.44444444444444,0.3333333333333333,grin laugh be help
Madoc,Shane,1.3888888888888888,4.166666666666666,44.44444444444444,0.3333333333333333,grin laugh be help
Adam,Shane,1.3888888888888888,4.166666666666666,44.44444444444444,0.3333333333333333,grin laugh be help
Fallon,Madoc,3.3333333333333335,0.0,43.333333333333336,INF,try decide pierce get try stick indicate want get pierce
Fallon,Madoc,3.3333333333333335,0.0,43.333333333333336,INF,try decide pierce get try stick indicate want get pierce
Fallon,Madoc,3.3333333333333335,0.0,43.333333333333336,INF,try decide pierce get try stick indicate want get pierce
Jaxon Trent,Sandra Carter,2.5510204081632653,1.7857142857142856,54.8469387755102,1.4285714285714286,threaten let stick be be go end disallow
Jaxon Trent,Sandra Carter,2.5510204081632653,1.7857142857142856,54.8469387755102,1.4285714285714286,threaten let stick be be go end disallow
Madoc,Adam,1.3888888888888888,0.0,48.61111111111111,INF,have walk turn
Madoc,Fallon,1.3888888888888888,0.0,48.61111111111111,INF,have walk turn
Madoc,Shane,1.3888888888888888,0.0,48.61111111111111,INF,have walk turn
Adam,Fallon,1.3888888888888888,0.0,48.61111111111111,INF,have walk turn
Adam,Shane,1.3888888888888888,0.0,48.61111111111111,INF,have walk turn
Fallon,Shane,1.3888888888888888,0.0,48.61111111111111,INF,have walk turn
Shane,Fallon,0.0,0.0,56.52173913043478,INF,lead giggle stay
Shane,Adam,0.0,0.0,56.52173913043478,INF,lead giggle stay
Shane,Madoc,0.0,0.0,56.52173913043478,INF,lead giggle stay
Fallon,Adam,0.0,0.0,56.52173913043478,INF,lead giggle stay
Fallon,Madoc,0.0,0.0,56.52173913043478,INF,lead giggle stay
Adam,Madoc,0.0,0.0,56.52173913043478,INF,lead giggle stay
Shane,Fallon,4.166666666666666,2.083333333333333,10.416666666666668,2.0,be
Jax,Jesus,0.0,2.7777777777777777,30.555555555555557,0.0,whimper
Madoc,Fallon,3.8461538461538463,2.403846153846154,36.05769230769231,1.6,flash follow gaze see roam
Madoc,Shane,3.8461538461538463,2.403846153846154,36.05769230769231,1.6,flash follow gaze see roam
Fallon,Shane,3.8461538461538463,2.403846153846154,36.05769230769231,1.6,flash follow gaze see roam
Jax,Juliet,0.0,2.272727272727273,25.0,0.0,whimper
Jax,Juliet,0.0,0.0,20.0,INF,
Liam,Juliet,6.944444444444445,1.3888888888888888,25.0,5.0,be love
Shane,Juliet,1.6666666666666667,5.0,33.33333333333333,0.3333333333333333,leave explain sound
Mother,Juliet,4.605263157894736,2.631578947368421,34.868421052631575,1.75,reply turn
Mother,Juliet,4.605263157894736,2.631578947368421,34.868421052631575,1.75,reply turn
Jaxon Trent,Jesus,0.3205128205128205,2.2435897435897436,46.15384615384615,0.14285714285714285,sit listen be stare
Madoc,Tate,2.5,0.0,44.166666666666664,INF,have race
Jared,Katherine,9.239130434782608,3.260869565217391,30.978260869565215,2.8333333333333335,do know do know be run
Jared,Katherine,9.239130434782608,3.260869565217391,30.978260869565215,2.8333333333333335,do know do know be run
Shane,Fallon,2.295918367346939,2.5510204081632653,44.13265306122449,0.9,be admit be bore promise leave go
K.C.,Juliet,0.0,0.0,53.333333333333336,INF,be put come play
Madoc,Fallon,5.555555555555555,0.0,44.44444444444444,INF,stalk hold look
Madoc,Juliet,5.555555555555555,0.0,44.44444444444444,INF,stalk hold look
Fallon,Juliet,5.555555555555555,0.0,44.44444444444444,INF,stalk hold look
Juliet,Shane,1.3888888888888888,0.0,54.166666666666664,INF,watch walk
Fallon,Jared,2.840909090909091,1.7045454545454544,50.0,1.6666666666666667,love ride race want take
Fallon,Tate,2.840909090909091,1.7045454545454544,50.0,1.6666666666666667,love ride race want take
Jared,Fallon,2.840909090909091,1.7045454545454544,50.0,1.6666666666666667,love ride race want take
Jared,Tate,2.840909090909091,1.7045454545454544,50.0,1.6666666666666667,love ride race want take
Fallon,Tate,2.840909090909091,1.7045454545454544,50.0,1.6666666666666667,love ride race want take
Madoc,Jared,6.547619047619048,3.571428571428571,61.30952380952381,1.8333333333333333,be be
Cameron,Zack,0.0,1.9736842105263157,66.44736842105263,0.0,turn see step carry
Juliet,Shane,0.5434782608695652,2.1739130434782608,40.76086956521739,0.25,look see sit
Juliet,Fallon,0.5434782608695652,2.1739130434782608,40.76086956521739,0.25,look see sit
Shane,Fallon,0.5434782608695652,2.1739130434782608,40.76086956521739,0.25,look see sit
Juliet,Cameron,4.166666666666666,2.380952380952381,50.595238095238095,1.75,be narrow rest watch
Juliet,Cameron,4.166666666666666,2.380952380952381,50.595238095238095,1.75,be narrow rest watch
Juliet,Cameron,4.166666666666666,2.380952380952381,50.595238095238095,1.75,be narrow rest watch
Juliet,Shane,0.2717391304347826,2.989130434782609,51.08695652173913,0.09090909090909091,approach sit notice sit talk stand talk
Juliet,Madoc,0.2717391304347826,2.989130434782609,51.08695652173913,0.09090909090909091,approach sit notice sit talk stand talk
Juliet,Fallon,0.2717391304347826,2.989130434782609,51.08695652173913,0.09090909090909091,approach sit notice sit talk stand talk
Juliet,Adam,0.2717391304347826,2.989130434782609,51.08695652173913,0.09090909090909091,approach sit notice sit talk stand talk
Shane,Juliet,0.2717391304347826,2.989130434782609,51.08695652173913,0.09090909090909091,approach sit notice sit talk stand talk
Shane,Juliet,0.2717391304347826,2.989130434782609,51.08695652173913,0.09090909090909091,approach sit notice sit talk stand talk
Shane,Madoc,0.2717391304347826,2.989130434782609,51.08695652173913,0.09090909090909091,approach sit notice sit talk stand talk
Shane,Fallon,0.2717391304347826,2.989130434782609,51.08695652173913,0.09090909090909091,approach sit notice sit talk stand talk
Shane,Adam,0.2717391304347826,2.989130434782609,51.08695652173913,0.09090909090909091,approach sit notice sit talk stand talk
Shane,Juliet,0.2717391304347826,2.989130434782609,51.08695652173913,0.09090909090909091,approach sit notice sit talk stand talk
Juliet,Madoc,0.2717391304347826,2.989130434782609,51.08695652173913,0.09090909090909091,approach sit notice sit talk stand talk
Juliet,Fallon,0.2717391304347826,2.989130434782609,51.08695652173913,0.09090909090909091,approach sit notice sit talk stand talk
Juliet,Adam,0.2717391304347826,2.989130434782609,51.08695652173913,0.09090909090909091,approach sit notice sit talk stand talk
Juliet,Madoc,0.2717391304347826,2.989130434782609,51.08695652173913,0.09090909090909091,approach sit notice sit talk stand talk
Juliet,Fallon,0.2717391304347826,2.989130434782609,51.08695652173913,0.09090909090909091,approach sit notice sit talk stand talk
Juliet,Adam,0.2717391304347826,2.989130434782609,51.08695652173913,0.09090909090909091,approach sit notice sit talk stand talk
Madoc,Fallon,0.2717391304347826,2.989130434782609,51.08695652173913,0.09090909090909091,approach sit notice sit talk stand talk
Madoc,Adam,0.2717391304347826,2.989130434782609,51.08695652173913,0.09090909090909091,approach sit notice sit talk stand talk
Madoc,Juliet,0.2717391304347826,2.989130434782609,51.08695652173913,0.09090909090909091,approach sit notice sit talk stand talk
Fallon,Adam,0.2717391304347826,2.989130434782609,51.08695652173913,0.09090909090909091,approach sit notice sit talk stand talk
Fallon,Juliet,0.2717391304347826,2.989130434782609,51.08695652173913,0.09090909090909091,approach sit notice sit talk stand talk
Adam,Juliet,0.2717391304347826,2.989130434782609,51.08695652173913,0.09090909090909091,approach sit notice sit talk stand talk
GTO,Madoc,0.0,0.0,33.33333333333333,INF,
Madoc,Juliet,5.0,7.5,27.500000000000004,0.6666666666666666,avert ignore
Madoc,Juliet,5.0,7.5,27.500000000000004,0.6666666666666666,avert ignore
Fallon,Madoc,1.25,10.0,28.749999999999996,0.125,snort scowl
Fallon,Juliet,1.25,10.0,28.749999999999996,0.125,snort scowl
Madoc,Juliet,1.25,10.0,28.749999999999996,0.125,snort scowl
Jax,Juliet,0.0,0.5208333333333333,49.47916666666667,0.0,say tell be try rein
Jax,Juliet,0.0,0.5208333333333333,49.47916666666667,0.0,say tell be try rein
Jax,Juliet,0.0,0.5208333333333333,49.47916666666667,0.0,say tell be try rein
Madoc,K.C.,4.166666666666666,1.3888888888888888,33.33333333333333,3.0,take pause shake
Madoc,Juliet,4.166666666666666,1.3888888888888888,33.33333333333333,3.0,take pause shake
Madoc,Juliet,4.166666666666666,1.3888888888888888,33.33333333333333,3.0,take pause shake
K.C.,Juliet,4.166666666666666,1.3888888888888888,33.33333333333333,3.0,take pause shake
K.C.,Juliet,4.166666666666666,1.3888888888888888,33.33333333333333,3.0,take pause shake
Juliet,Adam,0.0,0.0,35.714285714285715,INF,mean go
Juliet,Fallon,0.0,0.0,66.66666666666666,INF,pull
Adam,Juliet,1.2096774193548387,4.838709677419355,32.66129032258064,0.25,be let go groan climb
Juliet,Madoc,7.6923076923076925,15.384615384615385,38.46153846153847,0.5,steel like
Juliet,Adam,0.6578947368421052,0.0,41.44736842105263,INF,do like singsonge walk
Juliet,Adam,2.1739130434782608,1.0869565217391304,53.2608695652174,2.0,breathe rake watch
Juliet,Adam,2.380952380952381,0.0,30.952380952380953,INF,touch know be let
Juliet,Adam,2.380952380952381,0.0,30.952380952380953,INF,touch know be let
Juliet,Adam,2.380952380952381,0.0,30.952380952380953,INF,touch know be let
Adam,Juliet,2.380952380952381,0.0,30.952380952380953,INF,touch know be let
Adam,Juliet,2.380952380952381,0.0,30.952380952380953,INF,touch know be let
Juliet,Adam,2.380952380952381,0.0,30.952380952380953,INF,touch know be let
Jared,Madoc,3.571428571428571,1.7857142857142856,44.642857142857146,2.0,be drive
Jared,Juliet,3.571428571428571,1.7857142857142856,44.642857142857146,2.0,be drive
Madoc,Juliet,3.571428571428571,1.7857142857142856,44.642857142857146,2.0,be drive
Jared,Juliet,2.083333333333333,11.458333333333332,53.125,0.18181818181818182,be worry get
Adam,Madoc,0.0,1.3392857142857142,37.94642857142857,0.0,roar fill rumble
Madoc,Adam,0.0,0.0,33.33333333333333,INF,
Madoc,Zack,0.0,0.0,33.33333333333333,INF,
Adam,Zack,0.0,0.0,33.33333333333333,INF,
Madoc,Fallon,1.2096774193548387,1.2096774193548387,42.74193548387097,1.0,give sing go go
Madoc,Zack,1.2096774193548387,1.2096774193548387,42.74193548387097,1.0,give sing go go
Madoc,K. C. Carter,1.2096774193548387,1.2096774193548387,42.74193548387097,1.0,give sing go go
Madoc,Adam,1.2096774193548387,1.2096774193548387,42.74193548387097,1.0,give sing go go
Madoc,Zack,1.2096774193548387,1.2096774193548387,42.74193548387097,1.0,give sing go go
Fallon,Zack,1.2096774193548387,1.2096774193548387,42.74193548387097,1.0,give sing go go
Fallon,K. C. Carter,1.2096774193548387,1.2096774193548387,42.74193548387097,1.0,give sing go go
Fallon,Adam,1.2096774193548387,1.2096774193548387,42.74193548387097,1.0,give sing go go
Fallon,Zack,1.2096774193548387,1.2096774193548387,42.74193548387097,1.0,give sing go go
Zack,K. C. Carter,1.2096774193548387,1.2096774193548387,42.74193548387097,1.0,give sing go go
Zack,Adam,1.2096774193548387,1.2096774193548387,42.74193548387097,1.0,give sing go go
K. C. Carter,Adam,1.2096774193548387,1.2096774193548387,42.74193548387097,1.0,give sing go go
K. C. Carter,Zack,1.2096774193548387,1.2096774193548387,42.74193548387097,1.0,give sing go go
Adam,Zack,1.2096774193548387,1.2096774193548387,42.74193548387097,1.0,give sing go go
Adam,Madoc,1.7857142857142856,0.0,50.595238095238095,INF,speed swerve joke stay
Adam,Madoc,1.7857142857142856,0.0,50.595238095238095,INF,speed swerve joke stay
Adam,Madoc,0.0,0.0,72.22222222222221,INF,tighten try get lose spin
Adam,Madoc,0.0,0.0,72.22222222222221,INF,tighten try get lose spin
Madoc,Adam,1.1904761904761905,0.0,60.71428571428571,INF,have halt sink
Adam,Zack,0.0,6.944444444444445,26.38888888888889,0.0,be growl throw
Adam,Derek,0.0,6.944444444444445,26.38888888888889,0.0,be growl throw
Zack,Derek,0.0,6.944444444444445,26.38888888888889,0.0,be growl throw
Adam,Madoc,1.0,0.0,39.0,INF,secure hold shake have come
Adam,Fallon,1.0,0.0,39.0,INF,secure hold shake have come
Adam,Madoc,1.0,0.0,39.0,INF,secure hold shake have come
Adam,Fallon,1.0,0.0,39.0,INF,secure hold shake have come
Madoc,Fallon,1.0,0.0,39.0,INF,secure hold shake have come
Zack,Derek,0.0,3.571428571428571,39.285714285714285,0.0,drag
Zack,Adam,0.0,3.571428571428571,39.285714285714285,0.0,drag
Derek,Adam,0.0,3.571428571428571,39.285714285714285,0.0,drag
Zack,Derek,0.0,0.8928571428571428,49.107142857142854,0.0,crumble hold
Zack,Derek,0.0,0.8928571428571428,49.107142857142854,0.0,crumble hold
Derek,Zack,0.0,0.8928571428571428,49.107142857142854,0.0,crumble hold
Jesus,Madoc,0.0,0.0,42.857142857142854,INF,sigh sound do
Zack,Juliet,0.8333333333333334,0.0,52.5,INF,turn see look
Juliet,Zack,0.8333333333333334,0.0,52.5,INF,turn see look
Zack,Fallon,7.142857142857142,0.0,35.714285714285715,INF,look speak
Tate,Zack,0.0,0.0,44.44444444444444,INF,throw
Jax,Zack,0.0,0.0,56.25,INF,have see beat
K.C.,Zack,0.0,10.0,30.0,0.0,get upset
Zack,Tate,0.5952380952380952,0.0,56.547619047619044,INF,sway grab handle barrel
Juliet,Zack,0.0,1.25,38.75,0.0,be shoot
Juliet,Zack,0.0,1.25,38.75,0.0,be shoot
Jax,Zack,0.4166666666666667,2.5,53.75,0.16666666666666666,do mean stop see tighten steer hear twist
Tate,Coke,2.925531914893617,2.127659574468085,56.64893617021277,1.375,lurch be fall look see hold hover
Jax,Tate,6.25,1.4423076923076923,46.15384615384615,4.333333333333333,have be have leave have see ask
Jax,Tate,6.25,1.4423076923076923,46.15384615384615,4.333333333333333,have be have leave have see ask
Jax,Tate,6.25,1.4423076923076923,46.15384615384615,4.333333333333333,have be have leave have see ask
Katy Perry,Joan Jett,1.4423076923076923,1.9230769230769231,38.94230769230769,0.75,hit be
Christa,Ana,2.2058823529411766,0.0,44.85294117647059,INF,purse look sit
Christa,Ana,2.2058823529411766,0.0,44.85294117647059,INF,purse look sit
Ana,Christa,2.2058823529411766,0.0,44.85294117647059,INF,purse look sit
Ana,Christa,0.0,0.0,50.0,INF,join
Dear Juliet,Mother,0.8928571428571428,4.464285714285714,44.642857142857146,0.2,be take
Dear Juliet,Mother,4.6875,1.5625,43.75,3.0,be
Juliet,Tate,10.15625,1.5625,38.28125,6.5,love think love
Tate,Juliet,10.15625,1.5625,38.28125,6.5,love think love
Juliet,Katherina,0.0,0.0,33.33333333333333,INF,be
Shane,Tate,7.083333333333333,1.6666666666666667,57.91666666666667,4.25,be make think make love
Jake,Juliet,0.0,0.0,45.45454545454545,INF,change have suggest be
Jake,Katherina,0.0,0.0,45.45454545454545,INF,change have suggest be
Juliet,Katherina,0.0,0.0,45.45454545454545,INF,change have suggest be
Katherina,Juliet,3.7037037037037033,0.4629629629629629,47.68518518518518,8.0,be write call do do write
Juliet,Katherina,0.0,0.0,35.714285714285715,INF,write get be
Juliet,Katherina,0.0,0.0,35.714285714285715,INF,write get be
Katherina,Juliet,0.0,0.0,35.714285714285715,INF,write get be
Christa,Jake,3.4090909090909087,0.0,51.13636363636363,INF,glance
Jaxon Trent,Jared,0.0,1.7857142857142856,41.07142857142857,0.0,
Gordon,Sherilynn,0.5681818181818182,0.0,40.340909090909086,INF,see get
Jax,Jared,0.0,0.0,0.0,INF,
Juliet,Madoc,0.0,4.464285714285714,52.67857142857143,0.0,drop come stay get
Katherine,Juliet,0.0,0.0,27.27272727272727,INF,remind
Katherine,Jax,0.5952380952380952,3.571428571428571,52.976190476190474,0.16666666666666666,be say grab wipe
Katherine,Tate,0.5952380952380952,3.571428571428571,52.976190476190474,0.16666666666666666,be say grab wipe
Jax,Tate,0.5952380952380952,3.571428571428571,52.976190476190474,0.16666666666666666,be say grab wipe
Jared,Madoc,5.048076923076923,1.6826923076923077,49.03846153846153,3.0,have marry make have be be
Jared,Madoc,5.048076923076923,1.6826923076923077,49.03846153846153,3.0,have marry make have be be
Jared,Fallon,5.048076923076923,1.6826923076923077,49.03846153846153,3.0,have marry make have be be
Madoc,Fallon,5.048076923076923,1.6826923076923077,49.03846153846153,3.0,have marry make have be be
Madoc,Fallon,5.048076923076923,1.6826923076923077,49.03846153846153,3.0,have marry make have be be
Madoc,Jared,0.0,5.681818181818182,57.95454545454546,0.0,do
Madoc,Fallon,2.6515151515151514,0.3787878787878788,63.63636363636363,7.0,make have be swim hear tinkle pull
Fallon,Madoc,1.6304347826086956,0.0,41.84782608695652,INF,sit wrap fall
Fallon,Madoc,1.6304347826086956,0.0,41.84782608695652,INF,sit wrap fall
Fallon,Madoc,1.6304347826086956,0.0,41.84782608695652,INF,sit wrap fall
Madoc,Fallon,0.0,0.0,55.55555555555556,INF,stand bury tell be
Madoc,Fallon,0.0,0.0,55.55555555555556,INF,stand bury tell be
Madoc,Fallon,0.0,0.0,55.55555555555556,INF,stand bury tell be
Madoc,Fallon,0.0,0.0,55.55555555555556,INF,stand bury tell be
Fallon,Madoc,0.0,0.0,55.55555555555556,INF,stand bury tell be
Madoc,Fallon,0.0,0.0,55.55555555555556,INF,stand bury tell be
Madoc,Fallon,0.0,0.0,55.55555555555556,INF,stand bury tell be
Madoc,Fallon,0.0,0.0,55.55555555555556,INF,stand bury tell be
Fallon,Madoc,0.0,0.0,50.0,INF,shoot scream spin put
Fallon,Madoc,0.0,0.0,50.0,INF,shoot scream spin put
Fallon,Madoc,0.0,0.0,50.0,INF,shoot scream spin put
Fallon,Madoc,0.0,0.0,50.0,INF,shoot scream spin put
Madoc,Fallon,0.0,0.0,50.0,INF,shoot scream spin put
Madoc,Fallon,0.0,0.0,50.0,INF,shoot scream spin put
Fallon,Madoc,0.0,0.0,50.0,INF,cower peek
Madoc,Fallon,0.0,0.0,50.0,INF,cower peek
Fallon,Madoc,0.8333333333333334,0.0,65.83333333333333,INF,see look
Fallon,Madoc,0.8333333333333334,0.0,65.83333333333333,INF,see look
Juliet,Madoc,2.232142857142857,2.6785714285714284,66.51785714285714,0.8333333333333334,pace smooth fall
Juliet,Madoc,2.232142857142857,2.6785714285714284,66.51785714285714,0.8333333333333334,pace smooth fall
Madoc,Tate,1.5,0.5,38.0,3.0,go pipe peer talk
Madoc,Jax,1.5,0.5,38.0,3.0,go pipe peer talk
Tate,Jax,1.5,0.5,38.0,3.0,go pipe peer talk
Madoc,Tate,0.0,0.0,57.14285714285714,INF,be be
Madoc,Jared,1.9230769230769231,1.9230769230769231,57.692307692307686,1.0,be welcome
Jared,Jaxon Trent,0.0,1.7857142857142856,12.5,0.0,
Jax,Tate,3.571428571428571,0.7142857142857143,47.14285714285714,5.0,stand park keep scale try take
Jax,Madoc,3.571428571428571,0.7142857142857143,47.14285714285714,5.0,stand park keep scale try take
Jax,GTO,3.571428571428571,0.7142857142857143,47.14285714285714,5.0,stand park keep scale try take
Jax,Madoc,3.571428571428571,0.7142857142857143,47.14285714285714,5.0,stand park keep scale try take
Tate,Madoc,3.571428571428571,0.7142857142857143,47.14285714285714,5.0,stand park keep scale try take
Tate,GTO,3.571428571428571,0.7142857142857143,47.14285714285714,5.0,stand park keep scale try take
Tate,Madoc,3.571428571428571,0.7142857142857143,47.14285714285714,5.0,stand park keep scale try take
Madoc,GTO,3.571428571428571,0.7142857142857143,47.14285714285714,5.0,stand park keep scale try take
GTO,Madoc,3.571428571428571,0.7142857142857143,47.14285714285714,5.0,stand park keep scale try take
Madoc,Fallon,3.571428571428571,4.761904761904762,44.047619047619044,0.75,widen turn talk
Madoc,Fallon,3.571428571428571,4.761904761904762,44.047619047619044,0.75,widen turn talk
Jesus,Madoc,0.0,0.2976190476190476,52.083333333333336,0.0,watch cross push bring do care be go
Jesus,Fallon,0.0,0.2976190476190476,52.083333333333336,0.0,watch cross push bring do care be go
Jesus,Madoc,0.0,0.2976190476190476,52.083333333333336,0.0,watch cross push bring do care be go
Jesus,Jax,0.0,0.2976190476190476,52.083333333333336,0.0,watch cross push bring do care be go
Jesus,Madoc,0.0,0.2976190476190476,52.083333333333336,0.0,watch cross push bring do care be go
Madoc,Fallon,0.0,0.2976190476190476,52.083333333333336,0.0,watch cross push bring do care be go
Madoc,Jax,0.0,0.2976190476190476,52.083333333333336,0.0,watch cross push bring do care be go
Fallon,Madoc,0.0,0.2976190476190476,52.083333333333336,0.0,watch cross push bring do care be go
Fallon,Jax,0.0,0.2976190476190476,52.083333333333336,0.0,watch cross push bring do care be go
Fallon,Madoc,0.0,0.2976190476190476,52.083333333333336,0.0,watch cross push bring do care be go
Madoc,Jax,0.0,0.2976190476190476,52.083333333333336,0.0,watch cross push bring do care be go
Jax,Madoc,0.0,0.2976190476190476,52.083333333333336,0.0,watch cross push bring do care be go
Madoc,Jax,2.083333333333333,0.0,56.25,INF,have change be
Juliet,Madoc,0.8333333333333334,0.0,45.83333333333333,INF,be speak pay
Tate,Madoc,3.532608695652174,1.358695652173913,49.45652173913043,2.6,lean step be touch touch kiss feel be
Madoc,Tate,2.5,0.0,57.49999999999999,INF,harden
Jax,Tate,1.2195121951219512,4.878048780487805,54.87804878048781,0.25,dab gloss hate run smooth scurry
Jax,Tate,2.5,0.0,57.49999999999999,INF,lean look
Jax,Tate,2.142857142857143,4.285714285714286,65.0,0.5,give jet swipe toss be wash
Jared,Tate,0.78125,0.78125,54.6875,1.0,be turn pull walk
Jared,Tate,0.78125,0.78125,54.6875,1.0,be turn pull walk
Tate,Jared,0.78125,0.78125,54.6875,1.0,be turn pull walk
Jesus,Jared,0.0,0.0,37.5,INF,
Jax,Jared,0.8333333333333334,0.0,52.5,INF,smile grab look
Jared,Jax,0.7352941176470588,3.6764705882352944,42.64705882352941,0.2,look think see
Jax,Jared,4.605263157894736,1.3157894736842104,62.5,3.5,be build be
Jax,Jared,4.605263157894736,1.3157894736842104,62.5,3.5,be build be
Jared,Jax,0.0,1.5625,48.4375,0.0,rage wait
Jared,Jax,0.0,1.7857142857142856,41.07142857142857,0.0,charge assess
Tate,Madoc,0.78125,0.390625,51.953125,2.0,sit stand curl
Tate,Fallon,0.78125,0.390625,51.953125,2.0,sit stand curl
Tate,Jared,0.78125,0.390625,51.953125,2.0,sit stand curl
Tate,Jax,0.78125,0.390625,51.953125,2.0,sit stand curl
Madoc,Fallon,0.78125,0.390625,51.953125,2.0,sit stand curl
Madoc,Jared,0.78125,0.390625,51.953125,2.0,sit stand curl
Madoc,Jax,0.78125,0.390625,51.953125,2.0,sit stand curl
Fallon,Jared,0.78125,0.390625,51.953125,2.0,sit stand curl
Fallon,Jax,0.78125,0.390625,51.953125,2.0,sit stand curl
Jared,Jax,0.78125,0.390625,51.953125,2.0,sit stand curl
Jax,Jared,0.5952380952380952,1.7857142857142856,64.28571428571429,0.3333333333333333,look smile put tuck
Jared,Jax,2.1739130434782608,2.717391304347826,55.97826086956522,0.8,glance narrow see start turn
Jax,Jared,2.1739130434782608,2.717391304347826,55.97826086956522,0.8,glance narrow see start turn
Jax,Jared,4.6875,6.25,45.3125,0.75,be go confuse
Jax,Jared,2.380952380952381,4.166666666666666,55.35714285714286,0.5714285714285714,squeeze go be
Jax,Tate,2.380952380952381,4.166666666666666,55.35714285714286,0.5714285714285714,squeeze go be
Jared,Tate,2.380952380952381,4.166666666666666,55.35714285714286,0.5714285714285714,squeeze go be
Madoc,Jared,1.7857142857142856,1.7857142857142856,53.57142857142857,1.0,urge look
Jared,Tate,3.571428571428571,2.6785714285714284,58.03571428571429,1.3333333333333333,drop start unbutton
Jared,Tate,3.571428571428571,2.6785714285714284,58.03571428571429,1.3333333333333333,drop start unbutton
Tate,Jared,3.571428571428571,2.6785714285714284,58.03571428571429,1.3333333333333333,drop start unbutton
Madoc,Fallon,1.5625,0.0,35.9375,INF,protest stand
Jared,Fallon,0.0,0.0,28.57142857142857,INF,pull
Madoc,Jared,0.0,0.0,25.0,INF,let go
Madoc,Jax,4.166666666666666,0.0,45.83333333333333,INF,pat
Jared,Tate,4.166666666666666,6.25,67.36111111111111,0.6666666666666666,be know adore
Jared,Tate,4.166666666666666,6.25,67.36111111111111,0.6666666666666666,be know adore
Jared,Tate,0.0,1.1363636363636365,35.22727272727273,0.0,be thunder say
Jax,Madoc,0.7352941176470588,0.7352941176470588,51.470588235294116,1.0,quiver stare talk
Jax,Fallon,0.7352941176470588,0.7352941176470588,51.470588235294116,1.0,quiver stare talk
Madoc,Fallon,0.7352941176470588,0.7352941176470588,51.470588235294116,1.0,quiver stare talk
Jax,Fallon,0.8333333333333334,0.0,65.83333333333333,INF,look disappear see
Jax,Fallon,0.8333333333333334,0.0,65.83333333333333,INF,look disappear see
Jax,Madoc,0.0,5.0,48.333333333333336,0.0,hold stare start pull
Jax,GTO,0.0,5.0,48.333333333333336,0.0,hold stare start pull
Madoc,GTO,0.0,5.0,48.333333333333336,0.0,hold stare start pull
Jax,Madoc,2.272727272727273,4.545454545454546,56.81818181818182,0.5,look be be be hurt
Jax,Madoc,2.272727272727273,4.545454545454546,56.81818181818182,0.5,look be be be hurt
Jaxon Trent,Madoc,2.976190476190476,0.5952380952380952,53.57142857142857,5.0,descend stop loom
Jax,Juliet,0.0,0.0,0.0,INF,
Romeo,Juliet,6.25,1.7045454545454544,51.13636363636363,3.6666666666666665,be think be
Juliet,Liam,2.34375,0.0,41.40625,INF,murmur grip
Juliet,Liam,0.5434782608695652,2.717391304347826,53.2608695652174,0.2,gasp face pinch start bob
Juliet,Liam,0.5434782608695652,2.717391304347826,53.2608695652174,0.2,gasp face pinch start bob
Juliet,Liam,0.5434782608695652,2.717391304347826,53.2608695652174,0.2,gasp face pinch start bob
Jax,Liam,1.0869565217391304,4.891304347826087,41.84782608695652,0.2222222222222222,moan fill give need
Jax,Liam,1.0869565217391304,4.891304347826087,41.84782608695652,0.2222222222222222,moan fill give need
Juliet,Jax,0.9615384615384616,1.9230769230769231,27.884615384615387,0.5,grunt drive
Juliet,Liam,0.0,5.555555555555555,44.44444444444444,0.0,fall jerk
Jax,Gordon,0.0,0.0,33.33333333333333,INF,
Mr. Trent,Juliet,0.9615384615384616,5.769230769230769,47.11538461538461,0.16666666666666666,say dirty
Corvin,Ciaran,1.2096774193548387,0.0,50.403225806451616,INF,be start work make
Corvin,Fallon,1.2096774193548387,0.0,50.403225806451616,INF,be start work make
Corvin,Fallon,1.2096774193548387,0.0,50.403225806451616,INF,be start work make
Ciaran,Fallon,1.2096774193548387,0.0,50.403225806451616,INF,be start work make
Ciaran,Fallon,1.2096774193548387,0.0,50.403225806451616,INF,be start work make
Jared,Tate,2.083333333333333,0.6944444444444444,52.77777777777778,3.0,jare walk zip
Jared,Tate,2.083333333333333,0.6944444444444444,52.77777777777778,3.0,jare walk zip
Tate,Juliet,0.0,3.289473684210526,65.13157894736842,0.0,walk meet step
Tate,Juliet,0.0,3.289473684210526,65.13157894736842,0.0,walk meet step
Jason,Jared,3.8461538461538463,10.576923076923077,47.11538461538461,0.36363636363636365,be do shit
Madoc,Jason,2.0,0.0,50.0,INF,be get restrain
Tate,Fallon,3.125,1.0416666666666665,62.5,3.0,be plan
Juliet,Jared,3.75,1.25,45.0,3.0,nuzzle remember nuzzle be
Jax,Juliet,0.0,0.0,0.0,INF,
Juliet,Jax,0.0,0.0,33.33333333333333,INF,
Jax,Jared,0.0,4.166666666666666,56.94444444444444,0.0,smile give peck hop
Jared,Madoc,0.4464285714285714,2.6785714285714284,57.58928571428571,0.16666666666666666,dig assume grab slip
Jared,Madoc,0.4464285714285714,2.6785714285714284,57.58928571428571,0.16666666666666666,dig assume grab slip
Madoc,Jax,8.097499999999998,4.715000000000001,52.1875,1.717391304347826,do know be be trust keep be prepare
Madoc,Jared,8.097499999999998,4.715000000000001,52.1875,1.717391304347826,do know be be trust keep be prepare
Madoc,Jax,8.097499999999998,4.715000000000001,52.1875,1.717391304347826,do know be be trust keep be prepare
Madoc,Jared,8.097499999999998,4.715000000000001,52.1875,1.717391304347826,do know be be trust keep be prepare
Jax,Jared,8.097499999999998,4.715000000000001,52.1875,1.717391304347826,do know be be trust keep be prepare
Fallon,Tate,2.083333333333333,0.0,64.58333333333334,INF,stay sit
Jax,Tate,4.891304347826087,3.804347826086957,39.130434782608695,1.2857142857142858,be be be
Jax,Tate,4.891304347826087,3.804347826086957,39.130434782608695,1.2857142857142858,be be be
Madoc,GTO,0.4629629629629629,0.9259259259259258,50.46296296296296,0.5,lead follow trail
Madoc,Jared,0.4629629629629629,0.9259259259259258,50.46296296296296,0.5,lead follow trail
Madoc,Tate,0.4629629629629629,0.9259259259259258,50.46296296296296,0.5,lead follow trail
Madoc,Jared,0.4629629629629629,0.9259259259259258,50.46296296296296,0.5,lead follow trail
Madoc,Jax,0.4629629629629629,0.9259259259259258,50.46296296296296,0.5,lead follow trail
Madoc,Tate,0.4629629629629629,0.9259259259259258,50.46296296296296,0.5,lead follow trail
Madoc,GTO,0.4629629629629629,0.9259259259259258,50.46296296296296,0.5,lead follow trail
Madoc,Jared,0.4629629629629629,0.9259259259259258,50.46296296296296,0.5,lead follow trail
Madoc,Tate,0.4629629629629629,0.9259259259259258,50.46296296296296,0.5,lead follow trail
Madoc,Jared,0.4629629629629629,0.9259259259259258,50.46296296296296,0.5,lead follow trail
Madoc,Jax,0.4629629629629629,0.9259259259259258,50.46296296296296,0.5,lead follow trail
Madoc,Tate,0.4629629629629629,0.9259259259259258,50.46296296296296,0.5,lead follow trail
GTO,Jared,0.4629629629629629,0.9259259259259258,50.46296296296296,0.5,lead follow trail
GTO,Tate,0.4629629629629629,0.9259259259259258,50.46296296296296,0.5,lead follow trail
GTO,Jared,0.4629629629629629,0.9259259259259258,50.46296296296296,0.5,lead follow trail
GTO,Jax,0.4629629629629629,0.9259259259259258,50.46296296296296,0.5,lead follow trail
GTO,Tate,0.4629629629629629,0.9259259259259258,50.46296296296296,0.5,lead follow trail
Jared,Tate,0.4629629629629629,0.9259259259259258,50.46296296296296,0.5,lead follow trail
Jared,Jax,0.4629629629629629,0.9259259259259258,50.46296296296296,0.5,lead follow trail
Jared,Tate,0.4629629629629629,0.9259259259259258,50.46296296296296,0.5,lead follow trail
Tate,Jared,0.4629629629629629,0.9259259259259258,50.46296296296296,0.5,lead follow trail
Tate,Jax,0.4629629629629629,0.9259259259259258,50.46296296296296,0.5,lead follow trail
Jared,Jax,0.4629629629629629,0.9259259259259258,50.46296296296296,0.5,lead follow trail
Jared,Tate,0.4629629629629629,0.9259259259259258,50.46296296296296,0.5,lead follow trail
Jax,Tate,0.4629629629629629,0.9259259259259258,50.46296296296296,0.5,lead follow trail
Tate,Jax,2.032142857142857,1.9857142857142858,38.839285714285715,1.0233812949640286,tap steer attempt journale
Jax,Tate,2.032142857142857,1.9857142857142858,38.839285714285715,1.0233812949640286,tap steer attempt journale
Tate,Jared,3.977272727272727,1.1363636363636365,72.1590909090909,3.5,pick be get be
K.C.,Juliet,0.0,0.43103448275862066,54.741379310344826,0.0,treat sign
Madoc,Fallon,0.0,0.0,46.15384615384615,INF,have rein
Madoc,Fallon,0.0,0.0,46.15384615384615,INF,have rein
Jared,Tate,3.977272727272727,1.1363636363636365,58.52272727272727,3.5,have stop overindulge be relax enjoy
Jax,Madoc,0.0,15.0,45.0,0.0,hate
Tate,Fallon,2.840909090909091,1.7045454545454544,50.0,1.6666666666666667,have inflate use attach
Liam,Tate,3.125,1.5625,32.8125,2.0,be call
Jax,Liam,0.0,0.0,50.0,INF,be inquire
Jared,Tate,3.6290322580645165,0.8064516129032258,50.403225806451616,4.5,swim fall be follow want stare
Jared,Fallon,3.6290322580645165,0.8064516129032258,50.403225806451616,4.5,swim fall be follow want stare
Jared,Madoc,3.6290322580645165,0.8064516129032258,50.403225806451616,4.5,swim fall be follow want stare
Jared,Madoc,3.6290322580645165,0.8064516129032258,50.403225806451616,4.5,swim fall be follow want stare
Jared,Madoc,3.6290322580645165,0.8064516129032258,50.403225806451616,4.5,swim fall be follow want stare
Jared,Jax,3.6290322580645165,0.8064516129032258,50.403225806451616,4.5,swim fall be follow want stare
Tate,Fallon,3.6290322580645165,0.8064516129032258,50.403225806451616,4.5,swim fall be follow want stare
Tate,Madoc,3.6290322580645165,0.8064516129032258,50.403225806451616,4.5,swim fall be follow want stare
Tate,Madoc,3.6290322580645165,0.8064516129032258,50.403225806451616,4.5,swim fall be follow want stare
Tate,Madoc,3.6290322580645165,0.8064516129032258,50.403225806451616,4.5,swim fall be follow want stare
Tate,Jax,3.6290322580645165,0.8064516129032258,50.403225806451616,4.5,swim fall be follow want stare
Fallon,Madoc,3.6290322580645165,0.8064516129032258,50.403225806451616,4.5,swim fall be follow want stare
Fallon,Madoc,3.6290322580645165,0.8064516129032258,50.403225806451616,4.5,swim fall be follow want stare
Fallon,Madoc,3.6290322580645165,0.8064516129032258,50.403225806451616,4.5,swim fall be follow want stare
Fallon,Jax,3.6290322580645165,0.8064516129032258,50.403225806451616,4.5,swim fall be follow want stare
Madoc,Jax,3.6290322580645165,0.8064516129032258,50.403225806451616,4.5,swim fall be follow want stare
Madoc,Jax,3.6290322580645165,0.8064516129032258,50.403225806451616,4.5,swim fall be follow want stare
Madoc,Jax,3.6290322580645165,0.8064516129032258,50.403225806451616,4.5,swim fall be follow want stare
Jax,Madoc,1.9230769230769231,0.0,36.53846153846153,INF,be lead call
Jax,Madoc,2.380952380952381,6.547619047619048,57.738095238095234,0.36363636363636365,be wear hike
Fallon,Tate,2.6785714285714284,0.0,40.17857142857143,INF,take call
Madoc,Fallon,0.0,7.5,22.5,0.0,stop whine scold
Jared,K.C.,3.4722222222222223,0.6944444444444444,40.27777777777778,5.0,laugh call
Juliet,Jared,2.5,0.0,17.5,INF,shout correct
Juliet,Jared,0.0,6.25,23.75,0.0,do warn
Fallon,Madoc,2.7777777777777777,0.6944444444444444,46.52777777777778,4.0,be start walk
Fallon,Tate,2.7777777777777777,0.6944444444444444,46.52777777777778,4.0,be start walk
Madoc,Tate,2.7777777777777777,0.6944444444444444,46.52777777777778,4.0,be start walk
Madoc,Jax,0.0,0.0,53.333333333333336,INF,come knock push
Jax,Madoc,0.0,0.0,53.333333333333336,INF,come knock push
Jared,Jax,0.5952380952380952,0.5952380952380952,60.71428571428571,1.0,loom swallow see curl
Jared,Jax,0.5952380952380952,0.5952380952380952,60.71428571428571,1.0,loom swallow see curl
Jax,Tate,0.5208333333333333,2.604166666666667,42.70833333333333,0.2,have hear jump add head
Madoc,Jared,0.0,3.125,46.875,0.0,follow
Jared,Jax,2.5,1.25,56.25,2.0,glance
Jax,Madoc,5.0,0.8333333333333334,57.49999999999999,6.0,turn feel stare have be stand
Madoc,Jax,1.875,0.0,48.125,INF,see lie scream
Jaxon Trent,Jared,0.0,0.0,33.33333333333333,INF,
Tate,Jared,0.6578947368421052,1.9736842105263157,39.473684210526315,0.3333333333333333,search
Tate,Fallon,0.6578947368421052,1.9736842105263157,39.473684210526315,0.3333333333333333,search
Tate,Madoc,0.6578947368421052,1.9736842105263157,39.473684210526315,0.3333333333333333,search
Jared,Fallon,0.6578947368421052,1.9736842105263157,39.473684210526315,0.3333333333333333,search
Jared,Madoc,0.6578947368421052,1.9736842105263157,39.473684210526315,0.3333333333333333,search
Fallon,Madoc,0.6578947368421052,1.9736842105263157,39.473684210526315,0.3333333333333333,search
Jared,Tate,6.944444444444445,1.3888888888888888,47.22222222222222,5.0,have scare
Madoc,Fallon,1.3888888888888888,0.0,20.833333333333336,INF,have think
Tate,Fallon,0.9615384615384616,0.0,45.19230769230769,INF,stay
Fallon,Tate,2.34375,0.0,47.65625,INF,have finish
Fallon,Juliet,2.34375,0.0,47.65625,INF,have finish
Tate,Juliet,2.34375,0.0,47.65625,INF,have finish
Jared,Tate,8.088235294117647,5.147058823529411,45.588235294117645,1.5714285714285714,love have be
Jared,K. C. Carter,3.125,3.90625,49.21875,0.8,think be explain
Jax,Fallon,2.1341463414634148,0.3048780487804878,43.90243902439025,7.0,be say want stay up
Jax,Fallon,2.1341463414634148,0.3048780487804878,43.90243902439025,7.0,be say want stay up
Jax,Fallon,2.1341463414634148,0.3048780487804878,43.90243902439025,7.0,be say want stay up
Jax,Madoc,2.1341463414634148,0.3048780487804878,43.90243902439025,7.0,be say want stay up
Jax,Madoc,2.1341463414634148,0.3048780487804878,43.90243902439025,7.0,be say want stay up
Jax,Madoc,2.1341463414634148,0.3048780487804878,43.90243902439025,7.0,be say want stay up
Jax,Tate,2.1341463414634148,0.3048780487804878,43.90243902439025,7.0,be say want stay up
Fallon,Madoc,2.1341463414634148,0.3048780487804878,43.90243902439025,7.0,be say want stay up
Fallon,Madoc,2.1341463414634148,0.3048780487804878,43.90243902439025,7.0,be say want stay up
Fallon,Madoc,2.1341463414634148,0.3048780487804878,43.90243902439025,7.0,be say want stay up
Fallon,Tate,2.1341463414634148,0.3048780487804878,43.90243902439025,7.0,be say want stay up
Fallon,Madoc,2.1341463414634148,0.3048780487804878,43.90243902439025,7.0,be say want stay up
Fallon,Madoc,2.1341463414634148,0.3048780487804878,43.90243902439025,7.0,be say want stay up
Fallon,Madoc,2.1341463414634148,0.3048780487804878,43.90243902439025,7.0,be say want stay up
Fallon,Tate,2.1341463414634148,0.3048780487804878,43.90243902439025,7.0,be say want stay up
Fallon,Madoc,2.1341463414634148,0.3048780487804878,43.90243902439025,7.0,be say want stay up
Fallon,Madoc,2.1341463414634148,0.3048780487804878,43.90243902439025,7.0,be say want stay up
Fallon,Madoc,2.1341463414634148,0.3048780487804878,43.90243902439025,7.0,be say want stay up
Fallon,Tate,2.1341463414634148,0.3048780487804878,43.90243902439025,7.0,be say want stay up
Madoc,Tate,2.1341463414634148,0.3048780487804878,43.90243902439025,7.0,be say want stay up
Madoc,Tate,2.1341463414634148,0.3048780487804878,43.90243902439025,7.0,be say want stay up
Madoc,Tate,2.1341463414634148,0.3048780487804878,43.90243902439025,7.0,be say want stay up
Tate,Fallon,4.642857142857143,0.7142857142857143,51.78571428571429,6.5,question be stay shoot be be take
Tate,Jared,4.642857142857143,0.7142857142857143,51.78571428571429,6.5,question be stay shoot be be take
Fallon,Tate,4.642857142857143,0.7142857142857143,51.78571428571429,6.5,question be stay shoot be be take
Fallon,Jared,4.642857142857143,0.7142857142857143,51.78571428571429,6.5,question be stay shoot be be take
Fallon,Tate,4.642857142857143,0.7142857142857143,51.78571428571429,6.5,question be stay shoot be be take
Tate,Jared,4.642857142857143,0.7142857142857143,51.78571428571429,6.5,question be stay shoot be be take
Jared,Tate,4.642857142857143,0.7142857142857143,51.78571428571429,6.5,question be stay shoot be be take
Madoc,Fallon,1.1904761904761905,2.976190476190476,43.452380952380956,0.4,be be say
Fallon,Madoc,1.1904761904761905,2.976190476190476,43.452380952380956,0.4,be be say
Fallon,Madoc,1.1904761904761905,2.976190476190476,43.452380952380956,0.4,be be say
Jax,Fallon,0.0,0.0,47.05882352941176,INF,be text see be get
Jax,Tate,3.75,0.9375,50.31250000000001,4.0,see train look finish be go
Jared,Jax,2.34375,1.5625,46.09375,1.5,do have be
Fallon,Tate,4.166666666666666,0.0,56.94444444444444,INF,throw grab look
Fallon,Jax,3.6585365853658534,2.1341463414634148,38.109756097560975,1.7142857142857142,know have agree start talk be have let take
Jesus,Tate,3.4722222222222223,1.3888888888888888,45.13888888888889,2.5,mumble lean look
Madoc,Fallon,1.7241379310344827,0.43103448275862066,46.12068965517241,4.0,complete go
Madoc,Tate,1.7241379310344827,0.43103448275862066,46.12068965517241,4.0,complete go
Madoc,Jared,1.7241379310344827,0.43103448275862066,46.12068965517241,4.0,complete go
Madoc,Fallon,1.7241379310344827,0.43103448275862066,46.12068965517241,4.0,complete go
Madoc,Tate,1.7241379310344827,0.43103448275862066,46.12068965517241,4.0,complete go
Madoc,Jared,1.7241379310344827,0.43103448275862066,46.12068965517241,4.0,complete go
Fallon,Tate,1.7241379310344827,0.43103448275862066,46.12068965517241,4.0,complete go
Fallon,Jared,1.7241379310344827,0.43103448275862066,46.12068965517241,4.0,complete go
Tate,Jared,1.7241379310344827,0.43103448275862066,46.12068965517241,4.0,complete go
Fallon,Madoc,3.8461538461538463,1.9230769230769231,40.38461538461539,2.0,be welcome be
Tate,Jax,1.8292682926829267,1.8292682926829267,62.19512195121951,1.0,have feel be flounder stay have happen bring
Shane,Jax,0.0,4.411764705882353,48.529411764705884,0.0,race frown see miss
Madoc,Fallon,0.0,1.6666666666666667,45.0,0.0,be stick have come get
Liam,Jax,1.3888888888888888,1.3888888888888888,47.22222222222222,1.0,get get
Jax,Shane,3.90625,7.03125,57.8125,0.5555555555555556,walk see fix
Madoc,Shane,0.0,0.0,33.33333333333333,INF,be suppose be
Shane,Jax,0.5434782608695652,4.891304347826087,59.78260869565217,0.1111111111111111,hook pull yank scowl
Madoc,Fallon,1.1363636363636365,2.272727272727273,23.863636363636363,0.5,fuck
Madoc,Tate,0.78125,0.0,67.96875,INF,toss take grab
Jaxon Trent,Gordon,1.7857142857142856,2.6785714285714284,59.82142857142857,0.6666666666666666,hate walk
Gordon,Sherilynn,0.5681818181818182,3.977272727272727,54.54545454545454,0.14285714285714285,yell feel sting
Jesus,Jared,2.083333333333333,0.0,56.25,INF,breathe grab look jerk
Jesus,Jared,2.083333333333333,0.0,56.25,INF,breathe grab look jerk
Tate,Jared,1.3888888888888888,0.9259259259259258,49.53703703703704,1.5,have leave tell stay look
Juliet,Jared,2.7777777777777777,0.6944444444444444,40.97222222222222,4.0,do sleep have be
K.C.,Juliet,2.142857142857143,2.142857142857143,38.57142857142858,1.0,be mean say take be
K.C.,Jared,2.142857142857143,2.142857142857143,38.57142857142858,1.0,be mean say take be
K.C.,Juliet,2.142857142857143,2.142857142857143,38.57142857142858,1.0,be mean say take be
K.C.,Jax,2.142857142857143,2.142857142857143,38.57142857142858,1.0,be mean say take be
Juliet,Jared,2.142857142857143,2.142857142857143,38.57142857142858,1.0,be mean say take be
Juliet,Jax,2.142857142857143,2.142857142857143,38.57142857142858,1.0,be mean say take be
Jared,Juliet,2.142857142857143,2.142857142857143,38.57142857142858,1.0,be mean say take be
Jared,Jax,2.142857142857143,2.142857142857143,38.57142857142858,1.0,be mean say take be
Juliet,Jax,2.142857142857143,2.142857142857143,38.57142857142858,1.0,be mean say take be
Fallon,Jared,1.0273972602739725,0.684931506849315,40.75342465753425,1.5,make work exchange favor think sit play come dart get need avoid control
Fallon,Jared,1.0273972602739725,0.684931506849315,40.75342465753425,1.5,make work exchange favor think sit play come dart get need avoid control
Fallon,Jared,1.0273972602739725,0.684931506849315,40.75342465753425,1.5,make work exchange favor think sit play come dart get need avoid control
Jared,Tate,2.232142857142857,1.3392857142857142,57.14285714285714,1.6666666666666667,shoot jerk see take
Jared,Tate,2.232142857142857,1.3392857142857142,57.14285714285714,1.6666666666666667,shoot jerk see take
Liam,Juliet,0.0,0.0,0.0,INF,
Liam,Juliet,2.5,1.0,44.5,2.5,be hunch hold look spit
Liam,Juliet,2.5,1.0,44.5,2.5,be hunch hold look spit
Liam,Juliet,2.5,1.0,44.5,2.5,be hunch hold look spit
Liam,Juliet,2.5,1.0,44.5,2.5,be hunch hold look spit
Liam,Juliet,2.5,1.0,44.5,2.5,be hunch hold look spit
Liam,Juliet,2.5,1.0,44.5,2.5,be hunch hold look spit
Juliet,Liam,2.5,1.0,44.5,2.5,be hunch hold look spit
Liam,Juliet,2.5,1.0,44.5,2.5,be hunch hold look spit
Liam,Juliet,2.5,1.0,44.5,2.5,be hunch hold look spit
Juliet,Liam,0.0,2.5,41.5,0.0,let pretend growl be have
Juliet,Liam,1.0416666666666665,0.5208333333333333,56.770833333333336,2.0,blink look put straighten rub
Juliet,Liam,1.0416666666666665,0.5208333333333333,56.770833333333336,2.0,blink look put straighten rub
Juliet,Liam,1.0416666666666665,0.5208333333333333,56.770833333333336,2.0,blink look put straighten rub
Liam,Juliet,1.0416666666666665,0.5208333333333333,56.770833333333336,2.0,blink look put straighten rub
Liam,Juliet,1.0416666666666665,0.5208333333333333,56.770833333333336,2.0,blink look put straighten rub
Juliet,Liam,1.0416666666666665,0.5208333333333333,56.770833333333336,2.0,blink look put straighten rub
Juliet,Liam,1.0416666666666665,0.5208333333333333,56.770833333333336,2.0,blink look put straighten rub
Juliet,Liam,1.0416666666666665,0.5208333333333333,56.770833333333336,2.0,blink look put straighten rub
Juliet,Liam,1.0416666666666665,0.5208333333333333,56.770833333333336,2.0,blink look put straighten rub
Liam,Juliet,1.4705882352941175,0.0,51.470588235294116,INF,reach grab want
Liam,Juliet,1.4705882352941175,0.0,51.470588235294116,INF,reach grab want
Liam,Juliet,0.0,2.5,57.49999999999999,0.0,do want
Juliet,Liam,0.0,0.0,41.66666666666667,INF,command hold
Jax,Juliet,0.0,4.807692307692308,25.961538461538463,0.0,do want
Juliet,Penley,1.0714285714285714,1.0714285714285714,52.142857142857146,1.0,reach swipe send fly hoist claim
Juliet,Penley,1.0714285714285714,1.0714285714285714,52.142857142857146,1.0,reach swipe send fly hoist claim
Juliet,Penley,1.0714285714285714,1.0714285714285714,52.142857142857146,1.0,reach swipe send fly hoist claim
Juliet,Penley,2.976190476190476,2.380952380952381,37.5,1.25,know want hear insist slide
Juliet,Penley,0.0,2.083333333333333,53.47222222222222,0.0,fall feel
Jax,Penley,5.208333333333334,5.208333333333334,22.916666666666664,1.0,love say
Madoc,Fallon,2.083333333333333,4.6875,51.5625,0.4444444444444444,live do need need
Nancy Drew,Madoc,0.7653061224489796,0.5102040816326531,53.826530612244895,1.5,be have handle pack be
Nancy Drew,Fallon,0.7653061224489796,0.5102040816326531,53.826530612244895,1.5,be have handle pack be
Madoc,Fallon,0.7653061224489796,0.5102040816326531,53.826530612244895,1.5,be have handle pack be
Jared,Tate,3.571428571428571,2.380952380952381,46.42857142857143,1.5,be see be be
Ciaran,Jax,1.0869565217391304,0.0,51.08695652173913,INF,employ do look intimidate think
Jax,Ciaran,1.0869565217391304,0.0,51.08695652173913,INF,employ do look intimidate think
Madoc,Jax,5.182926829268292,1.8292682926829267,44.207317073170735,2.8333333333333335,have think imagine look
Jax,Madoc,2.7777777777777777,0.6944444444444444,46.52777777777778,4.0,be smile notice trail
Jax,Madoc,1.293103448275862,4.310344827586207,63.36206896551724,0.3,look see stand toss
Jax,Madoc,1.293103448275862,4.310344827586207,63.36206896551724,0.3,look see stand toss
Jax,Madoc,1.293103448275862,4.310344827586207,63.36206896551724,0.3,look see stand toss
Romeo,Juliet,0.0,1.3888888888888888,37.5,0.0,whisper remember
Jared,Tate,1.5625,6.25,67.1875,0.25,be be be
Shane,Jared,0.0,0.0,57.89473684210527,INF,date point advance retreat
Jax,Jared,0.0,2.7777777777777777,52.77777777777778,0.0,shove watch stumble
Jax,Juliet,0.0,2.083333333333333,31.25,0.0,want see order
Jax,Juliet,6.944444444444445,0.0,48.61111111111111,INF,please let leave
Jared,Katherine,0.0,2.083333333333333,14.583333333333334,0.0,
Jared,Madoc,0.0,2.083333333333333,14.583333333333334,0.0,
Katherine,Madoc,0.0,2.083333333333333,14.583333333333334,0.0,
Tate,Madoc,1.9736842105263157,0.6578947368421052,50.0,3.0,hear recognize be
Jared,Madoc,0.0,3.289473684210526,49.34210526315789,0.0,charge rush give think assess
Madoc,Jared,0.0,3.289473684210526,49.34210526315789,0.0,charge rush give think assess
Tate,Fallon,3.125,0.0,42.70833333333333,INF,pour run bring
Tate,Juliet,3.125,0.0,42.70833333333333,INF,pour run bring
Tate,Juliet,3.125,0.0,42.70833333333333,INF,pour run bring
Tate,Juliet,3.125,0.0,42.70833333333333,INF,pour run bring
Fallon,Juliet,3.125,0.0,42.70833333333333,INF,pour run bring
Fallon,Juliet,3.125,0.0,42.70833333333333,INF,pour run bring
Fallon,Tate,3.125,0.0,42.70833333333333,INF,pour run bring
Fallon,Juliet,3.125,0.0,42.70833333333333,INF,pour run bring
Juliet,Tate,3.125,0.0,42.70833333333333,INF,pour run bring
Juliet,Tate,3.125,0.0,42.70833333333333,INF,pour run bring
Tate,Juliet,3.125,0.0,42.70833333333333,INF,pour run bring
Katherine,Jason,1.1363636363636365,0.0,48.86363636363637,INF,follow rush stream
Katherine,Jason,1.1363636363636365,0.0,48.86363636363637,INF,follow rush stream
Jason,Katherine,1.1363636363636365,0.0,48.86363636363637,INF,follow rush stream
Jason,Katherine,1.1363636363636365,0.0,48.86363636363637,INF,follow rush stream
Katherine,Jason,0.8928571428571428,0.0,34.82142857142857,INF,cry look
Tate,Madoc,1.5,0.0,50.5,INF,yell jerk see slam hold
Tate,Madoc,1.5,0.0,50.5,INF,yell jerk see slam hold
Jared,Katherine,0.0,3.125,21.875,0.0,
Jason,Jared,2.083333333333333,2.5,55.41666666666667,0.8333333333333334,unlock help grab point keep
Jax,Juliet,9.659090909090908,2.840909090909091,37.5,3.4,know be taunt close inhale
Tate,Fallon,1.6129032258064515,3.225806451612903,56.451612903225815,0.5,call see step scowl
Tate,Thomas Trent,1.6129032258064515,3.225806451612903,56.451612903225815,0.5,call see step scowl
Fallon,Thomas Trent,1.6129032258064515,3.225806451612903,56.451612903225815,0.5,call see step scowl
Juliet,Jared,2.272727272727273,0.0,67.42424242424242,INF,have set turn draw be have flip
Juliet,Jared,2.272727272727273,0.0,67.42424242424242,INF,have set turn draw be have flip
Tate,Jared,2.1739130434782608,3.260869565217391,55.434782608695656,0.6666666666666666,be wear observe throw hike
Thomas Trent,Jax,2.083333333333333,0.0,52.083333333333336,INF,have take do leave
Thomas Trent,Jax,2.083333333333333,0.0,52.083333333333336,INF,have take do leave
Thomas Trent,Jax,3.75,5.0,51.24999999999999,0.75,decide want
Jax,Jared,0.6578947368421052,1.3157894736842104,55.92105263157895,0.5,get insist take
Jax,Clarke,0.6578947368421052,1.3157894736842104,55.92105263157895,0.5,get insist take
Jared,Clarke,0.6578947368421052,1.3157894736842104,55.92105263157895,0.5,get insist take
Jax,Mrs. Carter,5.46875,3.90625,40.625,1.4,doubt call
