NAME 1,NAME 2,% POS,% NEG,% NEUTRAL,POS:NEG,VERBS
SRA,NAC,1.3157894736842104,0.6578947368421052,50.6578947368421,2.0,be
SRA,Regulus,1.3157894736842104,0.6578947368421052,50.6578947368421,2.0,be
NAC,Regulus,1.3157894736842104,0.6578947368421052,50.6578947368421,2.0,be
Regulus,NAC,4.166666666666666,0.4629629629629629,47.22222222222222,9.0,have fare have lose
SRA,New Svalbard,1.3157894736842104,1.644736842105263,57.56578947368421,0.8,destroy fly deploy set
New Svalbard,SRA,0.8064516129032258,0.0,58.87096774193549,INF,show be rescue survive kill get pop
New Svalbard,SRA,0.8064516129032258,0.0,58.87096774193549,INF,show be rescue survive kill get pop
SRA,NAC,0.78125,1.171875,51.171875,0.6666666666666666,be arm
Dmitry,SRA,1.9230769230769231,0.9615384615384616,50.96153846153846,2.0,be
Dmitry,Fallon,8.064516129032258,2.4193548387096775,54.03225806451613,3.3333333333333335,be have chisel
Dmitry,Fallon,8.064516129032258,2.4193548387096775,54.03225806451613,3.3333333333333335,be have chisel
Regulus,NAC,2.5,0.7142857142857143,48.214285714285715,3.5,bring be coordinate drop
SRA,NAC,1.744186046511628,0.872093023255814,55.52325581395349,2.0,be go be make be be
SRA,NAC,1.6129032258064515,2.4193548387096775,60.483870967741936,0.6666666666666666,scout indicate do want risk get blow prime shoot be consist carry hold
SRA,NAC,1.6129032258064515,2.4193548387096775,60.483870967741936,0.6666666666666666,scout indicate do want risk get blow prime shoot be consist carry hold
NAC,Dmitry,0.9259259259259258,3.7037037037037033,58.333333333333336,0.25,send warn run be hunch
NAC,Dmitry,0.9259259259259258,3.7037037037037033,58.333333333333336,0.25,send warn run be hunch
Dmitry,SRA,6.666666666666667,1.25,48.75,5.333333333333333,nod talk let know hand be touch
Dmitry,SRA,6.666666666666667,1.25,48.75,5.333333333333333,nod talk let know hand be touch
NAC,SRA,0.7142857142857143,2.5,59.64285714285714,0.2857142857142857,bring assist
Dmitry,SRA,1.7045454545454544,2.272727272727273,59.65909090909091,0.75,be be do think count shoot
Dmitry,SRA,1.7045454545454544,2.272727272727273,59.65909090909091,0.75,be be do think count shoot
SRA,NAC,2.976190476190476,0.0,68.45238095238095,INF,arrive
SRA,NAC,0.4032258064516129,0.0,64.11290322580645,INF,remain provide
NAC,SRA,1.7857142857142856,0.7142857142857143,63.21428571428571,2.5,be come go
Dmitry,SRA,2.380952380952381,0.0,45.23809523809524,INF,tell walk
SRA,Dmitry,1.4285714285714286,0.7142857142857143,57.85714285714286,2.0,be see be watch walk
SRA,Dmitry,1.0,5.0,57.99999999999999,0.2,be make be
NAC,Regulus,0.0,2.717391304347826,53.80434782608695,0.0,be be
Regulus,Kelly,3.8461538461538463,0.9615384615384616,56.730769230769226,4.0,be name
SRA,New Svalbard,1.25,2.083333333333333,53.333333333333336,0.6,skip dump go gun get blow shit
NCO,Regulus,1.5625,1.5625,59.375,1.0,take berth run be
NCO,New Svalbard,1.5625,1.5625,59.375,1.0,take berth run be
Regulus,New Svalbard,1.5625,1.5625,59.375,1.0,take berth run be
Fallon,Regulus,3.9634146341463414,1.8292682926829267,52.743902439024396,2.1666666666666665,look need say greet walk ferry
Fallon,New Svalbard,3.9634146341463414,1.8292682926829267,52.743902439024396,2.1666666666666665,look need say greet walk ferry
Regulus,New Svalbard,3.9634146341463414,1.8292682926829267,52.743902439024396,2.1666666666666665,look need say greet walk ferry
New Svalbard,Fallon,5.288461538461538,1.9230769230769231,62.019230769230774,2.75,pass mint give nod salute
Fallon,Homeworld Defense,0.5681818181818182,1.7045454545454544,59.09090909090909,0.3333333333333333,be be exile refuse follow seize
Fallon,New Svalbard,3.3653846153846154,0.0,58.17307692307693,INF,do know meet do know be earn
Allie,Fallon,0.9615384615384616,0.0,37.5,INF,bring say
Fallon,Allie,0.0,0.0,55.172413793103445,INF,pull hold scan
Fallon,Allie,0.0,0.0,55.172413793103445,INF,pull hold scan
Fallon,Allie,0.0,0.0,55.172413793103445,INF,pull hold scan
Fallon,Allie,1.25,0.0,48.75,INF,ask nod
Fallon,Allie,0.78125,0.0,42.96875,INF,hit say shake
Fallon,Allie,1.3888888888888888,4.166666666666666,61.111111111111114,0.3333333333333333,have trail look
NAC,Regulus,0.0,0.0,42.857142857142854,INF,be
SRA,Shen Yang,1.1904761904761905,0.0,48.80952380952381,INF,be come be
New Svalbard,Campbell,1.3392857142857142,0.8928571428571428,65.625,1.5,be remain
SRA,NAC,0.0,1.7045454545454544,61.93181818181818,0.0,have be bet
SRA,Regulus,0.0,1.7045454545454544,61.93181818181818,0.0,have be bet
NAC,SRA,0.0,1.7045454545454544,61.93181818181818,0.0,have be bet
NAC,Regulus,0.0,1.7045454545454544,61.93181818181818,0.0,have be bet
NAC,SRA,0.0,1.7045454545454544,61.93181818181818,0.0,have be bet
SRA,Regulus,0.0,1.7045454545454544,61.93181818181818,0.0,have be bet
Regulus,SRA,0.0,1.7045454545454544,61.93181818181818,0.0,have be bet
Campbell,Indy,0.9259259259259258,2.7777777777777777,48.148148148148145,0.3333333333333333,be top be say say
Campbell,CIC,0.9259259259259258,2.7777777777777777,48.148148148148145,0.3333333333333333,be top be say say
Indy,CIC,0.9259259259259258,2.7777777777777777,48.148148148148145,0.3333333333333333,be top be say say
Fallon,New Svalbard,4.009433962264151,2.8301886792452833,57.311320754716974,1.4166666666666667,darken decide make tuck run look be wipe
Alcubierre,Campbell,4.166666666666666,2.314814814814815,49.074074074074076,1.8,think be try make get reply
Fallon,New Svalbard,3.5000000000000004,0.25,66.25,14.0,terraform have be isolate do have have set
Regulus,Campbell,1.5625,3.125,57.8125,0.5,be pass say
Regulus,Aguilar,0.0,1.0416666666666665,57.291666666666664,0.0,continue gather participate request
Reddicker,NAC,1.232394366197183,1.584507042253521,54.929577464788736,0.7777777777777778,be name look
Reddicker,SRA,1.232394366197183,1.584507042253521,54.929577464788736,0.7777777777777778,be name look
NAC,SRA,1.232394366197183,1.584507042253521,54.929577464788736,0.7777777777777778,be name look
Fallon,New Svalbard,3.6764705882352944,2.2058823529411766,52.94117647058824,1.6666666666666667,ask be seat
Regulus,Campbell,0.0,2.5,49.5,0.0,stand have concur
NAC,Aguilar,6.875000000000001,5.0,53.125,1.375,be be say
NAC,SRA,0.641025641025641,2.2435897435897436,58.65384615384615,0.2857142857142857,chime be clutter escalate watch
Indy,Alcubierre,0.6578947368421052,1.9736842105263157,39.473684210526315,0.3333333333333333,shoot be stake
SRA,Aguilar,1.0869565217391304,0.0,59.78260869565217,INF,allow arch
Indy,SRA,2.34375,1.5625,33.59375,1.5,need scout need want take
Indy,NAC,2.34375,1.5625,33.59375,1.5,need scout need want take
Indy,SRA,2.34375,1.5625,33.59375,1.5,need scout need want take
Indy,NAC,2.34375,1.5625,33.59375,1.5,need scout need want take
SRA,NAC,2.34375,1.5625,33.59375,1.5,need scout need want take
Homeworld Defense,New Svalbard,3.8461538461538463,1.4423076923076923,44.71153846153847,2.6666666666666665,be subject
New Svalbard,Aguilar,2.083333333333333,3.0303030303030303,49.43181818181818,0.6875,fight think have commit be decide force pry
Grayson,Indy,0.0,4.166666666666666,43.452380952380956,0.0,have go reply
Grayson,Indy,2.604166666666667,0.5208333333333333,55.208333333333336,5.0,provide be
Andrew,Dmitry,1.7857142857142856,0.0,41.07142857142857,INF,say
Lin,Dmitry,4.761904761904762,2.976190476190476,54.166666666666664,1.6,look snap look
Dmitry,Commonwealth,4.245283018867925,1.8867924528301887,52.358490566037744,2.25,outrank have be offer be assume be concede be be
Dmitry,NAC,4.245283018867925,1.8867924528301887,52.358490566037744,2.25,outrank have be offer be assume be concede be be
Dmitry,Commonwealth,4.245283018867925,1.8867924528301887,52.358490566037744,2.25,outrank have be offer be assume be concede be be
Dmitry,NAC,4.245283018867925,1.8867924528301887,52.358490566037744,2.25,outrank have be offer be assume be concede be be
Commonwealth,NAC,4.245283018867925,1.8867924528301887,52.358490566037744,2.25,outrank have be offer be assume be concede be be
Indy,IFF,0.9146341463414633,1.524390243902439,58.536585365853654,0.6,do see be plot
OCS,Indy,3.125,0.8522727272727272,52.84090909090909,3.6666666666666665,be classify know use have find
NACS,Dmitry,2.272727272727273,0.0,52.27272727272727,INF,welcome tell
Grayson,SRA,0.0,0.0,41.17647058823529,INF,report order
Grayson,CO,0.0,0.0,41.17647058823529,INF,report order
SRA,CO,0.0,0.0,41.17647058823529,INF,report order
SRA,Dmitry,4.166666666666666,0.0,58.333333333333336,INF,gaze stop salute
SRA,NAC,4.166666666666666,0.0,58.333333333333336,INF,gaze stop salute
Dmitry,NAC,4.166666666666666,0.0,58.333333333333336,INF,gaze stop salute
Dmitry,CIC,1.7857142857142856,0.5952380952380952,54.761904761904766,3.0,be be guard
Campbell,SRA,0.7575757575757576,5.681818181818182,60.22727272727273,0.13333333333333333,be shoot do extend welcome
SRA,Campbell,0.7575757575757576,5.681818181818182,60.22727272727273,0.13333333333333333,be shoot do extend welcome
Grayson,Campbell,4.807692307692308,0.0,33.65384615384615,INF,see say
Campbell,SRA,4.326923076923077,2.8846153846153846,50.480769230769226,1.5,glance be wait
Bogdan,Indy,7.142857142857142,0.4464285714285714,49.55357142857143,16.0,find be occupy embark
Indy,Campbell,2.302631578947368,1.644736842105263,59.210526315789465,1.4,have be assign leave be
Indy,New Svalbard,2.302631578947368,1.644736842105263,59.210526315789465,1.4,have be assign leave be
Campbell,New Svalbard,2.302631578947368,1.644736842105263,59.210526315789465,1.4,have be assign leave be
NCO,SRA,2.6515151515151514,2.272727272727273,52.65151515151515,1.1666666666666667,look walk make conceal walk
Dmitry,SRA,2.717391304347826,5.434782608695652,44.02173913043478,0.5,like feed trooper
Dmitry,NCO,2.717391304347826,5.434782608695652,44.02173913043478,0.5,like feed trooper
SRA,NCO,2.717391304347826,5.434782608695652,44.02173913043478,0.5,like feed trooper
PDP,Halley,0.0,0.0,57.14285714285714,INF,take bring
SRA,Alcubierre,1.6666666666666667,0.8333333333333334,37.5,2.0,be haul coordinate
New Svalbard,Campbell,2.4193548387096775,4.032258064516129,64.51612903225806,0.6,spend mean do want waste
Dmitry,SRA,3.787878787878788,4.166666666666666,49.621212121212125,0.9090909090909091,walk die become
Grayson,Philbrick,1.1363636363636365,0.5681818181818182,43.75,2.0,call have be do
Grayson,Philbrick,1.1363636363636365,0.5681818181818182,43.75,2.0,call have be do
Philbrick,Dmitry,0.0,0.0,50.0,INF,nod return
Philbrick,Dmitry,0.0,0.0,25.0,INF,ask
Philbrick,SRA,1.8292682926829267,2.1341463414634148,52.13414634146341,0.8571428571428571,be have learn appreciate break
SRA,Philbrick,1.8292682926829267,2.1341463414634148,52.13414634146341,0.8571428571428571,be have learn appreciate break
Corporal Nez,Philbrick,2.717391304347826,0.0,40.76086956521739,INF,get learn tell help
Corporal Nez,Philbrick,2.717391304347826,0.0,40.76086956521739,INF,get learn tell help
Corporal Nez,Philbrick,2.717391304347826,0.0,40.76086956521739,INF,get learn tell help
Corporal Nez,Philbrick,2.717391304347826,0.0,40.76086956521739,INF,get learn tell help
Sarge,Corporal Nez,2.5,0.0,27.500000000000004,INF,reply
Andrew,Dmitry,3.4090909090909087,2.840909090909091,43.75,1.2,say be have
Grayson,CIC,0.0,0.0,40.0,INF,
Dmitry,CIC,0.0,0.0,37.03703703703704,INF,do turn be give
Alcubierre,Campbell,0.0,0.5434782608695652,47.28260869565217,0.0,get go remind
Campbell,CIC,0.0,0.0,50.0,INF,stand watch serve
Indy,Alcubierre,1.3888888888888888,1.3888888888888888,52.77777777777778,1.0,be run allow be
New Svalbard,Indy,3.4482758620689653,3.0172413793103448,62.5,1.1428571428571428,be get catch play have be
Campbell,CIC,3.6458333333333335,2.083333333333333,44.27083333333333,1.75,look be fix
Campbell,CIC,3.125,4.375,60.0,0.7142857142857143,start receive call feel wish take repeat
Camp Webb,NAC,1.0,1.5,61.5,0.6666666666666666,be
CIC,Indy,2.0,0.0,50.0,INF,display feed
SRA,NAC,1.5625,2.34375,55.46875,0.6666666666666666,be be unite
Combat Flight School,Luna,1.0416666666666665,0.5208333333333333,60.9375,2.0,be be suppose end
IFF,Commonwealth,2.6515151515151514,1.1363636363636365,53.78787878787878,2.3333333333333335,radiate mark do take pick
NACS,Commonwealth,1.7857142857142856,3.571428571428571,51.78571428571429,0.5,be approach
Aegis,NACS,2.34375,6.25,41.40625,0.375,be reply
Aegis,Indy,2.34375,6.25,41.40625,0.375,be reply
Aegis,Campbell,2.34375,6.25,41.40625,0.375,be reply
NACS,Indy,2.34375,6.25,41.40625,0.375,be reply
NACS,Campbell,2.34375,6.25,41.40625,0.375,be reply
Indy,Campbell,2.34375,6.25,41.40625,0.375,be reply
Campbell,Renner,0.0,0.0,62.5,INF,glance
Indy,CIC,6.640625,3.515625,55.46875,1.8888888888888888,be have expect judge be take be
Aegis,CIC,4.6875,3.90625,53.90625,1.2,be have
New Svalbard,Grayson,2.6515151515151514,1.893939393939394,53.03030303030303,1.4,make have precede
Aegis,Indy,2.083333333333333,14.583333333333334,16.666666666666664,0.14285714285714285,
Aegis,CIC,0.0,2.941176470588235,44.11764705882353,0.0,keep
Aegis,Indy,0.0,7.5,12.5,0.0,
Campbell,Indy,0.5434782608695652,4.891304347826087,55.434782608695656,0.1111111111111111,retract refuel break
Aegis,Indy,0.0,7.5,12.5,0.0,
Campbell,CIC,2.941176470588235,0.0,55.88235294117647,INF,fold look
Campbell,CIC,2.941176470588235,0.0,55.88235294117647,INF,fold look
Campbell,CIC,2.941176470588235,0.0,55.88235294117647,INF,fold look
Indy,Campbell,0.33783783783783783,1.6891891891891893,60.13513513513513,0.2,be pick be
Indy,CIC,0.33783783783783783,1.6891891891891893,60.13513513513513,0.2,be pick be
Campbell,CIC,0.33783783783783783,1.6891891891891893,60.13513513513513,0.2,be pick be
Dmitry,CIC,3.6458333333333335,0.5208333333333333,50.0,7.0,be stand lean
Renner,Indy,0.3289473684210526,0.0,54.93421052631579,INF,spin say show illuminate
Luna,Halley,4.044117647058823,1.1029411764705883,65.44117647058823,3.6666666666666665,see be be make forget
Murphy,CIC,2.34375,0.0,47.65625,INF,send
CIC,PDP,1.8518518518518516,1.8518518518518516,40.74074074074074,1.0,step be watch take borrow
Luna,Halley,0.4464285714285714,1.1160714285714286,53.79464285714286,0.4,have serve be let synchronize catch
PDP,New Svalbard,1.3392857142857142,0.0,62.94642857142857,INF,see update go stroll
NAC,SRA,1.0416666666666665,0.6944444444444444,51.041666666666664,1.5,be be
NAC,Luna,1.0416666666666665,0.6944444444444444,51.041666666666664,1.5,be be
SRA,Luna,1.0416666666666665,0.6944444444444444,51.041666666666664,1.5,be be
NAC,SRA,0.7352941176470588,0.0,66.91176470588235,INF,be see
NAC,EU,0.7352941176470588,0.0,66.91176470588235,INF,be see
NAC,Commonwealth,0.7352941176470588,0.0,66.91176470588235,INF,be see
SRA,EU,0.7352941176470588,0.0,66.91176470588235,INF,be see
SRA,Commonwealth,0.7352941176470588,0.0,66.91176470588235,INF,be see
EU,Commonwealth,0.7352941176470588,0.0,66.91176470588235,INF,be see
NAC,SRA,1.9736842105263157,1.644736842105263,62.17105263157895,1.2,interrupt lose
Philbrick,Corporal DeLuca,3.125,0.78125,52.34375,4.0,be
Philbrick,Dmitry,1.4423076923076923,1.9230769230769231,50.480769230769226,0.75,be say walk
Philbrick,Corporal DeLuca,0.4464285714285714,2.232142857142857,50.89285714285714,0.2,be look
Dmitry,Commonwealth,3.4722222222222223,3.8194444444444446,51.041666666666664,0.9090909090909091,be insult be try keep
Dmitry,Commonwealth,3.4722222222222223,3.8194444444444446,51.041666666666664,0.9090909090909091,be insult be try keep
Commonwealth,Dmitry,3.4722222222222223,3.8194444444444446,51.041666666666664,0.9090909090909091,be insult be try keep
Indy,Halley,2.717391304347826,1.0869565217391304,54.891304347826086,2.5,have leave grab call tell keep make
Grayson,NCO,0.0,1.1363636363636365,35.22727272727273,0.0,
Grayson,NCO,0.0,1.1363636363636365,35.22727272727273,0.0,
Fallon,New Svalbard,1.6891891891891893,2.7027027027027026,52.36486486486487,0.625,replace take risk be go be
Philbrick,Corporal DeLuca,1.25,0.0,48.75,INF,reach be
Dmitry,Campbell,0.0,1.9230769230769231,51.92307692307693,0.0,walk follow
Andrew,Dmitry,2.5,0.0,37.5,INF,say
Campbell,CDU,2.380952380952381,2.380952380952381,61.904761904761905,1.0,be be
Campbell,CDU,2.380952380952381,2.380952380952381,61.904761904761905,1.0,be be
Indy,Campbell,1.6891891891891893,0.33783783783783783,54.729729729729726,5.0,do get leave hightail do finish know mean
Indy,Campbell,1.6891891891891893,0.33783783783783783,54.729729729729726,5.0,do get leave hightail do finish know mean
Renner,Indy,0.0,0.0,40.0,INF,steal make
Renner,XO,8.75,0.625,45.625,14.0,be run hand
Campbell,Dmitry,0.0,2.734375,56.640625,0.0,join berth open stick
Dmitry,Campbell,0.0,2.734375,56.640625,0.0,join berth open stick
Campbell,Dmitry,0.0,0.0,57.14285714285714,INF,
Dmitry,Campbell,0.3676470588235294,0.0,67.27941176470588,INF,come train surround
Philbrick,Corporal Nez,0.0,7.291666666666667,51.041666666666664,0.0,take
Corporal Nez,Philbrick,0.0,7.291666666666667,51.041666666666664,0.0,take
Philbrick,Corporal Nez,0.78125,3.90625,32.8125,0.2,shackle let say
Philbrick,Dmitry,0.0,1.7361111111111112,48.26388888888889,0.0,run keep register
Philbrick,Campbell,0.0,1.7361111111111112,48.26388888888889,0.0,run keep register
Dmitry,Campbell,0.0,1.7361111111111112,48.26388888888889,0.0,run keep register
Renner,Philbrick,0.0,0.0,50.0,INF,send regard shout
Renner,Philbrick,0.0,0.0,50.0,INF,send regard shout
Renner,Campbell,0.0,0.0,50.0,INF,send regard shout
Philbrick,Campbell,0.0,0.0,50.0,INF,send regard shout
Philbrick,Campbell,0.0,0.0,50.0,INF,send regard shout
Philbrick,Dmitry,2.314814814814815,1.3888888888888888,51.85185185185185,1.6666666666666667,use
Philbrick,Dmitry,2.314814814814815,1.3888888888888888,51.85185185185185,1.6666666666666667,use
Corporal Nez,Philbrick,0.0,0.0,53.84615384615385,INF,get
Campbell,Dmitry,2.7027027027027026,3.3783783783783785,61.48648648648649,0.8,be be hide be
Corporal Nez,Watson,0.0,0.0,37.5,INF,
NCO,Philbrick,3.125,2.34375,50.78125,1.3333333333333333,think say flash
Watson,Corporal Nez,7.5,0.8333333333333334,58.333333333333336,9.0,help bring
Corporal Nez,Philbrick,0.8333333333333334,0.0,59.166666666666664,INF,take pop
Philbrick,Dmitry,0.0,0.0,36.84210526315789,INF,get shout
Corporal Nez,Philbrick,0.0,1.9444444444444444,62.5,0.0,take roll stop kick
Corporal Nez,Philbrick,0.0,1.9444444444444444,62.5,0.0,take roll stop kick
Corporal Nez,Philbrick,0.0,0.0,40.909090909090914,INF,run hit
Campbell,Philbrick,0.0,0.0,50.0,INF,shout
Murphy,Indy,2.272727272727273,0.0,65.9090909090909,INF,
Indy,Murphy,0.0,3.6458333333333335,67.1875,0.0,be be intercept
OCS,Renner,2.5,0.5,53.0,5.0,steal shoot
Grayson,Campbell,1.3888888888888888,0.0,43.05555555555556,INF,say
CIC,Indy,0.0,0.0,44.44444444444444,INF,turn walk leave
New Svalbard,Fallon,7.142857142857142,3.571428571428571,60.71428571428571,2.0,have stay
Indy,Randall,4.807692307692308,0.9615384615384616,55.769230769230774,5.0,be name
NCO,New Svalbard,2.75,4.5,56.75,0.6111111111111112,be have see have have pick
Grayson,Dmitry,0.0,0.0,44.44444444444444,INF,mean put
Chistyakov,CIC,1.3888888888888888,0.0,31.944444444444443,INF,get
Campbell,CIC,0.0,0.0,46.666666666666664,INF,walk
NAC,SRA,0.3205128205128205,1.6025641025641024,67.3076923076923,0.2,be dot
Luna,Halley,2.430555555555556,0.8680555555555556,61.979166666666664,2.8,be have be visit have make promise have tell be let know make see
Luna,NAC,2.430555555555556,0.8680555555555556,61.979166666666664,2.8,be have be visit have make promise have tell be let know make see
Luna,NAC,2.430555555555556,0.8680555555555556,61.979166666666664,2.8,be have be visit have make promise have tell be let know make see
Halley,NAC,2.430555555555556,0.8680555555555556,61.979166666666664,2.8,be have be visit have make promise have tell be let know make see
Halley,NAC,2.430555555555556,0.8680555555555556,61.979166666666664,2.8,be have be visit have make promise have tell be let know make see
Stratton,Paterson,2.4725274725274726,1.6483516483516485,54.12087912087912,1.5,have use buy burn get rip know have fight die have make
Stratton,Shrike,2.4725274725274726,1.6483516483516485,54.12087912087912,1.5,have use buy burn get rip know have fight die have make
Paterson,Shrike,2.4725274725274726,1.6483516483516485,54.12087912087912,1.5,have use buy burn get rip know have fight die have make
CIC,Dmitry,0.0,0.0,52.63157894736842,INF,open walk escort
CIC,Corporal Nez,0.0,0.0,52.63157894736842,INF,open walk escort
Dmitry,Corporal Nez,0.0,0.0,52.63157894736842,INF,open walk escort
Luna,XO,2.8846153846153846,1.4423076923076923,45.67307692307692,2.0,be be prepare
XO,Campbell,1.7857142857142856,0.0,26.785714285714285,INF,say
Renner,Campbell,0.0,0.0,50.0,INF,
Chistyakov,Campbell,3.125,0.0,41.875,INF,make say
Chistyakov,Dmitry,3.125,0.0,41.875,INF,make say
Campbell,Dmitry,3.125,0.0,41.875,INF,make say
Luna,SRA,0.8928571428571428,1.3392857142857142,40.625,0.6666666666666666,have take deliver
Campbell,Dmitry,0.0,0.0,46.15384615384615,INF,look
Dmitry,CIC,3.061224489795918,1.7857142857142856,56.37755102040817,1.7142857142857142,be fold watch relax be listen tell
CIC,Dmitry,3.061224489795918,1.7857142857142856,56.37755102040817,1.7142857142857142,be fold watch relax be listen tell
CIC,Dmitry,3.061224489795918,1.7857142857142856,56.37755102040817,1.7142857142857142,be fold watch relax be listen tell
CIC,Dmitry,3.061224489795918,1.7857142857142856,56.37755102040817,1.7142857142857142,be fold watch relax be listen tell
NCO,Luna,0.0,0.8928571428571428,49.107142857142854,0.0,report
Fallon,Dr. Stewart,2.5,0.0,44.166666666666664,INF,be
Fallon,Randall,2.5,0.0,44.166666666666664,INF,be
Dr. Stewart,Randall,2.5,0.0,44.166666666666664,INF,be
Williamson,NCO,0.0,0.8333333333333334,59.166666666666664,0.0,have exchange
CIC,XO,0.0,0.0,0.0,INF,
Campbell,CIC,0.0,0.0,55.55555555555556,INF,look walk
Luna,Grayson,2.5,0.8333333333333334,43.333333333333336,3.0,think be take
NAC,SRA,0.0,1.5,58.5,0.0,represent
NAC,EU,0.0,1.5,58.5,0.0,represent
NAC,South American Union,0.0,1.5,58.5,0.0,represent
SRA,EU,0.0,1.5,58.5,0.0,represent
SRA,South American Union,0.0,1.5,58.5,0.0,represent
EU,South American Union,0.0,1.5,58.5,0.0,represent
SRA,NAC,0.8333333333333334,2.083333333333333,50.416666666666664,0.4,be mean conduct sustain
SRA,NAC,3.2407407407407405,2.314814814814815,50.0,1.4,have be demote
Murphy,XO,2.717391304347826,0.5434782608695652,57.608695652173914,5.0,be move
Indy,OCS,3.571428571428571,3.571428571428571,44.285714285714285,1.0,be be be go pinpoint be
Murphy,Luna,0.0,0.0,54.54545454545454,INF,leave follow
Murphy,Indy,0.0,0.0,54.54545454545454,INF,leave follow
Luna,Indy,0.0,0.0,54.54545454545454,INF,leave follow
Murphy,Commonwealth,0.0,0.4807692307692308,64.90384615384616,0.0,shift approach trail
Indy,Murphy,3.0303030303030303,4.924242424242424,58.71212121212122,0.6153846153846154,have make avoid take be go
Campbell,Indy,1.1363636363636365,1.1363636363636365,52.27272727272727,1.0,study
Campbell,Luna,3.4090909090909087,1.893939393939394,46.21212121212121,1.8,have point evade be wall
Renner,Campbell,0.0,0.0,66.66666666666666,INF,look chuckle
CIC,XO,1.875,1.5625,56.56250000000001,1.2,have be go be be try look do involve
Renner,Campbell,4.166666666666666,5.0,57.49999999999999,0.8333333333333334,give tell find
Grayson,Campbell,4.807692307692308,0.9615384615384616,55.769230769230774,5.0,think be say
Campbell,CIC,0.0,0.0,57.89473684210527,INF,stifle look
Grayson,Delta,3.125,0.0,61.875,INF,please fetch have join
Grayson,Delta,3.125,0.0,61.875,INF,please fetch have join
Delta,Indy,3.3333333333333335,1.6666666666666667,61.66666666666667,2.0,be
NCO,CIC,1.0869565217391304,6.521739130434782,48.91304347826087,0.16666666666666666,be enlist be
Campbell,Renner,0.0,0.0,57.14285714285714,INF,open walk
Renner,Shirley,7.142857142857142,0.0,50.0,INF,do look shake
Renner,Shirley,7.142857142857142,0.0,50.0,INF,do look shake
Renner,Shirley,8.928571428571429,0.0,48.214285714285715,INF,clear
XO,CIC,1.0416666666666665,2.083333333333333,38.54166666666667,0.5,say
Campbell,Alcubierre,1.3888888888888888,0.0,54.166666666666664,INF,reach zoom
Dmitry,CIC,3.515625,0.390625,49.21875,9.0,have be stand observe clear turn look
Dmitry,CIC,3.515625,0.390625,49.21875,9.0,have be stand observe clear turn look
CIC,Dmitry,3.515625,0.390625,49.21875,9.0,have be stand observe clear turn look
Dmitry,Campbell,0.0,0.0,41.17647058823529,INF,step poke
Campbell,XO,0.0,0.0,50.0,INF,ask
Renner,Dmitry,0.0,0.0,56.25,INF,consult
Renner,PDP,0.0,0.0,56.25,INF,consult
Dmitry,PDP,0.0,0.0,56.25,INF,consult
Campbell,Dmitry,5.434782608695652,0.0,55.434782608695656,INF,look shake
Campbell,Dmitry,5.434782608695652,0.0,55.434782608695656,INF,look shake
Campbell,Dmitry,5.434782608695652,0.0,55.434782608695656,INF,look shake
CIC,Halley,1.25,1.7500000000000002,59.0,0.7142857142857143,do want go stare show be be go
Dmitry,NCO,0.0,0.5952380952380952,47.023809523809526,0.0,be bite walk
Maksim,Dmitry,1.7857142857142856,0.0,26.785714285714285,INF,say
Dmitry,SRA,3.260869565217391,1.0869565217391304,60.86956521739131,3.0,have be dress be wear
Dmitry,SRA,3.260869565217391,1.0869565217391304,60.86956521739131,3.0,have be dress be wear
SRA,Dmitry,3.260869565217391,1.0869565217391304,60.86956521739131,3.0,have be dress be wear
Maksim,Dmitry,4.166666666666666,1.3888888888888888,38.88888888888889,3.0,be say
Dmitry,Halley,4.166666666666666,2.083333333333333,43.75,2.0,chuckle
Dmitry,Halley,4.166666666666666,2.083333333333333,43.75,2.0,chuckle
Dmitry,Maksim,1.7857142857142856,0.5102040816326531,58.92857142857143,3.5,put do give own
Dmitry,Maksim,1.7857142857142856,0.5102040816326531,58.92857142857143,3.5,put do give own
Andrew,Dmitry,3.125,1.0416666666666665,51.388888888888886,3.0,take punch say smile make brook
Andrew,Dmitry,3.125,1.0416666666666665,51.388888888888886,3.0,take punch say smile make brook
Andrew,Dmitry,3.125,1.0416666666666665,51.388888888888886,3.0,take punch say smile make brook
Halley,Dmitry,0.0,0.0,28.57142857142857,INF,
Dmitry,NCO,0.8064516129032258,1.2096774193548387,62.5,0.6666666666666666,watch walk be
XO,CIC,2.083333333333333,0.8928571428571428,47.023809523809526,2.3333333333333335,be be coordinate
Indy,SRA,3.040540540540541,4.72972972972973,57.0945945945946,0.6428571428571429,be be keep
Commonwealth,CIC,2.430555555555556,1.3888888888888888,60.06944444444444,1.75,see rattle have blunt
Renner,Dmitry,0.0,0.0,44.44444444444444,INF,look
Humphrey,Corporal DeLuca,0.641025641025641,0.0,53.205128205128204,INF,go be wait
CIC,SRA,0.0,3.515625,49.609375,0.0,control be add
Humphrey,Dmitry,0.0,0.0,52.94117647058824,INF,bring turn illuminate
Humphrey,SRA,3.4090909090909087,3.4090909090909087,47.72727272727273,1.0,have satisfy be look jump ambush let take
Humphrey,Dmitry,3.4090909090909087,3.4090909090909087,47.72727272727273,1.0,have satisfy be look jump ambush let take
SRA,Dmitry,3.4090909090909087,3.4090909090909087,47.72727272727273,1.0,have satisfy be look jump ambush let take
Indy,Delta,0.8333333333333334,0.0,32.5,INF,say
Indy,Humphrey,0.8333333333333334,0.0,32.5,INF,say
Delta,Humphrey,0.8333333333333334,0.0,32.5,INF,say
Delta,Indy,0.0,0.0,33.33333333333333,INF,
Dmitry,Humphrey,1.4285714285714286,3.214285714285714,55.35714285714286,0.4444444444444444,have have pick have find hack
SRA,Indy,1.2195121951219512,0.0,54.87804878048781,INF,refuel be take
SRA,Indy,0.3676470588235294,0.0,58.45588235294118,INF,manage haul have hook refuel
SRA,Indy,1.530612244897959,1.530612244897959,54.08163265306123,1.0,be pour look be be use mount
XO,CIC,0.0,0.0,43.75,INF,refuel complete call
Dmitry,Philbrick,2.083333333333333,0.4166666666666667,67.5,5.0,step collide be squeeze step
Philbrick,CIC,2.857142857142857,3.571428571428571,53.57142857142857,0.8,be get board go be be
CIC,Philbrick,2.857142857142857,3.571428571428571,53.57142857142857,0.8,be get board go be be
Dmitry,CIC,2.7777777777777777,1.6666666666666667,48.888888888888886,1.6666666666666667,be have open be make be do be patch
Dmitry,Indy,2.7777777777777777,1.6666666666666667,48.888888888888886,1.6666666666666667,be have open be make be do be patch
CIC,Dmitry,2.7777777777777777,1.6666666666666667,48.888888888888886,1.6666666666666667,be have open be make be do be patch
CIC,Dmitry,2.7777777777777777,1.6666666666666667,48.888888888888886,1.6666666666666667,be have open be make be do be patch
CIC,Dmitry,2.7777777777777777,1.6666666666666667,48.888888888888886,1.6666666666666667,be have open be make be do be patch
CIC,Dmitry,2.7777777777777777,1.6666666666666667,48.888888888888886,1.6666666666666667,be have open be make be do be patch
CIC,Indy,2.7777777777777777,1.6666666666666667,48.888888888888886,1.6666666666666667,be have open be make be do be patch
Dmitry,Indy,2.7777777777777777,1.6666666666666667,48.888888888888886,1.6666666666666667,be have open be make be do be patch
Dmitry,Indy,2.7777777777777777,1.6666666666666667,48.888888888888886,1.6666666666666667,be have open be make be do be patch
Dmitry,Indy,2.7777777777777777,1.6666666666666667,48.888888888888886,1.6666666666666667,be have open be make be do be patch
Dmitry,Indy,2.7777777777777777,1.6666666666666667,48.888888888888886,1.6666666666666667,be have open be make be do be patch
Philbrick,CIC,1.953125,1.953125,42.96875,1.0,say get veer join
CIC,Philbrick,1.953125,1.953125,42.96875,1.0,say get veer join
CIC,Philbrick,1.953125,1.953125,42.96875,1.0,say get veer join
Philbrick,CIC,0.33783783783783783,0.0,51.01351351351351,INF,go be be come
Campbell,Renner,0.8333333333333334,3.3333333333333335,55.833333333333336,0.25,be
Campbell,CIC,0.8333333333333334,3.3333333333333335,55.833333333333336,0.25,be
Renner,CIC,0.8333333333333334,3.3333333333333335,55.833333333333336,0.25,be
XO,Campbell,3.6764705882352944,5.147058823529411,44.11764705882353,0.7142857142857143,look
XO,Dmitry,3.6764705882352944,5.147058823529411,44.11764705882353,0.7142857142857143,look
Campbell,Dmitry,3.6764705882352944,5.147058823529411,44.11764705882353,0.7142857142857143,look
Indy,CIC,0.5,2.0,41.5,0.25,be be
Chistyakov,Campbell,1.3888888888888888,0.0,43.05555555555556,INF,say
Chistyakov,XO,4.411764705882353,0.0,48.529411764705884,INF,say
Dmitry,Indy,0.0,0.6944444444444444,49.30555555555556,0.0,be use send transmit
Dmitry,SRA,0.0,0.6944444444444444,49.30555555555556,0.0,be use send transmit
Indy,Dmitry,0.0,0.6944444444444444,49.30555555555556,0.0,be use send transmit
Indy,SRA,0.0,0.6944444444444444,49.30555555555556,0.0,be use send transmit
Indy,Dmitry,0.0,0.6944444444444444,49.30555555555556,0.0,be use send transmit
Dmitry,SRA,0.0,0.6944444444444444,49.30555555555556,0.0,be use send transmit
SRA,Dmitry,0.0,0.6944444444444444,49.30555555555556,0.0,be use send transmit
NACS,New Svalbard,2.403846153846154,0.0,66.82692307692307,INF,coast call
Campbell,CIC,3.125,0.0,54.01785714285714,INF,walk have embark
Campbell,Shirley,3.125,0.0,54.01785714285714,INF,walk have embark
CIC,Campbell,3.125,0.0,54.01785714285714,INF,walk have embark
CIC,Shirley,3.125,0.0,54.01785714285714,INF,walk have embark
Campbell,Shirley,3.125,0.0,54.01785714285714,INF,walk have embark
SRA,NAC,1.8145161290322582,2.0161290322580645,57.45967741935484,0.9,see be be leave mean do manage claim
Regulus,Indy,2.083333333333333,8.333333333333332,22.916666666666664,0.25,
Indy,Regulus,4.6875,7.8125,25.0,0.6,be
Regulus,Campbell,4.166666666666666,1.6666666666666667,54.166666666666664,2.5,have send
Indy,New Svalbard,3.205128205128205,1.6025641025641024,56.730769230769226,2.0,burn enter get use slow
Renner,Campbell,1.7857142857142856,0.0,55.35714285714286,INF,chuckle smile shake
Renner,Campbell,1.7857142857142856,0.0,55.35714285714286,INF,chuckle smile shake
Indy,Dmitry,1.5625,5.3125,55.625,0.29411764705882354,transfer need need switch do fit
Indy,SRA,1.5625,5.3125,55.625,0.29411764705882354,transfer need need switch do fit
Indy,NAC,1.5625,5.3125,55.625,0.29411764705882354,transfer need need switch do fit
Dmitry,SRA,1.5625,5.3125,55.625,0.29411764705882354,transfer need need switch do fit
Dmitry,NAC,1.5625,5.3125,55.625,0.29411764705882354,transfer need need switch do fit
SRA,NAC,1.5625,5.3125,55.625,0.29411764705882354,transfer need need switch do fit
Indy,OCS,1.7361111111111112,2.7777777777777777,62.15277777777778,0.625,watch recede see be flash approach
NAC,SRA,0.4807692307692308,2.403846153846154,54.807692307692314,0.2,be park shoulder shoulder
Fallon,Dr. Stewart,0.0,0.0,52.38095238095239,INF,sit face engross
Andrew,Dr. Stewart,1.7857142857142856,0.0,26.785714285714285,INF,say
Fallon,Dr. Stewart,2.083333333333333,0.0,53.47222222222222,INF,run
Fallon,Dr. Stewart,0.0,0.0,60.0,INF,take
CDU,NCO,2.5943396226415096,2.1226415094339623,55.660377358490564,1.2222222222222223,do want get beat make crack
Indy,Luna,5.7926829268292686,3.6585365853658534,56.40243902439024,1.5833333333333333,do want talk think have consider be get
Decker,Kemp,0.0,0.0,46.15384615384615,INF,be sit
Campbell,CIC,2.1875,0.9375,54.37499999999999,2.3333333333333335,see stand feel
Campbell,Indy,2.1875,0.9375,54.37499999999999,2.3333333333333335,see stand feel
Campbell,Renner,2.1875,0.9375,54.37499999999999,2.3333333333333335,see stand feel
Campbell,Renner,2.1875,0.9375,54.37499999999999,2.3333333333333335,see stand feel
Campbell,Renner,2.1875,0.9375,54.37499999999999,2.3333333333333335,see stand feel
CIC,Indy,2.1875,0.9375,54.37499999999999,2.3333333333333335,see stand feel
CIC,Renner,2.1875,0.9375,54.37499999999999,2.3333333333333335,see stand feel
CIC,Renner,2.1875,0.9375,54.37499999999999,2.3333333333333335,see stand feel
CIC,Renner,2.1875,0.9375,54.37499999999999,2.3333333333333335,see stand feel
Indy,Renner,2.1875,0.9375,54.37499999999999,2.3333333333333335,see stand feel
Indy,Renner,2.1875,0.9375,54.37499999999999,2.3333333333333335,see stand feel
Indy,Renner,2.1875,0.9375,54.37499999999999,2.3333333333333335,see stand feel
Campbell,Aguilar,2.1739130434782608,0.2717391304347826,51.902173913043484,8.0,let state be get be recommend say
Campbell,Regulus,2.1739130434782608,0.2717391304347826,51.902173913043484,8.0,let state be get be recommend say
Campbell,CIC,2.1739130434782608,0.2717391304347826,51.902173913043484,8.0,let state be get be recommend say
Aguilar,Regulus,2.1739130434782608,0.2717391304347826,51.902173913043484,8.0,let state be get be recommend say
Aguilar,CIC,2.1739130434782608,0.2717391304347826,51.902173913043484,8.0,let state be get be recommend say
Regulus,CIC,2.1739130434782608,0.2717391304347826,51.902173913043484,8.0,let state be get be recommend say
Homeworld Defense,Regulus,0.0,1.7857142857142856,55.35714285714286,0.0,want unload
Indy,New Svalbard,1.7241379310344827,2.8017241379310347,57.543103448275865,0.6153846153846154,have start plan be have be plan get be ask
Dr. Stewart,PDP,1.25,0.625,48.125,2.0,have wheel tote be fidget
Dr. Stewart,PDP,1.25,0.625,48.125,2.0,have wheel tote be fidget
Dr. Stewart,PDP,1.25,0.625,48.125,2.0,have wheel tote be fidget
PDP,Dr. Stewart,1.25,0.625,48.125,2.0,have wheel tote be fidget
Fallon,CO,1.25,1.6666666666666667,47.083333333333336,0.75,disembark be
Fallon,Kemp,1.25,1.6666666666666667,47.083333333333336,0.75,disembark be
CO,Kemp,1.25,1.6666666666666667,47.083333333333336,0.75,disembark be
NCO,Fallon,1.4583333333333333,1.875,53.333333333333336,0.7777777777777778,have have feel run leave have fight go find stay
NCO,CIC,0.2840909090909091,1.7045454545454544,63.92045454545454,0.16666666666666666,have do want stay stare be
Indy,Campbell,3.040540540540541,4.054054054054054,60.47297297297297,0.75,have be transfer have include do ease let be
Indy,Renner,3.040540540540541,4.054054054054054,60.47297297297297,0.75,have be transfer have include do ease let be
Campbell,Renner,3.040540540540541,4.054054054054054,60.47297297297297,0.75,have be transfer have include do ease let be
Indy,CIC,1.875,0.625,52.5,3.0,sound do
Regulus,Alcubierre,1.1363636363636365,0.7575757575757576,73.86363636363636,1.5,blink have experience
Regulus,Alcubierre,1.6666666666666667,0.4166666666666667,54.58333333333333,4.0,be lead have be pull
Regulus,CO,0.0,5.833333333333333,40.833333333333336,0.0,come
Renner,Regulus,2.82258064516129,1.2096774193548387,54.03225806451613,2.3333333333333335,hold come acknowledge
Regulus,Indy,0.0,0.0,20.0,INF,
NACS,Commonwealth,1.0869565217391304,0.5434782608695652,50.54347826086957,2.0,be come
SRA,NAC,2.5,1.25,71.25,2.0,be be
Indy,Murphy,2.25,1.0,56.75,2.25,tear berth take be see
CO,Kemp,3.2407407407407405,3.7037037037037033,56.018518518518526,0.875,look puzzle have remember be refer
Kemp,PDP,1.9736842105263157,0.0,61.18421052631579,INF,take turn
Kemp,PDP,1.9736842105263157,0.0,61.18421052631579,INF,take turn
PDP,Kemp,1.9736842105263157,0.0,61.18421052631579,INF,take turn
Aguilar,XO,1.6666666666666667,0.0,45.0,INF,have name
Aguilar,Archer,1.6666666666666667,0.0,45.0,INF,have name
Aguilar,XO,1.6666666666666667,0.0,45.0,INF,have name
Aguilar,Archer,1.6666666666666667,0.0,45.0,INF,have name
XO,Aguilar,1.6666666666666667,0.0,45.0,INF,have name
XO,Archer,1.6666666666666667,0.0,45.0,INF,have name
Aguilar,Archer,1.6666666666666667,0.0,45.0,INF,have name
Campbell,Regulus,1.9736842105263157,1.3157894736842104,59.86842105263158,1.5,think be say shrug
Campbell,CO,1.9736842105263157,1.3157894736842104,59.86842105263158,1.5,think be say shrug
Regulus,CO,1.9736842105263157,1.3157894736842104,59.86842105263158,1.5,think be say shrug
Aguilar,CIC,1.7857142857142856,0.8928571428571428,33.035714285714285,2.0,bark reach
Regulus,CIC,1.9230769230769231,3.5256410256410255,58.65384615384615,0.5454545454545454,be be consider be be
Fallon,CIC,0.78125,0.0,58.59375,INF,admit say stand give console
Willoughby,Halley,0.4629629629629629,1.3888888888888888,55.55555555555556,0.3333333333333333,have refuel careen run focus
SRA,NAC,0.4807692307692308,1.4423076923076923,63.46153846153846,0.3333333333333333,have assume have take
SRA,Regulus,0.4807692307692308,1.4423076923076923,63.46153846153846,0.3333333333333333,have assume have take
NAC,Regulus,0.4807692307692308,1.4423076923076923,63.46153846153846,0.3333333333333333,have assume have take
Fallon,Regulus,2.0,0.0,50.0,INF,hold show have strap
Fallon,Regulus,2.0,0.0,50.0,INF,hold show have strap
Fallon,Regulus,2.0,0.0,50.0,INF,hold show have strap
Andrew,Regulus,0.6578947368421052,0.0,41.44736842105263,INF,say
Combat Flight School,New Svalbard,1.6666666666666667,0.8333333333333334,60.83333333333333,2.0,have be
Fallon,Homeworld Defense,1.0,0.5,58.5,2.0,be wear
CIC,Regulus,1.4705882352941175,0.7352941176470588,74.26470588235294,2.0,berth be
Combat Flight School,Halley,4.166666666666666,2.7777777777777777,54.166666666666664,1.5,be arrive
Fallon,Regulus,2.1739130434782608,1.0869565217391304,53.2608695652174,2.0,be speak
Halley,Fallon,4.807692307692308,0.9615384615384616,48.07692307692308,5.0,interject
Halley,Williamson,2.7777777777777777,2.5,50.27777777777778,1.1111111111111112,send tell get suspect do need
Halley,PRC,2.7777777777777777,2.5,50.27777777777778,1.1111111111111112,send tell get suspect do need
Williamson,PRC,2.7777777777777777,2.5,50.27777777777778,1.1111111111111112,send tell get suspect do need
Aguilar,Halley,0.0,0.0,52.94117647058824,INF,take walk
Aguilar,CIC,0.0,0.0,52.94117647058824,INF,take walk
Halley,CIC,0.0,0.0,52.94117647058824,INF,take walk
CO,Halley,0.78125,0.0,36.71875,INF,be say
Regulus,CIC,1.530612244897959,1.2755102040816326,60.45918367346938,1.2,be pull happen walk
Andrew,Halley,0.5,0.0,59.5,INF,be gather join say
Andrew,Aguilar,0.5,0.0,59.5,INF,be gather join say
Halley,Aguilar,0.5,0.0,59.5,INF,be gather join say
Grayson,Halley,0.625,0.0,54.37499999999999,INF,take be
Halley,Grayson,0.625,0.0,54.37499999999999,INF,take be
Commonwealth,Aguilar,2.364864864864865,0.0,57.0945945945946,INF,vest join conclude
CO,Aguilar,1.7857142857142856,0.0,41.07142857142857,INF,say
Halley,Delta,1.3157894736842104,0.6578947368421052,55.92105263157895,2.0,be be
Aguilar,NACS,2.5,1.25,36.25,2.0,be
Regulus,CIC,0.0,3.7037037037037033,59.25925925925925,0.0,network pop
Campbell,Indy,5.769230769230769,5.769230769230769,46.15384615384615,1.0,be throw be do
Halley,Delta,0.6578947368421052,4.605263157894736,73.68421052631578,0.14285714285714285,be careen
Halley,Regulus,0.0,0.0,50.0,INF,have send
Halley,PRC,0.4807692307692308,1.9230769230769231,62.980769230769226,0.25,pull crash ruin
Fallon,Grayson,0.0,0.0,0.0,INF,
Halley,Fallon,0.9615384615384616,0.0,45.19230769230769,INF,be say
Andrew,Fallon,0.7352941176470588,0.0,58.08823529411765,INF,stop socialize say
Homeworld Defense,Fallon,4.6875,0.0,45.3125,INF,do give say
Stratton,Paterson,6.944444444444445,0.0,15.277777777777779,INF,know
Stratton,Paterson,0.78125,0.0,55.46875,INF,die lose get wound
Stratton,Fallon,0.78125,0.0,55.46875,INF,die lose get wound
Paterson,Fallon,0.78125,0.0,55.46875,INF,die lose get wound
Halley,Jackson,3.571428571428571,2.6785714285714284,50.89285714285714,1.3333333333333333,hesitate roll
Halley,Jackson,3.571428571428571,2.6785714285714284,50.89285714285714,1.3333333333333333,hesitate roll
Halley,Jackson,1.1363636363636365,1.1363636363636365,56.81818181818182,1.0,be be draw
Lazarus,Halley,1.25,0.0,48.75,INF,be say
PRC,Lazarus,2.403846153846154,0.4807692307692308,58.65384615384615,5.0,let start express say be sit
PRC,Lazarus,2.403846153846154,0.4807692307692308,58.65384615384615,5.0,let start express say be sit
PRC,Lazarus,2.083333333333333,0.6944444444444444,41.66666666666667,3.0,have have say
Lazarus,Halley,0.0,0.0,80.0,INF,look
Lazarus,PRC,3.125,3.125,50.89285714285714,1.0,take
Lazarus,PRC,3.125,3.125,50.89285714285714,1.0,take
Fallon,Lazarus,0.0,0.0,52.63157894736842,INF,take nod
Fallon,Lazarus,0.0,0.0,52.63157894736842,INF,take nod
Fallon,Lazarus,2.403846153846154,0.9615384615384616,54.32692307692307,2.5,tell make present make
Fallon,Lazarus,2.403846153846154,0.9615384615384616,54.32692307692307,2.5,tell make present make
Lazarus,Fallon,2.403846153846154,0.9615384615384616,54.32692307692307,2.5,tell make present make
Lazarus,Fallon,2.403846153846154,0.9615384615384616,54.32692307692307,2.5,tell make present make
Lazarus,Halley,1.1363636363636365,0.0,35.22727272727273,INF,say
Lazarus,Halley,0.0,0.0,53.84615384615385,INF,wink get
Lazarus,Fallon,3.4090909090909087,0.0,42.04545454545455,INF,do be say
Fallon,Lazarus,2.2058823529411766,2.2058823529411766,51.470588235294116,1.0,outrank grumble be
Fallon,Lazarus,2.2058823529411766,2.2058823529411766,51.470588235294116,1.0,outrank grumble be
Commonwealth,Halley,2.6515151515151514,0.0,51.89393939393939,INF,swear affirm serve defend recite
Luna,Halley,1.6304347826086956,0.5434782608695652,45.65217391304348,3.0,be do go say
